project_id,work_title,work_category,state,district,constituency,mp_name,house,recommended_date,sanction_date,sanction_amount,work_status,total_expenditure,transaction_count,primary_vendor,is_completed,completion_date,project_name,delay_days,delay_days_filled,completion_duration_days,utilisation_percentage,expenditure_to_sanction_ratio,log_sanction_amount,log_expenditure,peer_median_sanction,peer_mean_sanction,peer_p90_sanction,peer_median_delay,peer_p90_delay,peer_median_util,peer_project_count,peer_sanction_percentile,peer_dev_ratio,anomaly_pred,anomaly_score,anomaly_flag,risk_level,priority_score,priority_rank,primary_reason,primary_type,anomaly_reasons_json
MP/918/2021-2022/1007,MP/918/2021-2022/1007 - Construction of Roads facility,Electricity,Madhya Pradesh,District_C,Constituency_1,MP_Name_1,Lok Sabha,,2022-08-24,458988,Sanctioned,1181468.0,4,State PWD,1,2024-07-08,2022/1007 - Construction of Roads facility,,,684.0,257.41,2.5741,5.661802277483785,6.072422330872692,1008066.0,1094618.961038961,1732363.0000000002,,,50.24,77,11.7,0.1629571327221827,-1,-0.0302,True,HIGH,56,48,Cumulative expenditure exceeds original sanctioned allocation by 157.4%.,EXCESS_EXPENDITURE,"[{""type"": ""EXCESS_EXPENDITURE"", ""feature"": ""utilisation_percentage"", ""severity"": ""HIGH"", ""message"": ""Cumulative expenditure exceeds original sanctioned allocation by 157.4%."", ""evidence"": ""Disbursed \u20b91,181,468 against Sanction \u20b9458,988""}]"
UP/653/2021-2022/1013,UP/653/2021-2022/1013 - Construction of Sanitation facility,Education,Uttar Pradesh,District_C,Constituency_2,MP_Name_2,Lok Sabha,,2021-12-20,432684,Sanctioned,771144.0,4,Shree Constructions,1,2022-12-01,2022/1013 - Construction of Sanitation facility,,,346.0,178.22,1.7822,5.636171839663374,5.887136047025096,1268756.5,1190031.2741935484,1760134.5999999999,,,53.435,62,3.2,0.12743848605109018,-1,-0.0162,True,MEDIUM,44,107,Cumulative expenditure exceeds original sanctioned allocation by 78.2%.,EXCESS_EXPENDITURE,"[{""type"": ""EXCESS_EXPENDITURE"", ""feature"": ""utilisation_percentage"", ""severity"": ""HIGH"", ""message"": ""Cumulative expenditure exceeds original sanctioned allocation by 78.2%."", ""evidence"": ""Disbursed \u20b9771,144 against Sanction \u20b9432,684""}]"
WB/424/2022-2023/1091,WB/424/2022-2023/1091 - Construction of Education facility,Health,West Bengal,District_B,Constituency_17,MP_Name_17,Lok Sabha,,2024-09-25,414874,Sanctioned,470354.0,1,National Infra Corp,1,2021-08-07,2023/1091 - Construction of Education facility,,,,113.37,1.1337,5.6179172654166605,5.672425765052497,1105582.0,1130127.4382022473,1756545.4,,,58.46,89,2.2,0.13838289741842086,-1,-0.004,True,LOW,19,182,"Statistically unusual combination of expenditure pace, project size, and sanction latency across multiple feature dimensions.",MULTIVARIATE_ISOLATION,"[{""type"": ""MULTIVARIATE_ISOLATION"", ""feature"": ""isolation_forest"", ""severity"": ""LOW"", ""message"": ""Statistically unusual combination of expenditure pace, project size, and sanction latency across multiple feature dimensions."", ""evidence"": ""Isolation Forest Score: -0.0040""}]"
TN/799/2023-2024/1205,TN/799/2023-2024/1205 - Construction of Education facility,Sanitation,Tamil Nadu,District_A,Constituency_38,MP_Name_38,Lok Sabha,,2021-08-13,408624,Sanctioned,107931.0,1,Global Infra Ltd,1,2021-04-17,2024/1205 - Construction of Education facility,,,,26.41,0.2641,5.611324933588425,5.033150224692573,1125948.0,1110292.626506024,1685270.5999999999,,,52.21,83,2.4,0.13446893591958006,-1,-0.0502,True,HIGH,40,129,"Statistically unusual combination of expenditure pace, project size, and sanction latency across multiple feature dimensions.",MULTIVARIATE_ISOLATION,"[{""type"": ""MULTIVARIATE_ISOLATION"", ""feature"": ""isolation_forest"", ""severity"": ""LOW"", ""message"": ""Statistically unusual combination of expenditure pace, project size, and sanction latency across multiple feature dimensions."", ""evidence"": ""Isolation Forest Score: -0.0502""}]"
KA/693/2023-2024/1333,KA/693/2023-2024/1333 - Construction of Sanitation facility,Electricity,Karnataka,District_B,Constituency_60,MP_Name_60,Lok Sabha,,2022-10-06,491994,Sanctioned,1222130.0,4,Shree Constructions,1,2022-03-16,2024/1333 - Construction of Sanitation facility,,,,248.4,2.484,5.691960689183126,6.087117760348326,1031183.0,1080220.3195876288,1676158.2000000002,,,62.2,97,5.2,0.16941462857498482,-1,-0.0223,True,MEDIUM,45,96,Cumulative expenditure exceeds original sanctioned allocation by 148.4%.,EXCESS_EXPENDITURE,"[{""type"": ""EXCESS_EXPENDITURE"", ""feature"": ""utilisation_percentage"", ""severity"": ""HIGH"", ""message"": ""Cumulative expenditure exceeds original sanctioned allocation by 148.4%."", ""evidence"": ""Disbursed \u20b91,222,130 against Sanction \u20b9491,994""}]"
DL/725/2022-2023/1439,DL/725/2022-2023/1439 - Construction of Drinking Water facility,Education,Delhi,District_B,Constituency_79,MP_Name_79,Lok Sabha,,2022-10-21,609260,Sanctioned,1600307.0,4,State PWD,1,2023-01-19,2023/1439 - Construction of Drinking Water facility,,,90.0,262.66,2.6266,5.78480337896661,6.204203576298061,1154756.0,1129067.0,1764852.2,,,70.47,63,23.8,0.18401229248052423,-1,-0.0362,True,HIGH,58,40,Cumulative expenditure exceeds original sanctioned allocation by 162.7%.,EXCESS_EXPENDITURE,"[{""type"": ""EXCESS_EXPENDITURE"", ""feature"": ""utilisation_percentage"", ""severity"": ""HIGH"", ""message"": ""Cumulative expenditure exceeds original sanctioned allocation by 162.7%."", ""evidence"": ""Disbursed \u20b91,600,307 against Sanction \u20b9609,260""}]"
UP/659/2022-2023/1511,UP/659/2022-2023/1511 - Construction of Health facility,Electricity,Uttar Pradesh,District_D,Constituency_92,MP_Name_92,Lok Sabha,,2024-01-07,1884831,Sanctioned,180787.0,1,National Infra Corp,1,2022-05-02,2023/1511 - Construction of Health facility,,,,9.59,0.0959,6.275272646465161,5.257169600327732,1034349.5,1085939.6785714286,1610759.0,,,62.375,56,100.0,0.450593640448246,-1,-0.0314,True,HIGH,74,1,Sanction amount is higher than 100.0% of comparable Electricity projects in Uttar Pradesh.,HIGH_SANCTION_OUTLIER,"[{""type"": ""HIGH_SANCTION_OUTLIER"", ""feature"": ""sanction_amount"", ""severity"": ""CRITICAL"", ""message"": ""Sanction amount is higher than 100.0% of comparable Electricity projects in Uttar Pradesh."", ""evidence"": ""Project: \u20b91,884,831 | Peer Group Median: \u20b91,034,350""}]"
KA/551/2023-2024/1587,KA/551/2023-2024/1587 - Construction of Health facility,Health,Karnataka,District_A,Constituency_106,MP_Name_106,Lok Sabha,,2022-11-21,771311,Sanctioned,1745123.0,4,XYZ Builders,1,2022-10-17,2024/1587 - Construction of Health facility,,,,226.25,2.2625,5.887230088128039,6.241826291239303,1217935.5,1174330.891304348,1746386.7,,,54.315,92,28.3,0.2130643132751604,-1,-0.0026,True,LOW,38,143,Cumulative expenditure exceeds original sanctioned allocation by 126.2%.,EXCESS_EXPENDITURE,"[{""type"": ""EXCESS_EXPENDITURE"", ""feature"": ""utilisation_percentage"", ""severity"": ""HIGH"", ""message"": ""Cumulative expenditure exceeds original sanctioned allocation by 126.2%."", ""evidence"": ""Disbursed \u20b91,745,123 against Sanction \u20b9771,311""}]"
WB/418/2023-2024/1605,WB/418/2023-2024/1605 - Construction of Electricity facility,Education,West Bengal,District_A,Constituency_109,MP_Name_109,Lok Sabha,,2022-02-10,416426,Sanctioned,240847.0,1,National Infra Corp,1,2024-05-25,2024/1605 - Construction of Electricity facility,,,835.0,57.84,0.5784,5.619538880230582,5.38174304428728,1158595.5,1144561.7972972973,1764686.7,,,49.379999999999995,74,2.7,0.1333546491886172,-1,-0.0305,True,HIGH,40,129,"Statistically unusual combination of expenditure pace, project size, and sanction latency across multiple feature dimensions.",MULTIVARIATE_ISOLATION,"[{""type"": ""MULTIVARIATE_ISOLATION"", ""feature"": ""isolation_forest"", ""severity"": ""LOW"", ""message"": ""Statistically unusual combination of expenditure pace, project size, and sanction latency across multiple feature dimensions."", ""evidence"": ""Isolation Forest Score: -0.0305""}]"
KA/216/2021-2022/1729,KA/216/2021-2022/1729 - Construction of Education facility,Sanitation,Karnataka,District_A,Constituency_132,MP_Name_132,Lok Sabha,,2023-11-15,436259,Sanctioned,1165188.0,4,XYZ Builders,1,2023-03-15,2022/1729 - Construction of Education facility,,,,267.09,2.6709,5.639745395027509,6.066396376005534,1152765.5,1147459.4803921569,1753699.5,,,59.095,102,1.0,0.13938962290386578,-1,-0.0482,True,HIGH,55,63,Cumulative expenditure exceeds original sanctioned allocation by 167.1%.,EXCESS_EXPENDITURE,"[{""type"": ""EXCESS_EXPENDITURE"", ""feature"": ""utilisation_percentage"", ""severity"": ""HIGH"", ""message"": ""Cumulative expenditure exceeds original sanctioned allocation by 167.1%."", ""evidence"": ""Disbursed \u20b91,165,188 against Sanction \u20b9436,259""}]"
DL/923/2022-2023/1761,DL/923/2022-2023/1761 - Construction of Roads facility,Education,Delhi,District_C,Constituency_139,MP_Name_139,Lok Sabha,,2024-01-15,411261,Sanctioned,1405030.0,4,State PWD,1,2023-06-17,2023/1761 - Construction of Roads facility,,,,341.64,3.4164,5.6141185831957205,6.147685906433566,1154756.0,1129067.0,1764852.2,,,70.47,63,1.6,0.1323062447832899,-1,-0.1053,True,CRITICAL,69,7,Cumulative expenditure exceeds original sanctioned allocation by 241.6%.,EXCESS_EXPENDITURE,"[{""type"": ""EXCESS_EXPENDITURE"", ""feature"": ""utilisation_percentage"", ""severity"": ""HIGH"", ""message"": ""Cumulative expenditure exceeds original sanctioned allocation by 241.6%."", ""evidence"": ""Disbursed \u20b91,405,030 against Sanction \u20b9411,261""}]"
WB/404/2021-2022/1779,WB/404/2021-2022/1779 - Construction of Health facility,Sanitation,West Bengal,District_E,Constituency_141,MP_Name_141,Lok Sabha,,2023-02-25,539236,Sanctioned,76820.0,1,Shree Constructions,1,2022-12-03,2022/1779 - Construction of Health facility,,,,14.25,0.1425,5.731779683869493,4.885479956196187,1279206.0,1176963.7719298245,1769295.0,,,53.89,57,10.5,0.15275896583795637,-1,-0.0026,True,LOW,40,129,"Statistically unusual combination of expenditure pace, project size, and sanction latency across multiple feature dimensions.",MULTIVARIATE_ISOLATION,"[{""type"": ""MULTIVARIATE_ISOLATION"", ""feature"": ""isolation_forest"", ""severity"": ""LOW"", ""message"": ""Statistically unusual combination of expenditure pace, project size, and sanction latency across multiple feature dimensions."", ""evidence"": ""Isolation Forest Score: -0.0026""}]"
BR/764/2021-2022/1844,BR/764/2021-2022/1844 - Construction of Electricity facility,Health,Bihar,District_C,Constituency_152,MP_Name_152,Lok Sabha,,2021-01-20,465565,Sanctioned,1141952.0,4,State PWD,1,2021-08-14,2022/1844 - Construction of Electricity facility,,,206.0,245.28,2.4528,5.66798125653971,6.057648229776121,1149225.0,1148826.1129032257,1635778.9,,,63.06999999999999,62,4.8,0.14771098629308127,-1,-0.0077,True,LOW,34,151,Cumulative expenditure exceeds original sanctioned allocation by 145.3%.,EXCESS_EXPENDITURE,"[{""type"": ""EXCESS_EXPENDITURE"", ""feature"": ""utilisation_percentage"", ""severity"": ""HIGH"", ""message"": ""Cumulative expenditure exceeds original sanctioned allocation by 145.3%."", ""evidence"": ""Disbursed \u20b91,141,952 against Sanction \u20b9465,565""}]"
BR/793/2023-2024/1859,BR/793/2023-2024/1859 - Construction of Health facility,Electricity,Bihar,District_E,Constituency_155,MP_Name_155,Lok Sabha,,2024-01-31,432865,Sanctioned,166372.0,1,XYZ Builders,1,2021-02-11,2024/1859 - Construction of Health facility,,,,38.44,0.3844,5.636353474950886,5.221082847781397,1117370.0,1102279.8375,1659568.9000000004,,,55.370000000000005,80,2.5,0.14220053091464613,-1,-0.0187,True,MEDIUM,29,171,"Statistically unusual combination of expenditure pace, project size, and sanction latency across multiple feature dimensions.",MULTIVARIATE_ISOLATION,"[{""type"": ""MULTIVARIATE_ISOLATION"", ""feature"": ""isolation_forest"", ""severity"": ""LOW"", ""message"": ""Statistically unusual combination of expenditure pace, project size, and sanction latency across multiple feature dimensions."", ""evidence"": ""Isolation Forest Score: -0.0187""}]"
MP/991/2023-2024/1902,MP/991/2023-2024/1902 - Construction of Roads facility,Sanitation,Madhya Pradesh,District_A,Constituency_162,MP_Name_162,Lok Sabha,,2023-12-25,440881,Sanctioned,254459.0,2,State PWD,1,2023-06-28,2024/1902 - Construction of Roads facility,,,,57.72,0.5772,5.644322368138521,5.405619522843353,1233223.5,1150935.16,1804096.6,,,59.8,50,4.0,0.13274077184594246,-1,-0.0167,True,MEDIUM,29,171,"Statistically unusual combination of expenditure pace, project size, and sanction latency across multiple feature dimensions.",MULTIVARIATE_ISOLATION,"[{""type"": ""MULTIVARIATE_ISOLATION"", ""feature"": ""isolation_forest"", ""severity"": ""LOW"", ""message"": ""Statistically unusual combination of expenditure pace, project size, and sanction latency across multiple feature dimensions."", ""evidence"": ""Isolation Forest Score: -0.0167""}]"
GJ/840/2022-2023/1910,GJ/840/2022-2023/1910 - Construction of Education facility,Sanitation,Gujarat,District_A,Constituency_163,MP_Name_163,Lok Sabha,,2022-05-29,1830037,Sanctioned,140118.0,1,Global Infra Ltd,1,2021-06-23,2023/1910 - Construction of Education facility,,,,7.66,0.0766,6.262460107773583,5.146497029187821,979455.0,1052094.5256410257,1736256.3999999997,,,60.33,78,96.2,0.4576433121844117,-1,-0.0227,True,MEDIUM,63,34,Sanction amount is higher than 96.2% of comparable Sanitation projects in Gujarat.,HIGH_SANCTION_OUTLIER,"[{""type"": ""HIGH_SANCTION_OUTLIER"", ""feature"": ""sanction_amount"", ""severity"": ""HIGH"", ""message"": ""Sanction amount is higher than 96.2% of comparable Sanitation projects in Gujarat."", ""evidence"": ""Project: \u20b91,830,037 | Peer Group Median: \u20b9979,455""}]"
GJ/781/2023-2024/1970,GJ/781/2023-2024/1970 - Construction of Electricity facility,Education,Gujarat,District_C,Constituency_173,MP_Name_173,Lok Sabha,,2022-09-02,432523,Sanctioned,248144.0,1,ABC Constructions,1,2024-04-05,2024/1970 - Construction of Electricity facility,,,581.0,57.37,0.5737,5.636010210710386,5.394705528800776,1148461.0,1111989.7101449275,1672431.4,,,58.21,69,8.7,0.13881122297574597,-1,-0.0041,True,LOW,19,182,"Statistically unusual combination of expenditure pace, project size, and sanction latency across multiple feature dimensions.",MULTIVARIATE_ISOLATION,"[{""type"": ""MULTIVARIATE_ISOLATION"", ""feature"": ""isolation_forest"", ""severity"": ""LOW"", ""message"": ""Statistically unusual combination of expenditure pace, project size, and sanction latency across multiple feature dimensions."", ""evidence"": ""Isolation Forest Score: -0.0041""}]"
MP/116/2021-2022/1996,MP/116/2021-2022/1996 - Construction of Sanitation facility,Roads,Madhya Pradesh,District_D,Constituency_177,MP_Name_177,Lok Sabha,,2024-04-13,470469,Sanctioned,1139133.0,4,Shree Constructions,1,2022-08-04,2022/1996 - Construction of Sanitation facility,,,,242.13,2.4213,5.672531935415036,6.056574814542297,998153.5,1094128.1764705882,1700425.1,,,61.735,68,4.4,0.16771284357274202,-1,-0.0202,True,MEDIUM,45,96,Cumulative expenditure exceeds original sanctioned allocation by 142.1%.,EXCESS_EXPENDITURE,"[{""type"": ""EXCESS_EXPENDITURE"", ""feature"": ""utilisation_percentage"", ""severity"": ""HIGH"", ""message"": ""Cumulative expenditure exceeds original sanctioned allocation by 142.1%."", ""evidence"": ""Disbursed \u20b91,139,133 against Sanction \u20b9470,469""}]"
GJ/127/2022-2023/2058,GJ/127/2022-2023/2058 - Construction of Roads facility,Health,Gujarat,District_E,Constituency_187,MP_Name_187,Lok Sabha,,2021-02-08,550932,Sanctioned,1655602.0,4,XYZ Builders,1,2024-12-14,2023/2058 - Construction of Roads facility,,,1405.0,300.51,3.0051,5.741098786692927,6.218956204683461,1122849.0,1143219.831168831,1740285.6,,,66.6,77,7.8,0.17337727708731923,-1,-0.0645,True,CRITICAL,69,7,Cumulative expenditure exceeds original sanctioned allocation by 200.5%.,EXCESS_EXPENDITURE,"[{""type"": ""EXCESS_EXPENDITURE"", ""feature"": ""utilisation_percentage"", ""severity"": ""HIGH"", ""message"": ""Cumulative expenditure exceeds original sanctioned allocation by 200.5%."", ""evidence"": ""Disbursed \u20b91,655,602 against Sanction \u20b9550,932""}]"
WB/981/2021-2022/2233,WB/981/2021-2022/2233 - Construction of Electricity facility,Electricity,West Bengal,District_E,Constituency_215,MP_Name_215,Lok Sabha,,2022-08-28,465422,Sanctioned,1116091.0,3,State PWD,1,2021-06-28,2022/2233 - Construction of Electricity facility,,,,239.8,2.398,5.667847841190226,6.047699995179993,1209789.5,1150222.711111111,1751913.6000000003,,,59.08,90,5.6,0.14135983483103126,-1,-0.0183,True,MEDIUM,45,96,Cumulative expenditure exceeds original sanctioned allocation by 139.8%.,EXCESS_EXPENDITURE,"[{""type"": ""EXCESS_EXPENDITURE"", ""feature"": ""utilisation_percentage"", ""severity"": ""HIGH"", ""message"": ""Cumulative expenditure exceeds original sanctioned allocation by 139.8%."", ""evidence"": ""Disbursed \u20b91,116,091 against Sanction \u20b9465,422""}]"
MH/597/2021-2022/2468,MH/597/2021-2022/2468 - Construction of Drinking Water facility,Electricity,Maharashtra,District_A,Constituency_259,MP_Name_259,Lok Sabha,,2022-10-04,430537,Sanctioned,967028.0,4,State PWD,1,2021-11-13,2022/2468 - Construction of Drinking Water facility,,,,224.61,2.2461,5.634011489034718,5.985439498231012,996999.0,1081489.2647058824,1706890.8000000003,,,75.50999999999999,68,4.4,0.1558923465049026,-1,-0.017,True,MEDIUM,44,107,Cumulative expenditure exceeds original sanctioned allocation by 124.6%.,EXCESS_EXPENDITURE,"[{""type"": ""EXCESS_EXPENDITURE"", ""feature"": ""utilisation_percentage"", ""severity"": ""HIGH"", ""message"": ""Cumulative expenditure exceeds original sanctioned allocation by 124.6%."", ""evidence"": ""Disbursed \u20b9967,028 against Sanction \u20b9430,537""}]"
MP/843/2022-2023/2566,MP/843/2022-2023/2566 - Construction of Drinking Water facility,Drinking Water,Madhya Pradesh,District_C,Constituency_277,MP_Name_277,Lok Sabha,,2022-06-01,418535,Sanctioned,578761.0,2,Shree Constructions,1,2021-08-17,2023/2566 - Construction of Drinking Water facility,,,,138.28,1.3828,5.621732819387657,5.762500008742649,1119393.0,1130351.2318840579,1716906.4,,,58.86,69,2.9,0.1379534171416126,-1,-0.0017,True,LOW,34,151,Cumulative expenditure exceeds original sanctioned allocation by 38.3%.,EXCESS_EXPENDITURE,"[{""type"": ""EXCESS_EXPENDITURE"", ""feature"": ""utilisation_percentage"", ""severity"": ""HIGH"", ""message"": ""Cumulative expenditure exceeds original sanctioned allocation by 38.3%."", ""evidence"": ""Disbursed \u20b9578,761 against Sanction \u20b9418,535""}]"
TN/324/2022-2023/2977,TN/324/2022-2023/2977 - Construction of Sanitation facility,Health,Tamil Nadu,District_C,Constituency_354,MP_Name_354,Lok Sabha,,2021-08-04,457031,Sanctioned,1373821.0,4,Rural Works Dept,1,2022-08-29,2023/2977 - Construction of Sanitation facility,,,390.0,300.6,3.006,5.659946609122108,6.137930466766067,1143711.0,1083263.1014492754,1596118.4000000001,,,61.03,69,1.4,0.14600504194362537,-1,-0.0575,True,HIGH,56,48,Cumulative expenditure exceeds original sanctioned allocation by 200.6%.,EXCESS_EXPENDITURE,"[{""type"": ""EXCESS_EXPENDITURE"", ""feature"": ""utilisation_percentage"", ""severity"": ""HIGH"", ""message"": ""Cumulative expenditure exceeds original sanctioned allocation by 200.6%."", ""evidence"": ""Disbursed \u20b91,373,821 against Sanction \u20b9457,031""}]"
DL/270/2023-2024/1023,DL/270/2023-2024/1023 - Construction of Education facility,Drinking Water,Delhi,District_E,Constituency_4,MP_Name_4,Lok Sabha,,2022-07-20,403248,Sanctioned,870179.0,3,XYZ Builders,0,,2024/1023 - Construction of Education facility,,,,215.79,2.1579,5.605573299073968,5.939609097355395,1109228.0,1177056.4603174604,1741488.4000000001,,,64.35,63,1.6,0.13466766814059958,-1,-0.0393,True,HIGH,55,63,Cumulative expenditure exceeds original sanctioned allocation by 115.8%.,EXCESS_EXPENDITURE,"[{""type"": ""EXCESS_EXPENDITURE"", ""feature"": ""utilisation_percentage"", ""severity"": ""HIGH"", ""message"": ""Cumulative expenditure exceeds original sanctioned allocation by 115.8%."", ""evidence"": ""Disbursed \u20b9870,179 against Sanction \u20b9403,248""}]"
UP/224/2023-2024/1070,UP/224/2023-2024/1070 - Construction of Education facility,Roads,Uttar Pradesh,District_C,Constituency_14,MP_Name_14,Lok Sabha,,2023-11-18,427261,Sanctioned,1179041.0,4,State PWD,0,,2024/1070 - Construction of Education facility,,,,275.95,2.7595,5.630694269077027,6.071529275869776,1096583.0,1086257.2631578948,1739773.2,,,65.94,57,1.8,0.1428990005259806,-1,-0.0603,True,HIGH,56,48,Cumulative expenditure exceeds original sanctioned allocation by 175.9%.,EXCESS_EXPENDITURE,"[{""type"": ""EXCESS_EXPENDITURE"", ""feature"": ""utilisation_percentage"", ""severity"": ""HIGH"", ""message"": ""Cumulative expenditure exceeds original sanctioned allocation by 175.9%."", ""evidence"": ""Disbursed \u20b91,179,041 against Sanction \u20b9427,261""}]"
RJ/275/2023-2024/1139,RJ/275/2023-2024/1139 - Construction of Sanitation facility,Health,Rajasthan,District_C,Constituency_26,MP_Name_26,Lok Sabha,,2022-10-16,447170,Sanctioned,88147.0,1,State PWD,0,,2024/1139 - Construction of Sanitation facility,,,,19.71,0.1971,5.650473630861467,4.945212462990219,1124132.0,1156632.3174603174,1773098.8000000003,,,55.59,63,3.2,0.14544235249540405,-1,-0.0181,True,MEDIUM,50,86,"Statistically unusual combination of expenditure pace, project size, and sanction latency across multiple feature dimensions.",MULTIVARIATE_ISOLATION,"[{""type"": ""MULTIVARIATE_ISOLATION"", ""feature"": ""isolation_forest"", ""severity"": ""LOW"", ""message"": ""Statistically unusual combination of expenditure pace, project size, and sanction latency across multiple feature dimensions."", ""evidence"": ""Isolation Forest Score: -0.0181""}]"
RJ/779/2023-2024/1185,RJ/779/2023-2024/1185 - Construction of Drinking Water facility,Education,Rajasthan,District_A,Constituency_35,MP_Name_35,Lok Sabha,,2023-10-13,420561,Sanctioned,875693.0,2,State PWD,0,,2024/1185 - Construction of Drinking Water facility,,,,208.22,2.0822,5.623830029320666,5.942352374058689,1125940.0,1101045.0,1654123.0,,,66.05,51,2.0,0.137834957066353,-1,-0.0107,True,LOW,34,151,Cumulative expenditure exceeds original sanctioned allocation by 108.2%.,EXCESS_EXPENDITURE,"[{""type"": ""EXCESS_EXPENDITURE"", ""feature"": ""utilisation_percentage"", ""severity"": ""HIGH"", ""message"": ""Cumulative expenditure exceeds original sanctioned allocation by 108.2%."", ""evidence"": ""Disbursed \u20b9875,693 against Sanction \u20b9420,561""}]"
MP/935/2022-2023/1273,MP/935/2022-2023/1273 - Construction of Sanitation facility,Roads,Madhya Pradesh,District_A,Constituency_50,MP_Name_50,Lok Sabha,,2021-04-30,415666,Sanctioned,993757.0,4,Shree Constructions,0,,2023/1273 - Construction of Sanitation facility,,,,239.08,2.3908,5.618745547030177,5.997280637857604,998153.5,1094128.1764705882,1700425.1,,,61.735,68,1.5,0.15119663339137523,-1,-0.0395,True,HIGH,55,63,Cumulative expenditure exceeds original sanctioned allocation by 139.1%.,EXCESS_EXPENDITURE,"[{""type"": ""EXCESS_EXPENDITURE"", ""feature"": ""utilisation_percentage"", ""severity"": ""HIGH"", ""message"": ""Cumulative expenditure exceeds original sanctioned allocation by 139.1%."", ""evidence"": ""Disbursed \u20b9993,757 against Sanction \u20b9415,666""}]"
UP/289/2023-2024/1284,UP/289/2023-2024/1284 - Construction of Roads facility,Drinking Water,Uttar Pradesh,District_E,Constituency_52,MP_Name_52,Lok Sabha,,2023-08-06,528025,Sanctioned,1463714.0,4,State PWD,0,,2024/1284 - Construction of Roads facility,,,,277.21,2.7721,5.722655307720411,6.165456523459686,1216778.0,1192553.5,1772002.4000000001,,,52.875,50,12.0,0.1565350504553101,-1,-0.0605,True,HIGH,57,42,Cumulative expenditure exceeds original sanctioned allocation by 177.2%.,EXCESS_EXPENDITURE,"[{""type"": ""EXCESS_EXPENDITURE"", ""feature"": ""utilisation_percentage"", ""severity"": ""HIGH"", ""message"": ""Cumulative expenditure exceeds original sanctioned allocation by 177.2%."", ""evidence"": ""Disbursed \u20b91,463,714 against Sanction \u20b9528,025""}]"
GJ/761/2022-2023/1381,GJ/761/2022-2023/1381 - Construction of Sanitation facility,Sanitation,Gujarat,District_D,Constituency_68,MP_Name_68,Lok Sabha,,2023-06-07,1854572,Sanctioned,1276054.0,4,Shree Constructions,0,,2023/1381 - Construction of Sanitation facility,,,,68.81,0.6881,6.2682439327701625,6.105869393571453,979455.0,1052094.5256410257,1736256.3999999997,,,60.33,78,97.4,0.4614194958899935,-1,-0.0157,True,MEDIUM,43,122,Sanction amount is higher than 97.4% of comparable Sanitation projects in Gujarat.,HIGH_SANCTION_OUTLIER,"[{""type"": ""HIGH_SANCTION_OUTLIER"", ""feature"": ""sanction_amount"", ""severity"": ""HIGH"", ""message"": ""Sanction amount is higher than 97.4% of comparable Sanitation projects in Gujarat."", ""evidence"": ""Project: \u20b91,854,572 | Peer Group Median: \u20b9979,455""}]"
MH/434/2023-2024/1461,MH/434/2023-2024/1461 - Construction of Electricity facility,Roads,Maharashtra,District_C,Constituency_83,MP_Name_83,Lok Sabha,,2023-02-05,434606,Sanctioned,983923.0,3,XYZ Builders,0,,2024/1461 - Construction of Electricity facility,,,,226.39,2.2639,5.638096717007264,5.992961554066172,1223821.0,1173056.111111111,1817929.7,,,49.355000000000004,72,2.8,0.13197845852402174,-1,-0.0178,True,MEDIUM,44,107,Cumulative expenditure exceeds original sanctioned allocation by 126.4%.,EXCESS_EXPENDITURE,"[{""type"": ""EXCESS_EXPENDITURE"", ""feature"": ""utilisation_percentage"", ""severity"": ""HIGH"", ""message"": ""Cumulative expenditure exceeds original sanctioned allocation by 126.4%."", ""evidence"": ""Disbursed \u20b9983,923 against Sanction \u20b9434,606""}]"
BR/245/2022-2023/1568,BR/245/2022-2023/1568 - Construction of Electricity facility,Education,Bihar,District_A,Constituency_103,MP_Name_103,Lok Sabha,,2023-06-23,416044,Sanctioned,216916.0,1,BuildWell Pvt Ltd,0,,2023/1568 - Construction of Electricity facility,,,,52.14,0.5214,5.619140307056394,5.336293589436407,1082145.0,1125537.6753246754,1662884.2000000002,,,55.71,77,1.3,0.14128114692239446,-1,-0.0263,True,MEDIUM,29,171,"Statistically unusual combination of expenditure pace, project size, and sanction latency across multiple feature dimensions.",MULTIVARIATE_ISOLATION,"[{""type"": ""MULTIVARIATE_ISOLATION"", ""feature"": ""isolation_forest"", ""severity"": ""LOW"", ""message"": ""Statistically unusual combination of expenditure pace, project size, and sanction latency across multiple feature dimensions."", ""evidence"": ""Isolation Forest Score: -0.0263""}]"
RJ/247/2022-2023/1578,RJ/247/2022-2023/1578 - Construction of Electricity facility,Drinking Water,Rajasthan,District_E,Constituency_104,MP_Name_104,Lok Sabha,,2024-05-27,415632,Sanctioned,1154786.0,3,XYZ Builders,0,,2023/1578 - Construction of Electricity facility,,,,277.84,2.7784,5.6187100219191635,6.0625018861715825,1279406.0,1247978.641025641,1831759.4,,,50.394999999999996,78,1.3,0.12217105573856772,-1,-0.0918,True,CRITICAL,69,7,Cumulative expenditure exceeds original sanctioned allocation by 177.8%.,EXCESS_EXPENDITURE,"[{""type"": ""EXCESS_EXPENDITURE"", ""feature"": ""utilisation_percentage"", ""severity"": ""HIGH"", ""message"": ""Cumulative expenditure exceeds original sanctioned allocation by 177.8%."", ""evidence"": ""Disbursed \u20b91,154,786 against Sanction \u20b9415,632""}]"
WB/258/2021-2022/1675,WB/258/2021-2022/1675 - Construction of Roads facility,Roads,West Bengal,District_A,Constituency_122,MP_Name_122,Lok Sabha,,2023-01-28,538397,Sanctioned,1289006.0,4,State PWD,0,,2022/1675 - Construction of Roads facility,,,,239.42,2.3942,5.73110343793476,6.11025527581199,1294277.0,1247384.4588235293,1784569.4000000001,,,58.38,85,7.1,0.1510579849992263,-1,-0.0275,True,MEDIUM,46,92,Cumulative expenditure exceeds original sanctioned allocation by 139.4%.,EXCESS_EXPENDITURE,"[{""type"": ""EXCESS_EXPENDITURE"", ""feature"": ""utilisation_percentage"", ""severity"": ""HIGH"", ""message"": ""Cumulative expenditure exceeds original sanctioned allocation by 139.4%."", ""evidence"": ""Disbursed \u20b91,289,006 against Sanction \u20b9538,397""}]"
KA/437/2021-2022/1724,KA/437/2021-2022/1724 - Construction of Roads facility,Electricity,Karnataka,District_C,Constituency_130,MP_Name_130,Lok Sabha,,2021-09-24,1871240,Sanctioned,95867.0,1,XYZ Builders,0,,2022/1724 - Construction of Roads facility,,,,5.12,0.0512,6.27212972455499,4.981673667206229,1031183.0,1080220.3195876288,1676158.2000000002,,,62.2,97,99.0,0.449424962262227,-1,-0.0399,True,HIGH,74,1,Sanction amount is higher than 99.0% of comparable Electricity projects in Karnataka.,HIGH_SANCTION_OUTLIER,"[{""type"": ""HIGH_SANCTION_OUTLIER"", ""feature"": ""sanction_amount"", ""severity"": ""CRITICAL"", ""message"": ""Sanction amount is higher than 99.0% of comparable Electricity projects in Karnataka."", ""evidence"": ""Project: \u20b91,871,240 | Peer Group Median: \u20b91,031,183""}]"
RJ/965/2021-2022/1742,RJ/965/2021-2022/1742 - Construction of Sanitation facility,Roads,Rajasthan,District_B,Constituency_134,MP_Name_134,Lok Sabha,,2024-07-22,413790,Sanctioned,999820.0,3,XYZ Builders,0,,2022/1742 - Construction of Sanitation facility,,,,241.62,2.4162,5.616781040479442,5.999922254329294,1177436.0,1119320.253968254,1741010.2,,,56.26,63,1.6,0.13079455617952107,-1,-0.0543,True,HIGH,55,63,Cumulative expenditure exceeds original sanctioned allocation by 141.6%.,EXCESS_EXPENDITURE,"[{""type"": ""EXCESS_EXPENDITURE"", ""feature"": ""utilisation_percentage"", ""severity"": ""HIGH"", ""message"": ""Cumulative expenditure exceeds original sanctioned allocation by 141.6%."", ""evidence"": ""Disbursed \u20b9999,820 against Sanction \u20b9413,790""}]"
GJ/735/2023-2024/1767,GJ/735/2023-2024/1767 - Construction of Health facility,Roads,Gujarat,District_E,Constituency_140,MP_Name_140,Lok Sabha,,2023-08-12,454631,Sanctioned,1038954.0,4,XYZ Builders,0,,2024/1767 - Construction of Health facility,,,,228.53,2.2853,5.657660000976091,6.016596737475449,1174136.5,1153484.2125,1739495.5,,,62.665,80,5.0,0.14214050591160676,-1,-0.0027,True,LOW,34,151,Cumulative expenditure exceeds original sanctioned allocation by 128.5%.,EXCESS_EXPENDITURE,"[{""type"": ""EXCESS_EXPENDITURE"", ""feature"": ""utilisation_percentage"", ""severity"": ""HIGH"", ""message"": ""Cumulative expenditure exceeds original sanctioned allocation by 128.5%."", ""evidence"": ""Disbursed \u20b91,038,954 against Sanction \u20b9454,631""}]"
UP/433/2022-2023/1812,UP/433/2022-2023/1812 - Construction of Roads facility,Drinking Water,Uttar Pradesh,District_D,Constituency_147,MP_Name_147,Lok Sabha,,2021-11-14,424419,Sanctioned,346175.0,1,Shree Constructions,0,,2023/1812 - Construction of Roads facility,,,,81.56,0.8156,5.627795841028035,5.539296955425952,1216778.0,1192553.5,1772002.4000000001,,,52.875,50,2.0,0.1299493655955435,-1,-0.0216,True,MEDIUM,29,171,"Statistically unusual combination of expenditure pace, project size, and sanction latency across multiple feature dimensions.",MULTIVARIATE_ISOLATION,"[{""type"": ""MULTIVARIATE_ISOLATION"", ""feature"": ""isolation_forest"", ""severity"": ""LOW"", ""message"": ""Statistically unusual combination of expenditure pace, project size, and sanction latency across multiple feature dimensions."", ""evidence"": ""Isolation Forest Score: -0.0216""}]"
KA/616/2022-2023/1817,KA/616/2022-2023/1817 - Construction of Sanitation facility,Education,Karnataka,District_D,Constituency_148,MP_Name_148,Lok Sabha,,2024-04-24,440365,Sanctioned,1071194.0,4,State PWD,0,,2023/1817 - Construction of Sanitation facility,,,,243.25,2.4325,5.643813780366924,6.0298685368591824,1115974.5,1066324.1860465116,1691815.0,,,59.34,86,3.5,0.14445006892197484,-1,-0.0122,True,LOW,34,151,Cumulative expenditure exceeds original sanctioned allocation by 143.2%.,EXCESS_EXPENDITURE,"[{""type"": ""EXCESS_EXPENDITURE"", ""feature"": ""utilisation_percentage"", ""severity"": ""HIGH"", ""message"": ""Cumulative expenditure exceeds original sanctioned allocation by 143.2%."", ""evidence"": ""Disbursed \u20b91,071,194 against Sanction \u20b9440,365""}]"
RJ/142/2022-2023/1822,RJ/142/2022-2023/1822 - Construction of Education facility,Electricity,Rajasthan,District_E,Constituency_149,MP_Name_149,Lok Sabha,,2021-01-21,433093,Sanctioned,51590.0,1,XYZ Builders,0,,2023/1822 - Construction of Education facility,,,,11.91,0.1191,5.636582167140276,4.712573945982881,1216609.0,1194158.2419354839,1713296.2,,,64.58500000000001,62,1.6,0.13225447603412469,-1,-0.0596,True,HIGH,61,38,"Statistically unusual combination of expenditure pace, project size, and sanction latency across multiple feature dimensions.",MULTIVARIATE_ISOLATION,"[{""type"": ""MULTIVARIATE_ISOLATION"", ""feature"": ""isolation_forest"", ""severity"": ""LOW"", ""message"": ""Statistically unusual combination of expenditure pace, project size, and sanction latency across multiple feature dimensions."", ""evidence"": ""Isolation Forest Score: -0.0596""}]"
MP/631/2023-2024/1875,MP/631/2023-2024/1875 - Construction of Roads facility,Education,Madhya Pradesh,District_D,Constituency_157,MP_Name_157,Lok Sabha,,2022-12-16,420414,Sanctioned,292210.0,2,XYZ Builders,0,,2024/1875 - Construction of Roads facility,,,,69.51,0.6951,5.623678202839109,5.465696560501025,1115922.0,1089152.1549295774,1595516.0,,,63.62,71,1.4,0.13885236759873626,-1,-0.0026,True,LOW,19,182,"Statistically unusual combination of expenditure pace, project size, and sanction latency across multiple feature dimensions.",MULTIVARIATE_ISOLATION,"[{""type"": ""MULTIVARIATE_ISOLATION"", ""feature"": ""isolation_forest"", ""severity"": ""LOW"", ""message"": ""Statistically unusual combination of expenditure pace, project size, and sanction latency across multiple feature dimensions."", ""evidence"": ""Isolation Forest Score: -0.0026""}]"
MP/806/2022-2023/1905,MP/806/2022-2023/1905 - Construction of Education facility,Electricity,Madhya Pradesh,District_C,Constituency_162,MP_Name_162,Lok Sabha,,2021-09-18,1837207,Sanctioned,248680.0,1,ABC Constructions,0,,2023/1905 - Construction of Education facility,,,,13.54,0.1354,6.264158327856429,5.3956426050915205,1008066.0,1094618.961038961,1732363.0000000002,,,50.24,77,100.0,0.4506349755569609,-1,-0.0104,True,LOW,53,83,Sanction amount is higher than 100.0% of comparable Electricity projects in Madhya Pradesh.,HIGH_SANCTION_OUTLIER,"[{""type"": ""HIGH_SANCTION_OUTLIER"", ""feature"": ""sanction_amount"", ""severity"": ""CRITICAL"", ""message"": ""Sanction amount is higher than 100.0% of comparable Electricity projects in Madhya Pradesh."", ""evidence"": ""Project: \u20b91,837,207 | Peer Group Median: \u20b91,008,066""}]"
RJ/478/2022-2023/1922,RJ/478/2022-2023/1922 - Construction of Roads facility,Sanitation,Rajasthan,District_B,Constituency_165,MP_Name_165,Lok Sabha,,2021-05-09,400608,Sanctioned,601839.0,3,State PWD,0,,2023/1922 - Construction of Roads facility,,,,150.23,1.5023,5.602720701838314,5.779481048811131,1001771.0,1060422.2727272727,1736654.6,,,69.19,55,1.8,0.14609694450728858,-1,-0.015,True,MEDIUM,44,107,Cumulative expenditure exceeds original sanctioned allocation by 50.2%.,EXCESS_EXPENDITURE,"[{""type"": ""EXCESS_EXPENDITURE"", ""feature"": ""utilisation_percentage"", ""severity"": ""HIGH"", ""message"": ""Cumulative expenditure exceeds original sanctioned allocation by 50.2%."", ""evidence"": ""Disbursed \u20b9601,839 against Sanction \u20b9400,608""}]"
GJ/898/2023-2024/1972,GJ/898/2023-2024/1972 - Construction of Health facility,Health,Gujarat,District_C,Constituency_173,MP_Name_173,Lok Sabha,,2022-04-04,499384,Sanctioned,1251960.0,3,State PWD,0,,2024/1972 - Construction of Health facility,,,,250.7,2.507,5.69843549333158,6.097590800321214,1122849.0,1143219.831168831,1740285.6,,,66.6,77,2.6,0.15979187516674304,-1,-0.0141,True,MEDIUM,45,96,Cumulative expenditure exceeds original sanctioned allocation by 150.7%.,EXCESS_EXPENDITURE,"[{""type"": ""EXCESS_EXPENDITURE"", ""feature"": ""utilisation_percentage"", ""severity"": ""HIGH"", ""message"": ""Cumulative expenditure exceeds original sanctioned allocation by 150.7%."", ""evidence"": ""Disbursed \u20b91,251,960 against Sanction \u20b9499,384""}]"
WB/812/2023-2024/2007,WB/812/2023-2024/2007 - Construction of Sanitation facility,Education,West Bengal,District_C,Constituency_180,MP_Name_180,Lok Sabha,,2022-12-22,562033,Sanctioned,1499313.0,4,State PWD,0,,2024/2007 - Construction of Sanitation facility,,,,266.77,2.6677,5.749762588817716,6.1758925962816065,1158595.5,1144561.7972972973,1764686.7,,,49.379999999999995,74,9.5,0.1717552747933744,-1,-0.0428,True,HIGH,57,42,Cumulative expenditure exceeds original sanctioned allocation by 166.8%.,EXCESS_EXPENDITURE,"[{""type"": ""EXCESS_EXPENDITURE"", ""feature"": ""utilisation_percentage"", ""severity"": ""HIGH"", ""message"": ""Cumulative expenditure exceeds original sanctioned allocation by 166.8%."", ""evidence"": ""Disbursed \u20b91,499,313 against Sanction \u20b9562,033""}]"
WB/194/2022-2023/2012,WB/194/2022-2023/2012 - Construction of Sanitation facility,Electricity,West Bengal,District_E,Constituency_180,MP_Name_180,Lok Sabha,,2023-03-16,437217,Sanctioned,1306243.0,4,Rural Works Dept,0,,2023/2012 - Construction of Sanitation facility,,,,298.76,2.9876,5.640698033286254,6.1160243086050805,1209789.5,1150222.711111111,1751913.6000000003,,,59.08,90,1.1,0.1339855022789103,-1,-0.0716,True,CRITICAL,68,26,Cumulative expenditure exceeds original sanctioned allocation by 198.8%.,EXCESS_EXPENDITURE,"[{""type"": ""EXCESS_EXPENDITURE"", ""feature"": ""utilisation_percentage"", ""severity"": ""HIGH"", ""message"": ""Cumulative expenditure exceeds original sanctioned allocation by 198.8%."", ""evidence"": ""Disbursed \u20b91,306,243 against Sanction \u20b9437,217""}]"
TN/576/2022-2023/2022,TN/576/2022-2023/2022 - Construction of Education facility,Education,Tamil Nadu,District_D,Constituency_182,MP_Name_182,Lok Sabha,,2023-11-01,468104,Sanctioned,105575.0,1,BuildWell Pvt Ltd,0,,2023/2022 - Construction of Education facility,,,,22.55,0.2255,5.670343280009758,5.023565203688469,1128484.0,1172574.0898876404,1753703.6,,,56.04,89,5.6,0.15069745488375325,-1,-0.0017,True,LOW,19,182,"Statistically unusual combination of expenditure pace, project size, and sanction latency across multiple feature dimensions.",MULTIVARIATE_ISOLATION,"[{""type"": ""MULTIVARIATE_ISOLATION"", ""feature"": ""isolation_forest"", ""severity"": ""LOW"", ""message"": ""Statistically unusual combination of expenditure pace, project size, and sanction latency across multiple feature dimensions."", ""evidence"": ""Isolation Forest Score: -0.0017""}]"
TN/235/2023-2024/2027,TN/235/2023-2024/2027 - Construction of Health facility,Roads,Tamil Nadu,District_C,Constituency_182,MP_Name_182,Lok Sabha,,2021-03-18,426911,Sanctioned,864047.0,3,National Infra Corp,0,,2024/2027 - Construction of Health facility,,,,202.4,2.024,5.630338362488503,5.9365378692799275,1216264.0,1195835.0574712644,1743521.8000000003,,,59.35,87,1.1,0.13065596643200264,-1,-0.0136,True,MEDIUM,44,107,Cumulative expenditure exceeds original sanctioned allocation by 102.4%.,EXCESS_EXPENDITURE,"[{""type"": ""EXCESS_EXPENDITURE"", ""feature"": ""utilisation_percentage"", ""severity"": ""HIGH"", ""message"": ""Cumulative expenditure exceeds original sanctioned allocation by 102.4%."", ""evidence"": ""Disbursed \u20b9864,047 against Sanction \u20b9426,911""}]"
DL/916/2021-2022/2036,DL/916/2021-2022/2036 - Construction of Health facility,Sanitation,Delhi,District_B,Constituency_184,MP_Name_184,Lok Sabha,,2023-02-16,405413,Sanctioned,528608.0,2,ABC Constructions,0,,2022/2036 - Construction of Health facility,,,,130.39,1.3039,5.607898741934109,5.723134553076931,1193516.0,1205978.1692307692,1815549.2,,,56.4,65,1.5,0.12700093401466475,-1,-0.0369,True,HIGH,55,63,Cumulative expenditure exceeds original sanctioned allocation by 30.4%.,EXCESS_EXPENDITURE,"[{""type"": ""EXCESS_EXPENDITURE"", ""feature"": ""utilisation_percentage"", ""severity"": ""HIGH"", ""message"": ""Cumulative expenditure exceeds original sanctioned allocation by 30.4%."", ""evidence"": ""Disbursed \u20b9528,608 against Sanction \u20b9405,413""}]"
BR/920/2021-2022/2148,BR/920/2021-2022/2148 - Construction of Sanitation facility,Roads,Bihar,District_A,Constituency_202,MP_Name_202,Lok Sabha,,2024-05-28,403534,Sanctioned,468905.0,1,XYZ Builders,0,,2022/2148 - Construction of Sanitation facility,,,,116.2,1.162,5.605881208569018,5.671085789894362,1046131.0,1098460.1886792453,1699620.6,,,59.69,53,1.9,0.14168158190680724,-1,-0.0118,True,LOW,19,182,Cumulative expenditure exceeds original sanctioned allocation by 16.2%.,EXCESS_EXPENDITURE,"[{""type"": ""EXCESS_EXPENDITURE"", ""feature"": ""utilisation_percentage"", ""severity"": ""HIGH"", ""message"": ""Cumulative expenditure exceeds original sanctioned allocation by 16.2%."", ""evidence"": ""Disbursed \u20b9468,905 against Sanction \u20b9403,534""}]"
DL/157/2021-2022/2240,DL/157/2021-2022/2240 - Construction of Electricity facility,Education,Delhi,District_C,Constituency_216,MP_Name_216,Lok Sabha,,2023-03-13,413668,Sanctioned,430530.0,2,XYZ Builders,0,,2022/2240 - Construction of Electricity facility,,,,104.08,1.0408,5.616652976459003,5.634004427901699,1154756.0,1129067.0,1764852.2,,,70.47,63,3.2,0.13297325177013178,-1,-0.0171,True,MEDIUM,29,171,"Statistically unusual combination of expenditure pace, project size, and sanction latency across multiple feature dimensions.",MULTIVARIATE_ISOLATION,"[{""type"": ""MULTIVARIATE_ISOLATION"", ""feature"": ""isolation_forest"", ""severity"": ""LOW"", ""message"": ""Statistically unusual combination of expenditure pace, project size, and sanction latency across multiple feature dimensions."", ""evidence"": ""Isolation Forest Score: -0.0171""}]"
TN/170/2021-2022/2378,TN/170/2021-2022/2378 - Construction of Sanitation facility,Drinking Water,Tamil Nadu,District_D,Constituency_242,MP_Name_242,Lok Sabha,,2023-07-12,417437,Sanctioned,431880.0,2,National Infra Corp,0,,2022/2378 - Construction of Sanitation facility,,,,103.46,1.0346,5.620591980999523,5.635364098290003,1128665.0,1160620.3294117646,1740200.0000000002,,,53.53,85,2.4,0.13667308421624927,-1,-0.0046,True,LOW,19,182,"Statistically unusual combination of expenditure pace, project size, and sanction latency across multiple feature dimensions.",MULTIVARIATE_ISOLATION,"[{""type"": ""MULTIVARIATE_ISOLATION"", ""feature"": ""isolation_forest"", ""severity"": ""LOW"", ""message"": ""Statistically unusual combination of expenditure pace, project size, and sanction latency across multiple feature dimensions."", ""evidence"": ""Isolation Forest Score: -0.0046""}]"
MP/159/2021-2022/2388,MP/159/2021-2022/2388 - Construction of Electricity facility,Electricity,Madhya Pradesh,District_A,Constituency_243,MP_Name_243,Lok Sabha,,2022-09-03,413468,Sanctioned,219119.0,2,XYZ Builders,0,,2022/2388 - Construction of Electricity facility,,,,53.0,0.53,5.6164429537105045,5.340682019245905,1008066.0,1094618.961038961,1732363.0000000002,,,50.24,77,2.6,0.1492682844028321,-1,-0.0258,True,MEDIUM,29,171,"Statistically unusual combination of expenditure pace, project size, and sanction latency across multiple feature dimensions.",MULTIVARIATE_ISOLATION,"[{""type"": ""MULTIVARIATE_ISOLATION"", ""feature"": ""isolation_forest"", ""severity"": ""LOW"", ""message"": ""Statistically unusual combination of expenditure pace, project size, and sanction latency across multiple feature dimensions."", ""evidence"": ""Isolation Forest Score: -0.0258""}]"
BR/478/2022-2023/2443,BR/478/2022-2023/2443 - Construction of Education facility,Roads,Bihar,District_A,Constituency_254,MP_Name_254,Lok Sabha,,2022-10-30,1894205,Sanctioned,249512.0,2,National Infra Corp,0,,2023/2443 - Construction of Education facility,,,,13.17,0.1317,6.2774272079293105,5.397093177940107,1046131.0,1098460.1886792453,1699620.6,,,59.69,53,98.1,0.448810889496502,-1,-0.0329,True,HIGH,74,1,Sanction amount is higher than 98.1% of comparable Roads projects in Bihar.,HIGH_SANCTION_OUTLIER,"[{""type"": ""HIGH_SANCTION_OUTLIER"", ""feature"": ""sanction_amount"", ""severity"": ""HIGH"", ""message"": ""Sanction amount is higher than 98.1% of comparable Roads projects in Bihar."", ""evidence"": ""Project: \u20b91,894,205 | Peer Group Median: \u20b91,046,131""}]"
KA/732/2023-2024/2485,KA/732/2023-2024/2485 - Construction of Sanitation facility,Health,Karnataka,District_E,Constituency_262,MP_Name_262,Lok Sabha,,2023-01-02,406291,Sanctioned,717232.0,3,Shree Constructions,0,,2024/2485 - Construction of Sanitation facility,,,,176.53,1.7653,5.608838271034114,5.8556602633053645,1217935.5,1174330.891304348,1746386.7,,,54.315,92,1.1,0.1250223025907527,-1,-0.0437,True,HIGH,55,63,Cumulative expenditure exceeds original sanctioned allocation by 76.5%.,EXCESS_EXPENDITURE,"[{""type"": ""EXCESS_EXPENDITURE"", ""feature"": ""utilisation_percentage"", ""severity"": ""HIGH"", ""message"": ""Cumulative expenditure exceeds original sanctioned allocation by 76.5%."", ""evidence"": ""Disbursed \u20b9717,232 against Sanction \u20b9406,291""}]"
GJ/663/2021-2022/2510,GJ/663/2021-2022/2510 - Construction of Electricity facility,Education,Gujarat,District_B,Constituency_267,MP_Name_267,Lok Sabha,,2021-06-01,427526,Sanctioned,370843.0,1,Global Infra Ltd,0,,2022/2510 - Construction of Electricity facility,,,,86.74,0.8674,5.630963547323218,5.5691912568196456,1148461.0,1111989.7101449275,1672431.4,,,58.21,69,4.3,0.1374363789632694,-1,-0.0017,True,LOW,19,182,"Statistically unusual combination of expenditure pace, project size, and sanction latency across multiple feature dimensions.",MULTIVARIATE_ISOLATION,"[{""type"": ""MULTIVARIATE_ISOLATION"", ""feature"": ""isolation_forest"", ""severity"": ""LOW"", ""message"": ""Statistically unusual combination of expenditure pace, project size, and sanction latency across multiple feature dimensions."", ""evidence"": ""Isolation Forest Score: -0.0017""}]"
KA/601/2022-2023/2522,KA/601/2022-2023/2522 - Construction of Electricity facility,Sanitation,Karnataka,District_A,Constituency_270,MP_Name_270,Lok Sabha,,2024-10-16,509199,Sanctioned,1329181.0,4,XYZ Builders,0,,2023/2522 - Construction of Electricity facility,,,,261.03,2.6103,5.706888394981617,6.123584451359603,1152765.5,1147459.4803921569,1753699.5,,,59.095,102,6.9,0.15888077248018684,-1,-0.0381,True,HIGH,56,48,Cumulative expenditure exceeds original sanctioned allocation by 161.0%.,EXCESS_EXPENDITURE,"[{""type"": ""EXCESS_EXPENDITURE"", ""feature"": ""utilisation_percentage"", ""severity"": ""HIGH"", ""message"": ""Cumulative expenditure exceeds original sanctioned allocation by 161.0%."", ""evidence"": ""Disbursed \u20b91,329,181 against Sanction \u20b9509,199""}]"
UP/776/2021-2022/2551,UP/776/2021-2022/2551 - Construction of Health facility,Electricity,Uttar Pradesh,District_D,Constituency_275,MP_Name_275,Lok Sabha,,2024-04-11,405113,Sanctioned,581702.0,2,ABC Constructions,0,,2022/2551 - Construction of Health facility,,,,143.59,1.4359,5.60757725186709,5.764701303578471,1034349.5,1085939.6785714286,1610759.0,,,62.375,56,1.8,0.14353304653663645,-1,-0.0156,True,MEDIUM,44,107,Cumulative expenditure exceeds original sanctioned allocation by 43.6%.,EXCESS_EXPENDITURE,"[{""type"": ""EXCESS_EXPENDITURE"", ""feature"": ""utilisation_percentage"", ""severity"": ""HIGH"", ""message"": ""Cumulative expenditure exceeds original sanctioned allocation by 43.6%."", ""evidence"": ""Disbursed \u20b9581,702 against Sanction \u20b9405,113""}]"
WB/228/2022-2023/2585,WB/228/2022-2023/2585 - Construction of Sanitation facility,Education,West Bengal,District_B,Constituency_281,MP_Name_281,Lok Sabha,,2021-05-05,421557,Sanctioned,478175.0,3,Shree Constructions,0,,2023/2585 - Construction of Sanitation facility,,,,113.43,1.1343,5.624857335418775,5.679587774771952,1158595.5,1144561.7972972973,1764686.7,,,49.379999999999995,74,4.1,0.1347671652343345,-1,-0.0027,True,LOW,19,182,"Statistically unusual combination of expenditure pace, project size, and sanction latency across multiple feature dimensions.",MULTIVARIATE_ISOLATION,"[{""type"": ""MULTIVARIATE_ISOLATION"", ""feature"": ""isolation_forest"", ""severity"": ""LOW"", ""message"": ""Statistically unusual combination of expenditure pace, project size, and sanction latency across multiple feature dimensions."", ""evidence"": ""Isolation Forest Score: -0.0027""}]"
DL/556/2023-2024/2633,DL/556/2023-2024/2633 - Construction of Electricity facility,Drinking Water,Delhi,District_D,Constituency_289,MP_Name_289,Lok Sabha,,2022-07-11,440286,Sanctioned,1080016.0,4,Shree Constructions,0,,2024/2633 - Construction of Electricity facility,,,,245.3,2.453,5.643735862585091,6.033430591549992,1109228.0,1177056.4603174604,1741488.4000000001,,,64.35,63,4.8,0.14517468063830347,-1,-0.0133,True,LOW,34,151,Cumulative expenditure exceeds original sanctioned allocation by 145.3%.,EXCESS_EXPENDITURE,"[{""type"": ""EXCESS_EXPENDITURE"", ""feature"": ""utilisation_percentage"", ""severity"": ""HIGH"", ""message"": ""Cumulative expenditure exceeds original sanctioned allocation by 145.3%."", ""evidence"": ""Disbursed \u20b91,080,016 against Sanction \u20b9440,286""}]"
RJ/395/2022-2023/2661,RJ/395/2022-2023/2661 - Construction of Drinking Water facility,Sanitation,Rajasthan,District_E,Constituency_294,MP_Name_294,Lok Sabha,,2023-10-15,1882245,Sanctioned,957332.0,4,XYZ Builders,0,,2023/2661 - Construction of Drinking Water facility,,,,50.86,0.5086,6.274676382885475,5.981063029633832,1001771.0,1060422.2727272727,1736654.6,,,69.19,55,100.0,0.4592292101804491,-1,-0.0163,True,MEDIUM,43,122,Sanction amount is higher than 100.0% of comparable Sanitation projects in Rajasthan.,HIGH_SANCTION_OUTLIER,"[{""type"": ""HIGH_SANCTION_OUTLIER"", ""feature"": ""sanction_amount"", ""severity"": ""CRITICAL"", ""message"": ""Sanction amount is higher than 100.0% of comparable Sanitation projects in Rajasthan."", ""evidence"": ""Project: \u20b91,882,245 | Peer Group Median: \u20b91,001,771""}]"
KA/692/2021-2022/2699,KA/692/2021-2022/2699 - Construction of Drinking Water facility,Education,Karnataka,District_D,Constituency_303,MP_Name_303,Lok Sabha,,2022-05-03,470352,Sanctioned,1150741.0,4,XYZ Builders,0,,2022/2699 - Construction of Drinking Water facility,,,,244.66,2.4466,5.672423918381769,6.060977964345563,1115974.5,1066324.1860465116,1691815.0,,,59.34,86,8.1,0.15273830820337977,-1,-0.0046,True,LOW,35,146,Cumulative expenditure exceeds original sanctioned allocation by 144.7%.,EXCESS_EXPENDITURE,"[{""type"": ""EXCESS_EXPENDITURE"", ""feature"": ""utilisation_percentage"", ""severity"": ""HIGH"", ""message"": ""Cumulative expenditure exceeds original sanctioned allocation by 144.7%."", ""evidence"": ""Disbursed \u20b91,150,741 against Sanction \u20b9470,352""}]"
WB/302/2021-2022/2768,WB/302/2021-2022/2768 - Construction of Education facility,Roads,West Bengal,District_E,Constituency_315,MP_Name_315,Lok Sabha,,2024-11-16,412121,Sanctioned,688365.0,2,Shree Constructions,0,,2022/2768 - Construction of Education facility,,,,167.03,1.6703,5.615025798760398,5.83781941136929,1294277.0,1247384.4588235293,1784569.4000000001,,,58.38,85,1.2,0.12005309982775138,-1,-0.0457,True,HIGH,55,63,Cumulative expenditure exceeds original sanctioned allocation by 67.0%.,EXCESS_EXPENDITURE,"[{""type"": ""EXCESS_EXPENDITURE"", ""feature"": ""utilisation_percentage"", ""severity"": ""HIGH"", ""message"": ""Cumulative expenditure exceeds original sanctioned allocation by 67.0%."", ""evidence"": ""Disbursed \u20b9688,365 against Sanction \u20b9412,121""}]"
TN/814/2021-2022/2830,TN/814/2021-2022/2830 - Construction of Education facility,Electricity,Tamil Nadu,District_B,Constituency_326,MP_Name_326,Lok Sabha,,2022-04-25,1899139,Sanctioned,252172.0,1,BuildWell Pvt Ltd,0,,2022/2830 - Construction of Education facility,,,,13.28,0.1328,6.278556981054212,5.40169858509696,1095120.0,1134157.593220339,1665449.0,,,65.6,59,100.0,0.4368276531266005,-1,-0.0135,True,MEDIUM,63,34,Sanction amount is higher than 100.0% of comparable Electricity projects in Tamil Nadu.,HIGH_SANCTION_OUTLIER,"[{""type"": ""HIGH_SANCTION_OUTLIER"", ""feature"": ""sanction_amount"", ""severity"": ""CRITICAL"", ""message"": ""Sanction amount is higher than 100.0% of comparable Electricity projects in Tamil Nadu."", ""evidence"": ""Project: \u20b91,899,139 | Peer Group Median: \u20b91,095,120""}]"
MP/295/2021-2022/2855,MP/295/2021-2022/2855 - Construction of Health facility,Electricity,Madhya Pradesh,District_C,Constituency_330,MP_Name_330,Lok Sabha,,2023-06-04,1778145,Sanctioned,83686.0,1,ABC Constructions,0,,2022/2855 - Construction of Health facility,,,,4.71,0.0471,6.249967417146667,4.922657999609084,1008066.0,1094618.961038961,1732363.0000000002,,,50.24,77,93.5,0.44152503536520393,-1,-0.0007,True,LOW,52,85,"Statistically unusual combination of expenditure pace, project size, and sanction latency across multiple feature dimensions.",MULTIVARIATE_ISOLATION,"[{""type"": ""MULTIVARIATE_ISOLATION"", ""feature"": ""isolation_forest"", ""severity"": ""LOW"", ""message"": ""Statistically unusual combination of expenditure pace, project size, and sanction latency across multiple feature dimensions."", ""evidence"": ""Isolation Forest Score: -0.0007""}]"
DL/523/2021-2022/2933,DL/523/2021-2022/2933 - Construction of Sanitation facility,Drinking Water,Delhi,District_C,Constituency_344,MP_Name_344,Lok Sabha,,2024-02-21,410482,Sanctioned,620963.0,2,State PWD,0,,2022/2933 - Construction of Sanitation facility,,,,151.28,1.5128,5.613295175684272,5.793066422955094,1109228.0,1177056.4603174604,1741488.4000000001,,,64.35,63,3.2,0.13673989737895512,-1,-0.0222,True,MEDIUM,44,107,Cumulative expenditure exceeds original sanctioned allocation by 51.3%.,EXCESS_EXPENDITURE,"[{""type"": ""EXCESS_EXPENDITURE"", ""feature"": ""utilisation_percentage"", ""severity"": ""HIGH"", ""message"": ""Cumulative expenditure exceeds original sanctioned allocation by 51.3%."", ""evidence"": ""Disbursed \u20b9620,963 against Sanction \u20b9410,482""}]"
TN/551/2023-2024/2936,TN/551/2023-2024/2936 - Construction of Drinking Water facility,Sanitation,Tamil Nadu,District_D,Constituency_345,MP_Name_345,Lok Sabha,,2024-10-24,407819,Sanctioned,602330.0,2,State PWD,0,,2024/2936 - Construction of Drinking Water facility,,,,147.7,1.477,5.610468520305905,5.779835215457616,1125948.0,1110292.626506024,1685270.5999999999,,,52.21,83,1.2,0.13424105558044325,-1,-0.0257,True,MEDIUM,44,107,Cumulative expenditure exceeds original sanctioned allocation by 47.7%.,EXCESS_EXPENDITURE,"[{""type"": ""EXCESS_EXPENDITURE"", ""feature"": ""utilisation_percentage"", ""severity"": ""HIGH"", ""message"": ""Cumulative expenditure exceeds original sanctioned allocation by 47.7%."", ""evidence"": ""Disbursed \u20b9602,330 against Sanction \u20b9407,819""}]"
RJ/393/2022-2023/2954,RJ/393/2022-2023/2954 - Construction of Education facility,Education,Rajasthan,District_D,Constituency_348,MP_Name_348,Lok Sabha,,2021-04-29,424365,Sanctioned,1069069.0,3,Rural Works Dept,0,,2023/2954 - Construction of Education facility,,,,251.92,2.5192,5.627740581157927,6.02900614264417,1125940.0,1101045.0,1654123.0,,,66.05,51,3.9,0.13890189961301286,-1,-0.0374,True,HIGH,55,63,Cumulative expenditure exceeds original sanctioned allocation by 151.9%.,EXCESS_EXPENDITURE,"[{""type"": ""EXCESS_EXPENDITURE"", ""feature"": ""utilisation_percentage"", ""severity"": ""HIGH"", ""message"": ""Cumulative expenditure exceeds original sanctioned allocation by 151.9%."", ""evidence"": ""Disbursed \u20b91,069,069 against Sanction \u20b9424,365""}]"
BR/243/2022-2023/3096,BR/243/2022-2023/3096 - Construction of Electricity facility,Roads,Bihar,District_D,Constituency_377,MP_Name_377,Lok Sabha,,2023-01-05,1898327,Sanctioned,1045311.0,4,National Infra Corp,1,2023-12-01,2023/3096 - Construction of Electricity facility,,,330.0,55.06,0.5506,6.278371253551212,6.019245936049605,1046131.0,1098460.1886792453,1699620.6,,,59.69,53,100.0,0.44941929215160736,-1,-0.0145,True,MEDIUM,43,122,Sanction amount is higher than 100.0% of comparable Roads projects in Bihar.,HIGH_SANCTION_OUTLIER,"[{""type"": ""HIGH_SANCTION_OUTLIER"", ""feature"": ""sanction_amount"", ""severity"": ""CRITICAL"", ""message"": ""Sanction amount is higher than 100.0% of comparable Roads projects in Bihar."", ""evidence"": ""Project: \u20b91,898,327 | Peer Group Median: \u20b91,046,131""}]"
MP/358/2021-2022/3141,MP/358/2021-2022/3141 - Construction of Roads facility,Electricity,Madhya Pradesh,District_C,Constituency_383,MP_Name_383,Lok Sabha,,2023-01-24,1826931,Sanctioned,100020.0,1,State PWD,1,2022-04-03,2022/3141 - Construction of Roads facility,,,,5.47,0.0547,6.261722382834549,5.000091192266347,1008066.0,1094618.961038961,1732363.0000000002,,,50.24,77,98.7,0.44906363653097375,-1,-0.0237,True,MEDIUM,63,34,Sanction amount is higher than 98.7% of comparable Electricity projects in Madhya Pradesh.,HIGH_SANCTION_OUTLIER,"[{""type"": ""HIGH_SANCTION_OUTLIER"", ""feature"": ""sanction_amount"", ""severity"": ""HIGH"", ""message"": ""Sanction amount is higher than 98.7% of comparable Electricity projects in Madhya Pradesh."", ""evidence"": ""Project: \u20b91,826,931 | Peer Group Median: \u20b91,008,066""}]"
WB/837/2021-2022/3208,WB/837/2021-2022/3208 - Construction of Education facility,Roads,West Bengal,District_C,Constituency_395,MP_Name_395,Lok Sabha,,2023-12-09,417644,Sanctioned,522558.0,2,National Infra Corp,1,2023-01-09,2022/3208 - Construction of Education facility,,,,125.12,1.2512,5.620807286447233,5.718135331965604,1294277.0,1247384.4588235293,1784569.4000000001,,,58.38,85,2.4,0.12145648582581063,-1,-0.028,True,MEDIUM,45,96,Cumulative expenditure exceeds original sanctioned allocation by 25.1%.,EXCESS_EXPENDITURE,"[{""type"": ""EXCESS_EXPENDITURE"", ""feature"": ""utilisation_percentage"", ""severity"": ""HIGH"", ""message"": ""Cumulative expenditure exceeds original sanctioned allocation by 25.1%."", ""evidence"": ""Disbursed \u20b9522,558 against Sanction \u20b9417,644""}]"
TN/600/2023-2024/3231,TN/600/2023-2024/3231 - Construction of Roads facility,Drinking Water,Tamil Nadu,District_B,Constituency_400,MP_Name_400,Lok Sabha,,2024-07-22,431508,Sanctioned,941428.0,3,State PWD,1,2024-04-26,2024/3231 - Construction of Roads facility,,,,218.17,2.1817,5.634989858242597,5.973787572285845,1128665.0,1160620.3294117646,1740200.0000000002,,,53.53,85,3.5,0.14060770008485685,-1,-0.0045,True,LOW,34,151,Cumulative expenditure exceeds original sanctioned allocation by 118.2%.,EXCESS_EXPENDITURE,"[{""type"": ""EXCESS_EXPENDITURE"", ""feature"": ""utilisation_percentage"", ""severity"": ""HIGH"", ""message"": ""Cumulative expenditure exceeds original sanctioned allocation by 118.2%."", ""evidence"": ""Disbursed \u20b9941,428 against Sanction \u20b9431,508""}]"
MH/754/2022-2023/3249,MH/754/2022-2023/3249 - Construction of Electricity facility,Drinking Water,Maharashtra,District_C,Constituency_403,MP_Name_403,Lok Sabha,,2021-01-24,410711,Sanctioned,488853.0,2,XYZ Builders,1,2024-09-14,2023/3249 - Construction of Electricity facility,,,1329.0,119.03,1.1903,5.613537392061463,5.689179173107448,1135171.0,1137811.1066666667,1748959.2000000002,,,56.57,75,2.7,0.1341150526037666,-1,-0.0208,True,MEDIUM,29,171,Cumulative expenditure exceeds original sanctioned allocation by 19.0%.,EXCESS_EXPENDITURE,"[{""type"": ""EXCESS_EXPENDITURE"", ""feature"": ""utilisation_percentage"", ""severity"": ""HIGH"", ""message"": ""Cumulative expenditure exceeds original sanctioned allocation by 19.0%."", ""evidence"": ""Disbursed \u20b9488,853 against Sanction \u20b9410,711""}]"
MH/440/2021-2022/3319,MH/440/2021-2022/3319 - Construction of Roads facility,Roads,Maharashtra,District_B,Constituency_417,MP_Name_417,Lok Sabha,,2022-07-17,420383,Sanctioned,1330493.0,4,XYZ Builders,1,2024-09-21,2022/3319 - Construction of Roads facility,,,797.0,316.5,3.165,5.623646178231694,6.124012920396038,1223821.0,1173056.111111111,1817929.7,,,49.355000000000004,72,1.4,0.12823779927167037,-1,-0.0985,True,CRITICAL,69,7,Cumulative expenditure exceeds original sanctioned allocation by 216.5%.,EXCESS_EXPENDITURE,"[{""type"": ""EXCESS_EXPENDITURE"", ""feature"": ""utilisation_percentage"", ""severity"": ""HIGH"", ""message"": ""Cumulative expenditure exceeds original sanctioned allocation by 216.5%."", ""evidence"": ""Disbursed \u20b91,330,493 against Sanction \u20b9420,383""}]"
KA/294/2023-2024/3358,KA/294/2023-2024/3358 - Construction of Drinking Water facility,Health,Karnataka,District_B,Constituency_424,MP_Name_424,Lok Sabha,,2021-07-09,411902,Sanctioned,102314.0,1,XYZ Builders,1,2021-03-22,2024/3358 - Construction of Drinking Water facility,,,,24.84,0.2484,5.614794955051103,5.009939308586829,1217935.5,1174330.891304348,1746386.7,,,54.315,92,3.3,0.12652001668183654,-1,-0.0665,True,CRITICAL,53,83,"Statistically unusual combination of expenditure pace, project size, and sanction latency across multiple feature dimensions.",MULTIVARIATE_ISOLATION,"[{""type"": ""MULTIVARIATE_ISOLATION"", ""feature"": ""isolation_forest"", ""severity"": ""LOW"", ""message"": ""Statistically unusual combination of expenditure pace, project size, and sanction latency across multiple feature dimensions."", ""evidence"": ""Isolation Forest Score: -0.0665""}]"
UP/389/2021-2022/3371,UP/389/2021-2022/3371 - Construction of Roads facility,Electricity,Uttar Pradesh,District_B,Constituency_426,MP_Name_426,Lok Sabha,,2021-11-26,425578,Sanctioned,1233553.0,4,XYZ Builders,1,2021-11-24,2022/3371 - Construction of Roads facility,,,,289.85,2.8985,5.628980189754257,6.091158165896043,1034349.5,1085939.6785714286,1610759.0,,,62.375,56,3.6,0.14966398040625126,-1,-0.0667,True,CRITICAL,68,26,Cumulative expenditure exceeds original sanctioned allocation by 189.9%.,EXCESS_EXPENDITURE,"[{""type"": ""EXCESS_EXPENDITURE"", ""feature"": ""utilisation_percentage"", ""severity"": ""HIGH"", ""message"": ""Cumulative expenditure exceeds original sanctioned allocation by 189.9%."", ""evidence"": ""Disbursed \u20b91,233,553 against Sanction \u20b9425,578""}]"
KA/454/2022-2023/3405,KA/454/2022-2023/3405 - Construction of Education facility,Education,Karnataka,District_C,Constituency_432,MP_Name_432,Lok Sabha,,2022-01-04,415910,Sanctioned,896922.0,3,State PWD,1,2024-07-27,2023/3405 - Construction of Education facility,,,935.0,215.65,2.1565,5.6190004067225345,5.952755160869632,1115974.5,1066324.1860465116,1691815.0,,,59.34,86,1.2,0.1375717507941482,-1,-0.0206,True,MEDIUM,44,107,Cumulative expenditure exceeds original sanctioned allocation by 115.7%.,EXCESS_EXPENDITURE,"[{""type"": ""EXCESS_EXPENDITURE"", ""feature"": ""utilisation_percentage"", ""severity"": ""HIGH"", ""message"": ""Cumulative expenditure exceeds original sanctioned allocation by 115.7%."", ""evidence"": ""Disbursed \u20b9896,922 against Sanction \u20b9415,910""}]"
MH/220/2022-2023/3531,MH/220/2022-2023/3531 - Construction of Electricity facility,Electricity,Maharashtra,District_A,Constituency_456,MP_Name_456,Lok Sabha,,2024-10-03,1878022,Sanctioned,458857.0,1,National Infra Corp,1,2023-09-28,2023/3531 - Construction of Electricity facility,,,,24.43,0.2443,6.27370090673303,5.661678307851558,996999.0,1081489.2647058824,1706890.8000000003,,,75.50999999999999,68,98.5,0.4599462985418671,-1,-0.0209,True,MEDIUM,43,122,Utilisation rate of 24.43% is substantially lower than peer median (75.5%).,LOW_UTILISATION,"[{""type"": ""LOW_UTILISATION"", ""feature"": ""utilisation_percentage"", ""severity"": ""HIGH"", ""message"": ""Utilisation rate of 24.43% is substantially lower than peer median (75.5%)."", ""evidence"": ""Disbursed: \u20b9458,857 vs Sanctioned: \u20b91,878,022""}, {""type"": ""HIGH_SANCTION_OUTLIER"", ""feature"": ""sanction_amount"", ""severity"": ""HIGH"", ""message"": ""Sanction amount is higher than 98.5% of comparable Electricity projects in Maharashtra."", ""evidence"": ""Project: \u20b91,878,022 | Peer Group Median: \u20b9996,999""}]"
MP/289/2023-2024/3617,MP/289/2023-2024/3617 - Construction of Drinking Water facility,Electricity,Madhya Pradesh,District_C,Constituency_471,MP_Name_471,Lok Sabha,,2022-12-01,417727,Sanctioned,296991.0,2,National Infra Corp,1,2023-09-03,2024/3617 - Construction of Drinking Water facility,,,276.0,71.1,0.711,5.6208935866798635,5.4727447509917955,1008066.0,1094618.961038961,1732363.0000000002,,,50.24,77,3.9,0.1505675110655194,-1,-0.0026,True,LOW,19,182,"Statistically unusual combination of expenditure pace, project size, and sanction latency across multiple feature dimensions.",MULTIVARIATE_ISOLATION,"[{""type"": ""MULTIVARIATE_ISOLATION"", ""feature"": ""isolation_forest"", ""severity"": ""LOW"", ""message"": ""Statistically unusual combination of expenditure pace, project size, and sanction latency across multiple feature dimensions."", ""evidence"": ""Isolation Forest Score: -0.0026""}]"
BR/547/2022-2023/3799,BR/547/2022-2023/3799 - Construction of Drinking Water facility,Electricity,Bihar,District_C,Constituency_504,MP_Name_504,Lok Sabha,,2024-06-19,442577,Sanctioned,1083866.0,4,XYZ Builders,1,2021-05-07,2023/3799 - Construction of Drinking Water facility,,,,244.9,2.449,5.6459898218911295,6.034975993724648,1117370.0,1102279.8375,1659568.9000000004,,,55.370000000000005,80,3.8,0.14491283631522642,-1,-0.0102,True,LOW,34,151,Cumulative expenditure exceeds original sanctioned allocation by 144.9%.,EXCESS_EXPENDITURE,"[{""type"": ""EXCESS_EXPENDITURE"", ""feature"": ""utilisation_percentage"", ""severity"": ""HIGH"", ""message"": ""Cumulative expenditure exceeds original sanctioned allocation by 144.9%."", ""evidence"": ""Disbursed \u20b91,083,866 against Sanction \u20b9442,577""}]"
RJ/700/2021-2022/3867,RJ/700/2021-2022/3867 - Construction of Education facility,Roads,Rajasthan,District_C,Constituency_517,MP_Name_517,Lok Sabha,,2024-12-10,432000,Sanctioned,185327.0,1,XYZ Builders,1,2024-06-17,2022/3867 - Construction of Education facility,,,,42.9,0.429,5.635484752125049,5.267941038999636,1177436.0,1119320.253968254,1741010.2,,,56.26,63,3.2,0.135736401241186,-1,-0.0209,True,MEDIUM,30,170,"Statistically unusual combination of expenditure pace, project size, and sanction latency across multiple feature dimensions.",MULTIVARIATE_ISOLATION,"[{""type"": ""MULTIVARIATE_ISOLATION"", ""feature"": ""isolation_forest"", ""severity"": ""LOW"", ""message"": ""Statistically unusual combination of expenditure pace, project size, and sanction latency across multiple feature dimensions."", ""evidence"": ""Isolation Forest Score: -0.0209""}]"
RJ/716/2023-2024/3877,RJ/716/2023-2024/3877 - Construction of Roads facility,Sanitation,Rajasthan,District_A,Constituency_518,MP_Name_518,Lok Sabha,,2024-01-26,419069,Sanctioned,1041691.0,3,Rural Works Dept,1,2021-10-27,2024/3877 - Construction of Roads facility,,,,248.57,2.4857,5.622286572070317,6.017739328873799,1001771.0,1060422.2727272727,1736654.6,,,69.19,55,3.6,0.15177671976049012,-1,-0.0393,True,HIGH,55,63,Cumulative expenditure exceeds original sanctioned allocation by 148.6%.,EXCESS_EXPENDITURE,"[{""type"": ""EXCESS_EXPENDITURE"", ""feature"": ""utilisation_percentage"", ""severity"": ""HIGH"", ""message"": ""Cumulative expenditure exceeds original sanctioned allocation by 148.6%."", ""evidence"": ""Disbursed \u20b91,041,691 against Sanction \u20b9419,069""}]"
BR/489/2021-2022/3918,BR/489/2021-2022/3918 - Construction of Education facility,Education,Bihar,District_B,Constituency_525,MP_Name_525,Lok Sabha,,2024-05-07,439029,Sanctioned,1474257.0,3,XYZ Builders,1,2023-01-24,2022/3918 - Construction of Education facility,,,,335.8,3.358,5.642494197666497,6.168573493137264,1082145.0,1125537.6753246754,1662884.2000000002,,,55.71,77,2.6,0.14789343666655444,-1,-0.0759,True,CRITICAL,68,26,Cumulative expenditure exceeds original sanctioned allocation by 235.8%.,EXCESS_EXPENDITURE,"[{""type"": ""EXCESS_EXPENDITURE"", ""feature"": ""utilisation_percentage"", ""severity"": ""HIGH"", ""message"": ""Cumulative expenditure exceeds original sanctioned allocation by 235.8%."", ""evidence"": ""Disbursed \u20b91,474,257 against Sanction \u20b9439,029""}]"
BR/659/2021-2022/3920,BR/659/2021-2022/3920 - Construction of Health facility,Drinking Water,Bihar,District_A,Constituency_525,MP_Name_525,Lok Sabha,,2021-07-29,462201,Sanctioned,1130273.0,3,XYZ Builders,1,2024-03-03,2022/3920 - Construction of Health facility,,,948.0,244.54,2.4454,5.664831820388189,6.053183737521775,1198118.0,1118497.014925373,1647079.6,,,70.24,67,6.0,0.14169194495147178,-1,-0.0198,True,MEDIUM,45,96,Cumulative expenditure exceeds original sanctioned allocation by 144.5%.,EXCESS_EXPENDITURE,"[{""type"": ""EXCESS_EXPENDITURE"", ""feature"": ""utilisation_percentage"", ""severity"": ""HIGH"", ""message"": ""Cumulative expenditure exceeds original sanctioned allocation by 144.5%."", ""evidence"": ""Disbursed \u20b91,130,273 against Sanction \u20b9462,201""}]"
MP/127/2022-2023/3937,MP/127/2022-2023/3937 - Construction of Sanitation facility,Sanitation,Madhya Pradesh,District_D,Constituency_528,MP_Name_528,Lok Sabha,,2021-03-09,450922,Sanctioned,938875.0,4,XYZ Builders,1,2024-04-05,2023/3937 - Construction of Sanitation facility,,,1123.0,208.21,2.0821,5.654102387709173,5.972608237557031,1233223.5,1150935.16,1804096.6,,,59.8,50,6.0,0.1353378172640083,-1,-0.0009,True,LOW,34,151,Cumulative expenditure exceeds original sanctioned allocation by 108.2%.,EXCESS_EXPENDITURE,"[{""type"": ""EXCESS_EXPENDITURE"", ""feature"": ""utilisation_percentage"", ""severity"": ""HIGH"", ""message"": ""Cumulative expenditure exceeds original sanctioned allocation by 108.2%."", ""evidence"": ""Disbursed \u20b9938,875 against Sanction \u20b9450,922""}]"
MH/830/2023-2024/4028,MH/830/2023-2024/4028 - Construction of Health facility,Electricity,Maharashtra,District_A,Constituency_543,MP_Name_543,Lok Sabha,,2023-07-11,448403,Sanctioned,1259591.0,4,State PWD,1,2022-06-12,2024/4028 - Construction of Health facility,,,,280.91,2.8091,5.651669478075878,6.100229893654814,996999.0,1081489.2647058824,1706890.8000000003,,,75.50999999999999,68,5.9,0.16129392860470035,-1,-0.0585,True,HIGH,56,48,Cumulative expenditure exceeds original sanctioned allocation by 180.9%.,EXCESS_EXPENDITURE,"[{""type"": ""EXCESS_EXPENDITURE"", ""feature"": ""utilisation_percentage"", ""severity"": ""HIGH"", ""message"": ""Cumulative expenditure exceeds original sanctioned allocation by 180.9%."", ""evidence"": ""Disbursed \u20b91,259,591 against Sanction \u20b9448,403""}]"
MH/227/2023-2024/4032,MH/227/2023-2024/4032 - Construction of Health facility,Sanitation,Maharashtra,District_C,Constituency_543,MP_Name_543,Lok Sabha,,2021-06-30,403483,Sanctioned,443925.0,4,State PWD,1,2023-03-17,2024/4032 - Construction of Health facility,,,625.0,110.02,1.1002,5.605826317621949,5.647310581668431,1174537.0,1165812.3373493976,1723554.8,,,54.95,83,2.4,0.12824580082851858,-1,-0.0347,True,HIGH,40,129,"Statistically unusual combination of expenditure pace, project size, and sanction latency across multiple feature dimensions.",MULTIVARIATE_ISOLATION,"[{""type"": ""MULTIVARIATE_ISOLATION"", ""feature"": ""isolation_forest"", ""severity"": ""LOW"", ""message"": ""Statistically unusual combination of expenditure pace, project size, and sanction latency across multiple feature dimensions."", ""evidence"": ""Isolation Forest Score: -0.0347""}]"
WB/145/2021-2022/50011,WB/145/2021-2022/50011 - Construction of Education facility,Health,West Bengal,District_A,Constituency_3,MP_Name_3,Rajya Sabha,,2024-10-05,434037,Sanctioned,1043289.0,3,BuildWell Pvt Ltd,1,2021-05-01,2022/50011 - Construction of Education facility,,,,240.37,2.4037,5.637527753632014,6.018405044662206,1105582.0,1130127.4382022473,1756545.4,,,58.46,89,3.4,0.14382230262867313,-1,-0.0176,True,MEDIUM,44,107,Cumulative expenditure exceeds original sanctioned allocation by 140.4%.,EXCESS_EXPENDITURE,"[{""type"": ""EXCESS_EXPENDITURE"", ""feature"": ""utilisation_percentage"", ""severity"": ""HIGH"", ""message"": ""Cumulative expenditure exceeds original sanctioned allocation by 140.4%."", ""evidence"": ""Disbursed \u20b91,043,289 against Sanction \u20b9434,037""}]"
KA/706/2023-2024/50023,KA/706/2023-2024/50023 - Construction of Drinking Water facility,Education,Karnataka,District_C,Constituency_5,MP_Name_5,Rajya Sabha,,2024-12-14,474955,Sanctioned,1156106.0,4,XYZ Builders,1,2024-10-24,2024/50023 - Construction of Drinking Water facility,,,,243.41,2.4341,5.676653378377909,6.062998030761911,1115974.5,1066324.1860465116,1691815.0,,,59.34,86,9.3,0.15399666377734916,-1,-0.0077,True,LOW,35,146,Cumulative expenditure exceeds original sanctioned allocation by 143.4%.,EXCESS_EXPENDITURE,"[{""type"": ""EXCESS_EXPENDITURE"", ""feature"": ""utilisation_percentage"", ""severity"": ""HIGH"", ""message"": ""Cumulative expenditure exceeds original sanctioned allocation by 143.4%."", ""evidence"": ""Disbursed \u20b91,156,106 against Sanction \u20b9474,955""}]"
DL/511/2021-2022/50227,DL/511/2021-2022/50227 - Construction of Sanitation facility,Sanitation,Delhi,District_C,Constituency_43,MP_Name_43,Rajya Sabha,,2023-06-14,408062,Sanctioned,709698.0,2,XYZ Builders,1,2024-01-01,2022/50227 - Construction of Sanitation facility,,,201.0,173.92,1.7392,5.610727218090325,5.85107419328752,1193516.0,1205978.1692307692,1815549.2,,,56.4,65,3.1,0.1277198490773524,-1,-0.0394,True,HIGH,55,63,Cumulative expenditure exceeds original sanctioned allocation by 73.9%.,EXCESS_EXPENDITURE,"[{""type"": ""EXCESS_EXPENDITURE"", ""feature"": ""utilisation_percentage"", ""severity"": ""HIGH"", ""message"": ""Cumulative expenditure exceeds original sanctioned allocation by 73.9%."", ""evidence"": ""Disbursed \u20b9709,698 against Sanction \u20b9408,062""}]"
GJ/287/2021-2022/50252,GJ/287/2021-2022/50252 - Construction of Sanitation facility,Sanitation,Gujarat,District_E,Constituency_46,MP_Name_46,Rajya Sabha,,2023-10-25,1875437,Sanctioned,905772.0,2,XYZ Builders,1,2021-09-22,2022/50252 - Construction of Sanitation facility,,,,48.3,0.483,6.2731027114070566,5.957019370745505,979455.0,1052094.5256410257,1736256.3999999997,,,60.33,78,98.7,0.46460519601908745,-1,-0.0101,True,LOW,33,168,Sanction amount is higher than 98.7% of comparable Sanitation projects in Gujarat.,HIGH_SANCTION_OUTLIER,"[{""type"": ""HIGH_SANCTION_OUTLIER"", ""feature"": ""sanction_amount"", ""severity"": ""HIGH"", ""message"": ""Sanction amount is higher than 98.7% of comparable Sanitation projects in Gujarat."", ""evidence"": ""Project: \u20b91,875,437 | Peer Group Median: \u20b9979,455""}]"
WB/272/2021-2022/50261,WB/272/2021-2022/50261 - Construction of Drinking Water facility,Roads,West Bengal,District_D,Constituency_48,MP_Name_48,Rajya Sabha,,2024-04-08,637008,Sanctioned,1610918.0,4,Shree Constructions,1,2022-10-01,2022/50261 - Construction of Drinking Water facility,,,,252.89,2.5289,5.8041455683207905,6.207073703834846,1294277.0,1247384.4588235293,1784569.4000000001,,,58.38,85,11.8,0.17381913381170497,-1,-0.028,True,MEDIUM,47,88,Cumulative expenditure exceeds original sanctioned allocation by 152.9%.,EXCESS_EXPENDITURE,"[{""type"": ""EXCESS_EXPENDITURE"", ""feature"": ""utilisation_percentage"", ""severity"": ""HIGH"", ""message"": ""Cumulative expenditure exceeds original sanctioned allocation by 152.9%."", ""evidence"": ""Disbursed \u20b91,610,918 against Sanction \u20b9637,008""}]"
TN/359/2022-2023/50350,TN/359/2022-2023/50350 - Construction of Sanitation facility,Sanitation,Tamil Nadu,District_D,Constituency_65,MP_Name_65,Rajya Sabha,,2022-02-18,444083,Sanctioned,1378791.0,4,State PWD,1,2022-11-12,2023/50350 - Construction of Sanitation facility,,,267.0,310.48,3.1048,5.6474651261642475,6.139498754888264,1125948.0,1110292.626506024,1685270.5999999999,,,52.21,83,3.6,0.14438989374202812,-1,-0.0713,True,CRITICAL,68,26,Cumulative expenditure exceeds original sanctioned allocation by 210.5%.,EXCESS_EXPENDITURE,"[{""type"": ""EXCESS_EXPENDITURE"", ""feature"": ""utilisation_percentage"", ""severity"": ""HIGH"", ""message"": ""Cumulative expenditure exceeds original sanctioned allocation by 210.5%."", ""evidence"": ""Disbursed \u20b91,378,791 against Sanction \u20b9444,083""}]"
GJ/404/2022-2023/50356,GJ/404/2022-2023/50356 - Construction of Electricity facility,Sanitation,Gujarat,District_A,Constituency_66,MP_Name_66,Rajya Sabha,,2022-06-02,1896636,Sanctioned,215071.0,1,XYZ Builders,1,2024-04-19,2023/50356 - Construction of Electricity facility,,,687.0,11.34,0.1134,6.2779842186154475,5.332583873720686,979455.0,1052094.5256410257,1736256.3999999997,,,60.33,78,100.0,0.46781813547910733,-1,-0.047,True,HIGH,74,1,Sanction amount is higher than 100.0% of comparable Sanitation projects in Gujarat.,HIGH_SANCTION_OUTLIER,"[{""type"": ""HIGH_SANCTION_OUTLIER"", ""feature"": ""sanction_amount"", ""severity"": ""CRITICAL"", ""message"": ""Sanction amount is higher than 100.0% of comparable Sanitation projects in Gujarat."", ""evidence"": ""Project: \u20b91,896,636 | Peer Group Median: \u20b9979,455""}]"
KA/271/2021-2022/50365,KA/271/2021-2022/50365 - Construction of Drinking Water facility,Electricity,Karnataka,District_B,Constituency_68,MP_Name_68,Rajya Sabha,,2024-12-15,553251,Sanctioned,1448578.0,4,State PWD,1,2023-08-18,2022/50365 - Construction of Drinking Water facility,,,,261.83,2.6183,5.742922992571991,6.160942184958148,1031183.0,1080220.3195876288,1676158.2000000002,,,62.2,97,14.4,0.1865384085958709,-1,-0.0426,True,HIGH,57,42,Cumulative expenditure exceeds original sanctioned allocation by 161.8%.,EXCESS_EXPENDITURE,"[{""type"": ""EXCESS_EXPENDITURE"", ""feature"": ""utilisation_percentage"", ""severity"": ""HIGH"", ""message"": ""Cumulative expenditure exceeds original sanctioned allocation by 161.8%."", ""evidence"": ""Disbursed \u20b91,448,578 against Sanction \u20b9553,251""}]"
KA/927/2023-2024/50404,KA/927/2023-2024/50404 - Construction of Education facility,Education,Karnataka,District_A,Constituency_74,MP_Name_74,Rajya Sabha,,2021-09-15,452446,Sanctioned,1312935.0,3,XYZ Builders,1,2024-04-11,2024/50404 - Construction of Education facility,,,939.0,290.19,2.9019,5.655567712921027,6.118243556611741,1115974.5,1066324.1860465116,1691815.0,,,59.34,86,5.8,0.14780823900740955,-1,-0.0548,True,HIGH,56,48,Cumulative expenditure exceeds original sanctioned allocation by 190.2%.,EXCESS_EXPENDITURE,"[{""type"": ""EXCESS_EXPENDITURE"", ""feature"": ""utilisation_percentage"", ""severity"": ""HIGH"", ""message"": ""Cumulative expenditure exceeds original sanctioned allocation by 190.2%."", ""evidence"": ""Disbursed \u20b91,312,935 against Sanction \u20b9452,446""}]"
MH/289/2023-2024/50411,MH/289/2023-2024/50411 - Construction of Education facility,Drinking Water,Maharashtra,District_C,Constituency_75,MP_Name_75,Rajya Sabha,,2024-12-27,402938,Sanctioned,609685.0,3,National Infra Corp,1,2022-03-26,2024/50411 - Construction of Education facility,,,,151.31,1.5131,5.605239304283607,5.785106222588667,1135171.0,1137811.1066666667,1748959.2000000002,,,56.57,75,1.3,0.13192582562083274,-1,-0.0337,True,HIGH,55,63,Cumulative expenditure exceeds original sanctioned allocation by 51.3%.,EXCESS_EXPENDITURE,"[{""type"": ""EXCESS_EXPENDITURE"", ""feature"": ""utilisation_percentage"", ""severity"": ""HIGH"", ""message"": ""Cumulative expenditure exceeds original sanctioned allocation by 51.3%."", ""evidence"": ""Disbursed \u20b9609,685 against Sanction \u20b9402,938""}]"
MH/688/2021-2022/50420,MH/688/2021-2022/50420 - Construction of Drinking Water facility,Drinking Water,Maharashtra,District_D,Constituency_77,MP_Name_77,Rajya Sabha,,2021-06-27,411972,Sanctioned,113736.0,1,Rural Works Dept,1,2023-06-16,2022/50420 - Construction of Drinking Water facility,,,719.0,27.61,0.2761,5.614868754054367,5.05590176883765,1135171.0,1137811.1066666667,1748959.2000000002,,,56.57,75,4.0,0.1344691689604219,-1,-0.0482,True,HIGH,40,129,"Statistically unusual combination of expenditure pace, project size, and sanction latency across multiple feature dimensions.",MULTIVARIATE_ISOLATION,"[{""type"": ""MULTIVARIATE_ISOLATION"", ""feature"": ""isolation_forest"", ""severity"": ""LOW"", ""message"": ""Statistically unusual combination of expenditure pace, project size, and sanction latency across multiple feature dimensions."", ""evidence"": ""Isolation Forest Score: -0.0482""}]"
KA/631/2022-2023/50508,KA/631/2022-2023/50508 - Construction of Roads facility,Education,Karnataka,District_B,Constituency_92,MP_Name_92,Rajya Sabha,,2024-02-14,422813,Sanctioned,1039665.0,4,Shree Constructions,1,2023-11-02,2023/50508 - Construction of Roads facility,,,,245.89,2.4589,5.626149359009288,6.016893841554236,1115974.5,1066324.1860465116,1691815.0,,,59.34,86,2.3,0.13952437866114792,-1,-0.0348,True,HIGH,55,63,Cumulative expenditure exceeds original sanctioned allocation by 145.9%.,EXCESS_EXPENDITURE,"[{""type"": ""EXCESS_EXPENDITURE"", ""feature"": ""utilisation_percentage"", ""severity"": ""HIGH"", ""message"": ""Cumulative expenditure exceeds original sanctioned allocation by 145.9%."", ""evidence"": ""Disbursed \u20b91,039,665 against Sanction \u20b9422,813""}]"
BR/883/2021-2022/50541,BR/883/2021-2022/50541 - Construction of Drinking Water facility,Electricity,Bihar,District_B,Constituency_98,MP_Name_98,Rajya Sabha,,2022-11-11,424782,Sanctioned,866496.0,3,State PWD,1,2022-07-30,2022/50541 - Construction of Drinking Water facility,,,,203.99,2.0399,5.6281671277675605,5.9377670634311235,1117370.0,1102279.8375,1659568.9000000004,,,55.370000000000005,80,1.2,0.13993017452536494,-1,-0.0,True,LOW,33,168,Cumulative expenditure exceeds original sanctioned allocation by 104.0%.,EXCESS_EXPENDITURE,"[{""type"": ""EXCESS_EXPENDITURE"", ""feature"": ""utilisation_percentage"", ""severity"": ""HIGH"", ""message"": ""Cumulative expenditure exceeds original sanctioned allocation by 104.0%."", ""evidence"": ""Disbursed \u20b9866,496 against Sanction \u20b9424,782""}]"
GJ/204/2021-2022/50633,GJ/204/2021-2022/50633 - Construction of Health facility,Drinking Water,Gujarat,District_C,Constituency_114,MP_Name_114,Rajya Sabha,,2023-01-05,448019,Sanctioned,276260.0,1,National Infra Corp,1,2023-09-02,2022/50633 - Construction of Health facility,,,240.0,61.66,0.6166,5.651297401711899,5.441319579522818,1242857.0,1177384.8933333333,1760167.0,,,52.49,75,2.7,0.1336905971947616,-1,-0.003,True,LOW,19,182,"Statistically unusual combination of expenditure pace, project size, and sanction latency across multiple feature dimensions.",MULTIVARIATE_ISOLATION,"[{""type"": ""MULTIVARIATE_ISOLATION"", ""feature"": ""isolation_forest"", ""severity"": ""LOW"", ""message"": ""Statistically unusual combination of expenditure pace, project size, and sanction latency across multiple feature dimensions."", ""evidence"": ""Isolation Forest Score: -0.0030""}]"
GJ/541/2021-2022/50665,GJ/541/2021-2022/50665 - Construction of Health facility,Sanitation,Gujarat,District_A,Constituency_121,MP_Name_121,Rajya Sabha,,2023-07-11,609530,Sanctioned,1431122.0,4,Shree Constructions,1,2024-10-13,2022/50665 - Construction of Health facility,,,460.0,234.79,2.3479,5.784995798201446,6.155676961450659,979455.0,1052094.5256410257,1736256.3999999997,,,60.33,78,23.1,0.21013530989271867,-1,-0.0205,True,MEDIUM,47,88,Cumulative expenditure exceeds original sanctioned allocation by 134.8%.,EXCESS_EXPENDITURE,"[{""type"": ""EXCESS_EXPENDITURE"", ""feature"": ""utilisation_percentage"", ""severity"": ""HIGH"", ""message"": ""Cumulative expenditure exceeds original sanctioned allocation by 134.8%."", ""evidence"": ""Disbursed \u20b91,431,122 against Sanction \u20b9609,530""}]"
GJ/740/2021-2022/50970,GJ/740/2021-2022/50970 - Construction of Sanitation facility,Sanitation,Gujarat,District_A,Constituency_180,MP_Name_180,Rajya Sabha,,2021-05-14,404778,Sanctioned,713078.0,2,XYZ Builders,1,2023-11-27,2022/50970 - Construction of Sanitation facility,,,927.0,176.17,1.7617,5.6072179731482095,5.853137646771202,979455.0,1052094.5256410257,1736256.3999999997,,,60.33,78,2.6,0.15022471097347745,-1,-0.0106,True,LOW,34,151,Cumulative expenditure exceeds original sanctioned allocation by 76.2%.,EXCESS_EXPENDITURE,"[{""type"": ""EXCESS_EXPENDITURE"", ""feature"": ""utilisation_percentage"", ""severity"": ""HIGH"", ""message"": ""Cumulative expenditure exceeds original sanctioned allocation by 76.2%."", ""evidence"": ""Disbursed \u20b9713,078 against Sanction \u20b9404,778""}]"
BR/857/2023-2024/51014,BR/857/2023-2024/51014 - Construction of Education facility,Drinking Water,Bihar,District_E,Constituency_187,MP_Name_187,Rajya Sabha,,2023-06-29,407486,Sanctioned,435279.0,2,XYZ Builders,1,2024-07-07,2024/51014 - Construction of Education facility,,,374.0,106.82,1.0682,5.610113758061706,5.638768712897848,1198118.0,1118497.014925373,1647079.6,,,70.24,67,1.5,0.12713884856182345,-1,-0.0342,True,HIGH,40,129,"Statistically unusual combination of expenditure pace, project size, and sanction latency across multiple feature dimensions.",MULTIVARIATE_ISOLATION,"[{""type"": ""MULTIVARIATE_ISOLATION"", ""feature"": ""isolation_forest"", ""severity"": ""LOW"", ""message"": ""Statistically unusual combination of expenditure pace, project size, and sanction latency across multiple feature dimensions."", ""evidence"": ""Isolation Forest Score: -0.0342""}]"
MH/945/2021-2022/3075,MH/945/2021-2022/3075 - Construction of Drinking Water facility,Health,Maharashtra,District_A,Constituency_373,MP_Name_373,Lok Sabha,,2023-06-01,407774,Sanctioned,1078742.0,4,State PWD,0,,2022/3075 - Construction of Drinking Water facility,,,,264.54,2.6454,5.610420596393411,6.032917990580752,1107496.0,1095947.4057971016,1678930.0000000002,,,58.35,69,2.9,0.13614785862445147,-1,-0.0715,True,CRITICAL,68,26,Cumulative expenditure exceeds original sanctioned allocation by 164.5%.,EXCESS_EXPENDITURE,"[{""type"": ""EXCESS_EXPENDITURE"", ""feature"": ""utilisation_percentage"", ""severity"": ""HIGH"", ""message"": ""Cumulative expenditure exceeds original sanctioned allocation by 164.5%."", ""evidence"": ""Disbursed \u20b91,078,742 against Sanction \u20b9407,774""}]"
WB/117/2023-2024/3078,WB/117/2023-2024/3078 - Construction of Sanitation facility,Health,West Bengal,District_A,Constituency_374,MP_Name_374,Lok Sabha,,2022-02-15,487328,Sanctioned,1242640.0,4,XYZ Builders,0,,2024/3078 - Construction of Sanitation facility,,,,254.99,2.5499,5.687822256169371,6.094345678731471,1105582.0,1130127.4382022473,1756545.4,,,58.46,89,10.1,0.15860027936500068,-1,-0.0233,True,MEDIUM,46,92,Cumulative expenditure exceeds original sanctioned allocation by 155.0%.,EXCESS_EXPENDITURE,"[{""type"": ""EXCESS_EXPENDITURE"", ""feature"": ""utilisation_percentage"", ""severity"": ""HIGH"", ""message"": ""Cumulative expenditure exceeds original sanctioned allocation by 155.0%."", ""evidence"": ""Disbursed \u20b91,242,640 against Sanction \u20b9487,328""}]"
UP/142/2022-2023/3084,UP/142/2022-2023/3084 - Construction of Education facility,Education,Uttar Pradesh,District_C,Constituency_375,MP_Name_375,Lok Sabha,,2024-12-06,523739,Sanctioned,1193411.0,4,Global Infra Ltd,0,,2023/3084 - Construction of Education facility,,,,227.86,2.2786,5.7191157438764435,6.07679040044924,1268756.5,1190031.2741935484,1760134.5999999999,,,53.435,62,6.5,0.15007979385089476,-1,-0.0066,True,LOW,35,146,Cumulative expenditure exceeds original sanctioned allocation by 127.9%.,EXCESS_EXPENDITURE,"[{""type"": ""EXCESS_EXPENDITURE"", ""feature"": ""utilisation_percentage"", ""severity"": ""HIGH"", ""message"": ""Cumulative expenditure exceeds original sanctioned allocation by 127.9%."", ""evidence"": ""Disbursed \u20b91,193,411 against Sanction \u20b9523,739""}]"
KA/617/2021-2022/3099,KA/617/2021-2022/3099 - Construction of Roads facility,Roads,Karnataka,District_E,Constituency_378,MP_Name_378,Lok Sabha,,2022-04-07,478119,Sanctioned,1344931.0,4,State PWD,0,,2022/3099 - Construction of Roads facility,,,,281.3,2.813,5.679536910832304,6.128700326887625,1109108.0,1150782.177777778,1788291.5,,,57.545,90,5.6,0.15566520469749492,-1,-0.0545,True,HIGH,56,48,Cumulative expenditure exceeds original sanctioned allocation by 181.3%.,EXCESS_EXPENDITURE,"[{""type"": ""EXCESS_EXPENDITURE"", ""feature"": ""utilisation_percentage"", ""severity"": ""HIGH"", ""message"": ""Cumulative expenditure exceeds original sanctioned allocation by 181.3%."", ""evidence"": ""Disbursed \u20b91,344,931 against Sanction \u20b9478,119""}]"
GJ/244/2022-2023/3105,GJ/244/2022-2023/3105 - Construction of Health facility,Sanitation,Gujarat,District_B,Constituency_379,MP_Name_379,Lok Sabha,,2024-05-01,408096,Sanctioned,451571.0,1,National Infra Corp,0,,2023/3105 - Construction of Health facility,,,,110.65,1.1065,5.610763402202248,5.654727005390912,979455.0,1052094.5256410257,1736256.3999999997,,,60.33,78,3.8,0.15126446715884306,-1,-0.0029,True,LOW,19,182,"Statistically unusual combination of expenditure pace, project size, and sanction latency across multiple feature dimensions.",MULTIVARIATE_ISOLATION,"[{""type"": ""MULTIVARIATE_ISOLATION"", ""feature"": ""isolation_forest"", ""severity"": ""LOW"", ""message"": ""Statistically unusual combination of expenditure pace, project size, and sanction latency across multiple feature dimensions."", ""evidence"": ""Isolation Forest Score: -0.0029""}]"
GJ/559/2021-2022/3110,GJ/559/2021-2022/3110 - Construction of Drinking Water facility,Roads,Gujarat,District_B,Constituency_379,MP_Name_379,Lok Sabha,,2021-03-02,408271,Sanctioned,831369.0,3,Rural Works Dept,0,,2022/3110 - Construction of Drinking Water facility,,,,203.63,2.0363,5.610949596277469,5.919794348929485,1174136.5,1153484.2125,1739495.5,,,62.665,80,1.2,0.129599743612789,-1,-0.0379,True,HIGH,55,63,Cumulative expenditure exceeds original sanctioned allocation by 103.6%.,EXCESS_EXPENDITURE,"[{""type"": ""EXCESS_EXPENDITURE"", ""feature"": ""utilisation_percentage"", ""severity"": ""HIGH"", ""message"": ""Cumulative expenditure exceeds original sanctioned allocation by 103.6%."", ""evidence"": ""Disbursed \u20b9831,369 against Sanction \u20b9408,271""}]"
GJ/746/2022-2023/3132,GJ/746/2022-2023/3132 - Construction of Roads facility,Roads,Gujarat,District_C,Constituency_382,MP_Name_382,Lok Sabha,,2022-04-10,480723,Sanctioned,1177794.0,3,Rural Works Dept,0,,2023/3132 - Construction of Roads facility,,,,245.0,2.45,5.6818958046902805,6.071069706311533,1174136.5,1153484.2125,1739495.5,,,62.665,80,7.5,0.14904253840488016,-1,-0.0088,True,LOW,35,146,Cumulative expenditure exceeds original sanctioned allocation by 145.0%.,EXCESS_EXPENDITURE,"[{""type"": ""EXCESS_EXPENDITURE"", ""feature"": ""utilisation_percentage"", ""severity"": ""HIGH"", ""message"": ""Cumulative expenditure exceeds original sanctioned allocation by 145.0%."", ""evidence"": ""Disbursed \u20b91,177,794 against Sanction \u20b9480,723""}]"
WB/915/2021-2022/3157,WB/915/2021-2022/3157 - Construction of Health facility,Roads,West Bengal,District_C,Constituency_386,MP_Name_386,Lok Sabha,,2022-04-18,558295,Sanctioned,1486859.0,4,XYZ Builders,0,,2022/3157 - Construction of Health facility,,,,266.32,2.6632,5.746864516290066,6.172270078078213,1294277.0,1247384.4588235293,1784569.4000000001,,,58.38,85,8.2,0.15574786219005463,-1,-0.0532,True,HIGH,57,42,Cumulative expenditure exceeds original sanctioned allocation by 166.3%.,EXCESS_EXPENDITURE,"[{""type"": ""EXCESS_EXPENDITURE"", ""feature"": ""utilisation_percentage"", ""severity"": ""HIGH"", ""message"": ""Cumulative expenditure exceeds original sanctioned allocation by 166.3%."", ""evidence"": ""Disbursed \u20b91,486,859 against Sanction \u20b9558,295""}]"
GJ/909/2022-2023/3173,GJ/909/2022-2023/3173 - Construction of Drinking Water facility,Sanitation,Gujarat,District_D,Constituency_388,MP_Name_388,Lok Sabha,,2022-10-24,426762,Sanctioned,871909.0,3,XYZ Builders,0,,2023/3173 - Construction of Drinking Water facility,,,,204.31,2.0431,5.630186759411312,5.940471658647488,979455.0,1052094.5256410257,1736256.3999999997,,,60.33,78,6.4,0.15706785629288295,-1,-0.0034,True,LOW,34,151,Cumulative expenditure exceeds original sanctioned allocation by 104.3%.,EXCESS_EXPENDITURE,"[{""type"": ""EXCESS_EXPENDITURE"", ""feature"": ""utilisation_percentage"", ""severity"": ""HIGH"", ""message"": ""Cumulative expenditure exceeds original sanctioned allocation by 104.3%."", ""evidence"": ""Disbursed \u20b9871,909 against Sanction \u20b9426,762""}]"
MP/327/2022-2023/3211,MP/327/2022-2023/3211 - Construction of Roads facility,Electricity,Madhya Pradesh,District_A,Constituency_396,MP_Name_396,Lok Sabha,,2024-02-01,493873,Sanctioned,1385227.0,4,Rural Works Dept,0,,2023/3211 - Construction of Roads facility,,,,280.48,2.8048,5.693616163327475,6.141521261481663,1008066.0,1094618.961038961,1732363.0000000002,,,50.24,77,14.3,0.17316332739127924,-1,-0.0586,True,HIGH,57,42,Cumulative expenditure exceeds original sanctioned allocation by 180.5%.,EXCESS_EXPENDITURE,"[{""type"": ""EXCESS_EXPENDITURE"", ""feature"": ""utilisation_percentage"", ""severity"": ""HIGH"", ""message"": ""Cumulative expenditure exceeds original sanctioned allocation by 180.5%."", ""evidence"": ""Disbursed \u20b91,385,227 against Sanction \u20b9493,873""}]"
WB/972/2021-2022/3225,WB/972/2021-2022/3225 - Construction of Health facility,Roads,West Bengal,District_A,Constituency_399,MP_Name_399,Lok Sabha,,2022-01-11,435151,Sanctioned,1158006.0,4,Rural Works Dept,0,,2022/3225 - Construction of Health facility,,,,266.12,2.6612,5.6386409839216975,6.063711184652371,1294277.0,1247384.4588235293,1784569.4000000001,,,58.38,85,3.5,0.12587525247004208,-1,-0.0707,True,CRITICAL,68,26,Cumulative expenditure exceeds original sanctioned allocation by 166.1%.,EXCESS_EXPENDITURE,"[{""type"": ""EXCESS_EXPENDITURE"", ""feature"": ""utilisation_percentage"", ""severity"": ""HIGH"", ""message"": ""Cumulative expenditure exceeds original sanctioned allocation by 166.1%."", ""evidence"": ""Disbursed \u20b91,158,006 against Sanction \u20b9435,151""}]"
WB/616/2023-2024/3226,WB/616/2023-2024/3226 - Construction of Education facility,Roads,West Bengal,District_D,Constituency_399,MP_Name_399,Lok Sabha,,2021-03-25,478531,Sanctioned,1282946.0,4,State PWD,0,,2024/3226 - Construction of Education facility,,,,268.1,2.681,5.679910984868854,6.108208715546421,1294277.0,1247384.4588235293,1784569.4000000001,,,58.38,85,4.7,0.1366344692616152,-1,-0.0612,True,CRITICAL,68,26,Cumulative expenditure exceeds original sanctioned allocation by 168.1%.,EXCESS_EXPENDITURE,"[{""type"": ""EXCESS_EXPENDITURE"", ""feature"": ""utilisation_percentage"", ""severity"": ""HIGH"", ""message"": ""Cumulative expenditure exceeds original sanctioned allocation by 168.1%."", ""evidence"": ""Disbursed \u20b91,282,946 against Sanction \u20b9478,531""}]"
UP/834/2022-2023/3262,UP/834/2022-2023/3262 - Construction of Electricity facility,Roads,Uttar Pradesh,District_B,Constituency_405,MP_Name_405,Lok Sabha,,2021-06-07,435136,Sanctioned,1307471.0,4,XYZ Builders,0,,2023/3262 - Construction of Electricity facility,,,,300.47,3.0047,5.6386260132229316,6.116432397060764,1096583.0,1086257.2631578948,1739773.2,,,65.94,57,3.5,0.14513759067607462,-1,-0.0625,True,CRITICAL,68,26,Cumulative expenditure exceeds original sanctioned allocation by 200.5%.,EXCESS_EXPENDITURE,"[{""type"": ""EXCESS_EXPENDITURE"", ""feature"": ""utilisation_percentage"", ""severity"": ""HIGH"", ""message"": ""Cumulative expenditure exceeds original sanctioned allocation by 200.5%."", ""evidence"": ""Disbursed \u20b91,307,471 against Sanction \u20b9435,136""}]"
WB/340/2021-2022/3328,WB/340/2021-2022/3328 - Construction of Education facility,Sanitation,West Bengal,District_C,Constituency_419,MP_Name_419,Lok Sabha,,2024-10-17,419374,Sanctioned,258631.0,1,Shree Constructions,0,,2022/3328 - Construction of Education facility,,,,61.67,0.6167,5.6226025375130675,5.412682258222781,1279206.0,1176963.7719298245,1769295.0,,,53.89,57,1.8,0.1231455183987027,-1,-0.0446,True,HIGH,40,129,"Statistically unusual combination of expenditure pace, project size, and sanction latency across multiple feature dimensions.",MULTIVARIATE_ISOLATION,"[{""type"": ""MULTIVARIATE_ISOLATION"", ""feature"": ""isolation_forest"", ""severity"": ""LOW"", ""message"": ""Statistically unusual combination of expenditure pace, project size, and sanction latency across multiple feature dimensions."", ""evidence"": ""Isolation Forest Score: -0.0446""}]"
TN/993/2021-2022/3453,TN/993/2021-2022/3453 - Construction of Electricity facility,Drinking Water,Tamil Nadu,District_D,Constituency_440,MP_Name_440,Lok Sabha,,2024-09-19,416855,Sanctioned,806302.0,3,National Infra Corp,0,,2022/3453 - Construction of Electricity facility,,,,193.43,1.9343,5.619986056878125,5.906498275675605,1128665.0,1160620.3294117646,1740200.0000000002,,,53.53,85,1.2,0.13650957173545217,-1,-0.0084,True,LOW,34,151,Cumulative expenditure exceeds original sanctioned allocation by 93.4%.,EXCESS_EXPENDITURE,"[{""type"": ""EXCESS_EXPENDITURE"", ""feature"": ""utilisation_percentage"", ""severity"": ""HIGH"", ""message"": ""Cumulative expenditure exceeds original sanctioned allocation by 93.4%."", ""evidence"": ""Disbursed \u20b9806,302 against Sanction \u20b9416,855""}]"
TN/640/2023-2024/3454,TN/640/2023-2024/3454 - Construction of Drinking Water facility,Sanitation,Tamil Nadu,District_D,Constituency_440,MP_Name_440,Lok Sabha,,2024-01-25,446258,Sanctioned,142966.0,1,ABC Constructions,0,,2024/3454 - Construction of Drinking Water facility,,,,32.04,0.3204,5.649586987912233,5.155235804095712,1125948.0,1110292.626506024,1685270.5999999999,,,52.21,83,4.8,0.14499111551428512,-1,-0.0039,True,LOW,19,182,"Statistically unusual combination of expenditure pace, project size, and sanction latency across multiple feature dimensions.",MULTIVARIATE_ISOLATION,"[{""type"": ""MULTIVARIATE_ISOLATION"", ""feature"": ""isolation_forest"", ""severity"": ""LOW"", ""message"": ""Statistically unusual combination of expenditure pace, project size, and sanction latency across multiple feature dimensions."", ""evidence"": ""Isolation Forest Score: -0.0039""}]"
TN/956/2022-2023/3497,TN/956/2022-2023/3497 - Construction of Sanitation facility,Education,Tamil Nadu,District_C,Constituency_449,MP_Name_449,Lok Sabha,,2022-12-07,417859,Sanctioned,1363982.0,4,XYZ Builders,0,,2023/3497 - Construction of Sanitation facility,,,,326.42,3.2642,5.621030799928709,6.134808957525591,1128484.0,1172574.0898876404,1753703.6,,,56.04,89,1.1,0.1368104268221461,-1,-0.0958,True,CRITICAL,69,7,Cumulative expenditure exceeds original sanctioned allocation by 226.4%.,EXCESS_EXPENDITURE,"[{""type"": ""EXCESS_EXPENDITURE"", ""feature"": ""utilisation_percentage"", ""severity"": ""HIGH"", ""message"": ""Cumulative expenditure exceeds original sanctioned allocation by 226.4%."", ""evidence"": ""Disbursed \u20b91,363,982 against Sanction \u20b9417,859""}]"
GJ/182/2023-2024/3501,GJ/182/2023-2024/3501 - Construction of Education facility,Sanitation,Gujarat,District_D,Constituency_450,MP_Name_450,Lok Sabha,,2023-02-21,1829540,Sanctioned,235173.0,1,Rural Works Dept,0,,2024/3501 - Construction of Education facility,,,,12.85,0.1285,6.262342146467742,5.371389306006613,979455.0,1052094.5256410257,1736256.3999999997,,,60.33,78,94.9,0.4575664785606732,-1,-0.0172,True,MEDIUM,63,34,"Statistically unusual combination of expenditure pace, project size, and sanction latency across multiple feature dimensions.",MULTIVARIATE_ISOLATION,"[{""type"": ""MULTIVARIATE_ISOLATION"", ""feature"": ""isolation_forest"", ""severity"": ""LOW"", ""message"": ""Statistically unusual combination of expenditure pace, project size, and sanction latency across multiple feature dimensions."", ""evidence"": ""Isolation Forest Score: -0.0172""}]"
GJ/414/2023-2024/3504,GJ/414/2023-2024/3504 - Construction of Roads facility,Education,Gujarat,District_D,Constituency_450,MP_Name_450,Lok Sabha,,2024-06-20,427379,Sanctioned,94205.0,1,Shree Constructions,0,,2024/3504 - Construction of Roads facility,,,,22.04,0.2204,5.630814194728213,4.974078563980868,1148461.0,1111989.7101449275,1672431.4,,,58.21,69,2.9,0.13739586830777586,-1,-0.0355,True,HIGH,40,129,"Statistically unusual combination of expenditure pace, project size, and sanction latency across multiple feature dimensions.",MULTIVARIATE_ISOLATION,"[{""type"": ""MULTIVARIATE_ISOLATION"", ""feature"": ""isolation_forest"", ""severity"": ""LOW"", ""message"": ""Statistically unusual combination of expenditure pace, project size, and sanction latency across multiple feature dimensions."", ""evidence"": ""Isolation Forest Score: -0.0355""}]"
MH/437/2021-2022/3553,MH/437/2021-2022/3553 - Construction of Drinking Water facility,Health,Maharashtra,District_B,Constituency_460,MP_Name_460,Lok Sabha,,2022-05-13,501865,Sanctioned,1240038.0,4,Shree Constructions,0,,2022/3553 - Construction of Drinking Water facility,,,,247.09,2.4709,5.700587774457608,6.093435344209367,1107496.0,1095947.4057971016,1678930.0000000002,,,58.35,69,10.1,0.1623113064301789,-1,-0.0148,True,MEDIUM,45,96,Cumulative expenditure exceeds original sanctioned allocation by 147.1%.,EXCESS_EXPENDITURE,"[{""type"": ""EXCESS_EXPENDITURE"", ""feature"": ""utilisation_percentage"", ""severity"": ""HIGH"", ""message"": ""Cumulative expenditure exceeds original sanctioned allocation by 147.1%."", ""evidence"": ""Disbursed \u20b91,240,038 against Sanction \u20b9501,865""}]"
MH/450/2022-2023/3557,MH/450/2022-2023/3557 - Construction of Electricity facility,Health,Maharashtra,District_E,Constituency_461,MP_Name_461,Lok Sabha,,2023-01-20,435208,Sanctioned,1383319.0,4,Shree Constructions,0,,2023/3557 - Construction of Electricity facility,,,,317.85,3.1785,5.63869786787101,6.140922656001347,1107496.0,1095947.4057971016,1678930.0000000002,,,58.35,69,4.3,0.14394043925022926,-1,-0.0763,True,CRITICAL,69,7,Cumulative expenditure exceeds original sanctioned allocation by 217.9%.,EXCESS_EXPENDITURE,"[{""type"": ""EXCESS_EXPENDITURE"", ""feature"": ""utilisation_percentage"", ""severity"": ""HIGH"", ""message"": ""Cumulative expenditure exceeds original sanctioned allocation by 217.9%."", ""evidence"": ""Disbursed \u20b91,383,319 against Sanction \u20b9435,208""}]"
MP/231/2023-2024/3614,MP/231/2023-2024/3614 - Construction of Health facility,Roads,Madhya Pradesh,District_B,Constituency_470,MP_Name_470,Lok Sabha,,2022-02-06,1884781,Sanctioned,945085.0,3,XYZ Builders,0,,2024/3614 - Construction of Health facility,,,,50.14,0.5014,6.275261125538034,5.975471329806674,998153.5,1094128.1764705882,1700425.1,,,61.735,68,100.0,0.46063744142115626,-1,-0.019,True,MEDIUM,43,122,Sanction amount is higher than 100.0% of comparable Roads projects in Madhya Pradesh.,HIGH_SANCTION_OUTLIER,"[{""type"": ""HIGH_SANCTION_OUTLIER"", ""feature"": ""sanction_amount"", ""severity"": ""CRITICAL"", ""message"": ""Sanction amount is higher than 100.0% of comparable Roads projects in Madhya Pradesh."", ""evidence"": ""Project: \u20b91,884,781 | Peer Group Median: \u20b9998,154""}]"
KA/733/2023-2024/3625,KA/733/2023-2024/3625 - Construction of Education facility,Sanitation,Karnataka,District_B,Constituency_472,MP_Name_472,Lok Sabha,,2022-12-23,444081,Sanctioned,63382.0,1,BuildWell Pvt Ltd,0,,2024/3625 - Construction of Education facility,,,,14.27,0.1427,5.647463170248431,4.801972791064626,1152765.5,1147459.4803921569,1753699.5,,,59.095,102,2.0,0.14152220031417218,-1,-0.0275,True,MEDIUM,50,86,"Statistically unusual combination of expenditure pace, project size, and sanction latency across multiple feature dimensions.",MULTIVARIATE_ISOLATION,"[{""type"": ""MULTIVARIATE_ISOLATION"", ""feature"": ""isolation_forest"", ""severity"": ""LOW"", ""message"": ""Statistically unusual combination of expenditure pace, project size, and sanction latency across multiple feature dimensions."", ""evidence"": ""Isolation Forest Score: -0.0275""}]"
WB/152/2021-2022/3666,WB/152/2021-2022/3666 - Construction of Health facility,Electricity,West Bengal,District_E,Constituency_480,MP_Name_480,Lok Sabha,,2021-09-24,453673,Sanctioned,1630055.0,4,XYZ Builders,0,,2022/3666 - Construction of Health facility,,,,359.3,3.593,5.6567438906169425,6.212202524694277,1209789.5,1150222.711111111,1751913.6000000003,,,59.08,90,3.3,0.1383032040063883,-1,-0.0952,True,CRITICAL,69,7,Cumulative expenditure exceeds original sanctioned allocation by 259.3%.,EXCESS_EXPENDITURE,"[{""type"": ""EXCESS_EXPENDITURE"", ""feature"": ""utilisation_percentage"", ""severity"": ""HIGH"", ""message"": ""Cumulative expenditure exceeds original sanctioned allocation by 259.3%."", ""evidence"": ""Disbursed \u20b91,630,055 against Sanction \u20b9453,673""}]"
MH/214/2022-2023/3694,MH/214/2022-2023/3694 - Construction of Health facility,Electricity,Maharashtra,District_D,Constituency_486,MP_Name_486,Lok Sabha,,2021-05-30,400661,Sanctioned,727034.0,4,XYZ Builders,0,,2023/3694 - Construction of Health facility,,,,181.46,1.8146,5.602778154579209,5.8615553186183,996999.0,1081489.2647058824,1706890.8000000003,,,75.50999999999999,68,1.5,0.14670681344731654,-1,-0.0131,True,LOW,34,151,Cumulative expenditure exceeds original sanctioned allocation by 81.5%.,EXCESS_EXPENDITURE,"[{""type"": ""EXCESS_EXPENDITURE"", ""feature"": ""utilisation_percentage"", ""severity"": ""HIGH"", ""message"": ""Cumulative expenditure exceeds original sanctioned allocation by 81.5%."", ""evidence"": ""Disbursed \u20b9727,034 against Sanction \u20b9400,661""}]"
WB/495/2023-2024/3719,WB/495/2023-2024/3719 - Construction of Electricity facility,Sanitation,West Bengal,District_E,Constituency_490,MP_Name_490,Lok Sabha,,2022-09-16,425316,Sanctioned,946305.0,4,Global Infra Ltd,0,,2024/3719 - Construction of Electricity facility,,,,222.49,2.2249,5.62871274189258,5.976031593719606,1279206.0,1176963.7719298245,1769295.0,,,53.89,57,3.5,0.12466212321039931,-1,-0.0381,True,HIGH,55,63,Cumulative expenditure exceeds original sanctioned allocation by 122.5%.,EXCESS_EXPENDITURE,"[{""type"": ""EXCESS_EXPENDITURE"", ""feature"": ""utilisation_percentage"", ""severity"": ""HIGH"", ""message"": ""Cumulative expenditure exceeds original sanctioned allocation by 122.5%."", ""evidence"": ""Disbursed \u20b9946,305 against Sanction \u20b9425,316""}]"
GJ/152/2021-2022/3753,GJ/152/2021-2022/3753 - Construction of Health facility,Sanitation,Gujarat,District_A,Constituency_495,MP_Name_495,Lok Sabha,,2023-08-19,401416,Sanctioned,371402.0,2,Rural Works Dept,0,,2022/3753 - Construction of Health facility,,,,92.52,0.9252,5.603595760901479,5.569845407422565,979455.0,1052094.5256410257,1736256.3999999997,,,60.33,78,1.3,0.14916862138866369,-1,-0.0083,True,LOW,19,182,"Statistically unusual combination of expenditure pace, project size, and sanction latency across multiple feature dimensions.",MULTIVARIATE_ISOLATION,"[{""type"": ""MULTIVARIATE_ISOLATION"", ""feature"": ""isolation_forest"", ""severity"": ""LOW"", ""message"": ""Statistically unusual combination of expenditure pace, project size, and sanction latency across multiple feature dimensions."", ""evidence"": ""Isolation Forest Score: -0.0083""}]"
GJ/790/2023-2024/3794,GJ/790/2023-2024/3794 - Construction of Electricity facility,Drinking Water,Gujarat,District_D,Constituency_502,MP_Name_502,Lok Sabha,,2022-01-26,434786,Sanctioned,1347853.0,4,XYZ Builders,0,,2024/3794 - Construction of Electricity facility,,,,310.0,3.1,5.638276550334523,6.129642851822174,1242857.0,1177384.8933333333,1760167.0,,,52.49,75,1.3,0.13027838640237394,-1,-0.0897,True,CRITICAL,69,7,Cumulative expenditure exceeds original sanctioned allocation by 210.0%.,EXCESS_EXPENDITURE,"[{""type"": ""EXCESS_EXPENDITURE"", ""feature"": ""utilisation_percentage"", ""severity"": ""HIGH"", ""message"": ""Cumulative expenditure exceeds original sanctioned allocation by 210.0%."", ""evidence"": ""Disbursed \u20b91,347,853 against Sanction \u20b9434,786""}]"
GJ/760/2023-2024/3822,GJ/760/2023-2024/3822 - Construction of Drinking Water facility,Sanitation,Gujarat,District_C,Constituency_507,MP_Name_507,Lok Sabha,,2022-03-31,531756,Sanctioned,1193478.0,4,State PWD,0,,2024/3822 - Construction of Drinking Water facility,,,,224.44,2.2444,5.725713215624816,6.076814781730409,979455.0,1052094.5256410257,1736256.3999999997,,,60.33,78,17.9,0.18834061852554732,-1,-0.008,True,LOW,36,144,Cumulative expenditure exceeds original sanctioned allocation by 124.4%.,EXCESS_EXPENDITURE,"[{""type"": ""EXCESS_EXPENDITURE"", ""feature"": ""utilisation_percentage"", ""severity"": ""HIGH"", ""message"": ""Cumulative expenditure exceeds original sanctioned allocation by 124.4%."", ""evidence"": ""Disbursed \u20b91,193,478 against Sanction \u20b9531,756""}]"
WB/145/2023-2024/3849,WB/145/2023-2024/3849 - Construction of Electricity facility,Health,West Bengal,District_C,Constituency_512,MP_Name_512,Lok Sabha,,2023-05-12,403939,Sanctioned,227166.0,1,XYZ Builders,0,,2024/3849 - Construction of Electricity facility,,,,56.24,0.5624,5.606316861140107,5.356345242713192,1105582.0,1130127.4382022473,1756545.4,,,58.46,89,1.1,0.13524819984315956,-1,-0.0369,True,HIGH,40,129,"Statistically unusual combination of expenditure pace, project size, and sanction latency across multiple feature dimensions.",MULTIVARIATE_ISOLATION,"[{""type"": ""MULTIVARIATE_ISOLATION"", ""feature"": ""isolation_forest"", ""severity"": ""LOW"", ""message"": ""Statistically unusual combination of expenditure pace, project size, and sanction latency across multiple feature dimensions."", ""evidence"": ""Isolation Forest Score: -0.0369""}]"
MP/278/2023-2024/3908,MP/278/2023-2024/3908 - Construction of Health facility,Electricity,Madhya Pradesh,District_A,Constituency_523,MP_Name_523,Lok Sabha,,2024-01-30,400101,Sanctioned,367660.0,2,XYZ Builders,0,,2024/3908 - Construction of Health facility,,,,91.89,0.9189,5.602170722303248,5.565447564100321,1008066.0,1094618.961038961,1732363.0000000002,,,50.24,77,1.3,0.14516519540488154,-1,-0.0159,True,MEDIUM,29,171,"Statistically unusual combination of expenditure pace, project size, and sanction latency across multiple feature dimensions.",MULTIVARIATE_ISOLATION,"[{""type"": ""MULTIVARIATE_ISOLATION"", ""feature"": ""isolation_forest"", ""severity"": ""LOW"", ""message"": ""Statistically unusual combination of expenditure pace, project size, and sanction latency across multiple feature dimensions."", ""evidence"": ""Isolation Forest Score: -0.0159""}]"
MH/445/2022-2023/3946,MH/445/2022-2023/3946 - Construction of Drinking Water facility,Health,Maharashtra,District_B,Constituency_529,MP_Name_529,Lok Sabha,,2022-10-14,407129,Sanctioned,1224999.0,4,State PWD,0,,2023/3946 - Construction of Drinking Water facility,,,,300.89,3.0089,5.609733105215117,6.088136088700551,1107496.0,1095947.4057971016,1678930.0000000002,,,58.35,69,1.4,0.13596295456338073,-1,-0.0899,True,CRITICAL,69,7,Cumulative expenditure exceeds original sanctioned allocation by 200.9%.,EXCESS_EXPENDITURE,"[{""type"": ""EXCESS_EXPENDITURE"", ""feature"": ""utilisation_percentage"", ""severity"": ""HIGH"", ""message"": ""Cumulative expenditure exceeds original sanctioned allocation by 200.9%."", ""evidence"": ""Disbursed \u20b91,224,999 against Sanction \u20b9407,129""}]"
KA/228/2023-2024/3958,KA/228/2023-2024/3958 - Construction of Sanitation facility,Roads,Karnataka,District_B,Constituency_531,MP_Name_531,Lok Sabha,,2023-04-29,445193,Sanctioned,1534590.0,4,Shree Constructions,0,,2024/3958 - Construction of Sanitation facility,,,,344.7,3.447,5.648549302597867,6.185992646841516,1109108.0,1150782.177777778,1788291.5,,,57.545,90,4.4,0.14656128854980163,-1,-0.0849,True,CRITICAL,69,7,Cumulative expenditure exceeds original sanctioned allocation by 244.7%.,EXCESS_EXPENDITURE,"[{""type"": ""EXCESS_EXPENDITURE"", ""feature"": ""utilisation_percentage"", ""severity"": ""HIGH"", ""message"": ""Cumulative expenditure exceeds original sanctioned allocation by 244.7%."", ""evidence"": ""Disbursed \u20b91,534,590 against Sanction \u20b9445,193""}]"
MH/980/2021-2022/3968,MH/980/2021-2022/3968 - Construction of Electricity facility,Electricity,Maharashtra,District_A,Constituency_533,MP_Name_533,Lok Sabha,,2023-01-29,597843,Sanctioned,1535518.0,4,Rural Works Dept,0,,2022/3968 - Construction of Electricity facility,,,,256.84,2.5684,5.776587874995664,6.186255194627414,996999.0,1081489.2647058824,1706890.8000000003,,,75.50999999999999,68,19.1,0.20402294153130812,-1,-0.0393,True,HIGH,58,40,Cumulative expenditure exceeds original sanctioned allocation by 156.8%.,EXCESS_EXPENDITURE,"[{""type"": ""EXCESS_EXPENDITURE"", ""feature"": ""utilisation_percentage"", ""severity"": ""HIGH"", ""message"": ""Cumulative expenditure exceeds original sanctioned allocation by 156.8%."", ""evidence"": ""Disbursed \u20b91,535,518 against Sanction \u20b9597,843""}]"
BR/737/2022-2023/3973,BR/737/2022-2023/3973 - Construction of Health facility,Drinking Water,Bihar,District_C,Constituency_534,MP_Name_534,Lok Sabha,,2022-10-31,429581,Sanctioned,611069.0,2,State PWD,0,,2023/3973 - Construction of Health facility,,,,142.25,1.4225,5.633046075614104,5.786090962897912,1198118.0,1118497.014925373,1647079.6,,,70.24,67,4.5,0.13307450380230906,-1,-0.002,True,LOW,34,151,Cumulative expenditure exceeds original sanctioned allocation by 42.2%.,EXCESS_EXPENDITURE,"[{""type"": ""EXCESS_EXPENDITURE"", ""feature"": ""utilisation_percentage"", ""severity"": ""HIGH"", ""message"": ""Cumulative expenditure exceeds original sanctioned allocation by 42.2%."", ""evidence"": ""Disbursed \u20b9611,069 against Sanction \u20b9429,581""}]"
KA/452/2022-2023/3997,KA/452/2022-2023/3997 - Construction of Roads facility,Electricity,Karnataka,District_E,Constituency_538,MP_Name_538,Lok Sabha,,2024-03-11,473324,Sanctioned,74506.0,1,Global Infra Ltd,0,,2023/3997 - Construction of Roads facility,,,,15.74,0.1574,5.675159443566476,4.872197077024274,1031183.0,1080220.3195876288,1676158.2000000002,,,62.2,97,4.1,0.16405846805657887,-1,-0.0097,True,LOW,39,142,"Statistically unusual combination of expenditure pace, project size, and sanction latency across multiple feature dimensions.",MULTIVARIATE_ISOLATION,"[{""type"": ""MULTIVARIATE_ISOLATION"", ""feature"": ""isolation_forest"", ""severity"": ""LOW"", ""message"": ""Statistically unusual combination of expenditure pace, project size, and sanction latency across multiple feature dimensions."", ""evidence"": ""Isolation Forest Score: -0.0097""}]"
MH/170/2023-2024/4027,MH/170/2023-2024/4027 - Construction of Roads facility,Drinking Water,Maharashtra,District_C,Constituency_543,MP_Name_543,Lok Sabha,,2021-01-15,575910,Sanctioned,1442782.0,4,XYZ Builders,0,,2024/4027 - Construction of Roads facility,,,,250.52,2.5052,5.760355373709065,6.1592010164785345,1135171.0,1137811.1066666667,1748959.2000000002,,,56.57,75,8.0,0.17820928112334983,-1,-0.0149,True,MEDIUM,46,92,Cumulative expenditure exceeds original sanctioned allocation by 150.5%.,EXCESS_EXPENDITURE,"[{""type"": ""EXCESS_EXPENDITURE"", ""feature"": ""utilisation_percentage"", ""severity"": ""HIGH"", ""message"": ""Cumulative expenditure exceeds original sanctioned allocation by 150.5%."", ""evidence"": ""Disbursed \u20b91,442,782 against Sanction \u20b9575,910""}]"
MP/270/2022-2023/50076,MP/270/2022-2023/50076 - Construction of Drinking Water facility,Education,Madhya Pradesh,District_D,Constituency_14,MP_Name_14,Rajya Sabha,,2023-12-17,480181,Sanctioned,1478547.0,4,XYZ Builders,0,,2023/50076 - Construction of Drinking Water facility,,,,307.91,3.0791,5.6814058761558455,6.169835428149759,1115922.0,1089152.1549295774,1595516.0,,,63.62,71,7.0,0.1554270742617052,-1,-0.0729,True,CRITICAL,69,7,Cumulative expenditure exceeds original sanctioned allocation by 207.9%.,EXCESS_EXPENDITURE,"[{""type"": ""EXCESS_EXPENDITURE"", ""feature"": ""utilisation_percentage"", ""severity"": ""HIGH"", ""message"": ""Cumulative expenditure exceeds original sanctioned allocation by 207.9%."", ""evidence"": ""Disbursed \u20b91,478,547 against Sanction \u20b9480,181""}]"
RJ/527/2022-2023/50106,RJ/527/2022-2023/50106 - Construction of Drinking Water facility,Sanitation,Rajasthan,District_C,Constituency_20,MP_Name_20,Rajya Sabha,,2021-07-28,1854169,Sanctioned,1275829.0,4,XYZ Builders,0,,2023/50106 - Construction of Drinking Water facility,,,,68.81,0.6881,6.268149550022748,6.105792809980358,1001771.0,1060422.2727272727,1736654.6,,,69.19,55,98.2,0.4549806239136528,-1,-0.0136,True,MEDIUM,43,122,Sanction amount is higher than 98.2% of comparable Sanitation projects in Rajasthan.,HIGH_SANCTION_OUTLIER,"[{""type"": ""HIGH_SANCTION_OUTLIER"", ""feature"": ""sanction_amount"", ""severity"": ""HIGH"", ""message"": ""Sanction amount is higher than 98.2% of comparable Sanitation projects in Rajasthan."", ""evidence"": ""Project: \u20b91,854,169 | Peer Group Median: \u20b91,001,771""}]"
GJ/117/2022-2023/50120,GJ/117/2022-2023/50120 - Construction of Electricity facility,Education,Gujarat,District_B,Constituency_22,MP_Name_22,Rajya Sabha,,2024-03-30,428219,Sanctioned,1151679.0,3,XYZ Builders,0,,2023/50120 - Construction of Electricity facility,,,,268.95,2.6895,5.631666947140572,6.061331824972817,1148461.0,1111989.7101449275,1672431.4,,,58.21,69,5.8,0.13762730688607655,-1,-0.0587,True,HIGH,56,48,Cumulative expenditure exceeds original sanctioned allocation by 168.9%.,EXCESS_EXPENDITURE,"[{""type"": ""EXCESS_EXPENDITURE"", ""feature"": ""utilisation_percentage"", ""severity"": ""HIGH"", ""message"": ""Cumulative expenditure exceeds original sanctioned allocation by 168.9%."", ""evidence"": ""Disbursed \u20b91,151,679 against Sanction \u20b9428,219""}]"
DL/570/2021-2022/50124,DL/570/2021-2022/50124 - Construction of Drinking Water facility,Education,Delhi,District_A,Constituency_23,MP_Name_23,Rajya Sabha,,2024-10-07,424768,Sanctioned,894111.0,3,National Infra Corp,0,,2022/50124 - Construction of Drinking Water facility,,,,210.49,2.1049,5.62815281405222,5.951391923645319,1154756.0,1129067.0,1764852.2,,,70.47,63,4.8,0.1360360016811341,-1,-0.0104,True,LOW,34,151,Cumulative expenditure exceeds original sanctioned allocation by 110.5%.,EXCESS_EXPENDITURE,"[{""type"": ""EXCESS_EXPENDITURE"", ""feature"": ""utilisation_percentage"", ""severity"": ""HIGH"", ""message"": ""Cumulative expenditure exceeds original sanctioned allocation by 110.5%."", ""evidence"": ""Disbursed \u20b9894,111 against Sanction \u20b9424,768""}]"
KA/456/2023-2024/50150,KA/456/2023-2024/50150 - Construction of Health facility,Electricity,Karnataka,District_A,Constituency_28,MP_Name_28,Rajya Sabha,,2023-03-25,526891,Sanctioned,1248344.0,4,National Infra Corp,0,,2024/50150 - Construction of Health facility,,,,236.93,2.3693,5.7217216045658965,6.09633462612379,1031183.0,1080220.3195876288,1676158.2000000002,,,62.2,97,11.3,0.17925233578035787,-1,-0.013,True,LOW,36,144,Cumulative expenditure exceeds original sanctioned allocation by 136.9%.,EXCESS_EXPENDITURE,"[{""type"": ""EXCESS_EXPENDITURE"", ""feature"": ""utilisation_percentage"", ""severity"": ""HIGH"", ""message"": ""Cumulative expenditure exceeds original sanctioned allocation by 136.9%."", ""evidence"": ""Disbursed \u20b91,248,344 against Sanction \u20b9526,891""}]"
UP/764/2022-2023/50171,UP/764/2022-2023/50171 - Construction of Education facility,Health,Uttar Pradesh,District_D,Constituency_32,MP_Name_32,Rajya Sabha,,2022-07-25,400241,Sanctioned,895400.0,4,XYZ Builders,0,,2023/50171 - Construction of Education facility,,,,223.72,2.2372,5.602322660040238,5.952017575075614,1129309.0,1128055.650793651,1787583.4,,,51.16,63,1.6,0.1317508891049737,-1,-0.0468,True,HIGH,55,63,Cumulative expenditure exceeds original sanctioned allocation by 123.7%.,EXCESS_EXPENDITURE,"[{""type"": ""EXCESS_EXPENDITURE"", ""feature"": ""utilisation_percentage"", ""severity"": ""HIGH"", ""message"": ""Cumulative expenditure exceeds original sanctioned allocation by 123.7%."", ""evidence"": ""Disbursed \u20b9895,400 against Sanction \u20b9400,241""}]"
GJ/746/2021-2022/50209,GJ/746/2021-2022/50209 - Construction of Electricity facility,Roads,Gujarat,District_B,Constituency_40,MP_Name_40,Rajya Sabha,,2023-01-01,422045,Sanctioned,988303.0,3,Global Infra Ltd,0,,2022/50209 - Construction of Electricity facility,,,,234.17,2.3417,5.625359788538506,5.994890553104881,1174136.5,1153484.2125,1739495.5,,,62.665,80,2.5,0.13336368392560943,-1,-0.0256,True,MEDIUM,45,96,Cumulative expenditure exceeds original sanctioned allocation by 134.2%.,EXCESS_EXPENDITURE,"[{""type"": ""EXCESS_EXPENDITURE"", ""feature"": ""utilisation_percentage"", ""severity"": ""HIGH"", ""message"": ""Cumulative expenditure exceeds original sanctioned allocation by 134.2%."", ""evidence"": ""Disbursed \u20b9988,303 against Sanction \u20b9422,045""}]"
MH/705/2022-2023/50233,MH/705/2022-2023/50233 - Construction of Roads facility,Electricity,Maharashtra,District_E,Constituency_44,MP_Name_44,Rajya Sabha,,2024-07-26,403796,Sanctioned,481132.0,1,State PWD,0,,2023/50233 - Construction of Roads facility,,,,119.15,1.1915,5.606163088039305,5.682265145359016,996999.0,1081489.2647058824,1706890.8000000003,,,75.50999999999999,68,2.9,0.14767986019655963,-1,-0.009,True,LOW,19,182,Cumulative expenditure exceeds original sanctioned allocation by 19.2%.,EXCESS_EXPENDITURE,"[{""type"": ""EXCESS_EXPENDITURE"", ""feature"": ""utilisation_percentage"", ""severity"": ""HIGH"", ""message"": ""Cumulative expenditure exceeds original sanctioned allocation by 19.2%."", ""evidence"": ""Disbursed \u20b9481,132 against Sanction \u20b9403,796""}]"
WB/175/2021-2022/50240,WB/175/2021-2022/50240 - Construction of Electricity facility,Health,West Bengal,District_D,Constituency_45,MP_Name_45,Rajya Sabha,,2023-03-06,459104,Sanctioned,1301503.0,4,Rural Works Dept,0,,2022/50240 - Construction of Electricity facility,,,,283.49,2.8349,5.661912022586506,6.11444550719382,1105582.0,1130127.4382022473,1756545.4,,,58.46,89,7.9,0.150836237407398,-1,-0.0478,True,HIGH,56,48,Cumulative expenditure exceeds original sanctioned allocation by 183.5%.,EXCESS_EXPENDITURE,"[{""type"": ""EXCESS_EXPENDITURE"", ""feature"": ""utilisation_percentage"", ""severity"": ""HIGH"", ""message"": ""Cumulative expenditure exceeds original sanctioned allocation by 183.5%."", ""evidence"": ""Disbursed \u20b91,301,503 against Sanction \u20b9459,104""}]"
GJ/707/2023-2024/50251,GJ/707/2023-2024/50251 - Construction of Sanitation facility,Electricity,Gujarat,District_C,Constituency_46,MP_Name_46,Rajya Sabha,,2024-08-29,516923,Sanctioned,1642214.0,4,XYZ Builders,0,,2024/50251 - Construction of Sanitation facility,,,,317.69,3.1769,5.7134266962721565,6.215430014659848,1059590.0,1078135.5154639175,1626696.0000000002,,,58.03,97,6.2,0.17255970536988452,-1,-0.0798,True,CRITICAL,69,7,Cumulative expenditure exceeds original sanctioned allocation by 217.7%.,EXCESS_EXPENDITURE,"[{""type"": ""EXCESS_EXPENDITURE"", ""feature"": ""utilisation_percentage"", ""severity"": ""HIGH"", ""message"": ""Cumulative expenditure exceeds original sanctioned allocation by 217.7%."", ""evidence"": ""Disbursed \u20b91,642,214 against Sanction \u20b9516,923""}]"
MH/535/2023-2024/50253,MH/535/2023-2024/50253 - Construction of Health facility,Sanitation,Maharashtra,District_B,Constituency_47,MP_Name_47,Rajya Sabha,,2022-12-08,411389,Sanctioned,922792.0,3,XYZ Builders,0,,2024/50253 - Construction of Health facility,,,,224.31,2.2431,5.614253730728656,5.965104291448423,1174537.0,1165812.3373493976,1723554.8,,,54.95,83,3.6,0.13041621670802925,-1,-0.0465,True,HIGH,55,63,Cumulative expenditure exceeds original sanctioned allocation by 124.3%.,EXCESS_EXPENDITURE,"[{""type"": ""EXCESS_EXPENDITURE"", ""feature"": ""utilisation_percentage"", ""severity"": ""HIGH"", ""message"": ""Cumulative expenditure exceeds original sanctioned allocation by 124.3%."", ""evidence"": ""Disbursed \u20b9922,792 against Sanction \u20b9411,389""}]"
UP/728/2021-2022/50274,UP/728/2021-2022/50274 - Construction of Roads facility,Sanitation,Uttar Pradesh,District_D,Constituency_51,MP_Name_51,Rajya Sabha,,2022-11-09,437547,Sanctioned,367062.0,2,Shree Constructions,0,,2022/50274 - Construction of Roads facility,,,,83.89,0.8389,5.641025703053545,5.564740609767739,1246477.0,1155937.3684210526,1774689.2,,,55.57,57,1.8,0.13066400727986024,-1,-0.0136,True,MEDIUM,29,171,"Statistically unusual combination of expenditure pace, project size, and sanction latency across multiple feature dimensions.",MULTIVARIATE_ISOLATION,"[{""type"": ""MULTIVARIATE_ISOLATION"", ""feature"": ""isolation_forest"", ""severity"": ""LOW"", ""message"": ""Statistically unusual combination of expenditure pace, project size, and sanction latency across multiple feature dimensions."", ""evidence"": ""Isolation Forest Score: -0.0136""}]"
UP/877/2022-2023/50289,UP/877/2022-2023/50289 - Construction of Health facility,Roads,Uttar Pradesh,District_D,Constituency_55,MP_Name_55,Rajya Sabha,,2022-07-22,496180,Sanctioned,65816.0,1,Shree Constructions,0,,2023/50289 - Construction of Health facility,,,,13.26,0.1326,5.695640130042718,4.818338082863573,1096583.0,1086257.2631578948,1739773.2,,,65.94,57,12.3,0.1621096495827162,-1,-0.0002,True,LOW,40,129,"Statistically unusual combination of expenditure pace, project size, and sanction latency across multiple feature dimensions.",MULTIVARIATE_ISOLATION,"[{""type"": ""MULTIVARIATE_ISOLATION"", ""feature"": ""isolation_forest"", ""severity"": ""LOW"", ""message"": ""Statistically unusual combination of expenditure pace, project size, and sanction latency across multiple feature dimensions."", ""evidence"": ""Isolation Forest Score: -0.0002""}]"
KA/365/2022-2023/50314,KA/365/2022-2023/50314 - Construction of Health facility,Electricity,Karnataka,District_C,Constituency_58,MP_Name_58,Rajya Sabha,,2022-02-04,1886180,Sanctioned,991484.0,3,Shree Constructions,0,,2023/50314 - Construction of Health facility,,,,52.57,0.5257,6.275583365776432,5.996286148227145,1031183.0,1080220.3195876288,1676158.2000000002,,,62.2,97,100.0,0.45165472597261486,-1,-0.015,True,MEDIUM,43,122,Sanction amount is higher than 100.0% of comparable Electricity projects in Karnataka.,HIGH_SANCTION_OUTLIER,"[{""type"": ""HIGH_SANCTION_OUTLIER"", ""feature"": ""sanction_amount"", ""severity"": ""CRITICAL"", ""message"": ""Sanction amount is higher than 100.0% of comparable Electricity projects in Karnataka."", ""evidence"": ""Project: \u20b91,886,180 | Peer Group Median: \u20b91,031,183""}]"
UP/970/2023-2024/50330,UP/970/2023-2024/50330 - Construction of Education facility,Education,Uttar Pradesh,District_B,Constituency_62,MP_Name_62,Rajya Sabha,,2021-04-21,401516,Sanctioned,631544.0,2,BuildWell Pvt Ltd,0,,2024/50330 - Construction of Education facility,,,,157.29,1.5729,5.6037039377838,5.800404301139019,1268756.5,1190031.2741935484,1760134.5999999999,,,53.435,62,1.6,0.11940905057494455,-1,-0.0513,True,HIGH,55,63,Cumulative expenditure exceeds original sanctioned allocation by 57.3%.,EXCESS_EXPENDITURE,"[{""type"": ""EXCESS_EXPENDITURE"", ""feature"": ""utilisation_percentage"", ""severity"": ""HIGH"", ""message"": ""Cumulative expenditure exceeds original sanctioned allocation by 57.3%."", ""evidence"": ""Disbursed \u20b9631,544 against Sanction \u20b9401,516""}]"
UP/669/2023-2024/50334,UP/669/2023-2024/50334 - Construction of Drinking Water facility,Health,Uttar Pradesh,District_C,Constituency_62,MP_Name_62,Rajya Sabha,,2022-11-30,470875,Sanctioned,1279665.0,4,XYZ Builders,0,,2024/50334 - Construction of Drinking Water facility,,,,271.76,2.7176,5.672906555524084,6.107096631143721,1129309.0,1128055.650793651,1787583.4,,,51.16,63,4.8,0.15135713439636192,-1,-0.0466,True,HIGH,56,48,Cumulative expenditure exceeds original sanctioned allocation by 171.8%.,EXCESS_EXPENDITURE,"[{""type"": ""EXCESS_EXPENDITURE"", ""feature"": ""utilisation_percentage"", ""severity"": ""HIGH"", ""message"": ""Cumulative expenditure exceeds original sanctioned allocation by 171.8%."", ""evidence"": ""Disbursed \u20b91,279,665 against Sanction \u20b9470,875""}]"
MP/370/2021-2022/50335,MP/370/2021-2022/50335 - Construction of Education facility,Sanitation,Madhya Pradesh,District_B,Constituency_63,MP_Name_63,Rajya Sabha,,2021-06-05,408706,Sanctioned,835012.0,3,XYZ Builders,0,,2022/50335 - Construction of Education facility,,,,204.31,2.0431,5.611412076016803,5.921693236901945,1233223.5,1150935.16,1804096.6,,,59.8,50,2.0,0.12431271381560056,-1,-0.0451,True,HIGH,55,63,Cumulative expenditure exceeds original sanctioned allocation by 104.3%.,EXCESS_EXPENDITURE,"[{""type"": ""EXCESS_EXPENDITURE"", ""feature"": ""utilisation_percentage"", ""severity"": ""HIGH"", ""message"": ""Cumulative expenditure exceeds original sanctioned allocation by 104.3%."", ""evidence"": ""Disbursed \u20b9835,012 against Sanction \u20b9408,706""}]"
DL/881/2023-2024/50377,DL/881/2023-2024/50377 - Construction of Electricity facility,Electricity,Delhi,District_D,Constituency_69,MP_Name_69,Rajya Sabha,,2022-02-09,451921,Sanctioned,1007961.0,4,Rural Works Dept,0,,2024/50377 - Construction of Electricity facility,,,,223.04,2.2304,5.655063483721194,6.003444159588284,1190856.0,1162748.7333333334,1754960.0,,,70.5,75,1.3,0.13971936465315168,-1,-0.0027,True,LOW,34,151,Cumulative expenditure exceeds original sanctioned allocation by 123.0%.,EXCESS_EXPENDITURE,"[{""type"": ""EXCESS_EXPENDITURE"", ""feature"": ""utilisation_percentage"", ""severity"": ""HIGH"", ""message"": ""Cumulative expenditure exceeds original sanctioned allocation by 123.0%."", ""evidence"": ""Disbursed \u20b91,007,961 against Sanction \u20b9451,921""}]"
DL/667/2022-2023/50391,DL/667/2022-2023/50391 - Construction of Electricity facility,Health,Delhi,District_E,Constituency_72,MP_Name_72,Rajya Sabha,,2024-05-26,429623,Sanctioned,274243.0,2,Global Infra Ltd,0,,2023/50391 - Construction of Electricity facility,,,,63.83,0.6383,5.633088534275366,5.4381371347138545,1200307.0,1168382.2328767122,1724748.5999999999,,,46.77,73,1.4,0.13287661447763544,-1,-0.0179,True,MEDIUM,29,171,"Statistically unusual combination of expenditure pace, project size, and sanction latency across multiple feature dimensions.",MULTIVARIATE_ISOLATION,"[{""type"": ""MULTIVARIATE_ISOLATION"", ""feature"": ""isolation_forest"", ""severity"": ""LOW"", ""message"": ""Statistically unusual combination of expenditure pace, project size, and sanction latency across multiple feature dimensions."", ""evidence"": ""Isolation Forest Score: -0.0179""}]"
MP/317/2022-2023/50440,MP/317/2022-2023/50440 - Construction of Drinking Water facility,Drinking Water,Madhya Pradesh,District_A,Constituency_80,MP_Name_80,Rajya Sabha,,2024-02-04,405576,Sanctioned,970144.0,4,XYZ Builders,0,,2023/50440 - Construction of Drinking Water facility,,,,239.2,2.392,5.608073318474425,5.986836649723588,1119393.0,1130351.2318840579,1716906.4,,,58.86,69,1.4,0.1342784285449846,-1,-0.0532,True,HIGH,55,63,Cumulative expenditure exceeds original sanctioned allocation by 139.2%.,EXCESS_EXPENDITURE,"[{""type"": ""EXCESS_EXPENDITURE"", ""feature"": ""utilisation_percentage"", ""severity"": ""HIGH"", ""message"": ""Cumulative expenditure exceeds original sanctioned allocation by 139.2%."", ""evidence"": ""Disbursed \u20b9970,144 against Sanction \u20b9405,576""}]"
KA/188/2021-2022/50452,KA/188/2021-2022/50452 - Construction of Drinking Water facility,Drinking Water,Karnataka,District_B,Constituency_82,MP_Name_82,Rajya Sabha,,2024-01-24,441040,Sanctioned,997988.0,3,Rural Works Dept,0,,2022/50452 - Construction of Drinking Water facility,,,,226.28,2.2628,5.644478964175524,5.999125754448064,1181779.0,1152016.7252747254,1750046.0,,,59.97,91,2.2,0.1377338154137706,-1,-0.0081,True,LOW,34,151,Cumulative expenditure exceeds original sanctioned allocation by 126.3%.,EXCESS_EXPENDITURE,"[{""type"": ""EXCESS_EXPENDITURE"", ""feature"": ""utilisation_percentage"", ""severity"": ""HIGH"", ""message"": ""Cumulative expenditure exceeds original sanctioned allocation by 126.3%."", ""evidence"": ""Disbursed \u20b9997,988 against Sanction \u20b9441,040""}]"
WB/609/2022-2023/50524,WB/609/2022-2023/50524 - Construction of Roads facility,Education,West Bengal,District_D,Constituency_95,MP_Name_95,Rajya Sabha,,2023-06-02,403803,Sanctioned,1166300.0,3,XYZ Builders,0,,2023/50524 - Construction of Roads facility,,,,288.83,2.8883,5.6061706166614185,6.066810647995117,1158595.5,1144561.7972972973,1764686.7,,,49.379999999999995,74,1.4,0.12985997596931598,-1,-0.0995,True,CRITICAL,69,7,Cumulative expenditure exceeds original sanctioned allocation by 188.8%.,EXCESS_EXPENDITURE,"[{""type"": ""EXCESS_EXPENDITURE"", ""feature"": ""utilisation_percentage"", ""severity"": ""HIGH"", ""message"": ""Cumulative expenditure exceeds original sanctioned allocation by 188.8%."", ""evidence"": ""Disbursed \u20b91,166,300 against Sanction \u20b9403,803""}]"
WB/393/2023-2024/50531,WB/393/2023-2024/50531 - Construction of Education facility,Electricity,West Bengal,District_D,Constituency_95,MP_Name_95,Rajya Sabha,,2023-08-02,438451,Sanctioned,327654.0,1,Rural Works Dept,0,,2024/50531 - Construction of Education facility,,,,74.73,0.7473,5.641922055453105,5.515416799656238,1209789.5,1150222.711111111,1751913.6000000003,,,59.08,90,2.2,0.13431077040947537,-1,-0.0052,True,LOW,19,182,"Statistically unusual combination of expenditure pace, project size, and sanction latency across multiple feature dimensions.",MULTIVARIATE_ISOLATION,"[{""type"": ""MULTIVARIATE_ISOLATION"", ""feature"": ""isolation_forest"", ""severity"": ""LOW"", ""message"": ""Statistically unusual combination of expenditure pace, project size, and sanction latency across multiple feature dimensions."", ""evidence"": ""Isolation Forest Score: -0.0052""}]"
UP/500/2023-2024/50533,UP/500/2023-2024/50533 - Construction of Drinking Water facility,Electricity,Uttar Pradesh,District_D,Constituency_96,MP_Name_96,Rajya Sabha,,2023-05-10,586113,Sanctioned,1467522.0,4,XYZ Builders,0,,2024/50533 - Construction of Drinking Water facility,,,,250.38,2.5038,5.767982095123524,6.166584916525995,1034349.5,1085939.6785714286,1610759.0,,,62.375,56,16.1,0.19497167639118868,-1,-0.0254,True,MEDIUM,47,88,Cumulative expenditure exceeds original sanctioned allocation by 150.4%.,EXCESS_EXPENDITURE,"[{""type"": ""EXCESS_EXPENDITURE"", ""feature"": ""utilisation_percentage"", ""severity"": ""HIGH"", ""message"": ""Cumulative expenditure exceeds original sanctioned allocation by 150.4%."", ""evidence"": ""Disbursed \u20b91,467,522 against Sanction \u20b9586,113""}]"
GJ/410/2021-2022/50537,GJ/410/2021-2022/50537 - Construction of Electricity facility,Electricity,Gujarat,District_C,Constituency_97,MP_Name_97,Rajya Sabha,,2022-05-29,460333,Sanctioned,1303894.0,3,Shree Constructions,0,,2022/50537 - Construction of Electricity facility,,,,283.25,2.8325,5.66307305281504,6.1152426199567715,1059590.0,1078135.5154639175,1626696.0000000002,,,58.03,97,1.0,0.15668373600192353,-1,-0.0547,True,HIGH,56,48,Cumulative expenditure exceeds original sanctioned allocation by 183.2%.,EXCESS_EXPENDITURE,"[{""type"": ""EXCESS_EXPENDITURE"", ""feature"": ""utilisation_percentage"", ""severity"": ""HIGH"", ""message"": ""Cumulative expenditure exceeds original sanctioned allocation by 183.2%."", ""evidence"": ""Disbursed \u20b91,303,894 against Sanction \u20b9460,333""}]"
UP/724/2023-2024/50564,UP/724/2023-2024/50564 - Construction of Drinking Water facility,Sanitation,Uttar Pradesh,District_B,Constituency_101,MP_Name_101,Rajya Sabha,,2022-02-10,478678,Sanctioned,1648615.0,4,XYZ Builders,0,,2024/50564 - Construction of Drinking Water facility,,,,344.41,3.4441,5.680044375081339,6.217119510403954,1246477.0,1155937.3684210526,1774689.2,,,55.57,57,5.3,0.14114385190859116,-1,-0.101,True,CRITICAL,70,6,Cumulative expenditure exceeds original sanctioned allocation by 244.4%.,EXCESS_EXPENDITURE,"[{""type"": ""EXCESS_EXPENDITURE"", ""feature"": ""utilisation_percentage"", ""severity"": ""HIGH"", ""message"": ""Cumulative expenditure exceeds original sanctioned allocation by 244.4%."", ""evidence"": ""Disbursed \u20b91,648,615 against Sanction \u20b9478,678""}]"
BR/676/2022-2023/50592,BR/676/2022-2023/50592 - Construction of Electricity facility,Health,Bihar,District_D,Constituency_105,MP_Name_105,Rajya Sabha,,2024-06-29,473036,Sanctioned,78568.0,1,Rural Works Dept,0,,2023/50592 - Construction of Electricity facility,,,,16.61,0.1661,5.674895111704779,4.895251225624904,1149225.0,1148826.1129032257,1635778.9,,,63.06999999999999,62,6.5,0.14971566267003567,-1,-0.0128,True,LOW,40,129,"Statistically unusual combination of expenditure pace, project size, and sanction latency across multiple feature dimensions.",MULTIVARIATE_ISOLATION,"[{""type"": ""MULTIVARIATE_ISOLATION"", ""feature"": ""isolation_forest"", ""severity"": ""LOW"", ""message"": ""Statistically unusual combination of expenditure pace, project size, and sanction latency across multiple feature dimensions."", ""evidence"": ""Isolation Forest Score: -0.0128""}]"
MH/275/2023-2024/50598,MH/275/2023-2024/50598 - Construction of Sanitation facility,Education,Maharashtra,District_E,Constituency_107,MP_Name_107,Rajya Sabha,,2021-03-26,412977,Sanctioned,873617.0,2,Shree Constructions,0,,2024/50598 - Construction of Sanitation facility,,,,211.54,2.1154,5.615926916709455,5.94132157364379,1123300.0,1097857.8,1761580.4000000001,,,71.08,65,1.5,0.13597376978394693,-1,-0.0294,True,MEDIUM,45,96,Cumulative expenditure exceeds original sanctioned allocation by 111.5%.,EXCESS_EXPENDITURE,"[{""type"": ""EXCESS_EXPENDITURE"", ""feature"": ""utilisation_percentage"", ""severity"": ""HIGH"", ""message"": ""Cumulative expenditure exceeds original sanctioned allocation by 111.5%."", ""evidence"": ""Disbursed \u20b9873,617 against Sanction \u20b9412,977""}]"
DL/948/2023-2024/50608,DL/948/2023-2024/50608 - Construction of Health facility,Roads,Delhi,District_B,Constituency_109,MP_Name_109,Rajya Sabha,,2021-09-16,405881,Sanctioned,540040.0,2,XYZ Builders,0,,2024/50608 - Construction of Health facility,,,,133.05,1.3305,5.608399791711442,5.732426732781896,1203218.0,1154118.7826086956,1651797.0,,,49.51,69,1.4,0.12623844464808687,-1,-0.0377,True,HIGH,55,63,Cumulative expenditure exceeds original sanctioned allocation by 33.1%.,EXCESS_EXPENDITURE,"[{""type"": ""EXCESS_EXPENDITURE"", ""feature"": ""utilisation_percentage"", ""severity"": ""HIGH"", ""message"": ""Cumulative expenditure exceeds original sanctioned allocation by 33.1%."", ""evidence"": ""Disbursed \u20b9540,040 against Sanction \u20b9405,881""}]"
MH/121/2021-2022/50614,MH/121/2021-2022/50614 - Construction of Roads facility,Sanitation,Maharashtra,District_A,Constituency_110,MP_Name_110,Rajya Sabha,,2021-02-04,433113,Sanctioned,60791.0,1,Global Infra Ltd,0,,2022/50614 - Construction of Roads facility,,,,14.04,0.1404,5.636602222114692,4.783846431502154,1174537.0,1165812.3373493976,1723554.8,,,54.95,83,4.8,0.1363248024756219,-1,-0.0456,True,HIGH,61,38,"Statistically unusual combination of expenditure pace, project size, and sanction latency across multiple feature dimensions.",MULTIVARIATE_ISOLATION,"[{""type"": ""MULTIVARIATE_ISOLATION"", ""feature"": ""isolation_forest"", ""severity"": ""LOW"", ""message"": ""Statistically unusual combination of expenditure pace, project size, and sanction latency across multiple feature dimensions."", ""evidence"": ""Isolation Forest Score: -0.0456""}]"
MP/517/2023-2024/50711,MP/517/2023-2024/50711 - Construction of Roads facility,Drinking Water,Madhya Pradesh,District_C,Constituency_132,MP_Name_132,Rajya Sabha,,2021-09-05,460928,Sanctioned,1172245.0,3,State PWD,0,,2024/50711 - Construction of Roads facility,,,,254.32,2.5432,5.663634033235749,6.06901875949074,1119393.0,1130351.2318840579,1716906.4,,,58.86,69,4.3,0.14976272447189184,-1,-0.0173,True,MEDIUM,45,96,Cumulative expenditure exceeds original sanctioned allocation by 154.3%.,EXCESS_EXPENDITURE,"[{""type"": ""EXCESS_EXPENDITURE"", ""feature"": ""utilisation_percentage"", ""severity"": ""HIGH"", ""message"": ""Cumulative expenditure exceeds original sanctioned allocation by 154.3%."", ""evidence"": ""Disbursed \u20b91,172,245 against Sanction \u20b9460,928""}]"
KA/166/2023-2024/50731,KA/166/2023-2024/50731 - Construction of Roads facility,Roads,Karnataka,District_A,Constituency_136,MP_Name_136,Rajya Sabha,,2021-05-28,413474,Sanctioned,689546.0,3,XYZ Builders,0,,2024/50731 - Construction of Roads facility,,,,166.77,1.6677,5.616449255870969,5.83856387333274,1109108.0,1150782.177777778,1788291.5,,,57.545,90,1.1,0.13760685337639322,-1,-0.0147,True,MEDIUM,44,107,Cumulative expenditure exceeds original sanctioned allocation by 66.8%.,EXCESS_EXPENDITURE,"[{""type"": ""EXCESS_EXPENDITURE"", ""feature"": ""utilisation_percentage"", ""severity"": ""HIGH"", ""message"": ""Cumulative expenditure exceeds original sanctioned allocation by 66.8%."", ""evidence"": ""Disbursed \u20b9689,546 against Sanction \u20b9413,474""}]"
KA/513/2023-2024/50764,KA/513/2023-2024/50764 - Construction of Health facility,Education,Karnataka,District_B,Constituency_141,MP_Name_141,Rajya Sabha,,2021-03-01,595572,Sanctioned,1444831.0,4,XYZ Builders,0,,2024/50764 - Construction of Health facility,,,,242.6,2.426,5.774935001006259,6.159817351788313,1115974.5,1066324.1860465116,1691815.0,,,59.34,86,17.4,0.1857344316327084,-1,-0.0138,True,MEDIUM,47,88,Cumulative expenditure exceeds original sanctioned allocation by 142.6%.,EXCESS_EXPENDITURE,"[{""type"": ""EXCESS_EXPENDITURE"", ""feature"": ""utilisation_percentage"", ""severity"": ""HIGH"", ""message"": ""Cumulative expenditure exceeds original sanctioned allocation by 142.6%."", ""evidence"": ""Disbursed \u20b91,444,831 against Sanction \u20b9595,572""}]"
MH/225/2022-2023/50769,MH/225/2022-2023/50769 - Construction of Health facility,Sanitation,Maharashtra,District_C,Constituency_142,MP_Name_142,Rajya Sabha,,2022-06-08,400864,Sanctioned,450314.0,2,Shree Constructions,0,,2023/50769 - Construction of Health facility,,,,112.34,1.1234,5.60299813913796,5.6535164135601566,1174537.0,1165812.3373493976,1723554.8,,,54.95,83,1.2,0.12752441442966783,-1,-0.0368,True,HIGH,40,129,"Statistically unusual combination of expenditure pace, project size, and sanction latency across multiple feature dimensions.",MULTIVARIATE_ISOLATION,"[{""type"": ""MULTIVARIATE_ISOLATION"", ""feature"": ""isolation_forest"", ""severity"": ""LOW"", ""message"": ""Statistically unusual combination of expenditure pace, project size, and sanction latency across multiple feature dimensions."", ""evidence"": ""Isolation Forest Score: -0.0368""}]"
GJ/129/2022-2023/50772,GJ/129/2022-2023/50772 - Construction of Drinking Water facility,Roads,Gujarat,District_E,Constituency_143,MP_Name_143,Rajya Sabha,,2024-01-26,425193,Sanctioned,469086.0,4,XYZ Builders,0,,2023/50772 - Construction of Drinking Water facility,,,,110.32,1.1032,5.628587127475726,5.671253397333224,1174136.5,1153484.2125,1739495.5,,,62.665,80,3.8,0.1342193589467881,-1,-0.0025,True,LOW,19,182,"Statistically unusual combination of expenditure pace, project size, and sanction latency across multiple feature dimensions.",MULTIVARIATE_ISOLATION,"[{""type"": ""MULTIVARIATE_ISOLATION"", ""feature"": ""isolation_forest"", ""severity"": ""LOW"", ""message"": ""Statistically unusual combination of expenditure pace, project size, and sanction latency across multiple feature dimensions."", ""evidence"": ""Isolation Forest Score: -0.0025""}]"
RJ/828/2021-2022/50870,RJ/828/2021-2022/50870 - Construction of Sanitation facility,Sanitation,Rajasthan,District_C,Constituency_160,MP_Name_160,Rajya Sabha,,2021-12-02,468461,Sanctioned,1481504.0,4,Rural Works Dept,0,,2022/50870 - Construction of Sanitation facility,,,,316.25,3.1625,5.670674368202165,6.170703121539152,1001771.0,1060422.2727272727,1736654.6,,,69.19,55,9.1,0.16661741579317133,-1,-0.0808,True,CRITICAL,69,7,Cumulative expenditure exceeds original sanctioned allocation by 216.2%.,EXCESS_EXPENDITURE,"[{""type"": ""EXCESS_EXPENDITURE"", ""feature"": ""utilisation_percentage"", ""severity"": ""HIGH"", ""message"": ""Cumulative expenditure exceeds original sanctioned allocation by 216.2%."", ""evidence"": ""Disbursed \u20b91,481,504 against Sanction \u20b9468,461""}]"
TN/625/2021-2022/50883,TN/625/2021-2022/50883 - Construction of Health facility,Electricity,Tamil Nadu,District_D,Constituency_162,MP_Name_162,Rajya Sabha,,2023-07-03,448683,Sanctioned,1555125.0,4,Rural Works Dept,0,,2022/50883 - Construction of Health facility,,,,346.6,3.466,5.651940582937121,6.191765582358253,1095120.0,1134157.593220339,1665449.0,,,65.6,59,1.7,0.14913017005465132,-1,-0.0816,True,CRITICAL,69,7,Cumulative expenditure exceeds original sanctioned allocation by 246.6%.,EXCESS_EXPENDITURE,"[{""type"": ""EXCESS_EXPENDITURE"", ""feature"": ""utilisation_percentage"", ""severity"": ""HIGH"", ""message"": ""Cumulative expenditure exceeds original sanctioned allocation by 246.6%."", ""evidence"": ""Disbursed \u20b91,555,125 against Sanction \u20b9448,683""}]"
WB/302/2023-2024/50904,WB/302/2023-2024/50904 - Construction of Roads facility,Electricity,West Bengal,District_B,Constituency_166,MP_Name_166,Rajya Sabha,,2022-12-11,459289,Sanctioned,1287586.0,3,XYZ Builders,0,,2024/50904 - Construction of Roads facility,,,,280.34,2.8034,5.662086989741682,6.109776583222674,1209789.5,1150222.711111111,1751913.6000000003,,,59.08,90,4.4,0.13976695201081496,-1,-0.058,True,HIGH,56,48,Cumulative expenditure exceeds original sanctioned allocation by 180.3%.,EXCESS_EXPENDITURE,"[{""type"": ""EXCESS_EXPENDITURE"", ""feature"": ""utilisation_percentage"", ""severity"": ""HIGH"", ""message"": ""Cumulative expenditure exceeds original sanctioned allocation by 180.3%."", ""evidence"": ""Disbursed \u20b91,287,586 against Sanction \u20b9459,289""}]"
WB/625/2023-2024/50905,WB/625/2023-2024/50905 - Construction of Sanitation facility,Drinking Water,West Bengal,District_C,Constituency_166,MP_Name_166,Rajya Sabha,,2024-09-16,410561,Sanctioned,834514.0,4,XYZ Builders,0,,2024/50905 - Construction of Sanitation facility,,,,203.26,2.0326,5.613378750309722,5.9214341473168615,1144954.0,1149505.6941176471,1690811.2000000002,,,55.76,85,1.2,0.133086164726901,-1,-0.0266,True,MEDIUM,44,107,Cumulative expenditure exceeds original sanctioned allocation by 103.3%.,EXCESS_EXPENDITURE,"[{""type"": ""EXCESS_EXPENDITURE"", ""feature"": ""utilisation_percentage"", ""severity"": ""HIGH"", ""message"": ""Cumulative expenditure exceeds original sanctioned allocation by 103.3%."", ""evidence"": ""Disbursed \u20b9834,514 against Sanction \u20b9410,561""}]"
BR/199/2023-2024/50922,BR/199/2023-2024/50922 - Construction of Sanitation facility,Roads,Bihar,District_D,Constituency_170,MP_Name_170,Rajya Sabha,,2021-11-10,411831,Sanctioned,116519.0,2,National Infra Corp,0,,2024/50922 - Construction of Sanitation facility,,,,28.29,0.2829,5.614720088963608,5.066400475955629,1046131.0,1098460.1886792453,1699620.6,,,59.69,53,5.7,0.14416013303914033,-1,-0.0414,True,HIGH,40,129,"Statistically unusual combination of expenditure pace, project size, and sanction latency across multiple feature dimensions.",MULTIVARIATE_ISOLATION,"[{""type"": ""MULTIVARIATE_ISOLATION"", ""feature"": ""isolation_forest"", ""severity"": ""LOW"", ""message"": ""Statistically unusual combination of expenditure pace, project size, and sanction latency across multiple feature dimensions."", ""evidence"": ""Isolation Forest Score: -0.0414""}]"
RJ/610/2022-2023/50950,RJ/610/2022-2023/50950 - Construction of Roads facility,Roads,Rajasthan,District_C,Constituency_176,MP_Name_176,Rajya Sabha,,2022-05-07,490208,Sanctioned,1264895.0,4,State PWD,0,,2023/50950 - Construction of Roads facility,,,,258.03,2.5803,5.690381280425762,6.102054819201267,1177436.0,1119320.253968254,1741010.2,,,56.26,63,9.5,0.15116603506644893,-1,-0.0273,True,MEDIUM,46,92,Cumulative expenditure exceeds original sanctioned allocation by 158.0%.,EXCESS_EXPENDITURE,"[{""type"": ""EXCESS_EXPENDITURE"", ""feature"": ""utilisation_percentage"", ""severity"": ""HIGH"", ""message"": ""Cumulative expenditure exceeds original sanctioned allocation by 158.0%."", ""evidence"": ""Disbursed \u20b91,264,895 against Sanction \u20b9490,208""}]"
DL/925/2021-2022/50953,DL/925/2021-2022/50953 - Construction of Drinking Water facility,Health,Delhi,District_D,Constituency_177,MP_Name_177,Rajya Sabha,,2023-05-20,523980,Sanctioned,1414951.0,4,Rural Works Dept,0,,2022/50953 - Construction of Drinking Water facility,,,,270.04,2.7004,5.719315539379224,6.150741707359452,1200307.0,1168382.2328767122,1724748.5999999999,,,46.77,73,11.0,0.1573172150722498,-1,-0.0531,True,HIGH,57,42,Cumulative expenditure exceeds original sanctioned allocation by 170.0%.,EXCESS_EXPENDITURE,"[{""type"": ""EXCESS_EXPENDITURE"", ""feature"": ""utilisation_percentage"", ""severity"": ""HIGH"", ""message"": ""Cumulative expenditure exceeds original sanctioned allocation by 170.0%."", ""evidence"": ""Disbursed \u20b91,414,951 against Sanction \u20b9523,980""}]"
KA/581/2023-2024/50964,KA/581/2023-2024/50964 - Construction of Roads facility,Health,Karnataka,District_B,Constituency_179,MP_Name_179,Rajya Sabha,,2023-12-03,410092,Sanctioned,918623.0,4,XYZ Builders,0,,2024/50964 - Construction of Roads facility,,,,224.0,2.24,5.612882356248424,5.963137787621648,1217935.5,1174330.891304348,1746386.7,,,54.315,92,2.2,0.12603744721187796,-1,-0.056,True,HIGH,56,48,Cumulative expenditure exceeds original sanctioned allocation by 124.0%.,EXCESS_EXPENDITURE,"[{""type"": ""EXCESS_EXPENDITURE"", ""feature"": ""utilisation_percentage"", ""severity"": ""HIGH"", ""message"": ""Cumulative expenditure exceeds original sanctioned allocation by 124.0%."", ""evidence"": ""Disbursed \u20b9918,623 against Sanction \u20b9410,092""}]"
RJ/171/2023-2024/50987,RJ/171/2023-2024/50987 - Construction of Electricity facility,Drinking Water,Rajasthan,District_A,Constituency_182,MP_Name_182,Rajya Sabha,,2024-04-04,425403,Sanctioned,464814.0,2,Global Infra Ltd,0,,2024/50987 - Construction of Electricity facility,,,,109.26,1.0926,5.628801569181568,5.667280134683725,1279406.0,1247978.641025641,1831759.4,,,50.394999999999996,78,2.6,0.12466734634571684,-1,-0.0227,True,MEDIUM,29,171,"Statistically unusual combination of expenditure pace, project size, and sanction latency across multiple feature dimensions.",MULTIVARIATE_ISOLATION,"[{""type"": ""MULTIVARIATE_ISOLATION"", ""feature"": ""isolation_forest"", ""severity"": ""LOW"", ""message"": ""Statistically unusual combination of expenditure pace, project size, and sanction latency across multiple feature dimensions."", ""evidence"": ""Isolation Forest Score: -0.0227""}]"
GJ/727/2023-2024/51020,GJ/727/2023-2024/51020 - Construction of Roads facility,Sanitation,Gujarat,District_D,Constituency_188,MP_Name_188,Rajya Sabha,,2023-02-27,455372,Sanctioned,1126659.0,4,State PWD,0,,2024/51020 - Construction of Roads facility,,,,247.42,2.4742,5.658367276831095,6.0517928757605555,979455.0,1052094.5256410257,1736256.3999999997,,,60.33,78,10.3,0.1658150528613655,-1,-0.0243,True,MEDIUM,45,96,Cumulative expenditure exceeds original sanctioned allocation by 147.4%.,EXCESS_EXPENDITURE,"[{""type"": ""EXCESS_EXPENDITURE"", ""feature"": ""utilisation_percentage"", ""severity"": ""HIGH"", ""message"": ""Cumulative expenditure exceeds original sanctioned allocation by 147.4%."", ""evidence"": ""Disbursed \u20b91,126,659 against Sanction \u20b9455,372""}]"
BR/408/2023-2024/51031,BR/408/2023-2024/51031 - Construction of Education facility,Roads,Bihar,District_D,Constituency_190,MP_Name_190,Rajya Sabha,,2024-06-14,409728,Sanctioned,1249698.0,4,State PWD,0,,2024/51031 - Construction of Education facility,,,,305.01,3.0501,5.612496703748733,6.0968054223035875,1046131.0,1098460.1886792453,1699620.6,,,59.69,53,3.8,0.14353324384174285,-1,-0.0935,True,CRITICAL,69,7,Cumulative expenditure exceeds original sanctioned allocation by 205.0%.,EXCESS_EXPENDITURE,"[{""type"": ""EXCESS_EXPENDITURE"", ""feature"": ""utilisation_percentage"", ""severity"": ""HIGH"", ""message"": ""Cumulative expenditure exceeds original sanctioned allocation by 205.0%."", ""evidence"": ""Disbursed \u20b91,249,698 against Sanction \u20b9409,728""}]"
UP/848/2022-2023/51063,UP/848/2022-2023/51063 - Construction of Electricity facility,Drinking Water,Uttar Pradesh,District_C,Constituency_196,MP_Name_196,Rajya Sabha,,2024-08-24,464553,Sanctioned,1286237.0,4,State PWD,0,,2023/51063 - Construction of Electricity facility,,,,276.88,2.7688,5.667036203881737,6.109321336024644,1216778.0,1192553.5,1772002.4000000001,,,52.875,50,6.0,0.14044187163416905,-1,-0.0559,True,HIGH,56,48,Cumulative expenditure exceeds original sanctioned allocation by 176.9%.,EXCESS_EXPENDITURE,"[{""type"": ""EXCESS_EXPENDITURE"", ""feature"": ""utilisation_percentage"", ""severity"": ""HIGH"", ""message"": ""Cumulative expenditure exceeds original sanctioned allocation by 176.9%."", ""evidence"": ""Disbursed \u20b91,286,237 against Sanction \u20b9464,553""}]"
GJ/721/2021-2022/51106,GJ/721/2021-2022/51106 - Construction of Sanitation facility,Education,Gujarat,District_C,Constituency_205,MP_Name_205,Rajya Sabha,,2021-12-15,415605,Sanctioned,1500005.0,4,National Infra Corp,1,2023-05-03,2022/51106 - Construction of Sanitation facility,,,504.0,360.92,3.6092,5.618681808731343,6.1760929962301345,1148461.0,1111989.7101449275,1672431.4,,,58.21,69,1.4,0.13413882354498435,-1,-0.1006,True,CRITICAL,69,7,Cumulative expenditure exceeds original sanctioned allocation by 260.9%.,EXCESS_EXPENDITURE,"[{""type"": ""EXCESS_EXPENDITURE"", ""feature"": ""utilisation_percentage"", ""severity"": ""HIGH"", ""message"": ""Cumulative expenditure exceeds original sanctioned allocation by 260.9%."", ""evidence"": ""Disbursed \u20b91,500,005 against Sanction \u20b9415,605""}]"
UP/973/2021-2022/51211,UP/973/2021-2022/51211 - Construction of Sanitation facility,Roads,Uttar Pradesh,District_D,Constituency_224,MP_Name_224,Rajya Sabha,,2022-10-26,488502,Sanctioned,1316650.0,3,XYZ Builders,1,2022-02-02,2022/51211 - Construction of Sanitation facility,,,,269.53,2.6953,5.6888672351570335,6.119470673321459,1096583.0,1086257.2631578948,1739773.2,,,65.94,57,8.8,0.16001104730814011,-1,-0.0438,True,HIGH,56,48,Cumulative expenditure exceeds original sanctioned allocation by 169.5%.,EXCESS_EXPENDITURE,"[{""type"": ""EXCESS_EXPENDITURE"", ""feature"": ""utilisation_percentage"", ""severity"": ""HIGH"", ""message"": ""Cumulative expenditure exceeds original sanctioned allocation by 169.5%."", ""evidence"": ""Disbursed \u20b91,316,650 against Sanction \u20b9488,502""}]"
MH/101/2022-2023/51313,MH/101/2022-2023/51313 - Construction of Electricity facility,Roads,Maharashtra,District_B,Constituency_242,MP_Name_242,Rajya Sabha,,2022-10-07,440180,Sanctioned,1009905.0,4,XYZ Builders,1,2024-03-28,2023/51313 - Construction of Electricity facility,,,538.0,229.43,2.2943,5.643631292707925,6.004280952415185,1223821.0,1173056.111111111,1817929.7,,,49.355000000000004,72,4.2,0.13343568180369494,-1,-0.0138,True,MEDIUM,44,107,Cumulative expenditure exceeds original sanctioned allocation by 129.4%.,EXCESS_EXPENDITURE,"[{""type"": ""EXCESS_EXPENDITURE"", ""feature"": ""utilisation_percentage"", ""severity"": ""HIGH"", ""message"": ""Cumulative expenditure exceeds original sanctioned allocation by 129.4%."", ""evidence"": ""Disbursed \u20b91,009,905 against Sanction \u20b9440,180""}]"
MH/691/2023-2024/51090,MH/691/2023-2024/51090 - Construction of Health facility,Electricity,Maharashtra,District_C,Constituency_201,MP_Name_201,Rajya Sabha,,2024-01-09,455056,Sanctioned,1421658.0,4,XYZ Builders,0,,2024/51090 - Construction of Health facility,,,,312.41,3.1241,5.65806579937145,6.1527954387440165,996999.0,1081489.2647058824,1706890.8000000003,,,75.50999999999999,68,8.8,0.1632883438909248,-1,-0.0799,True,CRITICAL,69,7,Cumulative expenditure exceeds original sanctioned allocation by 212.4%.,EXCESS_EXPENDITURE,"[{""type"": ""EXCESS_EXPENDITURE"", ""feature"": ""utilisation_percentage"", ""severity"": ""HIGH"", ""message"": ""Cumulative expenditure exceeds original sanctioned allocation by 212.4%."", ""evidence"": ""Disbursed \u20b91,421,658 against Sanction \u20b9455,056""}]"
MH/862/2023-2024/51093,MH/862/2023-2024/51093 - Construction of Sanitation facility,Electricity,Maharashtra,District_E,Constituency_201,MP_Name_201,Rajya Sabha,,2021-06-10,1879764,Sanctioned,1102536.0,4,State PWD,0,,2024/51093 - Construction of Sanitation facility,,,,58.65,0.5865,6.274103559060234,6.042393172857517,996999.0,1081489.2647058824,1706890.8000000003,,,75.50999999999999,68,100.0,0.4602093616230283,-1,-0.0237,True,MEDIUM,44,107,Sanction amount is higher than 100.0% of comparable Electricity projects in Maharashtra.,HIGH_SANCTION_OUTLIER,"[{""type"": ""HIGH_SANCTION_OUTLIER"", ""feature"": ""sanction_amount"", ""severity"": ""CRITICAL"", ""message"": ""Sanction amount is higher than 100.0% of comparable Electricity projects in Maharashtra."", ""evidence"": ""Project: \u20b91,879,764 | Peer Group Median: \u20b9996,999""}]"
MH/431/2022-2023/51114,MH/431/2022-2023/51114 - Construction of Electricity facility,Education,Maharashtra,District_A,Constituency_206,MP_Name_206,Rajya Sabha,,2021-01-16,541335,Sanctioned,1239652.0,4,XYZ Builders,0,,2023/51114 - Construction of Electricity facility,,,,229.0,2.29,5.733466909561909,6.09330013574689,1123300.0,1097857.8,1761580.4000000001,,,71.08,65,10.8,0.1708232628242648,-1,-0.0027,True,LOW,35,146,Cumulative expenditure exceeds original sanctioned allocation by 129.0%.,EXCESS_EXPENDITURE,"[{""type"": ""EXCESS_EXPENDITURE"", ""feature"": ""utilisation_percentage"", ""severity"": ""HIGH"", ""message"": ""Cumulative expenditure exceeds original sanctioned allocation by 129.0%."", ""evidence"": ""Disbursed \u20b91,239,652 against Sanction \u20b9541,335""}]"
BR/572/2022-2023/51155,BR/572/2022-2023/51155 - Construction of Sanitation facility,Drinking Water,Bihar,District_B,Constituency_214,MP_Name_214,Rajya Sabha,,2022-12-20,420215,Sanctioned,65427.0,1,Global Infra Ltd,0,,2023/51155 - Construction of Sanitation facility,,,,15.57,0.1557,5.623472584432191,4.815763645008142,1198118.0,1118497.014925373,1647079.6,,,70.24,67,3.0,0.13056829720567775,-1,-0.0635,True,CRITICAL,73,5,Utilisation rate of 15.57% is substantially lower than peer median (70.2%).,LOW_UTILISATION,"[{""type"": ""LOW_UTILISATION"", ""feature"": ""utilisation_percentage"", ""severity"": ""HIGH"", ""message"": ""Utilisation rate of 15.57% is substantially lower than peer median (70.2%)."", ""evidence"": ""Disbursed: \u20b965,427 vs Sanctioned: \u20b9420,215""}]"
UP/321/2023-2024/51167,UP/321/2023-2024/51167 - Construction of Sanitation facility,Drinking Water,Uttar Pradesh,District_A,Constituency_215,MP_Name_215,Rajya Sabha,,2022-08-04,453190,Sanctioned,1452456.0,4,XYZ Builders,0,,2024/51167 - Construction of Sanitation facility,,,,320.5,3.205,5.656281276546284,6.162103283961404,1216778.0,1192553.5,1772002.4000000001,,,52.875,50,4.0,0.13749680041906678,-1,-0.0845,True,CRITICAL,69,7,Cumulative expenditure exceeds original sanctioned allocation by 220.5%.,EXCESS_EXPENDITURE,"[{""type"": ""EXCESS_EXPENDITURE"", ""feature"": ""utilisation_percentage"", ""severity"": ""HIGH"", ""message"": ""Cumulative expenditure exceeds original sanctioned allocation by 220.5%."", ""evidence"": ""Disbursed \u20b91,452,456 against Sanction \u20b9453,190""}]"
RJ/936/2021-2022/51224,RJ/936/2021-2022/51224 - Construction of Education facility,Health,Rajasthan,District_D,Constituency_226,MP_Name_226,Rajya Sabha,,2024-12-18,412046,Sanctioned,697421.0,4,Shree Constructions,0,,2022/51224 - Construction of Education facility,,,,169.26,1.6926,5.614946756510005,5.843495642965257,1124132.0,1156632.3174603174,1773098.8000000003,,,55.59,63,1.6,0.13562423038326715,-1,-0.0173,True,MEDIUM,44,107,Cumulative expenditure exceeds original sanctioned allocation by 69.3%.,EXCESS_EXPENDITURE,"[{""type"": ""EXCESS_EXPENDITURE"", ""feature"": ""utilisation_percentage"", ""severity"": ""HIGH"", ""message"": ""Cumulative expenditure exceeds original sanctioned allocation by 69.3%."", ""evidence"": ""Disbursed \u20b9697,421 against Sanction \u20b9412,046""}]"
