house,state,mp_name,constituency,vendor_name,payment_status,work_title,work_id,expenditure_date,disbursed_amount,log_amount,mean,std,state_log_deviation,vendor_count,vendor_mean,vendor_count_log,vendor_mean_ratio,anomaly_prediction,anomaly_score,is_anomaly
Lok Sabha,Uttar Pradesh,VIRENDRA SINGH,CHANDAULI,Aaradhya Enterprises,Payment Success,Lighting of public spaces,WS/MP18210/2025-2026/195532,2025-08-26,9026089.0,6.955499659597212,5.2394868954404945,0.5548947427641531,3.0925013915406194,204.0,132356.6274509804,5.3230099791384085,68.19521752579335,-1,-0.14933463209459286,True
Lok Sabha,Uttar Pradesh,ANAND BHADAURIYA,DHAURAHRA,MANNAT CONSTRUCTION,Payment Success,Lighting of public spaces,WS/MP18212/2025-2026/259219,2026-03-25,8109494.0,6.908993810371205,5.2394868954404945,0.5548947427641531,3.0086911737787023,259.0,200486.14671814672,5.560681631015528,40.449148895064184,-1,-0.14805611320281353,True
Lok Sabha,Uttar Pradesh,RAMBHUAL NISHAD,SULTANPUR,Ajay Kumar Singh,Payment Success,Street lights,WS/MP18242/2025-2026/240691,2025-12-14,5900000.0,6.770852085251372,5.2394868954404945,0.5548947427641531,2.7597399502877495,336.0,121453.13095238095,5.820082930352362,48.578410072551016,-1,-0.14775996470176278,True
Lok Sabha,Uttar Pradesh,RAMBHUAL NISHAD,SULTANPUR,Ajay Kumar Singh,Payment Success,Street lights,WS/MP18242/2024-2025/156949,2025-01-07,5900000.0,6.770852085251372,5.2394868954404945,0.5548947427641531,2.7597399502877495,336.0,121453.13095238095,5.820082930352362,48.578410072551016,-1,-0.14775996470176278,True
Rajya Sabha,Tamil Nadu,Shri R. Girirajan (2022-28) (2022-2028),,LUCKY ASSOCIATES,Payment Success,Construction of bus-sheds or bus-stops,WS/MP163/2026-2027/70361,2026-07-31,13824453.0,7.140647987754695,5.7177282197633845,0.4497060558405531,3.1641107552614733,172.0,961153.8430232558,5.153291594497779,14.383184440605215,-1,-0.1428567316595707,True
Rajya Sabha,Karnataka,Dr. Syed Naseer Hussain (2024-30) (2024-2030),,KRIDL BHUSIRI ACCOUNT WORKS,Payment Success,"Construction of roads, link roads, pathways or any other road with or without drainage system",WS/MP18296/2024-2025/155197,2025-08-01,7500000.0,6.875061321297627,5.330132366384682,0.5548164189387811,2.784576847721975,355.0,701098.1633802817,5.87493073085203,10.69750341926361,-1,-0.14256258009563105,True
Lok Sabha,Uttar Pradesh,VIRENDRA SINGH,CHANDAULI,Aaradhya Enterprises,Payment Success,Lighting of public spaces,WS/MP18210/2025-2026/216110,2026-01-16,6034908.0,6.780670725784517,5.2394868954404945,0.5548947427641531,2.777434550319882,204.0,132356.6274509804,5.3230099791384085,45.5958127388452,-1,-0.14239844424811432,True
Lok Sabha,Madhya Pradesh,Rodmal Nagar,RAJGARH,MP Agro Biaora,Payment Success,Construction of common work sheds/ common covered sitting area,WS/	 MP443/2024-2025/138721,2024-11-12,8100000.0,6.90848507249525,5.188665529226982,0.4692888662406491,3.6647354475832645,90.0,674902.0222222222,4.51085950651685,12.001742080027354,-1,-0.141648336707202,True
Rajya Sabha,Madhya Pradesh,Dr. Kavita Patidar (2022-28) (2022-2028),,MP Agro Biaora,Payment Success,Construction of common work sheds/ common covered sitting area,WS/MP103/2025-2026/232298,2025-12-19,7650000.0,6.883661491924134,5.188665529226982,0.4692888662406491,3.611839284139264,90.0,674902.0222222222,4.51085950651685,11.334978631136945,-1,-0.141648336707202,True
Lok Sabha,Madhya Pradesh,Rodmal Nagar,RAJGARH,MP Agro Biaora,Payment Success,Construction of common work sheds/ common covered sitting area,WS/	 MP443/2024-2025/138721,2025-07-22,8076660.0,6.90723185471257,5.188665529226982,0.4692888662406491,3.6620649862260235,90.0,674902.0222222222,4.51085950651685,11.967159282478237,-1,-0.141648336707202,True
Lok Sabha,Uttar Pradesh,RAMBHUAL NISHAD,SULTANPUR,Ajay Kumar Singh,Payment Success,Street lights,WS/MP18242/2025-2026/240691,2026-03-17,4092262.0,6.611963537009418,5.2394868954404945,0.5548947427641531,2.4733999726363725,336.0,121453.13095238095,5.820082930352362,33.69416636615555,-1,-0.14014914191526295,True
Lok Sabha,Uttar Pradesh,RAMBHUAL NISHAD,SULTANPUR,Ajay Kumar Singh,Payment Success,Street lights,WS/MP18242/2024-2025/156949,2025-07-09,3951072.0,6.5967150537777,5.2394868954404945,0.5548947427641531,2.445920016427455,336.0,121453.13095238095,5.820082930352362,32.53166031223293,-1,-0.13980498666841767,True
Lok Sabha,Meghalaya,SALENG A SANGMA,TURA,Aiok M Sangma,Payment Success,Providing supply pipelines for drinking water,WS/MP18309/2024-2025/155212,2025-10-28,5500000.0,6.74036276845687,5.195006746024337,0.33394939147652103,4.627515611272441,64.0,414062.5,4.174387269895637,13.283018867924529,-1,-0.13888590366915543,True
Rajya Sabha,Madhya Pradesh,Dr. Kavita Patidar (2022-28) (2022-2028),,MP Agro Biaora,Payment Success,Construction of common work sheds/ common covered sitting area,WS/MP103/2025-2026/232298,2026-06-18,5932526.0,6.773239723446364,5.188665529226982,0.4692888662406491,3.3765433365444912,90.0,674902.0222222222,4.51085950651685,8.7902033253156,-1,-0.13855044709631248,True
Lok Sabha,Uttar Pradesh,PRIYA SAROJ,MACHHLISHAHR(SC),BHAGWATI CHAND,Payment In-Progress,Street lights,WS/MP18228/2025-2026/249977,2026-08-11,2940447.0,6.4684135035772865,5.2394868954404945,0.5548947427641531,2.2147022010246773,789.0,44727.334600760456,6.672032945461067,65.74161027583357,-1,-0.1377785798815624,True
Rajya Sabha,Uttar Pradesh,Shri Mithlesh Kumar (2022-28) (2022-2028),,HIDAYA QIRAT ENTERPRISES,Payment Success,Lighting of public spaces,WS/MP190/2024-2025/135992,2024-09-18,4860000.0,6.686636358623288,5.2394868954404945,0.5548947427641531,2.607971118944041,390.0,562991.2692307692,5.968707559985366,8.632460689204567,-1,-0.13734936231334494,True
Lok Sabha,Meghalaya,SALENG A SANGMA,TURA,Aiok M Sangma,Payment Success,Providing supply pipelines for drinking water,WS/MP18309/2024-2025/155216,2025-09-11,5000000.0,6.698970091194907,5.195006746024337,0.33394939147652103,4.5035666587711365,64.0,414062.5,4.174387269895637,12.075471698113208,-1,-0.13716952447886177,True
Lok Sabha,Uttar Pradesh,VINOD KUMAR BIND,BHADOHI,Asesar Singh Contractor,Payment Success,Lighting of public spaces,WS/MP18380/2025-2026/259001,2026-05-06,4907203.0,6.690834112644201,5.2394868954404945,0.5548947427641531,2.6155360744165006,137.0,155071.39416058394,4.927253685157205,31.644798362477825,-1,-0.13705732597602216,True
Lok Sabha,Uttar Pradesh,VIRENDRA SINGH,CHANDAULI,Aaradhya Enterprises,Payment Success,Lighting of public spaces,WS/MP18210/2025-2026/216110,2026-05-16,4672187.0,6.669520309643707,5.2394868954404945,0.5548947427641531,2.5771255411064855,204.0,132356.6274509804,5.3230099791384085,35.29998527448421,-1,-0.13688625908738872,True
Rajya Sabha,Karnataka,Shri Ajay Makan (2024-30) (2024-2030),,Kodagu Nirmithi Kendra,Payment Success,Construction of buildings for sports facilities,WS/MP18421/2026-2027/290263,2026-07-27,14925000.0,7.1739143688998634,5.330132366384682,0.5548164189387811,3.323228980933649,37.0,1192891.8918918918,3.6375861597263857,12.51161157305662,-1,-0.1359165551815822,True
Rajya Sabha,Karnataka,Shri Ajay Makan (2024-30) (2024-2030),,Kodagu Nirmithi Kendra,Payment Success,Construction of buildings for training institutions,WS/MP18421/2025-2026/248277,2025-12-09,14962000.0,7.174989679433833,5.330132366384682,0.5548164189387811,3.325167118481968,37.0,1192891.8918918918,3.6375861597263857,12.54262863357274,-1,-0.1359165551815822,True
Lok Sabha,Uttar Pradesh,RAKESH RATHOR,SITAPUR,MANNAT CONSTRUCTION,Payment Success,Lighting of public spaces,WS/MP18241/2025-2026/214632,2025-11-12,4257140.0,6.629118034604633,5.2394868954404945,0.5548947427641531,2.5043148403998727,259.0,200486.14671814672,5.560681631015528,21.234085594876024,-1,-0.13529432434150668,True
Rajya Sabha,Uttar Pradesh,Shri Mithlesh Kumar (2022-28) (2022-2028),,HIDAYA QIRAT ENTERPRISES,Payment Success,Lighting of public spaces,WS/MP190/2024-2025/135992,2024-09-21,4617000.0,6.664359968615346,5.2394868954404945,0.5548947427641531,2.567825865635324,390.0,562991.2692307692,5.968707559985366,8.200837654744339,-1,-0.13415719364389178,True
Rajya Sabha,Uttar Pradesh,Shri Ramji (2020-26) (2020-2026),,A TO Z ASSOCIATES,Payment Success,Lighting of public spaces,WS/MP198/2025-2026/204743,2025-10-12,5942987.0,6.774004853337623,5.2394868954404945,0.5548947427641531,2.76542169106357,104.0,527142.7884615385,4.653960350157523,11.273960547472448,-1,-0.13414852301996283,True
Lok Sabha,Meghalaya,SALENG A SANGMA,TURA,Aiok M Sangma,Payment Success,Providing supply pipelines for drinking water,WS/MP18309/2024-2025/155212,2025-05-23,4000000.0,6.6020600999015695,5.195006746024337,0.33394939147652103,4.2133730133661835,64.0,414062.5,4.174387269895637,9.660377358490566,-1,-0.1337483570893463,True
Lok Sabha,Meghalaya,SALENG A SANGMA,TURA,Aiok M Sangma,Payment Success,Providing supply pipelines for drinking water,WS/MP18309/2024-2025/155216,2025-05-22,4000000.0,6.6020600999015695,5.195006746024337,0.33394939147652103,4.2133730133661835,64.0,414062.5,4.174387269895637,9.660377358490566,-1,-0.1337483570893463,True
Rajya Sabha,Uttar Pradesh,Shri Brij Lal (2020-26) (2020-2026),,DPS PUBLISHING HOUSE,Payment Success,Purchase of books and periodicals for libraries/digitization of library books,WS/MP196/2025-2026/208469,2026-04-02,5000000.0,6.698970091194907,5.2394868954404945,0.5548947427641531,2.630198275954358,117.0,263971.905982906,4.770684624465665,18.94140962229437,-1,-0.13341629823818069,True
Rajya Sabha,Uttar Pradesh,Shri Brij Lal (2020-26) (2020-2026),,DPS PUBLISHING HOUSE,Payment Success,Purchase of books and periodicals for libraries/digitization of library books,WS/MP196/2025-2026/142762,2025-05-09,5000000.0,6.698970091194907,5.2394868954404945,0.5548947427641531,2.630198275954358,117.0,263971.905982906,4.770684624465665,18.94140962229437,-1,-0.13341629823818069,True
Rajya Sabha,Uttar Pradesh,Smt. Seema Dwivedi (2020-26) (2020-2026),,DPS PUBLISHING HOUSE,Payment Success,Purchase of books for public libraries/ digitization of library books,WS/MP202/2023-2024/57909,2024-10-26,5000000.0,6.698970091194907,5.2394868954404945,0.5548947427641531,2.630198275954358,117.0,263971.905982906,4.770684624465665,18.94140962229437,-1,-0.13341629823818069,True
Lok Sabha,Uttar Pradesh,PRIYA SAROJ,MACHHLISHAHR(SC),BHAGWATI CHAND,Payment Success,"Construction of roads, link roads, pathways or any other road with or without drainage system",WS/MP18228/2024-2025/140103,2025-03-18,2529760.0,6.403079493000277,5.2394868954404945,0.5548947427641531,2.0969609331014047,789.0,44727.334600760456,6.672032945461067,56.559596555011105,-1,-0.13333050689015524,True
Lok Sabha,Uttar Pradesh,ANAND KUMAR,BAHRAICH(SC),DPS PUBLISHING HOUSE,Payment Success,Purchase of books and periodicals for libraries/digitization of library books,WS/MP18204/2026-2027/243753,2026-07-13,3987912.0,6.600745675208308,5.2394868954404945,0.5548947427641531,2.4531837749747596,117.0,263971.905982906,4.770684624465665,15.107334945932635,-1,-0.1313718901051656,True
Lok Sabha,Uttar Pradesh,VIRENDRA SINGH,CHANDAULI,HIDAYA QIRAT ENTERPRISES,Payment Success,Lighting of public spaces,WS/MP18210/2025-2026/212736,2025-08-06,4276800.0,6.631119042959046,5.2394868954404945,0.5548947427641531,2.507920944765622,390.0,562991.2692307692,5.968707559985366,7.5965654065000185,-1,-0.1310896528198876,True
Rajya Sabha,Uttar Pradesh,Shri Javed Ali Khan (2022-28) (2022-2028),,HIDAYA QIRAT ENTERPRISES,Payment Success,Lighting of public spaces,WS/MP187/2024-2025/145576,2024-10-28,4245000.0,6.627877796887258,5.2394868954404945,0.5548947427641531,2.5020797539559165,390.0,562991.2692307692,5.968707559985366,7.540081404459544,-1,-0.1310896528198876,True
Rajya Sabha,Uttar Pradesh,Shri Mithlesh Kumar (2022-28) (2022-2028),,HIDAYA QIRAT ENTERPRISES,Payment Success,Lighting of public spaces,WS/MP190/2024-2025/135992,2024-09-18,4374000.0,6.640878877991612,5.2394868954404945,0.5548947427641531,2.5255095688422315,390.0,562991.2692307692,5.968707559985366,7.76921462028411,-1,-0.1310896528198876,True
Rajya Sabha,Uttar Pradesh,Shri Mithlesh Kumar (2022-28) (2022-2028),,HIDAYA QIRAT ENTERPRISES,Payment Success,Lighting of public spaces,WS/MP190/2024-2025/135992,2024-09-21,4131000.0,6.616055300107167,5.2394868954404945,0.5548947427641531,2.48077391724678,390.0,562991.2692307692,5.968707559985366,7.337591585823882,-1,-0.1310896528198876,True
Rajya Sabha,Uttar Pradesh,Smt. Darshana Singh (2022-28) (2022-2028),,HIDAYA QIRAT ENTERPRISES,Payment Success,Lighting of public spaces,WS/MP203/2024-2025/136216,2024-10-01,3904000.0,6.591509920238104,5.2394868954404945,0.5548947427641531,2.4365396184195958,390.0,562991.2692307692,5.968707559985366,6.934388175031817,-1,-0.1310896528198876,True
Rajya Sabha,Jammu And Kashmir,Shri Gulam Ali (2022-28) (2022-2028),,COMPUTER SOLUTIONS,Payment Success,Lighting of public spaces,WS/MP839/2025-2026/191381,2025-05-17,5346000.0,6.728029035657788,5.368253220391357,0.4197357532673082,3.2395996878551814,102.0,738529.4117647059,4.634728988229636,7.2387096774193544,-1,-0.13064969030019313,True
Rajya Sabha,Uttar Pradesh,Shri Mithlesh Kumar (2022-28) (2022-2028),,HIDAYA QIRAT ENTERPRISES,Payment Success,Lighting of public spaces,WS/MP190/2024-2025/135992,2024-09-24,3888000.0,6.589726367955478,5.2394868954404945,0.5548947427641531,2.4333254011182373,390.0,562991.2692307692,5.968707559985366,6.905968551363653,-1,-0.13040966654155373,True
Rajya Sabha,Karnataka,Shri Jaggesh (2022-28) (2022-2028),,KRIDL BHUSIRI ACCOUNT WORKS,Payment Success,"Construction of roads, link roads, pathways or any other road with or without drainage system",WS/MP084/2024-2025/139541,2024-12-31,5000000.0,6.698970091194907,5.330132366384682,0.5548164189387811,2.467190367993172,355.0,701098.1633802817,5.87493073085203,7.13166894617574,-1,-0.1294411833465572,True
Rajya Sabha,Uttar Pradesh,Smt. Darshana Singh (2022-28) (2022-2028),,SANSKRITI AGROSCIENCE PRIVATE LIMITED,Payment Success,Construction of bus-sheds or bus-stops,WS/MP203/2023-2024/10748,2025-01-20,5002096.0,6.699152109256996,5.2394868954404945,0.5548947427641531,2.630526298636971,43.0,454208.3488372093,3.784189633918261,11.012778635191442,-1,-0.12937161598104585,True
Rajya Sabha,Himachal Pradesh,Dr. Sikander Kumar (2022-28) (2022-2028),,Mittal Book Agency,Payment Success,Purchase of books for public libraries/ digitization of library books,WS/MP078/2024-2025/154573,2024-12-18,2000000.0,6.301030212811168,5.0357558139091765,0.3981897135113444,3.1775667626982624,190.0,31497.56842105263,5.25227342804663,63.496965012169696,-1,-0.12934869499968826,True
Rajya Sabha,Himachal Pradesh,Dr. Sikander Kumar (2022-28) (2022-2028),,Mittal Book Agency,Payment Success,Purchase of books and periodicals for libraries/digitization of library books,WS/MP078/2025-2026/220893,2025-10-17,1994538.0,6.299842532658493,5.0357558139091765,0.3981897135113444,3.174584063466278,190.0,31497.56842105263,5.25227342804663,63.32355480072146,-1,-0.12934869499968826,True
Lok Sabha,Uttar Pradesh,VIRENDRA SINGH,CHANDAULI,BIHARI JI MAHADEV ASSOCIATES,Payment Success,Lighting of public spaces,WS/MP18210/2024-2025/154376,2025-01-13,5368000.0,6.729812588065266,5.2394868954404945,0.5548947427641531,2.6857808837778165,193.0,649899.8445595854,5.267858159063328,8.259734242031874,-1,-0.12870435816683767,True
Lok Sabha,Uttar Pradesh,RAMBHUAL NISHAD,SULTANPUR,Priyanka yadau,Payment Success,Lighting of public spaces,WS/MP18242/2025-2026/156951,2025-07-26,7534461.0,6.877052246859941,5.2394868954404945,0.5548947427641531,2.9511278900608744,26.0,530727.5,3.295836866004329,14.196477476671173,-1,-0.12767486742652,True
Rajya Sabha,Uttar Pradesh,Smt. Sangeeta Yadav (2022-28) (2022-2028),,P S ASSOCIATE,Payment Success,Lighting of public spaces,WS/MP201/2025-2026/238283,2025-12-30,8048825.0,6.905732538889097,5.2394868954404945,0.5548947427641531,3.0028138943042886,32.0,1130380.1875,3.4965075614664802,7.12045831040364,-1,-0.12594332951467502,True
Rajya Sabha,Uttar Pradesh,Smt. Sangeeta Yadav (2022-28) (2022-2028),,P S ASSOCIATE,Payment Success,Lighting of public spaces,WS/MP201/2025-2026/238287,2026-05-14,8014095.0,6.903854540495052,5.2394868954404945,0.5548947427641531,2.9994294715492806,32.0,1130380.1875,3.4965075614664802,7.089734134251181,-1,-0.12594332951467502,True
Lok Sabha,Uttar Pradesh,Shri Arun Kumar Sagar,SHAHJAHANPUR(SC),RMK ENTERPRISES,Payment Success,Lighting of public spaces,WS/MP492/2024-2025/134984,2024-09-04,5346000.0,6.728029035657788,5.2394868954404945,0.5548947427641531,2.6825666662514562,165.0,752549.0303030303,5.111987788356544,7.103856074131564,-1,-0.12399206431784426,True
Rajya Sabha,Uttar Pradesh,Shri Javed Ali Khan (2022-28) (2022-2028),,HIDAYA QIRAT ENTERPRISES,Payment Success,Lighting of public spaces,WS/MP187/2026-2027/283439,2026-06-16,3744000.0,6.57333595606351,5.2394868954404945,0.5548947427641531,2.403787525501826,390.0,562991.2692307692,5.968707559985366,6.650191938350185,-1,-0.12354978418480034,True
Rajya Sabha,Uttar Pradesh,Shri Javed Ali Khan (2022-28) (2022-2028),,HIDAYA QIRAT ENTERPRISES,Payment Success,Lighting of public spaces,WS/MP187/2024-2025/145576,2024-11-04,3679000.0,6.565729905877994,5.2394868954404945,0.5548947427641531,2.3900803309668275,390.0,562991.2692307692,5.968707559985366,6.534737217198272,-1,-0.12354978418480034,True
Rajya Sabha,Uttar Pradesh,Shri Mithlesh Kumar (2022-28) (2022-2028),,HIDAYA QIRAT ENTERPRISES,Payment Success,Lighting of public spaces,WS/MP190/2024-2025/135992,2024-09-21,3645000.0,6.561697651801983,5.2394868954404945,0.5548947427641531,2.382813630158085,390.0,562991.2692307692,5.968707559985366,6.4743455169034245,-1,-0.12287659666862027,True
Rajya Sabha,Uttar Pradesh,Smt. Darshana Singh (2022-28) (2022-2028),,HIDAYA QIRAT ENTERPRISES,Payment Success,Lighting of public spaces,WS/MP203/2024-2025/136216,2024-10-01,3660000.0,6.563481204054089,5.2394868954404945,0.5548947427641531,2.386027847404443,390.0,562991.2692307692,5.968707559985366,6.500988914092328,-1,-0.12287659666862027,True
Rajya Sabha,Uttar Pradesh,Shri Javed Ali Khan (2022-28) (2022-2028),,HIDAYA QIRAT ENTERPRISES,Payment Success,Lighting of public spaces,WS/MP187/2026-2027/283439,2026-06-23,3494400.0,6.543372740971597,5.2394868954404945,0.5548947427641531,2.3497895096931796,390.0,562991.2692307692,5.968707559985366,6.206845809126839,-1,-0.12254023057679142,True
Rajya Sabha,Uttar Pradesh,Shri Ramji (2020-26) (2020-2026),,BALAJI SUPPLIER,Payment Success,Lighting of public spaces,WS/MP198/2023-2024/56888,2024-02-14,3395993.0,6.530966914266499,5.2394868954404945,0.5548947427641531,2.3274324287028296,158.0,394371.7088607595,5.0689042022202315,8.611147614544075,-1,-0.1223994883333146,True
Rajya Sabha,Uttar Pradesh,Shri Ramji (2020-26) (2020-2026),,A TO Z ASSOCIATES,Payment Success,Lighting of public spaces,WS/MP198/2025-2026/204743,2025-08-04,4244991.0,6.627876876120813,5.2394868954404945,0.5548947427641531,2.5020780946025756,104.0,527142.7884615385,4.653960350157523,8.052829504485812,-1,-0.12217903578084721,True
Rajya Sabha,Uttar Pradesh,Shri Ramji (2020-26) (2020-2026),,A TO Z ASSOCIATES,Payment Success,Lighting of public spaces,WS/MP198/2025-2026/208989,2025-12-11,4244991.0,6.627876876120813,5.2394868954404945,0.5548947427641531,2.5020780946025756,104.0,527142.7884615385,4.653960350157523,8.052829504485812,-1,-0.12217903578084721,True
Rajya Sabha,Uttar Pradesh,Smt. Darshana Singh (2022-28) (2022-2028),,BIHARI JI MAHADEV ASSOCIATES,Payment Success,Lighting of public spaces,WS/MP203/2023-2024/14681,2023-09-27,5124008.0,6.7096098838843,5.2394868954404945,0.5548947427641531,2.64937271007567,193.0,649899.8445595854,5.267858159063328,7.884304086074005,-1,-0.12152733592266074,True
Rajya Sabha,Uttar Pradesh,Shri Mithlesh Kumar (2022-28) (2022-2028),,HIDAYA QIRAT ENTERPRISES,Payment Success,Lighting of public spaces,WS/MP190/2024-2025/135992,2024-09-24,3402000.0,6.53173443693511,5.2394868954404945,0.5548947427641531,2.328815614754993,390.0,562991.2692307692,5.968707559985366,6.042722482443197,-1,-0.12086067404379641,True
Rajya Sabha,Uttar Pradesh,Shri Neeraj Shekhar (2020-26) (2020-2026),,BIHARI JI MAHADEV ASSOCIATES,Payment Success,Lighting of public spaces,WS/MP197/2024-2025/149134,2024-12-02,4860000.0,6.686636358623288,5.2394868954404945,0.5548947427641531,2.607971118944041,193.0,649899.8445595854,5.267858159063328,7.478075338352255,-1,-0.12085597206487175,True
Lok Sabha,Uttar Pradesh,Shri Arun Kumar Sagar,SHAHJAHANPUR(SC),BIHARI JI MAHADEV ASSOCIATES,Payment Success,Lighting of public spaces,WS/MP492/2025-2026/194809,2025-06-02,4617000.0,6.664359968615346,5.2394868954404945,0.5548947427641531,2.567825865635324,193.0,649899.8445595854,5.267858159063328,7.104171571434643,-1,-0.12085597206487175,True
Rajya Sabha,Tamil Nadu,Shri P. Chidambaram (2022-28) (2022-2028),,D GANESAN ALANGADU,Payment Success,"Construction of rooms and facilities for hospitals, FWC , PHC Centers and ANM centers",WS/MP165/2023-2024/95942,2024-02-23,6348977.0,6.8027038221924565,5.7177282197633845,0.4497060558405531,2.4126328483638626,24.0,763431.4166666666,3.2188758248682006,8.316368519023266,-1,-0.12059770717638252,True
Lok Sabha,Uttar Pradesh,VIRENDRA SINGH,CHANDAULI,HIDAYA QIRAT ENTERPRISES,Payment Success,Lighting of public spaces,WS/MP18210/2025-2026/212736,2025-08-06,3326400.0,6.521974602547283,5.2394868954404945,0.5548947427641531,2.311226991840297,390.0,562991.2692307692,5.968707559985366,5.908439760611126,-1,-0.11951975342963872,True
Lok Sabha,Madhya Pradesh,Ganesh Singh,SATNA,RM MP AGRO SATNA,Payment Success,Purchase of mobile water tankers,WS/MP642/2025-2026/213630,2025-10-13,2941600.0,6.468583764499645,5.188665529226982,0.4692888662406491,2.7273569167019764,56.0,212685.01785714287,4.04305126783455,13.830781451544583,-1,-0.11895307854238046,True
Lok Sabha,Karnataka,SUNIL BOSE,CHAMARAJANAGAR(SC),Mysore Nirmithi Kendra,Payment Success,"Construction of roads, link roads, pathways or any other road with or without drainage system",WS/MP18080/2025-2026/182042,2025-08-22,3750000.0,6.574031383539565,5.330132366384682,0.5548164189387811,2.2420010920623756,171.0,394225.1461988304,5.147494476813453,9.512330799184127,-1,-0.11877120310787281,True
Lok Sabha,Madhya Pradesh,DR. LATA WANKHEDE,SAGAR,MAHALAXMI INDUSTRIES,Payment Success,Construction of bus-sheds or bus-stops,WS/MP18108/2025-2026/197482,2025-07-14,2599420.0,6.414876623160089,5.188665529226982,0.4692888662406491,2.6129132441516574,121.0,274147.3388429752,4.804021044733257,9.481835610627186,-1,-0.11846194211995653,True
Lok Sabha,Madhya Pradesh,DR. LATA WANKHEDE,SAGAR,MAHALAXMI INDUSTRIES,Payment Success,Construction of bus-sheds or bus-stops,WS/MP18108/2025-2026/229750,2025-11-28,2599420.0,6.414876623160089,5.188665529226982,0.4692888662406491,2.6129132441516574,121.0,274147.3388429752,4.804021044733257,9.481835610627186,-1,-0.11846194211995653,True
Lok Sabha,Madhya Pradesh,DR. LATA WANKHEDE,SAGAR,MAHALAXMI INDUSTRIES,Payment Success,Construction of bus-sheds or bus-stops,WS/MP18108/2025-2026/195805,2025-06-24,2599420.0,6.414876623160089,5.188665529226982,0.4692888662406491,2.6129132441516574,121.0,274147.3388429752,4.804021044733257,9.481835610627186,-1,-0.11846194211995653,True
Lok Sabha,Madhya Pradesh,DR. LATA WANKHEDE,SAGAR,MAHALAXMI INDUSTRIES,Payment Success,Construction of bus-sheds or bus-stops,WS/MP18108/2025-2026/220723,2025-08-19,2599420.0,6.414876623160089,5.188665529226982,0.4692888662406491,2.6129132441516574,121.0,274147.3388429752,4.804021044733257,9.481835610627186,-1,-0.11846194211995653,True
Lok Sabha,Madhya Pradesh,DR. LATA WANKHEDE,SAGAR,MAHALAXMI INDUSTRIES,Payment Success,Construction of bus-sheds or bus-stops,WS/MP18108/2025-2026/229751,2025-10-16,2599420.0,6.414876623160089,5.188665529226982,0.4692888662406491,2.6129132441516574,121.0,274147.3388429752,4.804021044733257,9.481835610627186,-1,-0.11846194211995653,True
Lok Sabha,Madhya Pradesh,DR. LATA WANKHEDE,SAGAR,MAHALAXMI INDUSTRIES,Payment Success,Construction of bus-sheds or bus-stops,WS/MP18108/2025-2026/206777,2025-07-29,2599420.0,6.414876623160089,5.188665529226982,0.4692888662406491,2.6129132441516574,121.0,274147.3388429752,4.804021044733257,9.481835610627186,-1,-0.11846194211995653,True
Lok Sabha,Uttar Pradesh,Shri Arun Kumar Sagar,SHAHJAHANPUR(SC),BIHARI JI MAHADEV ASSOCIATES,Payment Success,Lighting of public spaces,WS/MP492/2025-2026/194809,2025-06-02,4374000.0,6.640878877991612,5.2394868954404945,0.5548947427641531,2.5255095688422315,193.0,649899.8445595854,5.267858159063328,6.730267804517029,-1,-0.11817656492111606,True
Rajya Sabha,Uttar Pradesh,Smt. Darshana Singh (2022-28) (2022-2028),,BIHARI JI MAHADEV ASSOCIATES,Payment Success,Lighting of public spaces,WS/MP203/2024-2025/155319,2025-01-13,4392000.0,6.642662430325103,5.2394868954404945,0.5548947427641531,2.528723786235258,193.0,649899.8445595854,5.267858159063328,6.75796437984426,-1,-0.11817656492111606,True
Lok Sabha,West Bengal,JAGADISH CHANDRA BARMA BASUNIA,COOCHBEHAR(SC),B PAUL AND CO,Payment Success,"Construction of Government office buildings (Post office, Police station, Police chauki, etc.)",WS/MP18271/2025-2026/167569,2025-12-19,3615050.0,6.558114428563424,5.595904606090499,0.4383067199146974,2.195288775540993,103.0,313240.4077669903,4.6443908991413725,11.54081628794559,-1,-0.11799243755095445,True
Lok Sabha,Uttar Pradesh,Shri Arun Kumar Sagar,SHAHJAHANPUR(SC),RMK ENTERPRISES,Payment Success,Lighting of public spaces,WS/MP492/2024-2025/134984,2024-09-03,4617000.0,6.664359968615346,5.2394868954404945,0.5548947427641531,2.567825865635324,165.0,752549.0303030303,5.111987788356544,6.135148427659078,-1,-0.11785866926934063,True
Lok Sabha,Uttar Pradesh,VIRENDRA SINGH,CHANDAULI,RMK ENTERPRISES,Payment Success,Lighting of public spaces,WS/MP18210/2025-2026/244721,2025-12-15,4752000.0,6.676876523365064,5.2394868954404945,0.5548947427641531,2.590382494460762,165.0,752549.0303030303,5.111987788356544,6.31453873256139,-1,-0.11785866926934063,True
Lok Sabha,Uttar Pradesh,Shri Arun Kumar Sagar,SHAHJAHANPUR(SC),RMK ENTERPRISES,Payment Success,Lighting of public spaces,WS/MP492/2024-2025/134984,2024-09-10,4617000.0,6.664359968615346,5.2394868954404945,0.5548947427641531,2.567825865635324,165.0,752549.0303030303,5.111987788356544,6.135148427659078,-1,-0.11785866926934063,True
Lok Sabha,Uttar Pradesh,Shri Arun Kumar Sagar,SHAHJAHANPUR(SC),RMK ENTERPRISES,Payment Success,Lighting of public spaces,WS/MP492/2024-2025/134984,2024-09-03,4860000.0,6.686636358623288,5.2394868954404945,0.5548947427641531,2.607971118944041,165.0,752549.0303030303,5.111987788356544,6.45805097648324,-1,-0.11785866926934063,True
Rajya Sabha,Uttar Pradesh,Shri Javed Ali Khan (2022-28) (2022-2028),,HIDAYA QIRAT ENTERPRISES,Payment Success,Lighting of public spaces,WS/MP187/2026-2027/283439,2026-06-16,3244800.0,6.511188067160423,5.2394868954404945,0.5548947427641531,2.2917881063083696,390.0,562991.2692307692,5.968707559985366,5.763499679903493,-1,-0.11751290329941533,True
Rajya Sabha,Karnataka,Shri Jaggesh (2022-28) (2022-2028),,KRIDL BHUSIRI ACCOUNT WORKS,Payment Success,"Construction of roads, link roads, pathways or any other road with or without drainage system",WS/MP084/2024-2025/139540,2024-12-31,4000000.0,6.6020600999015695,5.330132366384682,0.5548164189387811,2.292519994180694,355.0,701098.1633802817,5.87493073085203,5.705335156940592,-1,-0.11722058417317194,True
Lok Sabha,Uttar Pradesh,Ashok Kumar Rawat,MISRIKH(SC),HARI TARA ASSOCIATES,Payment Success,Lighting of public spaces,WS/MP507/2025-2026/180315,2025-05-09,4088882.0,6.611604683755276,5.2394868954404945,0.5548947427641531,2.4727532675471267,85.0,681211.7529411765,4.454347296253507,6.0023656114944925,-1,-0.11601107529748744,True
Lok Sabha,Uttar Pradesh,AKSHAYA YADAV,FIROZABAD,MS RAJ KAMAL CONSTRUCTIONS,Payment Success,"Construction of roads, link roads, pathways or any other road with or without drainage system",WS/MP18217/2024-2025/136140,2024-11-06,7135389.0,6.853417715393074,5.2394868954404945,0.5548947427641531,2.9085350708369364,75.0,1265558.32,4.330733340286331,5.638135269815144,-1,-0.11600318687381395,True
Rajya Sabha,Uttar Pradesh,Shri Ramji (2020-26) (2020-2026),,A TO Z ASSOCIATES,Payment Success,Lighting of public spaces,WS/MP198/2025-2026/208989,2025-08-04,3678992.0,6.5657289615021615,5.2394868954404945,0.5548947427641531,2.3900786290659806,104.0,527142.7884615385,4.653960350157523,6.97911852448386,-1,-0.11583942750930609,True
Lok Sabha,Uttar Pradesh,Shri Arun Kumar Sagar,SHAHJAHANPUR(SC),BIHARI JI MAHADEV ASSOCIATES,Payment Success,Lighting of public spaces,WS/MP492/2025-2026/194809,2025-06-02,4131000.0,6.616055300107167,5.2394868954404945,0.5548947427641531,2.48077391724678,193.0,649899.8445595854,5.267858159063328,6.356364037599417,-1,-0.11474832614731478,True
Lok Sabha,Uttar Pradesh,VIRENDRA SINGH,CHANDAULI,BIHARI JI MAHADEV ASSOCIATES,Payment Success,Lighting of public spaces,WS/MP18210/2024-2025/154376,2024-12-19,4148000.0,6.617838852416721,5.2394868954404945,0.5548947427641531,2.483988134596668,193.0,649899.8445595854,5.267858159063328,6.382521914297357,-1,-0.11474832614731478,True
Lok Sabha,Bihar,Dileshwar Kamait,SUPAUL,NAMASKAR BOOKS,Payment Success,Purchase of books and periodicals for libraries/digitization of library books,WS/MP422/2025-2026/165948,2025-09-08,4000000.0,6.6020600999015695,5.736858468527226,0.41014968640951016,2.109477734698281,101.0,316831.68316831684,4.624972813284271,12.625,-1,-0.11434754176486872,True
Lok Sabha,Uttar Pradesh,AFZAL ANSARI,GHAZIPUR,SHYAM SOLAR TRADING,Payment Success,Lighting of public spaces,WS/MP18390/2025-2026/176186,2025-06-12,3368957.0,6.527495596768612,5.2394868954404945,0.5548947427641531,2.3211766161489122,101.0,442930.1584158416,4.624972813284271,7.606068216373473,-1,-0.11384252414592977,True
Lok Sabha,Uttar Pradesh,Shri Arun Kumar Sagar,SHAHJAHANPUR(SC),BIHARI JI MAHADEV ASSOCIATES,Payment Success,Lighting of public spaces,WS/MP492/2025-2026/194809,2025-06-02,3888000.0,6.589726367955478,5.2394868954404945,0.5548947427641531,2.4333254011182373,193.0,649899.8445595854,5.267858159063328,5.982460270681805,-1,-0.11275437168876079,True
Rajya Sabha,Uttar Pradesh,Shri Neeraj Shekhar (2020-26) (2020-2026),,BIHARI JI MAHADEV ASSOCIATES,Payment Success,Lighting of public spaces,WS/MP197/2024-2025/149134,2024-11-25,3888000.0,6.589726367955478,5.2394868954404945,0.5548947427641531,2.4333254011182373,193.0,649899.8445595854,5.267858159063328,5.982460270681805,-1,-0.11275437168876079,True
Rajya Sabha,Uttar Pradesh,Smt. Darshana Singh (2022-28) (2022-2028),,HIDAYA QIRAT ENTERPRISES,Payment Success,Installation of multi-gym equipment,WS/MP203/2025-2026/217604,2025-10-03,3160000.0,6.499687220053345,5.2394868954404945,0.5548947427641531,2.2710619284934794,390.0,562991.2692307692,5.968707559985366,5.612875674462228,-1,-0.11260279413741014,True
Rajya Sabha,Uttar Pradesh,Smt. Darshana Singh (2022-28) (2022-2028),,HIDAYA QIRAT ENTERPRISES,Payment Success,Installation of multi-gym equipment,WS/MP203/2025-2026/217604,2025-08-06,3160000.0,6.499687220053345,5.2394868954404945,0.5548947427641531,2.2710619284934794,390.0,562991.2692307692,5.968707559985366,5.612875674462228,-1,-0.11260279413741014,True
Rajya Sabha,Uttar Pradesh,Smt. Darshana Singh (2022-28) (2022-2028),,RMK ENTERPRISES,Payment Success,Street lights,WS/MP203/2023-2024/57459,2024-02-09,4392000.0,6.642662430325103,5.2394868954404945,0.5548947427641531,2.528723786235258,165.0,752549.0303030303,5.111987788356544,5.836164586155224,-1,-0.1125232082433738,True
Lok Sabha,Uttar Pradesh,Shri Arun Kumar Sagar,SHAHJAHANPUR(SC),RMK ENTERPRISES,Payment Success,Lighting of public spaces,WS/MP492/2024-2025/134984,2024-09-04,4374000.0,6.640878877991612,5.2394868954404945,0.5548947427641531,2.5255095688422315,165.0,752549.0303030303,5.111987788356544,5.812245878834916,-1,-0.1125232082433738,True
Rajya Sabha,Telangana,Shri Anil Kumar Yadav Mandadi (2024-30) (2024-2030),,SANTRIX CONSTRUCTIONS,Payment Success,Purchase of hospital equipment,WS/MP18374/2024-2025/150314,2025-03-28,6000000.0,6.7781513227660515,5.345559125587434,0.33883064020795767,4.228047960182591,29.0,1162758.6206896552,3.4011973816621555,5.160142348754448,-1,-0.11232331934193907,True
Rajya Sabha,Jammu And Kashmir,Shri Gulam Ali (2022-28) (2022-2028),,COMPUTER SOLUTIONS,Payment Success,Lighting of public spaces,WS/MP839/2025-2026/191381,2025-05-17,4131000.0,6.616055300107167,5.368253220391357,0.4197357532673082,2.972827713633317,102.0,738529.4117647059,4.634728988229636,5.593548387096774,-1,-0.11208250054837243,True
Rajya Sabha,Uttar Pradesh,Shri Javed Ali Khan (2022-28) (2022-2028),,HIDAYA QIRAT ENTERPRISES,Payment Success,Lighting of public spaces,WS/MP187/2024-2025/145576,2024-11-04,3113000.0,6.493179260192445,5.2394868954404945,0.5548947427641531,2.2593336503907144,390.0,562991.2692307692,5.968707559985366,5.529393029936999,-1,-0.11193947761305179,True
Lok Sabha,Uttar Pradesh,RAMESH AWASTHI,KANPUR,Vishwanath Enterprises,Payment Success,Purchase of mobile water tankers,WS/MP18224/2025-2026/220221,2025-11-18,2996000.0,6.476541953985509,5.2394868954404945,0.5548947427641531,2.2293508357688667,50.0,352023.94,3.9318256327243257,8.510784806283345,-1,-0.11142454726784956,True
Lok Sabha,Uttar Pradesh,Ashok Kumar Rawat,MISRIKH(SC),HARI TARA ASSOCIATES,Payment Success,Lighting of public spaces,WS/MP507/2025-2026/180315,2025-05-09,3903023.0,6.591401221800213,5.2394868954404945,0.5548947427641531,2.4363437282272518,85.0,681211.7529411765,4.454347296253507,5.72952974335578,-1,-0.11135110765894418,True
Rajya Sabha,Uttar Pradesh,Shri Javed Ali Khan (2022-28) (2022-2028),,COMPUTER SOLUTIONS,Payment Success,Lighting of public spaces,WS/MP187/2025-2026/194547,2025-06-16,4374000.0,6.640878877991612,5.2394868954404945,0.5548947427641531,2.5255095688422315,102.0,738529.4117647059,4.634728988229636,5.922580645161291,-1,-0.1110884536607214,True
Rajya Sabha,Uttar Pradesh,Shri Ramji (2020-26) (2020-2026),,A TO Z ASSOCIATES,Payment Success,Lighting of public spaces,WS/MP198/2025-2026/208989,2025-08-04,3395993.0,6.530966914266499,5.2394868954404945,0.5548947427641531,2.3274324287028296,104.0,527142.7884615385,4.653960350157523,6.442263982992492,-1,-0.10977297032353428,True
Lok Sabha,Uttar Pradesh,Jagdambika Pal,DOMARIYAGANJ,Nistha Enterprises,Payment Success,"Construction of roads, link roads, pathways or any other road with or without drainage system",WS/MP791/2025-2026/252126,2026-07-22,8378000.0,6.923140407862687,5.2394868954404945,0.5548947427641531,3.0341853736714812,18.0,1471243.6666666667,2.9444389791664403,5.694501998422649,-1,-0.10947268303400604,True
Lok Sabha,Uttar Pradesh,KISHORI LAL,AMETHI,HANSH ENTERPRISES,Payment Success,Lighting of public spaces,WS/MP18200/2025-2026/228661,2025-08-27,4897000.0,6.6899301927040336,5.2394868954404945,0.5548947427641531,2.6139070808966394,10.0,722258.0,2.3978952727983707,6.780125661467232,-1,-0.10919220279924324,True
Rajya Sabha,Karnataka,Shri Jairam Ramesh (2022-28) (2022-2028),,KRIDL BHUSIRI ACCOUNT WORKS,Payment Success,"Construction of roads, link roads, pathways or any other road with or without drainage system",WS/MP833/2024-2025/92741,2024-09-27,3750000.0,6.574031383539565,5.330132366384682,0.5548164189387811,2.2420010920623756,355.0,701098.1633802817,5.87493073085203,5.348751709631805,-1,-0.10905209575738595,True
Rajya Sabha,Karnataka,Shri Jairam Ramesh (2022-28) (2022-2028),,KRIDL BHUSIRI ACCOUNT WORKS,Payment Success,"Construction of roads, link roads, pathways or any other road with or without drainage system",WS/MP833/2025-2026/177983,2026-01-27,3750000.0,6.574031383539565,5.330132366384682,0.5548164189387811,2.2420010920623756,355.0,701098.1633802817,5.87493073085203,5.348751709631805,-1,-0.10905209575738595,True
Lok Sabha,Uttar Pradesh,ANAND BHADAURIYA,DHAURAHRA,MANNAT CONSTRUCTION,Payment Success,Lighting of public spaces,WS/MP18212/2025-2026/260609,2026-05-19,2259009.0,6.353918153423774,5.2394868954404945,0.5548947427641531,2.008365140444206,259.0,200486.14671814672,5.560681631015528,11.267656329271597,-1,-0.10866725522298426,True
Lok Sabha,Uttar Pradesh,ANAND BHADAURIYA,DHAURAHRA,MANNAT CONSTRUCTION,Payment Success,Lighting of public spaces,WS/MP18212/2025-2026/260608,2026-06-14,2259009.0,6.353918153423774,5.2394868954404945,0.5548947427641531,2.008365140444206,259.0,200486.14671814672,5.560681631015528,11.267656329271597,-1,-0.10866725522298426,True
Rajya Sabha,West Bengal,Shri Derek O' Brien (2023-29) (2023-2029),,FORCE MOTORS LIMITED,Payment Success,"Purchase of vehicle for mobile dispensaries (Four, three and two wheelers)",WS/MP220/2024-2025/171199,2025-07-30,30593876.0,7.485634516311742,5.595904606090499,0.4383067199146974,4.311432666578828,26.0,6240400.5,3.295836866004329,4.9025500847261325,-1,-0.1079556899185804,True
Lok Sabha,Uttar Pradesh,R.K. CHAUDHARY,MOHANLALGANJ(SC),SHREE HARIOM INFOTECH,Payment Success,"Construction of roads, link roads, pathways or any other road with or without drainage system",WS/MP18230/2025-2026/243791,2026-04-09,2892544.0,6.461280124097311,5.2394868954404945,0.5548947427641531,2.2018468269686147,79.0,392566.7848101266,4.382026634673881,7.368285122234785,-1,-0.10747813476181256,True
Lok Sabha,Uttar Pradesh,Shri Arun Kumar Sagar,SHAHJAHANPUR(SC),RMK ENTERPRISES,Payment Success,Lighting of public spaces,WS/MP492/2024-2025/134984,2024-09-10,4131000.0,6.616055300107167,5.2394868954404945,0.5548947427641531,2.48077391724678,165.0,752549.0303030303,5.111987788356544,5.489343330010754,-1,-0.10728282961854985,True
Rajya Sabha,Uttar Pradesh,Shri Javed Ali Khan (2022-28) (2022-2028),,COMPUTER SOLUTIONS,Payment Success,Lighting of public spaces,WS/MP187/2025-2026/194547,2025-06-16,4131000.0,6.616055300107167,5.2394868954404945,0.5548947427641531,2.48077391724678,102.0,738529.4117647059,4.634728988229636,5.593548387096774,-1,-0.10646731224480288,True
Rajya Sabha,Uttar Pradesh,Smt. Darshana Singh (2022-28) (2022-2028),,SANSKRITI AGROSCIENCE PRIVATE LIMITED,Payment Success,Installing community drinking water plants,WS/MP203/2023-2024/10747,2023-11-30,3000972.0,6.477262088059388,5.2394868954404945,0.5548947427641531,2.2306486207691196,43.0,454208.3488372093,3.784189633918261,6.607038394786452,-1,-0.10604838130984517,True
Rajya Sabha,Uttar Pradesh,Shri Brij Lal (2020-26) (2020-2026),,JAI CONSTRUCTION,Payment Success,Forest conservation infrastructure,WS/MP196/2025-2026/201343,2026-07-13,4554800.0,6.658469407326619,5.2394868954404945,0.5548947427641531,2.5572102284076506,156.0,846926.5128205129,5.056245805348308,5.378034494198539,-1,-0.10563764414164911,True
Rajya Sabha,West Bengal,Shri Samirul Islam (2023-29) (2023-2029),,FORCE MOTORS LIMITED,Payment Success,"Purchase of vehicle for mobile dispensaries (Four, three and two wheelers)",WS/MP893/2024-2025/171163,2025-07-30,28983672.0,7.462153421250856,5.595904606090499,0.4383067199146974,4.257860375774216,26.0,6240400.5,3.295836866004329,4.644521132898442,-1,-0.1049942989632835,True
Lok Sabha,Uttar Pradesh,Prof SP Singh Baghel,AGRA(SC),TANYA CONSTRUCTION,Payment Success,"Construction of roads, link roads, pathways or any other road with or without drainage system",WS/MP494/2025-2026/226499,2025-10-09,2942511.0,6.468718242636341,5.2394868954404945,0.5548947427641531,2.2152513845644903,98.0,398686.2755102041,4.59511985013459,7.380517416192544,-1,-0.10458658630544526,True
Lok Sabha,Uttar Pradesh,VIRENDRA SINGH,CHANDAULI,BIHARI JI MAHADEV ASSOCIATES,Payment Success,Lighting of public spaces,WS/MP18210/2024-2025/164779,2025-02-05,3660000.0,6.563481204054089,5.2394868954404945,0.5548947427641531,2.386027847404443,193.0,649899.8445595854,5.267858159063328,5.63163698320355,-1,-0.10416822683886351,True
Lok Sabha,Uttar Pradesh,Shri Arun Kumar Sagar,SHAHJAHANPUR(SC),BIHARI JI MAHADEV ASSOCIATES,Payment Success,Lighting of public spaces,WS/MP492/2025-2026/194809,2025-06-02,3645000.0,6.561697651801983,5.2394868954404945,0.5548947427641531,2.382813630158085,193.0,649899.8445595854,5.267858159063328,5.608556503764191,-1,-0.10416822683886351,True
Rajya Sabha,Uttar Pradesh,Smt. Darshana Singh (2022-28) (2022-2028),,BIHARI JI MAHADEV ASSOCIATES,Payment Success,Lighting of public spaces,WS/MP203/2023-2024/14681,2023-10-12,3659992.0,6.5634802547757545,5.2394868954404945,0.5548947427641531,2.386026136668584,193.0,649899.8445595854,5.267858159063328,5.631624673614516,-1,-0.10416822683886351,True
Lok Sabha,Uttar Pradesh,VIRENDRA SINGH,CHANDAULI,BIHARI JI MAHADEV ASSOCIATES,Payment Success,Lighting of public spaces,WS/MP18210/2024-2025/154376,2024-12-19,3660000.0,6.563481204054089,5.2394868954404945,0.5548947427641531,2.386027847404443,193.0,649899.8445595854,5.267858159063328,5.63163698320355,-1,-0.10416822683886351,True
Lok Sabha,Uttar Pradesh,Ashok Kumar Rawat,MISRIKH(SC),HARI TARA ASSOCIATES,Payment Success,Lighting of public spaces,WS/MP507/2025-2026/180315,2025-05-09,3717165.0,6.570211956111659,5.2394868954404945,0.5548947427641531,2.398157629034814,85.0,681211.7529411765,4.454347296253507,5.456695343189391,-1,-0.10349275419359982,True
Rajya Sabha,Uttar Pradesh,Prof. Ram Gopal Yadav (2020-26) (2020-2026),,MS RAJ KAMAL CONSTRUCTIONS,Payment Success,"Construction of roads, link roads, pathways or any other road with or without drainage system",WS/MP183/2024-2025/133372,2024-10-21,6492263.0,6.812396171568868,5.2394868954404945,0.5548947427641531,2.834608358862948,75.0,1265558.32,4.330733340286331,5.129959558086584,-1,-0.10273059273917406,True
Lok Sabha,Madhya Pradesh,Shankar Lalwani,INDORE,PRATIBHA PRATISHTHAN,Payment Success,Purchase of books and periodicals for libraries/digitization of library books,WS/MP650/2025-2026/203902,2025-11-12,2000000.0,6.301030212811168,5.188665529226982,0.4692888662406491,2.370319782983666,50.0,213996.88,3.9318256327243257,9.345930650951546,-1,-0.10208445791430609,True
Lok Sabha,Madhya Pradesh,Shankar Lalwani,INDORE,PRATIBHA PRATISHTHAN,Payment Success,Purchase of books and periodicals for libraries/digitization of library books,WS/MP650/2025-2026/177535,2025-10-10,2000000.0,6.301030212811168,5.188665529226982,0.4692888662406491,2.370319782983666,50.0,213996.88,3.9318256327243257,9.345930650951546,-1,-0.10208445791430609,True
Lok Sabha,Madhya Pradesh,Durga Das Uikey,BETUL(ST),PRATIBHA PRATISHTHAN,Payment In-Progress,Purchase of books and periodicals for libraries/digitization of library books,WS/MP444/2026-2027/254267,2026-07-27,1999844.0,6.300996336537326,5.188665529226982,0.4692888662406491,2.370247596583606,50.0,213996.88,3.9318256327243257,9.345201668360772,-1,-0.10208445791430609,True
Lok Sabha,Uttar Pradesh,ANAND BHADAURIYA,DHAURAHRA,MANNAT CONSTRUCTION,Payment Success,Lighting of public spaces,WS/MP18212/2025-2026/260605,2026-05-13,2151436.0,6.3327286332663775,5.2394868954404945,0.5548947427641531,1.9701785826623763,259.0,200486.14671814672,5.560681631015528,10.73109556554346,-1,-0.10191370573908898,True
Rajya Sabha,Uttar Pradesh,Smt. Darshana Singh (2022-28) (2022-2028),,HIDAYA QIRAT ENTERPRISES,Payment Success,Lighting of public spaces,WS/MP203/2024-2025/136216,2024-10-15,2928000.0,6.466571220710947,5.2394868954404945,0.5548947427641531,2.2113821427787443,390.0,562991.2692307692,5.968707559985366,5.200791131273863,-1,-0.10162732672114161,True
Rajya Sabha,West Bengal,Ms. Dola Sen (2023-29) (2023-2029),,FORCE MOTORS LIMITED,Payment Success,"Purchase of vehicle for mobile dispensaries (Four, three and two wheelers)",WS/MP218/2024-2025/171165,2025-07-30,27373468.0,7.437329838407242,5.595904606090499,0.4383067199146974,4.201225189235336,26.0,6240400.5,3.295836866004329,4.38649218107075,-1,-0.10139110907066817,True
Rajya Sabha,Uttar Pradesh,Shri Brij Lal (2020-26) (2020-2026),,DPS PUBLISHING HOUSE,Payment Success,Purchase of books and periodicals for libraries/digitization of library books,WS/MP196/2025-2026/208469,2026-04-02,2500000.0,6.397940182389796,5.2394868954404945,0.5548947427641531,2.0876991574628754,117.0,263971.905982906,4.770684624465665,9.470704811147185,-1,-0.10037379183320883,True
Lok Sabha,Madhya Pradesh,DR. LATA WANKHEDE,SAGAR,KSB SOLUTIONS,Payment Success,Lighting of public spaces,WS/MP18108/2025-2026/229752,2025-10-16,2727331.0,6.435738008125612,5.188665529226982,0.4692888662406491,2.6573664295268777,12.0,382146.25,2.5649493574615367,7.136877569778586,-1,-0.10023048695958214,True
Lok Sabha,Punjab,SARABJEET SINGH KHALSA,FARIDKOT(SC),Jaspreet Singh,Payment Success,Crematoriums/energy efficient crematoriums or structures on burial/cremation ground,WS/MP18152/2025-2026/157880,2025-08-07,4.0,0.6989700043360189,4.699928377134102,0.5546092002274752,-7.214013707592795,2.0,74514.5,1.0986122886681098,5.368082722154748e-05,-1,-0.09956641796886878,True
Rajya Sabha,Jammu And Kashmir,Shri Gulam Ali (2022-28) (2022-2028),,RMK ENTERPRISES,Payment Success,Lighting of public spaces,WS/MP839/2024-2025/134187,2024-08-22,3644996.0,6.5616971752098285,5.368253220391357,0.4197357532673082,2.84332212714419,165.0,752549.0303030303,5.111987788356544,4.843532917094136,-1,-0.09925325483836034,True
Rajya Sabha,Jammu And Kashmir,Shri Gulam Ali (2022-28) (2022-2028),,RMK ENTERPRISES,Payment Success,Lighting of public spaces,WS/MP839/2024-2025/134187,2024-08-20,3644996.0,6.5616971752098285,5.368253220391357,0.4197357532673082,2.84332212714419,165.0,752549.0303030303,5.111987788356544,4.843532917094136,-1,-0.09925325483836034,True
Rajya Sabha,Karnataka,Shri Ajay Makan (2024-30) (2024-2030),,Chikmagalur Nirmithi Kendra,Payment Success,Construction of rooms and halls in school and colleges,WS/MP18421/2026-2027/225730,2026-05-29,3750000.0,6.574031383539565,5.330132366384682,0.5548164189387811,2.2420010920623756,18.0,595833.3333333334,2.9444389791664403,6.293706293706293,-1,-0.09872557504633228,True
Rajya Sabha,Uttar Pradesh,Shri Javed Ali Khan (2022-28) (2022-2028),,COMPUTER SOLUTIONS,Payment Success,Lighting of public spaces,WS/MP187/2025-2026/194547,2025-06-23,3888000.0,6.589726367955478,5.2394868954404945,0.5548947427641531,2.4333254011182373,102.0,738529.4117647059,4.634728988229636,5.264516129032258,-1,-0.09822937776196672,True
Lok Sabha,Tamil Nadu,Smt S Jothimani,KARUR,P S STALIN,Payment Success,Construction of public libraries and reading rooms,WS/MP758/2025-2026/199393,2026-08-05,3480565.0,6.541649873454957,5.7177282197633845,0.4497060558405531,1.8321337749200788,26.0,408815.23076923075,3.295836866004329,8.513785050158074,-1,-0.0980097551815976,True
Rajya Sabha,Karnataka,Shri Jaggesh (2022-28) (2022-2028),,KRIDL BHUSIRI ACCOUNT WORKS,Payment Success,"Construction of roads, link roads, pathways or any other road with or without drainage system",WS/MP084/2024-2025/133707,2024-12-07,3500000.0,6.5440681684343955,5.330132366384682,0.5548164189387811,2.1879954532918404,355.0,701098.1633802817,5.87493073085203,4.992168262323018,-1,-0.0978043984028788,True
Rajya Sabha,Karnataka,Shri Jaggesh (2022-28) (2022-2028),,KRIDL BHUSIRI ACCOUNT WORKS,Payment Success,"Construction of roads, link roads, pathways or any other road with or without drainage system",WS/MP084/2024-2025/133708,2024-12-07,3500000.0,6.5440681684343955,5.330132366384682,0.5548164189387811,2.1879954532918404,355.0,701098.1633802817,5.87493073085203,4.992168262323018,-1,-0.0978043984028788,True
Lok Sabha,Karnataka,K. RAJASHEKAR BASAVARAJ HITNAL,KOPPAL,KRIDL BHUSIRI ACCOUNT WORKS,Payment Success,Installation of multi-gym equipment,WS/MP18089/2025-2026/247752,2026-01-09,3375000.0,6.528273905846871,5.330132366384682,0.5548164189387811,2.1595279061025647,355.0,701098.1633802817,5.87493073085203,4.813876538668625,-1,-0.0978043984028788,True
Rajya Sabha,Karnataka,Shri Jaggesh (2022-28) (2022-2028),,KRIDL BHUSIRI ACCOUNT WORKS,Payment Success,"Construction of roads, link roads, pathways or any other road with or without drainage system",WS/MP084/2024-2025/133709,2024-12-07,3500000.0,6.5440681684343955,5.330132366384682,0.5548164189387811,2.1879954532918404,355.0,701098.1633802817,5.87493073085203,4.992168262323018,-1,-0.0978043984028788,True
Rajya Sabha,Uttar Pradesh,Shri Javed Ali Khan (2022-28) (2022-2028),,HIDAYA QIRAT ENTERPRISES,Payment Success,Lighting of public spaces,WS/MP187/2026-2027/283439,2026-06-15,2745600.0,6.438637424346934,5.2394868954404945,0.5548947427641531,2.1610414309081225,390.0,562991.2692307692,5.968707559985366,4.876807421456802,-1,-0.09771563488878177,True
Lok Sabha,Uttar Pradesh,VIRENDRA SINGH,CHANDAULI,HIDAYA QIRAT ENTERPRISES,Payment Success,Lighting of public spaces,WS/MP18210/2025-2026/212736,2025-10-03,2850800.0,6.454966902466156,5.2394868954404945,0.5548947427641531,2.1904694951169805,390.0,562991.2692307692,5.968707559985366,5.063666447074975,-1,-0.09771563488878177,True
Rajya Sabha,Uttar Pradesh,Shri Javed Ali Khan (2022-28) (2022-2028),,HIDAYA QIRAT ENTERPRISES,Payment Success,Lighting of public spaces,WS/MP187/2024-2025/145576,2025-02-10,2830000.0,6.451786588985211,5.2394868954404945,0.5548947427641531,2.1847381135848685,390.0,562991.2692307692,5.968707559985366,5.026720936306363,-1,-0.09771563488878177,True
Rajya Sabha,Uttar Pradesh,Shri Javed Ali Khan (2022-28) (2022-2028),,HIDAYA QIRAT ENTERPRISES,Payment Success,Lighting of public spaces,WS/MP187/2026-2027/283439,2026-06-23,2745600.0,6.438637424346934,5.2394868954404945,0.5548947427641531,2.1610414309081225,390.0,562991.2692307692,5.968707559985366,4.876807421456802,-1,-0.09771563488878177,True
Rajya Sabha,Madhya Pradesh,Smt. Sumitra Balmik (2022-28) (2022-2028),,M P  AGRO DHAR,Payment Success,Construction of bus-sheds or bus-stops,WS/MP107/2025-2026/192451,2025-06-02,1200000.0,6.079181607959542,5.188665529226982,0.4692888662406491,1.8975862049876726,382.0,113942.12041884816,5.948034989180646,10.531662879265651,-1,-0.09767675441064083,True
Rajya Sabha,Madhya Pradesh,Smt. Sumitra Balmik (2022-28) (2022-2028),,M P  AGRO DHAR,Payment Success,Construction of bus-sheds or bus-stops,WS/MP107/2025-2026/192450,2025-06-02,1200000.0,6.079181607959542,5.188665529226982,0.4692888662406491,1.8975862049876726,382.0,113942.12041884816,5.948034989180646,10.531662879265651,-1,-0.09767675441064083,True
Lok Sabha,Uttar Pradesh,Vijay Kumar Dubey,KUSHI NAGAR,MAHI ENTERPRISES,Payment Success,Renovation of ponds and lakes,WS/MP812/2025-2026/204780,2025-12-11,2134444.0,6.3292849684610015,5.2394868954404945,0.5548947427641531,1.9639726042308243,256.0,209535.93359375,5.54907608489522,10.186529648600882,-1,-0.09702546365975784,True
Lok Sabha,Madhya Pradesh,Shri Anil Firojiya,UJJAIN(SC),NATIONAL ENGINEERING WORKS,Payment Success,"Purchase of prosthetics, wheel chairs, tricycles (manual or motorized), elect scooties, hearing aids",WS/MP360/2025-2026/206801,2025-10-14,2000000.0,6.301030212811168,5.188665529226982,0.4692888662406491,2.370319782983666,132.0,312437.7121212121,4.890349128221754,6.401275910073519,-1,-0.09637767703436839,True
Rajya Sabha,Jammu And Kashmir,Shri Gulam Ali (2022-28) (2022-2028),,COMPUTER SOLUTIONS,Payment Success,Lighting of public spaces,WS/MP839/2025-2026/191381,2025-05-17,3645000.0,6.561697651801983,5.368253220391357,0.4197357532673082,2.8433232626017975,102.0,738529.4117647059,4.634728988229636,4.935483870967742,-1,-0.09556424697625943,True
Lok Sabha,Uttarakhand,Mala Rajya Laxmi Shah,TEHRI GARHWAL,DPS PUBLISHING HOUSE,Payment Success,Purchase of books and periodicals for libraries/digitization of library books,WS/MP478/2024-2025/156124,2025-05-15,2040000.0,6.309630380315299,4.575890061676738,0.7785953606778007,2.226753980564777,117.0,263971.905982906,4.770684624465665,7.728095125896102,-1,-0.09534485215748112,True
Rajya Sabha,Uttar Pradesh,Shri Neeraj Shekhar (2020-26) (2020-2026),,BIHARI JI MAHADEV ASSOCIATES,Payment Success,Lighting of public spaces,WS/MP197/2024-2025/149134,2024-11-25,3402000.0,6.53173443693511,5.2394868954404945,0.5548947427641531,2.328815614754993,193.0,649899.8445595854,5.267858159063328,5.234652736846579,-1,-0.09530794922893449,True
Rajya Sabha,Uttar Pradesh,Smt. Darshana Singh (2022-28) (2022-2028),,BIHARI JI MAHADEV ASSOCIATES,Payment Success,Lighting of public spaces,WS/MP203/2024-2025/155319,2024-12-20,3416000.0,6.533517989152336,5.2394868954404945,0.5548947427641531,2.332029831938493,193.0,649899.8445595854,5.267858159063328,5.256194517656647,-1,-0.09530794922893449,True
Lok Sabha,Uttar Pradesh,Shri Arun Kumar Sagar,SHAHJAHANPUR(SC),BIHARI JI MAHADEV ASSOCIATES,Payment Success,Lighting of public spaces,WS/MP492/2025-2026/194809,2025-06-02,3402000.0,6.53173443693511,5.2394868954404945,0.5548947427641531,2.328815614754993,193.0,649899.8445595854,5.267858159063328,5.234652736846579,-1,-0.09530794922893449,True
Rajya Sabha,Uttar Pradesh,Shri Mithlesh Kumar (2022-28) (2022-2028),,HIDAYA QIRAT ENTERPRISES,Payment Success,Lighting of public spaces,WS/MP190/2024-2025/135992,2024-09-24,2673000.0,6.42699912123106,5.2394868954404945,0.5548947427641531,2.140067537629013,390.0,562991.2692307692,5.968707559985366,4.747853379062511,-1,-0.09511957826018691,True
Rajya Sabha,Himachal Pradesh,Shri Harsh Mahajan (2024-30) (2024-2030),,Executive Engineer,Payment Success,"Construction of roads, link roads, pathways or any other road with or without drainage system",WS/MP18304/2025-2026/202803,2025-11-24,2500000.0,6.397940182389796,5.0357558139091765,0.3981897135113444,3.4209431390592937,13.0,435047.6153846154,2.6390573296152584,5.746497421413996,-1,-0.0945931986958145,True
Lok Sabha,Uttar Pradesh,Shri Arun Kumar Sagar,SHAHJAHANPUR(SC),RMK ENTERPRISES,Payment Success,Lighting of public spaces,WS/MP492/2024-2025/134984,2024-09-07,3645000.0,6.561697651801983,5.2394868954404945,0.5548947427641531,2.382813630158085,165.0,752549.0303030303,5.111987788356544,4.84353823236243,-1,-0.0940517814210815,True
Lok Sabha,Uttar Pradesh,VIRENDRA SINGH,CHANDAULI,RMK ENTERPRISES,Payment Success,Lighting of public spaces,WS/MP18210/2025-2026/244721,2025-11-26,3564000.0,6.551937817220735,5.2394868954404945,0.5548947427641531,2.365225006894815,165.0,752549.0303030303,5.111987788356544,4.735904049421043,-1,-0.09372841404780108,True
Lok Sabha,Punjab,AMRINDER SINGH RAJA WARRING,LUDHIANA,JAGDEV SINGH,Payment Success,"Construction of roads, link roads, pathways or any other road with or without drainage system",WS/MP18157/2025-2026/239560,2026-08-25,1.0,0.3010299956639812,4.699928377134102,0.5546092002274752,-7.9315279653959845,5.0,37021.4,1.791759469228055,2.7011404214859514e-05,-1,-0.09372601662859503,True
Rajya Sabha,Jammu And Kashmir,Shri Gulam Ali (2022-28) (2022-2028),,RMK ENTERPRISES,Payment Success,Lighting of public spaces,WS/MP839/2024-2025/134187,2024-08-27,3402000.0,6.53173443693511,5.368253220391357,0.4197357532673082,2.7719373617495746,165.0,752549.0303030303,5.111987788356544,4.520635683538268,-1,-0.093170878269623,True
Lok Sabha,Uttar Pradesh,TANUJ PUNIA,BARABANKI(SC),Praharsh Infrastructure,Payment Success,Lighting of public spaces,WS/MP18207/2025-2026/258118,2026-03-18,12189495.0,7.085985749183277,5.2394868954404945,0.5548947427641531,3.3276560605794026,26.0,2952758.730769231,3.295836866004329,4.128171690080646,-1,-0.0929261416998427,True
Lok Sabha,Uttar Pradesh,Ashok Kumar Rawat,MISRIKH(SC),SHRI GURU KRIPA NARSINGH ASSOCIATES,Payment In-Progress,Lighting of public spaces,WS/MP507/2026-2027/290535,2026-08-24,5651433.0,6.7521586600792975,5.2394868954404945,0.5548947427641531,2.7260517140666694,133.0,1279451.2030075188,4.897839799950911,4.41707584213885,-1,-0.09281472300836546,True
Lok Sabha,Uttarakhand,Mala Rajya Laxmi Shah,TEHRI GARHWAL,DPS PUBLISHING HOUSE,Payment Success,Purchase of books and periodicals for libraries/digitization of library books,WS/MP478/2025-2026/156127,2025-07-01,1880000.0,6.274158080271322,4.575890061676738,0.7785953606778007,2.181194628640182,117.0,263971.905982906,4.770684624465665,7.121970017982682,-1,-0.09275733498794791,True
Lok Sabha,Uttar Pradesh,PRAVEEN PATEL,PHULPUR,Sunny Enterprises,Payment Success,Lighting of public spaces,WS/MP18233/2025-2026/180308,2025-12-18,10697260.0,7.029272592184184,5.2394868954404945,0.5548947427641531,3.225450808612909,24.0,2594634.0833333335,3.2188758248682006,4.122839543623508,-1,-0.09243046903499774,True
Lok Sabha,Uttar Pradesh,R.K. CHAUDHARY,MOHANLALGANJ(SC),SHREE HARIOM INFOTECH,Payment Success,Lighting of public spaces,WS/MP18230/2025-2026/166818,2026-06-18,2482661.0,6.3949175969098455,5.2394868954404945,0.5548947427641531,2.0822520244356393,79.0,392566.7848101266,4.382026634673881,6.3241748819905705,-1,-0.09220057426084605,True
Rajya Sabha,Rajasthan,Shri Mukul Wasnik (2022-28) (2022-2028),,GIRWAR CONSTRUCTION,Payment Success,"Construction of roads, link roads, pathways or any other road with or without drainage system",WS/MP146/2023-2024/11203,2023-10-05,0.01,0.004321373782642578,4.465815975724242,0.9043060886805357,-4.933611149794782,3.0,498749.67,1.3862943611198906,2.0050138579540315e-08,-1,-0.09170074031131636,True
Lok Sabha,Punjab,AMRINDER SINGH RAJA WARRING,LUDHIANA,Sekhon Enterprises,Payment Success,"Construction of roads, link roads, pathways or any other road with or without drainage system",WS/MP18157/2025-2026/187795,2026-07-02,12.0,1.1139433523068367,4.699928377134102,0.5546092002274752,-6.465787122457504,3.0,39492.0,1.3862943611198906,0.00030385900941962927,-1,-0.09105627134244854,True
Lok Sabha,Uttar Pradesh,TANUJ PUNIA,BARABANKI(SC),Praharsh Infrastructure,Payment Success,Lighting of public spaces,WS/MP18207/2024-2025/156029,2025-03-06,11953957.0,7.077511725615089,5.2394868954404945,0.5548947427641531,3.3123846533824715,26.0,2952758.730769231,3.295836866004329,4.04840289707173,-1,-0.09099116576261845,True
Lok Sabha,Uttar Pradesh,TANUJ PUNIA,BARABANKI(SC),Praharsh Infrastructure,Payment Success,Lighting of public spaces,WS/MP18207/2025-2026/238655,2025-12-18,11978268.0,7.078394061954387,5.2394868954404945,0.5548947427641531,3.3139747501545225,26.0,2952758.730769231,3.295836866004329,4.0566362145272565,-1,-0.09099116576261845,True
Lok Sabha,Uttar Pradesh,ANAND KUMAR,BAHRAICH(SC),DPS PUBLISHING HOUSE,Payment Success,Purchase of books and periodicals for libraries/digitization of library books,WS/MP18204/2025-2026/173332,2026-01-20,2196801.0,6.341790915280775,5.2394868954404945,0.5548947427641531,1.9865101160433827,117.0,263971.905982906,4.770684624465665,8.322101519933177,-1,-0.09094223964798442,True
Lok Sabha,Uttar Pradesh,PRAVEEN PATEL,PHULPUR,Sunny Enterprises,Payment Success,Lighting of public spaces,WS/MP18233/2025-2026/218164,2025-10-13,10471626.0,7.0200141642219585,5.2394868954404945,0.5548947427641531,3.208765792070662,24.0,2594634.0833333335,3.2188758248682006,4.0358777629819285,-1,-0.0904968327455482,True
Lok Sabha,Punjab,DR DHARAMVIRA GANDHI,PATIALA,GOYAL PAINT AND HARDWARE STORE,Payment Success,Construction of toilet blocks,WS/MP18158/2025-2026/191103,2025-11-13,20.0,1.3222192947339193,4.699928377134102,0.5546092002274752,-6.090250722517407,5.0,8104.0,1.791759469228055,0.0024679170779861796,-1,-0.09017859734614608,True
Rajya Sabha,Uttar Pradesh,Smt. Seema Dwivedi (2020-26) (2020-2026),,EXECUTIVE ENGINEER,Payment Success,Improvement of electricity distribution infrastructure,WS/MP202/2024-2025/143792,2025-06-19,1638800.0,6.21452622028864,5.2394868954404945,0.5548947427641531,1.7571608626008672,106.0,28830.83962264151,4.672828834461906,56.84191031027113,-1,-0.08999681677463522,True
Lok Sabha,Uttar Pradesh,PRAVEEN PATEL,PHULPUR,Sunny Enterprises,Payment Success,Lighting of public spaces,WS/MP18233/2025-2026/180308,2025-11-26,9912140.0,6.996167471241939,5.2394868954404945,0.5548947427641531,3.165790627337203,24.0,2594634.0833333335,3.2188758248682006,3.8202458156511407,-1,-0.08985344935012884,True
Lok Sabha,West Bengal,JAGADISH CHANDRA BARMA BASUNIA,COOCHBEHAR(SC),TIRUPATI CONSTRUCTION,Payment Success,Construction of community centers and community halls,WS/MP18271/2025-2026/196965,2025-12-08,4898435.0,6.69005743819313,5.595904606090499,0.4383067199146974,2.4963177208772294,19.0,1020939.5789473684,2.995732273553991,4.797967579090716,-1,-0.08953583669497611,True
Lok Sabha,Uttar Pradesh,RAJEEV RAI,GHOSI,ATIFICAL LIMBS MANUFACTURING CORPORATION OF INDIA,Payment Success,"Purchase of prosthetics, wheel chairs, tricycles (manual or motorized), elect scooties, hearing aids",WS/MP18352/2025-2026/251224,2025-12-08,2295000.0,6.360782879108307,5.2394868954404945,0.5548947427641531,2.0207363617867204,13.0,221153.84615384616,2.6390573296152584,10.377391304347826,-1,-0.08861057537913242,True
Rajya Sabha,Uttar Pradesh,Prof. Ram Gopal Yadav (2020-26) (2020-2026),,Pradeep Kumar,Payment Success,"Construction of roads, link roads, pathways or any other road with or without drainage system",WS/MP183/2025-2026/194332,2025-07-31,6635995.0,6.821906115571363,5.2394868954404945,0.5548947427641531,2.851746643423228,42.0,1623768.857142857,3.7612001156935624,4.086785487237716,-1,-0.08848759419310326,True
Rajya Sabha,Andhra Pradesh,Shri V. Vijayendra Prasad (2022-28) (2022-2028),,GOLLA SURESH KUMAR,Payment Success,Construction of community centers and community halls,WS/MP840/2023-2024/87025,2025-07-03,4096294.0,6.612391225374708,5.60773170892532,0.3625772186175567,2.7708842830224656,23.0,903903.6086956522,3.1780538303479458,4.53178188536167,-1,-0.08791545338970363,True
Rajya Sabha,Uttar Pradesh,Smt. Darshana Singh (2022-28) (2022-2028),,BIHARI JI MAHADEV ASSOCIATES,Payment Success,Lighting of public spaces,WS/MP203/2024-2025/155319,2024-12-20,3172000.0,6.501333315560577,5.2394868954404945,0.5548947427641531,2.2740284289491,193.0,649899.8445595854,5.267858159063328,4.880752052109743,-1,-0.08790833430919442,True
Lok Sabha,Uttar Pradesh,UTKARSH VERMA MADHUR,KHERI,Shiv kumar thekedar,Payment Success,Lighting of public spaces,WS/MP18226/2025-2026/259852,2026-05-12,1613416.0,6.207746628637252,5.2394868954404945,0.5548947427641531,1.7449430650098927,294.0,117241.88775510204,5.68697535633982,13.76142973209495,-1,-0.08779080543481033,True
Rajya Sabha,Tamil Nadu,Shri R. Dharmar (2022-28) (2022-2028),,IRULANDI R,Payment Success,"Construction of roads, link roads, pathways or any other road with or without drainage system",WS/MP015/2023-2024/5144,2023-09-15,1.0,0.3010299956639812,5.7177282197633845,0.4497060558405531,-12.044975053704718,15.0,604253.1333333333,2.772588722239781,1.6549355639805262e-06,-1,-0.08712852639098911,True
Rajya Sabha,Himachal Pradesh,Dr. Sikander Kumar (2022-28) (2022-2028),,Nek Mohammad,Payment Success,"Construction of roads, link roads, pathways or any other road with or without drainage system",WS/MP078/2024-2025/160557,2025-07-08,869.0,2.9395192526186187,5.0357558139091765,0.3981897135113444,-5.26441665909794,4.0,360.25,1.6094379124341003,2.4122137404580153,-1,-0.08707706493855871,True
Lok Sabha,West Bengal,ARUP CHAKRABORTY,BANKURA,GOPAL CHANDRA CHOWDHURY,Payment Success,Installing community drinking water plants,WS/MP18247/2025-2026/207623,2026-02-24,5096668.0,6.707286429519386,5.595904606090499,0.4383067199146974,2.535625791101681,37.0,1143382.4864864864,3.6375861597263857,4.457535479366674,-1,-0.0869019528349938,True
Lok Sabha,Uttar Pradesh,PRIYA SAROJ,MACHHLISHAHR(SC),BHAGWATI CHAND,Payment Success,"Construction of roads, link roads, pathways or any other road with or without drainage system",WS/MP18228/2024-2025/140103,2025-03-24,1116465.0,6.0478455019374895,5.2394868954404945,0.5548947427641531,1.4567782755883338,789.0,44727.334600760456,6.672032945461067,24.96158132304664,-1,-0.0865672846424329,True
Rajya Sabha,Uttar Pradesh,Smt. Darshana Singh (2022-28) (2022-2028),,RMK ENTERPRISES,Payment Success,Street lights,WS/MP203/2023-2024/57459,2024-01-17,3416000.0,6.533517989152336,5.2394868954404945,0.5548947427641531,2.332029831938493,165.0,752549.0303030303,5.111987788356544,4.539239122565174,-1,-0.08641143141812802,True
Lok Sabha,Uttar Pradesh,Shri Arun Kumar Sagar,SHAHJAHANPUR(SC),RMK ENTERPRISES,Payment Success,Lighting of public spaces,WS/MP492/2024-2025/134984,2024-09-05,3402000.0,6.53173443693511,5.2394868954404945,0.5548947427641531,2.328815614754993,165.0,752549.0303030303,5.111987788356544,4.520635683538268,-1,-0.08641143141812802,True
Lok Sabha,Punjab,Smt Harsimrat Kaur Badal,BHATINDA,JAI LAKSHMI CEMENT STORE,Payment Success,Construction of community centers and community halls,WS/MP716/2025-2026/210099,2025-11-20,33.0,1.5314789170422551,4.699928377134102,0.5546092002274752,-5.712940677493799,6.0,40438.0,1.9459101490553132,0.0008160640981255255,-1,-0.08607246853656747,True
Lok Sabha,Uttar Pradesh,AKSHAYA YADAV,FIROZABAD,MS RAJ KAMAL CONSTRUCTIONS,Payment Success,"Construction of roads, link roads, pathways or any other road with or without drainage system",WS/MP18217/2025-2026/197245,2025-08-25,5171812.0,6.713642813475114,5.2394868954404945,0.5548947427641531,2.656640628259079,75.0,1265558.32,4.330733340286331,4.086585278819864,-1,-0.08595365144703082,True
Lok Sabha,Uttar Pradesh,UTKARSH VERMA MADHUR,KHERI,Shiv kumar thekedar,Payment Success,Lighting of public spaces,WS/MP18226/2025-2026/259849,2026-05-14,1505855.0,6.17778344371364,5.2394868954404945,0.5548947427641531,1.6909451035688574,294.0,117241.88775510204,5.68697535633982,12.844001651913604,-1,-0.08555003108124959,True
Rajya Sabha,Uttar Pradesh,Smt. Geeta alias Chandraprabha (2020-26) (2020-2026),,RAHISH WARSI,Payment Success,Lighting of public spaces,WS/MP849/2025-2026/191284,2025-06-20,2518267.0,6.401101946870983,5.2394868954404945,0.5548947427641531,2.093397111034101,218.0,458112.4236238532,5.389071729816501,5.497050222038287,-1,-0.08554768177080363,True
Lok Sabha,Uttar Pradesh,Shri Arun Kumar Sagar,SHAHJAHANPUR(SC),SHRI GURU KRIPA NARSINGH ASSOCIATES,Payment Success,Lighting of public spaces,WS/MP492/2026-2027/282269,2026-06-16,5241600.0,6.719463958599625,5.2394868954404945,0.5548947427641531,2.6671311675918417,133.0,1279451.2030075188,4.897839799950911,4.096756474712696,-1,-0.08547422303478369,True
Rajya Sabha,Gujarat,Shri Mayankkumar Nayak (2024-30) (2024-2030),,ASH HOSPICA PRIVATE LIMITED,Payment Success,"Purchase of ambulances (Four, three and two wheelers)",WS/MP18403/2025-2026/219864,2026-08-18,200.0,2.303196057420489,5.406212311570647,0.33663521492486204,-9.217741093553625,2.0,3086.5,1.0986122886681098,0.06479831524380367,-1,-0.0854088503450986,True
Lok Sabha,West Bengal,ARUP CHAKRABORTY,BANKURA,RAIMOND SOLAR PVT LTD,Payment Success,Street lights,WS/MP18247/2024-2025/145108,2025-09-16,4020731.0,6.604305126373228,5.595904606090499,0.4383067199146974,2.300673191775347,9.0,782612.7777777778,2.302585092994046,5.1375739243829255,-1,-0.0852670328980012,True
Rajya Sabha,Andhra Pradesh,Shri V. Vijayendra Prasad (2022-28) (2022-2028),,GOLLA SURESH KUMAR,Payment Success,Construction of community centers and community halls,WS/MP840/2023-2024/87030,2025-08-20,4022275.0,6.6044718676442296,5.60773170892532,0.3625772186175567,2.7490424316213393,23.0,903903.6086956522,3.1780538303479458,4.449893729049505,-1,-0.08471594991154374,True
Rajya Sabha,Uttar Pradesh,Shri Javed Ali Khan (2022-28) (2022-2028),,COMPUTER SOLUTIONS,Payment Success,Lighting of public spaces,WS/MP187/2025-2026/194547,2025-06-23,3402000.0,6.53173443693511,5.2394868954404945,0.5548947427641531,2.328815614754993,102.0,738529.4117647059,4.634728988229636,4.606451612903226,-1,-0.08462060004243621,True
Lok Sabha,Assam,AMARSING TISSO,Diphu (ST),ATHIK TISSO,Payment Success,"Construction of roads, link roads, pathways or any other road with or without drainage system",WS/MP18019/2024-2025/137586,2025-01-04,1999971.0,6.301023915498673,5.2644782788065365,0.4600527957855902,2.253101483541953,20.0,268953.65,3.044522437723423,7.436117710244869,-1,-0.08450228037496232,True
Lok Sabha,Assam,AMARSING TISSO,Diphu (ST),Sarmindar Terang,Payment Success,Construction of boundary walls of existing public and community buildings,WS/MP18019/2024-2025/137730,2024-12-24,1983350.0,6.297399579497127,5.2644782788065365,0.4600527957855902,2.245223396429458,20.0,267519.2,3.044522437723423,7.413860388338482,-1,-0.08450228037496232,True
Rajya Sabha,Uttar Pradesh,Shri Ramji (2020-26) (2020-2026),,BALAJI SUPPLIER,Payment Success,Lighting of public spaces,WS/MP198/2023-2024/56888,2024-01-29,2263995.0,6.354875655210818,5.2394868954404945,0.5548947427641531,2.0100906961455878,158.0,394371.7088607595,5.0689042022202315,5.740764231136435,-1,-0.08389209853317137,True
Lok Sabha,Madhya Pradesh,Shri Anil Firojiya,UJJAIN(SC),NATIONAL ENGINEERING WORKS,Payment Success,"Purchase of prosthetics, wheel chairs, tricycles (manual or motorized), elect scooties, hearing aids",WS/MP360/2025-2026/206801,2026-05-25,1779650.0,6.250334842963402,5.188665529226982,0.4692888662406491,2.2622938452411554,132.0,312437.7121212121,4.890349128221754,5.696015336681168,-1,-0.08388388196396335,True
Lok Sabha,West Bengal,JAGADISH CHANDRA BARMA BASUNIA,COOCHBEHAR(SC),B PAUL AND CO,Payment Success,"Construction of Government office buildings (Post office, Police station, Police chauki, etc.)",WS/MP18271/2025-2026/167570,2025-12-19,2418642.0,6.383571769737686,5.595904606090499,0.4383067199146974,1.7970684177520297,103.0,313240.4077669903,4.6443908991413725,7.721360143928659,-1,-0.08380951014579219,True
Lok Sabha,Uttar Pradesh,VIRENDRA SINGH,CHANDAULI,RMK ENTERPRISES,Payment Success,Lighting of public spaces,WS/MP18210/2025-2026/244721,2025-11-26,3326400.0,6.521974602547283,5.2394868954404945,0.5548947427641531,2.311226991840297,165.0,752549.0303030303,5.111987788356544,4.420177112792973,-1,-0.08353732248432089,True
Rajya Sabha,Odisha,Shri Subhasish Khuntia (2024-30) (2024-2030),,EMF,Payment Success,Construction of community centers and community halls,WS/MP18283/2025-2026/238264,2026-07-17,1.0,0.3010299956639812,4.463319681510083,1.1908092186143866,-3.4953455354412686,158.0,190.0126582278481,5.0689042022202315,0.005262807274665245,-1,-0.08329298054367884,True
Rajya Sabha,Odisha,Shri Subhasish Khuntia (2024-30) (2024-2030),,EMF,Payment Success,Construction of community centers and community halls,WS/MP18283/2025-2026/238244,2026-07-29,1.0,0.3010299956639812,4.463319681510083,1.1908092186143866,-3.4953455354412686,158.0,190.0126582278481,5.0689042022202315,0.005262807274665245,-1,-0.08329298054367884,True
Lok Sabha,Gujarat,DR. HEMANG JOSHI,VADODARA,NEELAM CONSTRUCTION,Payment Success,"Construction of roads, link roads, pathways or any other road with or without drainage system",WS/MP18058/2025-2026/161044,2025-10-16,4912179.0,6.691274272541591,5.406212311570647,0.33663521492486204,3.8173723484566935,4.0,1485277.0,1.6094379124341003,3.3072477389739423,-1,-0.08300183251587001,True
Lok Sabha,Punjab,DR DHARAMVIRA GANDHI,PATIALA,Karanveer Singh,Payment Success,Setting up of kitchen and pantries,WS/MP18158/2025-2026/237229,2026-07-30,200.0,2.303196057420489,4.699928377134102,0.5546092002274752,-4.32147955484796,2.0,9100.0,1.0986122886681098,0.02197802197802198,-1,-0.08292315715574672,True
Lok Sabha,Uttar Pradesh,KISHORI LAL,AMETHI,AADI AND RUDRANSH CONSTRUCTION COMPANY,Payment Success,Setting up public non-conventional energy plants,WS/MP18200/2025-2026/203486,2025-11-13,5337652.0,6.727350336951749,5.2394868954404945,0.5548947427641531,2.6813435537334707,46.0,1385226.3043478262,3.8501476017100584,3.8532707495133818,-1,-0.08273423197627783,True
Rajya Sabha,Odisha,Smt. Sulata Deo (2022-28) (2022-2028),,EMF,Payment Success,Construction of culverts and bridges,WS/MP138/2025-2026/257485,2026-06-11,943.0,2.974971994298069,4.463319681510083,1.1908092186143866,-1.2498624162011784,158.0,190.0126582278481,5.0689042022202315,4.962827260009326,-1,-0.08272420983387152,True
Lok Sabha,Uttar Pradesh,Shri Arun Kumar Sagar,SHAHJAHANPUR(SC),SHRI GURU KRIPA NARSINGH ASSOCIATES,Payment Success,Lighting of public spaces,WS/MP492/2026-2027/282269,2026-07-01,4992000.0,6.698274663672453,5.2394868954404945,0.5548947427641531,2.6289450157072163,133.0,1279451.2030075188,4.897839799950911,3.90167283305971,-1,-0.08228570611381647,True
Lok Sabha,Uttar Pradesh,Ashok Kumar Rawat,MISRIKH(SC),SHRI GURU KRIPA NARSINGH ASSOCIATES,Payment In-Progress,Lighting of public spaces,WS/MP507/2026-2027/290535,2026-08-24,4945004.0,6.6941667350578316,5.2394868954404945,0.5548947427641531,2.6215419385143095,133.0,1279451.2030075188,4.897839799950911,3.864941459569631,-1,-0.08228570611381647,True
Lok Sabha,Uttar Pradesh,TANUJ PUNIA,BARABANKI(SC),Praharsh Infrastructure,Payment Success,Lighting of public spaces,WS/MP18207/2025-2026/195449,2025-07-16,9866200.0,6.994149958916682,5.2394868954404945,0.5548947427641531,3.162154780446302,26.0,2952758.730769231,3.295836866004329,3.3413498695945707,-1,-0.0821542787334213,True
Rajya Sabha,Uttar Pradesh,Shri Javed Ali Khan (2022-28) (2022-2028),,HIDAYA QIRAT ENTERPRISES,Payment Success,Lighting of public spaces,WS/MP187/2026-2027/283439,2026-06-15,2496000.0,6.397244755006538,5.2394868954404945,0.5548947427641531,2.0864458974665854,390.0,562991.2692307692,5.968707559985366,4.433461292233456,-1,-0.08209135990508643,True
Rajya Sabha,Odisha,Smt. Sulata Deo (2022-28) (2022-2028),,EMF,Payment Success,Construction of culverts and bridges,WS/MP138/2025-2026/257484,2026-06-11,948.0,2.977266212427293,4.463319681510083,1.1908092186143866,-1.247935811927915,158.0,190.0126582278481,5.0689042022202315,4.989141296382653,-1,-0.08208783507706985,True
Rajya Sabha,Bihar,Shri Satish Chandra Dubey (2022-28) (2022-2028),,ASSISTANT ENGINEER BAGAHA LEGISLATIVE,Payment Success,Construction of public toilets and bathrooms,WS/MP052/2024-2025/93013,2025-07-28,5.0,0.7781512503836436,5.736858468527226,0.41014968640951016,-12.089993927711081,35.0,675948.4285714285,3.58351893845611,7.397014015650814e-06,-1,-0.08207504693842504,True
Lok Sabha,Bihar,Sunil Kumar,VALMIKI NAGAR,ASSISTANT ENGINEER BAGAHA LEGISLATIVE,Payment Success,Construction of common work sheds/ common covered sitting area,WS/MP555/2024-2025/155618,2025-07-28,5.0,0.7781512503836436,5.736858468527226,0.41014968640951016,-12.089993927711081,35.0,675948.4285714285,3.58351893845611,7.397014015650814e-06,-1,-0.08207504693842504,True
Rajya Sabha,Karnataka,Dr. Syed Naseer Hussain (2024-30) (2024-2030),,KRIDL BHUSIRI ACCOUNT WORKS,Payment Success,"Construction of Government office buildings (Post office, Police station, Police chauki, etc.)",WS/MP18296/2025-2026/199782,2025-09-22,3075000.0,6.487845261345391,5.330132366384682,0.5548164189387811,2.0866593983918347,355.0,701098.1633802817,5.87493073085203,4.3859764018980805,-1,-0.08206176125108622,True
Lok Sabha,Uttar Pradesh,PRIYA SAROJ,MACHHLISHAHR(SC),BHAGWATI CHAND,Payment Success,Street lights,WS/MP18228/2025-2026/262519,2026-08-11,981095.0,5.991711505066398,5.2394868954404945,0.5548947427641531,1.3556167533301384,789.0,44727.334600760456,6.672032945461067,21.935020469190206,-1,-0.08191428938141976,True
Lok Sabha,Maharashtra,Nitin Jairam Gadkari,NAGPUR,Spectrum Services,Payment Success,Purchase of furniture and fixtures for educational purposes,WS/MP672/2025-2026/226219,2026-04-06,9998850.0,6.99995009669703,5.831568883890033,0.3608432492891356,3.2379189997560394,4.0,3159571.5,1.6094379124341003,3.164622164746074,-1,-0.0815730150875782,True
Rajya Sabha,West Bengal,Shri Nagendra Ray (2023-29) (2023-2029),,TIRUPATI CONSTRUCTION,Payment Success,Construction of additional rooms and halls in the existing public and community building,WS/MP888/2025-2026/183657,2025-10-09,4612889.0,6.663973098449021,5.595904606090499,0.4383067199146974,2.436806108212049,19.0,1020939.5789473684,2.995732273553991,4.518278157808401,-1,-0.08153836599797215,True
Lok Sabha,Uttar Pradesh,RAM PRASAD CHAUDHARY,BASTI,JAI CONSTRUCTION,Payment Success,"Construction of roads, link roads, pathways or any other road with or without drainage system",WS/MP18208/2025-2026/194589,2025-10-17,3665080.0,6.564083577193875,5.2394868954404945,0.5548947427641531,2.387113410292975,156.0,846926.5128205129,5.056245805348308,4.3275065126892915,-1,-0.08135708636847061,True
Rajya Sabha,Uttar Pradesh,Shri Arun Singh (2020-26) (2020-2026),,Prayag Enterprises,Payment Success,Installing community drinking water plants,WS/MP186/2024-2025/141231,2026-02-26,1947850.0,6.289555732649005,5.2394868954404945,0.5548947427641531,1.8923748168485006,36.0,217719.27777777778,3.6109179126442243,8.946612444618413,-1,-0.08118460808160877,True
Lok Sabha,Odisha,Shri Bhartruhari Mahtab,CUTTACK,EMF,Payment Success,Construction of community centers and community halls,WS/MP372/2025-2026/185708,2025-09-23,2.0,0.47712125471966244,4.463319681510083,1.1908092186143866,-3.3474702450059297,158.0,190.0126582278481,5.0689042022202315,0.01052561454933049,-1,-0.0810663852387763,True
Lok Sabha,Uttar Pradesh,UTKARSH VERMA MADHUR,KHERI,Shiv kumar thekedar,Payment Success,"Construction of roads, link roads, pathways or any other road with or without drainage system",WS/MP18226/2025-2026/222402,2025-12-09,1332742.0,6.124746410147025,5.2394868954404945,0.5548947427641531,1.5953647538570972,294.0,117241.88775510204,5.68697535633982,11.367455996476846,-1,-0.08095517230340388,True
Lok Sabha,Bihar,Ramprit Mandal,JHANJHARPUR,Gyan Ganga,Payment Success,Purchase of books and periodicals for libraries/digitization of library books,WS/MP423/2025-2026/189532,2025-12-24,2500000.0,6.397940182389796,5.736858468527226,0.41014968640951016,1.6118059717410567,184.0,355990.45652173914,5.220355825078324,7.022660170237832,-1,-0.08034681052395942,True
Lok Sabha,Uttar Pradesh,CHANDRA SHEKHAR,NAGINA(SC),MAKSUD AHMAD CONTRACTOR,Payment Success,"Construction of roads, link roads, pathways or any other road with or without drainage system",WS/MP18404/2025-2026/222674,2025-10-27,1441240.0,6.1587366083079305,5.2394868954404945,0.5548947427641531,1.6566199713630099,198.0,125588.0101010101,5.293304824724492,11.47593626844485,-1,-0.08023063402749597,True
Lok Sabha,Uttar Pradesh,CHANDRA SHEKHAR,NAGINA(SC),MAKSUD AHMAD CONTRACTOR,Payment Success,"Construction of roads, link roads, pathways or any other road with or without drainage system",WS/MP18404/2024-2025/144132,2024-12-19,1452418.0,6.162091921555358,5.2394868954404945,0.5548947427641531,1.6626667276013425,198.0,125588.0101010101,5.293304824724492,11.564941580265696,-1,-0.08023063402749597,True
Lok Sabha,Odisha,Smt Aparajita Sarangi,BHUBANESWAR,EMF,Payment Success,Installing community drinking water plants,WS/MP300/2024-2025/179263,2026-05-25,3.0,0.6020599913279624,4.463319681510083,1.1908092186143866,-3.242551056730181,158.0,190.0126582278481,5.0689042022202315,0.015788421823995737,-1,-0.080114280125825,True
Lok Sabha,Odisha,Smt Aparajita Sarangi,BHUBANESWAR,EMF,Payment Success,Installing community drinking water plants,WS/MP300/2024-2025/179268,2026-06-30,3.0,0.6020599913279624,4.463319681510083,1.1908092186143866,-3.242551056730181,158.0,190.0126582278481,5.0689042022202315,0.015788421823995737,-1,-0.080114280125825,True
Lok Sabha,Odisha,Smt Aparajita Sarangi,BHUBANESWAR,EMF,Payment Success,Installing community drinking water plants,WS/MP300/2024-2025/179262,2026-05-25,3.0,0.6020599913279624,4.463319681510083,1.1908092186143866,-3.242551056730181,158.0,190.0126582278481,5.0689042022202315,0.015788421823995737,-1,-0.080114280125825,True
Rajya Sabha,Jammu And Kashmir,Shri Gulam Ali (2022-28) (2022-2028),,COMPUTER SOLUTIONS,Payment Success,Lighting of public spaces,WS/MP839/2025-2026/191381,2025-05-26,3159000.0,6.4995497633835955,5.368253220391357,0.4197357532673082,2.695258943718749,102.0,738529.4117647059,4.634728988229636,4.27741935483871,-1,-0.07989599752605703,True
Lok Sabha,Punjab,AMRINDER SINGH RAJA WARRING,LUDHIANA,Sekhon Enterprises,Payment Success,"Construction of roads, link roads, pathways or any other road with or without drainage system",WS/MP18157/2025-2026/187796,2026-06-19,228.0,2.359835482339888,4.699928377134102,0.5546092002274752,-4.219354626346651,3.0,39492.0,1.3862943611198906,0.005773321178972957,-1,-0.07946081975639296,True
Lok Sabha,Punjab,DR. RAJ KUMAR CHABBEWAL,HOSHIARPUR(SC),Ms Kissan Bhalai Kendra Dasuya,Payment Success,Construction of community centers and community halls,WS/MP18155/2024-2025/141708,2025-02-16,208.0,2.3201462861110542,4.699928377134102,0.5546092002274752,-4.290917081878502,5.0,26212.0,1.791759469228055,0.007935296810621089,-1,-0.07923062235043998,True
Lok Sabha,Punjab,DR DHARAMVIRA GANDHI,PATIALA,MITTAL BATH CARE,Payment Success,Construction of toilet blocks,WS/MP18158/2025-2026/176961,2026-01-27,205.0,2.3138672203691533,4.699928377134102,0.5546092002274752,-4.302238685882412,3.0,10779.0,1.3862943611198906,0.019018461823916876,-1,-0.07914403226237299,True
Lok Sabha,Uttar Pradesh,Shri Arun Kumar Sagar,SHAHJAHANPUR(SC),SHRI GURU KRIPA NARSINGH ASSOCIATES,Payment Success,Lighting of public spaces,WS/MP492/2026-2027/282269,2026-06-16,4742400.0,6.675998273540146,5.2394868954404945,0.5548947427641531,2.588799762174377,133.0,1279451.2030075188,4.897839799950911,3.7065891914067244,-1,-0.07911153885200417,True
Rajya Sabha,Uttar Pradesh,Smt. Darshana Singh (2022-28) (2022-2028),,HIDAYA QIRAT ENTERPRISES,Payment Success,Lighting of public spaces,WS/MP203/2024-2025/136216,2024-10-15,2440000.0,6.387390004328235,5.2394868954404945,0.5548947427641531,2.0686862217680684,390.0,562991.2692307692,5.968707559985366,4.333992609394885,-1,-0.07896503668997001,True
Lok Sabha,Punjab,DR DHARAMVIRA GANDHI,PATIALA,RANA BUILDING MATERIAL STORE,Payment Success,Construction of toilet blocks,WS/MP18158/2024-2025/141790,2025-03-18,100.0,2.0043213737826426,4.699928377134102,0.5546092002274752,-4.86037195604733,8.0,6436.625,2.1972245773362196,0.015536092284388169,-1,-0.07841081612549439,True
Rajya Sabha,Karnataka,Shri Jaggesh (2022-28) (2022-2028),,KRIDL BHUSIRI ACCOUNT WORKS,Payment Success,"Construction of roads, link roads, pathways or any other road with or without drainage system",WS/MP084/2024-2025/133781,2024-11-21,3000000.0,6.477121399484465,5.330132366384682,0.5548164189387811,2.067330731296082,355.0,701098.1633802817,5.87493073085203,4.279001367705444,-1,-0.07798634556957018,True
Rajya Sabha,Karnataka,Shri Jairam Ramesh (2022-28) (2022-2028),,KRIDL BHUSIRI ACCOUNT WORKS,Payment Success,"Construction of roads, link roads, pathways or any other road with or without drainage system",WS/MP833/2024-2025/74904,2024-07-15,3000000.0,6.477121399484465,5.330132366384682,0.5548164189387811,2.067330731296082,355.0,701098.1633802817,5.87493073085203,4.279001367705444,-1,-0.07798634556957018,True
Rajya Sabha,Karnataka,Dr. Syed Naseer Hussain (2024-30) (2024-2030),,KRIDL BHUSIRI ACCOUNT WORKS,Payment Success,"Construction of roads, link roads, pathways or any other road with or without drainage system",WS/MP18296/2024-2025/155205,2025-08-01,3000000.0,6.477121399484465,5.330132366384682,0.5548164189387811,2.067330731296082,355.0,701098.1633802817,5.87493073085203,4.279001367705444,-1,-0.07798634556957018,True
Rajya Sabha,Karnataka,Shri Jairam Ramesh (2022-28) (2022-2028),,KRIDL BHUSIRI ACCOUNT WORKS,Payment Success,"Construction of roads, link roads, pathways or any other road with or without drainage system",WS/MP833/2023-2024/16098,2024-04-29,3000000.0,6.477121399484465,5.330132366384682,0.5548164189387811,2.067330731296082,355.0,701098.1633802817,5.87493073085203,4.279001367705444,-1,-0.07798634556957018,True
Rajya Sabha,Himachal Pradesh,Dr. Sikander Kumar (2022-28) (2022-2028),,Nek Mohammad,Payment Success,"Construction of roads, link roads, pathways or any other road with or without drainage system",WS/MP078/2025-2026/266762,2026-07-01,77.0,1.8920946026904804,5.0357558139091765,0.3981897135113444,-7.894883028235569,4.0,360.25,1.6094379124341003,0.21374045801526717,-1,-0.07783010546595004,True
Rajya Sabha,West Bengal,Smt. Sagarika Ghose (2024-30) (2024-2030),,FORCE MOTORS LIMITED,Payment Success,"Purchase of vehicle for mobile dispensaries (Four, three and two wheelers)",WS/MP18299/2024-2025/171164,2025-07-30,19322448.0,7.286062169687229,5.595904606090499,0.4383067199146974,3.8561068922823414,26.0,6240400.5,3.295836866004329,3.096347421932294,-1,-0.07754602783877018,True
Lok Sabha,,,,,,,,,27386043606.45,10.437529295358686,,,0.0,,,0.6931471805599453,27386043606.45,-1,-0.07717922854996295,True
Rajya Sabha,,,,,,,,,12338501715.69,10.09126242584959,,,0.0,,,0.6931471805599453,12338501715.69,-1,-0.07717922854996295,True
Lok Sabha,Uttar Pradesh,UTKARSH VERMA MADHUR,KHERI,Shiv kumar thekedar,Payment Success,Lighting of public spaces,WS/MP18226/2025-2026/259851,2026-05-12,1290732.0,6.110836413746521,5.2394868954404945,0.5548947427641531,1.5702969431021923,294.0,117241.88775510204,5.68697535633982,11.00913696217614,-1,-0.0769685916243582,True
Lok Sabha,Uttar Pradesh,Ashok Kumar Rawat,MISRIKH(SC),SHRI GURU KRIPA NARSINGH ASSOCIATES,Payment In-Progress,Lighting of public spaces,WS/MP507/2026-2027/290535,2026-08-24,4709528.0,6.6729774755090885,5.2394868954404945,0.5548947427641531,2.583355850386693,133.0,1279451.2030075188,4.897839799950911,3.680896925908259,-1,-0.07689065429062647,True
Lok Sabha,Assam,AMARSING TISSO,Diphu (ST),James Phangcho,Payment Success,Construction of community centers and community halls,WS/MP18019/2025-2026/206785,2025-08-28,5000000.0,6.698970091194907,5.2644782788065365,0.4600527957855902,3.1181025863321175,13.0,1338461.1538461538,2.6390573296152584,3.735633257365879,-1,-0.0767576211227109,True
Rajya Sabha,Uttar Pradesh,Prof. Ram Gopal Yadav (2020-26) (2020-2026),,R S Contractor,Payment Success,"Construction of roads, link roads, pathways or any other road with or without drainage system",WS/MP183/2023-2024/119974,2024-06-29,5074508.0,6.705394027096272,5.2394868954404945,0.5548947427641531,2.6417751308176154,11.0,1274885.0,2.4849066497880004,3.980365287849492,-1,-0.07646403915340472,True
Rajya Sabha,Uttar Pradesh,Smt. Darshana Singh (2022-28) (2022-2028),,HIDAYA QIRAT ENTERPRISES,Payment Success,Installation of multi-gym equipment,WS/MP203/2025-2026/217604,2025-08-06,2370000.0,6.374748529256682,5.2394868954404945,0.5548947427641531,2.045904468586231,390.0,562991.2692307692,5.968707559985366,4.209656755846671,-1,-0.07643651892252257,True
Rajya Sabha,Uttar Pradesh,Smt. Darshana Singh (2022-28) (2022-2028),,HIDAYA QIRAT ENTERPRISES,Payment Success,Installation of multi-gym equipment,WS/MP203/2025-2026/217604,2025-10-03,2370000.0,6.374748529256682,5.2394868954404945,0.5548947427641531,2.045904468586231,390.0,562991.2692307692,5.968707559985366,4.209656755846671,-1,-0.07643651892252257,True
Lok Sabha,Uttar Pradesh,VIRENDRA SINGH,CHANDAULI,HIDAYA QIRAT ENTERPRISES,Payment Success,Lighting of public spaces,WS/MP18210/2025-2026/212736,2025-10-03,2376000.0,6.37584661909299,5.2394868954404945,0.5548947427641531,2.0478833841384634,390.0,562991.2692307692,5.968707559985366,4.220314114722233,-1,-0.07643651892252257,True
Lok Sabha,West Bengal,Shri Deepak (Dev) Adhikari,GHATAL,DUTTA ENTERPRISE,Payment Success,Lighting of public spaces,WS/MP249/2025-2026/188831,2025-07-04,5999949.0,6.778147631247881,5.595904606090499,0.4383067199146974,2.697296143183634,16.0,1531414.625,2.833213344056216,3.9179128252089144,-1,-0.07553357442984154,True
Rajya Sabha,Rajasthan,Shri Chunnilal Garasiya (2024-30) (2024-2030),,BIHARI JI MAHADEV ASSOCIATES,Payment Success,Street lights,WS/MP18285/2024-2025/176063,2025-03-09,2916000.0,6.464787668580919,4.465815975724242,0.9043060886805357,2.210503410159891,193.0,649899.8445595854,5.267858159063328,4.486845203011353,-1,-0.07496077415076763,True
Lok Sabha,Madhya Pradesh,DR. LATA WANKHEDE,SAGAR,MANISH FEBRICATION,Payment Success,Construction of bus-sheds or bus-stops,WS/MP18108/2025-2026/203467,2025-08-14,2599420.0,6.414876623160089,5.188665529226982,0.4692888662406491,2.6129132441516574,28.0,589962.2142857143,3.367295829986474,4.406078791244621,-1,-0.0746542978762803,True
Lok Sabha,Madhya Pradesh,DR. LATA WANKHEDE,SAGAR,MANISH FEBRICATION,Payment Success,Construction of bus-sheds or bus-stops,WS/MP18108/2025-2026/162329,2025-06-26,2599420.0,6.414876623160089,5.188665529226982,0.4692888662406491,2.6129132441516574,28.0,589962.2142857143,3.367295829986474,4.406078791244621,-1,-0.0746542978762803,True
Lok Sabha,Madhya Pradesh,DR. LATA WANKHEDE,SAGAR,MANISH FEBRICATION,Payment Success,Construction of bus-sheds or bus-stops,WS/MP18108/2024-2025/143811,2024-11-14,2599420.0,6.414876623160089,5.188665529226982,0.4692888662406491,2.6129132441516574,28.0,589962.2142857143,3.367295829986474,4.406078791244621,-1,-0.0746542978762803,True
Lok Sabha,Madhya Pradesh,DR. LATA WANKHEDE,SAGAR,MANISH FEBRICATION,Payment Success,Construction of bus-sheds or bus-stops,WS/MP18108/2025-2026/205872,2025-08-14,2599420.0,6.414876623160089,5.188665529226982,0.4692888662406491,2.6129132441516574,28.0,589962.2142857143,3.367295829986474,4.406078791244621,-1,-0.0746542978762803,True
Lok Sabha,Uttar Pradesh,ANAND BHADAURIYA,DHAURAHRA,MANNAT CONSTRUCTION,Payment Success,Lighting of public spaces,WS/MP18212/2025-2026/260606,2026-05-13,1398573.0,6.145685450286684,5.2394868954404945,0.5548947427641531,1.6330999106822515,259.0,200486.14671814672,5.560681631015528,6.975908425065312,-1,-0.0746351767081741,True
Lok Sabha,Uttar Pradesh,ANAND BHADAURIYA,DHAURAHRA,MANNAT CONSTRUCTION,Payment Success,Lighting of public spaces,WS/MP18212/2025-2026/260607,2026-06-14,1398433.0,6.145641974381347,5.2394868954404945,0.5548947427641531,1.6330215608584262,259.0,200486.14671814672,5.560681631015528,6.975210122452928,-1,-0.0746351767081741,True
Lok Sabha,Uttar Pradesh,ANAND BHADAURIYA,DHAURAHRA,MANNAT CONSTRUCTION,Payment Success,Lighting of public spaces,WS/MP18212/2025-2026/260619,2026-05-27,1398433.0,6.145641974381347,5.2394868954404945,0.5548947427641531,1.6330215608584262,259.0,200486.14671814672,5.560681631015528,6.975210122452928,-1,-0.0746351767081741,True
Lok Sabha,Punjab,MALVINDER SINGH KANG,ANANDPUR SAHIB,BABA TRADERS,Payment Success,Construction of rooms and halls in school and colleges,WS/MP18311/2024-2025/150245,2025-04-01,195.0,2.292256071356476,4.699928377134102,0.5546092002274752,-4.341205131090702,6.0,48220.333333333336,1.9459101490553132,0.004043937204913557,-1,-0.07449269355725663,True
Rajya Sabha,Uttar Pradesh,Smt. Darshana Singh (2022-28) (2022-2028),,RMK ENTERPRISES,Payment Success,Street lights,WS/MP203/2023-2024/57459,2024-01-17,3172000.0,6.501333315560577,5.2394868954404945,0.5548947427641531,2.2740284289491,165.0,752549.0303030303,5.111987788356544,4.215007756667662,-1,-0.07445934050775671,True
Lok Sabha,Odisha,SUKANTA KUMAR PANIGRAHI,KANDHAMAL,EMF,Payment Success,Construction of community centers and community halls,WS/MP18350/2025-2026/178758,2026-02-03,5.0,0.7781512503836436,4.463319681510083,1.1908092186143866,-3.0946757662948423,158.0,190.0126582278481,5.0689042022202315,0.026314036373326227,-1,-0.07404889680451454,True
Lok Sabha,Odisha,ANANTA NAYAK,KEONJHAR(ST),EMF,Payment Success,Construction of community centers and community halls,WS/MP18146/2025-2026/173484,2025-11-25,5.0,0.7781512503836436,4.463319681510083,1.1908092186143866,-3.0946757662948423,158.0,190.0126582278481,5.0689042022202315,0.026314036373326227,-1,-0.07404889680451454,True
Lok Sabha,West Bengal,ARUP CHAKRABORTY,BANKURA,GOPAL CHANDRA CHOWDHURY,Payment Success,"Purchase of ambulances (Four, three and two wheelers)",WS/MP18247/2025-2026/163356,2025-11-27,4450000.0,6.6483601085751864,5.595904606090499,0.4383067199146974,2.4011849571677,37.0,1143382.4864864864,3.6375861597263857,3.8919609602159095,-1,-0.07386777762853569,True
Rajya Sabha,Andhra Pradesh,Shri Ryaga Krishnaiah (2024-28) (2024-2028),,SRI NELCO ENTERPRISES,Payment Success,"Construction of roads, link roads, pathways or any other road with or without drainage system",WS/MP18427/2025-2026/257198,2026-02-24,3893017.0,6.590286411753765,5.60773170892532,0.3625772186175567,2.709918473573034,31.0,1027314.7741935484,3.4657359027997265,3.7895074594406126,-1,-0.07386777762853569,True
Lok Sabha,Uttarakhand,Ajay Tamta,ALMORA(SC),DMF ALMORA,Payment Success,Construction of common work sheds/ common covered sitting area,WS/MP477/2025-2026/258919,2026-07-03,85.0,1.9344984512435677,4.575890061676738,0.7785953606778007,-3.3925087970389725,2.0,605.5,1.0986122886681098,0.14037985136251033,-1,-0.07379571389336093,True
Lok Sabha,Odisha,Shri Bhartruhari Mahtab,CUTTACK,EMF,Payment Success,Construction of rooms and halls in school and colleges,WS/MP372/2025-2026/186027,2026-06-29,6.0,0.8450980400142568,4.463319681510083,1.1908092186143866,-3.0384561900737985,158.0,190.0126582278481,5.0689042022202315,0.03157684364799147,-1,-0.07366937444276878,True
Lok Sabha,Uttar Pradesh,Shri Arun Kumar Sagar,SHAHJAHANPUR(SC),SHRI GURU KRIPA NARSINGH ASSOCIATES,Payment Success,Lighting of public spaces,WS/MP492/2026-2027/282269,2026-06-15,4492800.0,6.6525171827782295,5.2394868954404945,0.5548947427641531,2.5464834651322605,133.0,1279451.2030075188,4.897839799950911,3.511505549753739,-1,-0.07340801000833508,True
Lok Sabha,Uttar Pradesh,Ashok Kumar Rawat,MISRIKH(SC),SHRI GURU KRIPA NARSINGH ASSOCIATES,Payment In-Progress,Lighting of public spaces,WS/MP507/2026-2027/290535,2026-08-24,4474051.0,6.650701027409655,5.2394868954404945,0.5548947427641531,2.5432104923887677,133.0,1279451.2030075188,4.897839799950911,3.4968516106617846,-1,-0.07340801000833508,True
Rajya Sabha,West Bengal,Shri Mohammed Nadimul Haque (2024-30) (2024-2030),,FORCE MOTORS LIMITED,Payment Success,"Purchase of vehicle for mobile dispensaries (Four, three and two wheelers)",WS/MP217/2024-2025/171179,2025-07-30,17712244.0,7.2482736108411165,5.595904606090499,0.4383067199146974,3.769892017791102,26.0,6240400.5,3.295836866004329,2.838318470104603,-1,-0.07313603294524107,True
Rajya Sabha,Uttar Pradesh,Shri Javed Ali Khan (2022-28) (2022-2028),,HIDAYA QIRAT ENTERPRISES,Payment Success,Lighting of public spaces,WS/MP187/2026-2027/283439,2026-06-23,2246400.0,6.351487283778765,5.2394868954404945,0.5548947427641531,2.0039843643119606,390.0,562991.2692307692,5.968707559985366,3.9901151630101106,-1,-0.07297467131887059,True
Rajya Sabha,Uttar Pradesh,Smt. Geeta alias Chandraprabha (2020-26) (2020-2026),,RAHISH WARSI,Payment Success,Providing CCTV camera system for security of public areas,WS/MP849/2026-2027/284210,2026-07-30,2258568.0,6.353833362934387,5.2394868954404945,0.5548947427641531,2.0082123358078445,218.0,458112.4236238532,5.389071729816501,4.9301609900334515,-1,-0.0728466606973377,True
Lok Sabha,Uttar Pradesh,Ashok Kumar Rawat,MISRIKH(SC),HARI TARA ASSOCIATES,Payment Success,Lighting of public spaces,WS/MP507/2025-2026/180315,2025-05-09,2973732.0,6.47330197231231,5.2394868954404945,0.5548947427641531,2.223511923586964,85.0,681211.7529411765,4.454347296253507,4.365356274551513,-1,-0.07169304636689344,True
Rajya Sabha,Punjab,Shri Sant Balbir Singh (2022-28) (2022-2028),,MS Lovely Cement Store,Payment Success,Renovation of ponds and lakes,WS/MP140/2025-2026/212989,2026-05-05,216.0,2.3364597338485296,4.699928377134102,0.5546092002274752,-4.261502770448427,7.0,37580.857142857145,2.0794415416798357,0.005747607064386884,-1,-0.07166687087725965,True
Lok Sabha,Madhya Pradesh,Mahendra Singh Solanky,DEWAS(SC),MPEB Dewas,Payment Success,Improvement of electricity distribution infrastructure,WS/MP653/2025-2026/208999,2025-12-16,290.0,2.4638929889859074,5.188665529226982,0.4692888662406491,-5.806173417384729,7.0,279424.85714285716,2.0794415416798357,0.0010378461063388366,-1,-0.07166687087725965,True
Lok Sabha,Madhya Pradesh,Mahendra Singh Solanky,DEWAS(SC),MPEB Dewas,Payment Success,Improvement of electricity distribution infrastructure,WS/MP653/2025-2026/209001,2025-12-16,277.0,2.444044795918076,5.188665529226982,0.4692888662406491,-5.848467608650824,7.0,279424.85714285716,2.0794415416798357,0.0009913219705374406,-1,-0.07166687087725965,True
Rajya Sabha,Jammu And Kashmir,Shri Gulam Ali (2022-28) (2022-2028),,COMPUTER SOLUTIONS,Payment Success,Lighting of public spaces,WS/MP839/2025-2026/191381,2025-05-26,2916000.0,6.464787668580919,5.368253220391357,0.4197357532673082,2.6124399450223517,102.0,738529.4117647059,4.634728988229636,3.9483870967741934,-1,-0.07163572530281082,True
Lok Sabha,West Bengal,Shri Deepak (Dev) Adhikari,GHATAL,ARUP GHOSH,Payment Success,Lighting of public spaces,WS/MP249/2025-2026/207876,2026-02-19,2361662.0,6.373217925588163,5.595904606090499,0.4383067199146974,1.7734460462959452,54.0,400624.77777777775,4.007333185232471,5.894947419627621,-1,-0.0714794608440219,True
Rajya Sabha,Uttar Pradesh,Shri Ramji (2020-26) (2020-2026),,A TO Z ASSOCIATES,Payment Success,Lighting of public spaces,WS/MP198/2025-2026/208989,2025-10-12,2546995.0,6.406028262914424,5.2394868954404945,0.5548947427641531,2.1022750398803907,104.0,527142.7884615385,4.653960350157523,4.831698461499174,-1,-0.07145376029764472,True
Lok Sabha,Uttar Pradesh,RAHUL GANDHI,RAE BARELI,Aditya Construction,Payment In-Progress,Setting up public non-conventional energy plants,WS/MP18346/2025-2026/219263,2026-08-11,1252721.0,6.097854704464691,5.2394868954404945,0.5548947427641531,1.5469020390215311,83.0,34060.7108433735,4.430816798843313,36.779062121180495,-1,-0.07143915744577012,True
Lok Sabha,Uttar Pradesh,AFZAL ANSARI,GHAZIPUR,SHYAM SOLAR TRADING,Payment Success,Lighting of public spaces,WS/MP18390/2025-2026/198991,2025-09-27,2305082.0,6.362686567813745,5.2394868954404945,0.5548947427641531,2.0241670821715543,101.0,442930.1584158416,4.624972813284271,5.204165840150111,-1,-0.07102834827465188,True
Lok Sabha,Uttar Pradesh,AFZAL ANSARI,GHAZIPUR,SHYAM SOLAR TRADING,Payment Success,Lighting of public spaces,WS/MP18390/2025-2026/176181,2025-06-12,2305076.0,6.3626854373684285,5.2394868954404945,0.5548947427641531,2.0241650449467805,101.0,442930.1584158416,4.624972813284271,5.204152293996421,-1,-0.07102834827465188,True
Lok Sabha,Uttar Pradesh,AFZAL ANSARI,GHAZIPUR,SHYAM SOLAR TRADING,Payment Success,Lighting of public spaces,WS/MP18390/2025-2026/198982,2025-09-27,2305082.0,6.362686567813745,5.2394868954404945,0.5548947427641531,2.0241670821715543,101.0,442930.1584158416,4.624972813284271,5.204165840150111,-1,-0.07102834827465188,True
Lok Sabha,Tamil Nadu,Sasikanth Senthil,TIRUVALLUR(SC),L G Arasu,Payment Success,Construction of rooms and halls in school and colleges,WS/MP18186/2026-2027/222921,2026-08-25,3383371.0,6.529349750866715,5.7177282197633845,0.4497060558405531,1.8047823029341141,28.0,666591.4285714285,3.367295829986474,5.075629321023373,-1,-0.07094907882470158,True
Rajya Sabha,Uttar Pradesh,Prof. Ram Gopal Yadav (2020-26) (2020-2026),,RAJKAMAL CONSTRUCTIONS,Payment Success,"Construction of roads, link roads, pathways or any other road with or without drainage system",WS/MP183/2025-2026/263872,2026-03-18,5178676.0,6.714218824419673,5.2394868954404945,0.5548947427641531,2.6576786826866434,16.0,1484042.875,2.833213344056216,3.489573035415166,-1,-0.070945323264625,True
Lok Sabha,Karnataka,DR. PRABHA MALLIKARJUN,DAVANAGERE,NIRMITHI KENDRA DAVANGERE,Payment Success,Construction of community centers and community halls,WS/MP18084/2026-2027/280135,2026-07-09,3000000.0,6.477121399484465,5.330132366384682,0.5548164189387811,2.067330731296082,89.0,642696.6292134832,4.499809670330265,4.6678321678321675,-1,-0.07072848434045576,True
Lok Sabha,Uttar Pradesh,DAROGA PRASAD SAROJ,LALGANJ (SC),Ajay Kumar Singh,Payment Success,Setting up public non-conventional energy plants,WS/MP18227/2025-2026/174109,2026-02-07,1173492.0,6.06948050333347,5.2394868954404945,0.5548947427641531,1.495767654525693,336.0,121453.13095238095,5.820082930352362,9.662097558111531,-1,-0.07065854414507278,True
Lok Sabha,Uttar Pradesh,R.K. CHAUDHARY,MOHANLALGANJ(SC),SHREE HARIOM INFOTECH,Payment Success,Lighting of public spaces,WS/MP18230/2025-2026/161482,2026-04-02,2133259.0,6.329043790134813,5.2394868954404945,0.5548947427641531,1.9635379662578871,79.0,392566.7848101266,4.382026634673881,5.434130146878822,-1,-0.07060560453253284,True
Rajya Sabha,Uttar Pradesh,Dr. Radha Mohan Das Agrawal (2022-28) (2022-2028),,MS R P Traders,Payment Success,Construction of rooms and halls in school and colleges,WS/MP182/2023-2024/15725,2025-06-06,4611433.0,6.663835997286724,5.2394868954404945,0.5548947427641531,2.5668815940676892,24.0,1330506.0,3.2188758248682006,3.4659242423559156,-1,-0.07030833533308778,True
Rajya Sabha,Uttar Pradesh,Shri B.L. Verma (2020-26) (2020-2026),,shyam swaroop manufacturere,Payment Success,Lighting of public spaces,WS/MP195/2025-2026/234955,2025-09-24,705640.0,5.848583806755925,5.2394868954404945,0.5548947427641531,1.0976800902478812,1249.0,123135.39760608488,7.1308988302963465,5.730602359017599,-1,-0.07016236252198771,True
Rajya Sabha,Uttar Pradesh,Shri B.L. Verma (2020-26) (2020-2026),,shyam swaroop manufacturere,Payment Success,Lighting of public spaces,WS/MP195/2025-2026/234956,2025-09-24,705640.0,5.848583806755925,5.2394868954404945,0.5548947427641531,1.0976800902478812,1249.0,123135.39760608488,7.1308988302963465,5.730602359017599,-1,-0.07016236252198771,True
Rajya Sabha,Uttar Pradesh,Shri B.L. Verma (2020-26) (2020-2026),,shyam swaroop manufacturere,Payment Success,Lighting of public spaces,WS/MP195/2025-2026/234951,2025-09-24,705640.0,5.848583806755925,5.2394868954404945,0.5548947427641531,1.0976800902478812,1249.0,123135.39760608488,7.1308988302963465,5.730602359017599,-1,-0.07016236252198771,True
Rajya Sabha,Uttar Pradesh,Shri B.L. Verma (2020-26) (2020-2026),,shyam swaroop manufacturere,Payment Success,Lighting of public spaces,WS/MP195/2025-2026/234954,2025-09-24,705640.0,5.848583806755925,5.2394868954404945,0.5548947427641531,1.0976800902478812,1249.0,123135.39760608488,7.1308988302963465,5.730602359017599,-1,-0.07016236252198771,True
Rajya Sabha,Uttar Pradesh,Shri B.L. Verma (2020-26) (2020-2026),,shyam swaroop manufacturere,Payment Success,Lighting of public spaces,WS/MP195/2025-2026/234950,2025-11-13,705640.0,5.848583806755925,5.2394868954404945,0.5548947427641531,1.0976800902478812,1249.0,123135.39760608488,7.1308988302963465,5.730602359017599,-1,-0.07016236252198771,True
Rajya Sabha,Uttar Pradesh,Shri B.L. Verma (2020-26) (2020-2026),,shyam swaroop manufacturere,Payment Success,Lighting of public spaces,WS/MP195/2025-2026/234952,2025-09-24,705640.0,5.848583806755925,5.2394868954404945,0.5548947427641531,1.0976800902478812,1249.0,123135.39760608488,7.1308988302963465,5.730602359017599,-1,-0.07016236252198771,True
Lok Sabha,Uttar Pradesh,CHANDRA SHEKHAR,NAGINA(SC),MAKSUD AHMAD CONTRACTOR,Payment Success,"Construction of roads, link roads, pathways or any other road with or without drainage system",WS/MP18404/2024-2025/144129,2024-12-19,1282917.0,6.10819889855295,5.2394868954404945,0.5548947427641531,1.5655437620206185,198.0,125588.0101010101,5.293304824724492,10.215282485709848,-1,-0.06983597232652938,True
Lok Sabha,Uttar Pradesh,CHANDRA SHEKHAR,NAGINA(SC),MAKSUD AHMAD CONTRACTOR,Payment Success,"Construction of roads, link roads, pathways or any other road with or without drainage system",WS/MP18404/2024-2025/144131,2024-12-19,1285176.0,6.108962944655341,5.2394868954404945,0.5548947427641531,1.5669206828012778,198.0,125588.0101010101,5.293304824724492,10.233269871593127,-1,-0.06983597232652938,True
Lok Sabha,Uttar Pradesh,UTKARSH VERMA MADHUR,KHERI,Shiv kumar thekedar,Payment Success,"Construction of roads, link roads, pathways or any other road with or without drainage system",WS/MP18226/2025-2026/259879,2026-07-02,1176897.0,6.070738824817333,5.2394868954404945,0.5548947427641531,1.4980353305133864,294.0,117241.88775510204,5.68697535633982,10.038195584656004,-1,-0.06972051311335015,True
Rajya Sabha,Odisha,Dr. Sasmit Patra (2022-28) (2022-2028),,EMF,Payment Success,"Construction of roads, link roads, pathways or any other road with or without drainage system",WS/MP131/2025-2026/190497,2025-10-23,678.0,2.8318697742805017,4.463319681510083,1.1908092186143866,-1.3700346635944924,158.0,190.0126582278481,5.0689042022202315,3.5681833322230365,-1,-0.06963732924239308,True
Rajya Sabha,West Bengal,Shri Samirul Islam (2023-29) (2023-2029),,WEST BENGAL MEDICAL SERVICES CORPORATION LIMITED,Payment Success,"Purchase of vehicle for mobile dispensaries (Four, three and two wheelers)",WS/MP893/2024-2025/171163,2026-06-22,222.0,2.3483048630481607,5.595904606090499,0.4383067199146974,-7.409422661086239,41.0,93199.19512195123,3.7376696182833684,0.002381994819907112,-1,-0.0694210607835033,True
Lok Sabha,Uttarakhand,Mala Rajya Laxmi Shah,TEHRI GARHWAL,District Mineral Foundation Trust Uttarkashi,Payment Success,"Construction of flood control embankments/ protection walls along riverbanks, hilltops, roadsides",WS/MP478/2025-2026/243427,2026-06-27,72.0,1.863322860120456,4.575890061676738,0.7785953606778007,-3.483924177502003,6.0,726.1666666666666,1.9459101490553132,0.0991507918292403,-1,-0.06937180476830973,True
Rajya Sabha,Odisha,Shri Subhasish Khuntia (2024-30) (2024-2030),,DMF FUND NAYAGARH,Payment Success,Construction of community centers and community halls,WS/MP18283/2025-2026/238244,2026-07-29,1.0,0.3010299956639812,4.463319681510083,1.1908092186143866,-3.4953455354412686,42.0,215.14285714285714,3.7612001156935624,0.004648074369189907,-1,-0.0692402235806634,True
Lok Sabha,Odisha,SUKANTA KUMAR PANIGRAHI,KANDHAMAL,DMF FUND NAYAGARH,Payment Success,Installing community drinking water plants,WS/MP18350/2025-2026/197031,2026-07-20,1.0,0.3010299956639812,4.463319681510083,1.1908092186143866,-3.4953455354412686,42.0,215.14285714285714,3.7612001156935624,0.004648074369189907,-1,-0.0692402235806634,True
Rajya Sabha,Gujarat,Dr. Parmar Jashvantsinh Salamsinh (2024-30) (2024-2030),,S R CONSTRUCTION,Payment Success,Construction of New Building,WS/MP18288/2024-2025/144148,2026-03-30,4113842.0,6.6142477133347075,5.406212311570647,0.33663521492486204,3.5885592124807797,4.0,1439177.25,1.6094379124341003,2.858467919778471,-1,-0.06900327784537641,True
Lok Sabha,Punjab,MALVINDER SINGH KANG,ANANDPUR SAHIB,varija tiles and sanitation,Payment Success,Construction of community centers and community halls,WS/MP18311/2024-2025/148979,2025-04-04,401.0,2.60422605308447,4.699928377134102,0.5546092002274752,-3.7787009721260865,3.0,75897.33333333333,1.3862943611198906,0.005283453085747413,-1,-0.06875137869258585,True
Lok Sabha,Himachal Pradesh,Suresh Kumar Kashyap,SHIMLA (SC),Gram Panchayat Shilli,Payment Success,"Construction of roads, link roads, pathways or any other road with or without drainage system",WS/MP598/2025-2026/207227,2025-10-18,500.0,2.699837725867246,5.0357558139091765,0.3981897135113444,-5.866344631163809,3.0,83333.33333333333,1.3862943611198906,0.006,-1,-0.06864899594561269,True
Lok Sabha,Haryana,NAVEEN JINDAL,KURUKSHETRA,CHEEMA ENTERPRISES,Payment Success,"Construction of roads, link roads, pathways or any other road with or without drainage system",WS/MP18064/2024-2025/154951,2025-04-01,646.0,2.8109042806687006,5.128163022969908,0.5620398924688407,-4.122943537196829,2.0,21811.0,1.0986122886681098,0.029618082618862042,-1,-0.06855317093231228,True
Lok Sabha,West Bengal,KALIPADA SAREN,JHARGRAM(ST),ATANU PATRA,Payment Success,Lighting of public spaces,WS/MP18272/2024-2025/163441,2025-07-30,3156302.0,6.499178688108847,5.595904606090499,0.4383067199146974,2.060826450924919,48.0,717232.0208333334,3.8918202981106265,4.400670784793983,-1,-0.06852110691895974,True
Lok Sabha,Uttar Pradesh,AKSHAYA YADAV,FIROZABAD,Pradeep Kumar,Payment Success,"Construction of roads, link roads, pathways or any other road with or without drainage system",WS/MP18217/2025-2026/197963,2025-07-31,5199096.0,6.715927920178677,5.2394868954404945,0.5548947427641531,2.660758718641734,42.0,1623768.857142857,3.7612001156935624,3.201869513095724,-1,-0.06850818639834699,True
Lok Sabha,Rajasthan,Bhagirath Chaudhary,AJMER,GOPI SINGH,Payment Success,Construction of community centers and community halls,WS/MP719/2024-2025/140136,2026-03-11,100.0,2.0043213737826426,4.465815975724242,0.9043060886805357,-2.7219706167555966,2.0,157308.5,1.0986122886681098,0.0006356935575636409,-1,-0.06840168410368341,True
Lok Sabha,Uttar Pradesh,DAROGA PRASAD SAROJ,LALGANJ (SC),Ajay Kumar Singh,Payment Success,Lighting of public spaces,WS/MP18227/2024-2025/148773,2025-05-22,1126549.0,6.0517504719073445,5.2394868954404945,0.5548947427641531,1.463815592161929,336.0,121453.13095238095,5.820082930352362,9.275586320139368,-1,-0.06802677828142711,True
Lok Sabha,Uttar Pradesh,Prof SP Singh Baghel,AGRA(SC),TANYA CONSTRUCTION,Payment Success,"Construction of roads, link roads, pathways or any other road with or without drainage system",WS/MP494/2025-2026/226498,2025-10-09,2193224.0,6.341083187649236,5.2394868954404945,0.5548947427641531,1.9852346892335813,98.0,398686.2755102041,4.59511985013459,5.50112741451484,-1,-0.06797704782521041,True
Rajya Sabha,Uttar Pradesh,Smt. Sangeeta Yadav (2022-28) (2022-2028),,P S ASSOCIATE,Payment Success,Lighting of public spaces,WS/MP201/2025-2026/238280,2026-08-13,4009560.0,6.603096825060473,5.2394868954404945,0.5548947427641531,2.4574208845938803,32.0,1130380.1875,3.4965075614664802,3.5470897706263984,-1,-0.0674193716663255,True
Lok Sabha,Uttar Pradesh,Shri Arun Kumar Sagar,SHAHJAHANPUR(SC),SHRI GURU KRIPA NARSINGH ASSOCIATES,Payment Success,Lighting of public spaces,WS/MP492/2026-2027/282269,2026-06-15,4243200.0,6.627693604739346,5.2394868954404945,0.5548947427641531,2.5017478132584894,133.0,1279451.2030075188,4.897839799950911,3.3164219081007533,-1,-0.06740047643526115,True
Lok Sabha,Uttar Pradesh,Shri Arun Kumar Sagar,SHAHJAHANPUR(SC),SHRI GURU KRIPA NARSINGH ASSOCIATES,Payment Success,Lighting of public spaces,WS/MP492/2026-2027/282269,2026-07-01,4243200.0,6.627693604739346,5.2394868954404945,0.5548947427641531,2.5017478132584894,133.0,1279451.2030075188,4.897839799950911,3.3164219081007533,-1,-0.06740047643526115,True
Rajya Sabha,Uttar Pradesh,Shri Mithlesh Kumar (2022-28) (2022-2028),,SHRI GURU KRIPA NARSINGH ASSOCIATES,Payment Success,Lighting of public spaces,WS/MP190/2026-2027/282964,2026-06-16,4243200.0,6.627693604739346,5.2394868954404945,0.5548947427641531,2.5017478132584894,133.0,1279451.2030075188,4.897839799950911,3.3164219081007533,-1,-0.06740047643526115,True
Lok Sabha,Uttar Pradesh,Ashok Kumar Rawat,MISRIKH(SC),SHRI GURU KRIPA NARSINGH ASSOCIATES,Payment In-Progress,Lighting of public spaces,WS/MP507/2026-2027/290535,2026-08-24,4238575.0,6.627219974702178,5.2394868954404945,0.5548947427641531,2.5008942639262157,133.0,1279451.2030075188,4.897839799950911,3.3128070770004125,-1,-0.06740047643526115,True
Lok Sabha,Uttar Pradesh,R.K. CHAUDHARY,MOHANLALGANJ(SC),SHREE HARIOM INFOTECH,Payment Success,Lighting of public spaces,WS/MP18230/2025-2026/161094,2025-09-23,2100925.0,6.322410755710264,5.2394868954404945,0.5548947427641531,1.9515842858328258,79.0,392566.7848101266,4.382026634673881,5.351764543748034,-1,-0.06715423369244866,True
Lok Sabha,West Bengal,ARUP CHAKRABORTY,BANKURA,GOPAL CHANDRA CHOWDHURY,Payment Success,Installing community drinking water plants,WS/MP18247/2025-2026/207625,2026-02-24,4247224.0,6.628105268683188,5.595904606090499,0.4383067199146974,2.3549733912215056,37.0,1143382.4864864864,3.6375861597263857,3.714613482537541,-1,-0.06710801433355018,True
Rajya Sabha,Madhya Pradesh,Shri Vivek K. Tankha (2022-28) (2022-2028),,TRATIYA RAJYA AYOG GRAM PANCHAYAT BARGAON,Payment Success,"Construction of roads, link roads, pathways or any other road with or without drainage system",WS/MP106/2023-2024/16088,2025-12-18,308.0,2.4899584794248346,5.188665529226982,0.4692888662406491,-5.7506308884350625,16.0,62500.0,2.833213344056216,0.004928,-1,-0.06707576128210802,True
Rajya Sabha,Uttar Pradesh,Smt. Sangeeta Yadav (2022-28) (2022-2028),,BIHARI JI MAHADEV ASSOCIATES,Payment Success,Lighting of public spaces,WS/MP201/2024-2025/155340,2025-03-03,2760000.0,6.4409092394182625,5.2394868954404945,0.5548947427641531,2.165135567861036,193.0,649899.8445595854,5.267858159063328,4.246808216842021,-1,-0.0669604803952667,True
Lok Sabha,Uttar Pradesh,RAM PRASAD CHAUDHARY,BASTI,JAI CONSTRUCTION,Payment Success,"Construction of roads, link roads, pathways or any other road with or without drainage system",WS/MP18208/2025-2026/194588,2025-10-17,3178920.0,6.5022797353100605,5.2394868954404945,0.5548947427641531,2.2757340132276056,156.0,846926.5128205129,5.056245805348308,3.7534779604587736,-1,-0.06663844457949986,True
Rajya Sabha,Uttar Pradesh,Shri Brij Lal (2020-26) (2020-2026),,JAI CONSTRUCTION,Payment Success,"Construction of rooms and facilities for hospitals, FWC , PHC Centers and ANM centers",WS/MP196/2025-2026/227627,2026-02-24,3152960.0,6.498718598851442,5.2394868954404945,0.5548947427641531,2.2693163340099605,156.0,846926.5128205129,5.056245805348308,3.722825950388212,-1,-0.06663844457949986,True
Rajya Sabha,West Bengal,Smt. Mamata Thakur (2024-30) (2024-2030),,MAA KALI BUILDERS,Payment Success,Construction of culverts and bridges,WS/MP18382/2026-2027/220474,2026-08-12,7137950.0,6.853573562321987,5.595904606090499,0.4383067199146974,2.869380958786701,10.0,2257065.5,2.3978952727983707,3.1624912967745065,-1,-0.06640246538328343,True
Rajya Sabha,Punjab,Shri Harbhajan Singh (2022-28) (2022-2028),,ALODIA LIFE SCIENCES PRIVATE LIMITED,Payment Success,Purchase of hospital equipment,WS/MP141/2024-2025/146613,2025-04-23,2002768.0,6.301630860521392,4.699928377134102,0.5546092002274752,2.887983976339278,8.0,447607.625,2.1972245773362196,4.474383116239363,-1,-0.06634729916628002,True
Rajya Sabha,Gujarat,Dr. Parmar Jashvantsinh Salamsinh (2024-30) (2024-2030),,WEHEAR INNOVATIONS PRIVATE LIMITED,Payment Success,Purchase of other aids / devices required for P/ M/ V/ H impaired for differently abled persons,WS/MP18288/2025-2026/174593,2026-05-05,4230000.0,6.62634047004512,5.406212311570647,0.33663521492486204,3.6244816477290103,5.0,1429200.0,1.791759469228055,2.959697732997481,-1,-0.06602379772507994,True
Lok Sabha,Manipur,ANGOMCHA BIMOL AKOIJAM,INNER MANIPUR,Murphy Thumrah,Payment Success,Installing community drinking water plants,WS/MP18371/2025-2026/209334,2025-07-15,6000000.0,6.7781513227660515,5.931047171769868,0.4101736976150395,2.065232743887972,56.0,1456708.0892857143,4.04305126783455,4.118876008261926,-1,-0.06598521358918974,True
Rajya Sabha,Odisha,Shri Subhasish Khuntia (2024-30) (2024-2030),,DMF FUND NAYAGARH,Payment Success,Construction of community centers and community halls,WS/MP18283/2025-2026/238264,2026-07-17,2.0,0.47712125471966244,4.463319681510083,1.1908092186143866,-3.3474702450059297,42.0,215.14285714285714,3.7612001156935624,0.009296148738379814,-1,-0.06581399292112355,True
Lok Sabha,West Bengal,KALIPADA SAREN,JHARGRAM(ST),ATANU PATRA,Payment Success,Street lights,WS/MP18272/2024-2025/163368,2025-03-13,3127353.0,6.495177043873241,5.595904606090499,0.4383067199146974,2.0516966702170514,48.0,717232.0208333334,3.8918202981106265,4.36030867161565,-1,-0.06576556310088133,True
Lok Sabha,Uttar Pradesh,CHHOTELAL,ROBERTSGANJ(SC),UP STATE AGRO INDUSTRIAL CORPORATION LTD BICHPAI URMAURA,Payment Success,Construction of public staircase/ stair ghat for public convenience,WS/MP18236/2026-2027/287844,2026-08-22,1125000.0,6.051152908486749,5.2394868954404945,0.5548947427641531,1.4627386970779734,310.0,113501.53548387096,5.739792912179234,9.911760181956897,-1,-0.0655376596578372,True
Lok Sabha,Uttar Pradesh,RAMBHUAL NISHAD,SULTANPUR,Priyanka yadau,Payment Success,Lighting of public spaces,WS/MP18242/2025-2026/156951,2025-12-24,2511040.0,6.399853803883129,5.2394868954404945,0.5548947427641531,2.0911477781576773,26.0,530727.5,3.295836866004329,4.731316918757743,-1,-0.06520495262457926,True
Lok Sabha,Madhya Pradesh,Mahendra Singh Solanky,DEWAS(SC),MPEB Dewas,Payment Success,Improvement of electricity distribution infrastructure,WS/MP653/2025-2026/209005,2025-12-16,362.0,2.5599066250361124,5.188665529226982,0.4692888662406491,-5.60157952446043,7.0,279424.85714285716,2.0794415416798357,0.0012955182430850307,-1,-0.06516377133437623,True
Lok Sabha,Uttar Pradesh,Shri Arun Kumar Sagar,SHAHJAHANPUR(SC),RMK ENTERPRISES,Payment Success,Lighting of public spaces,WS/MP492/2024-2025/134984,2024-09-07,2916000.0,6.464787668580919,5.2394868954404945,0.5548947427641531,2.208167925752387,165.0,752549.0303030303,5.111987788356544,3.874830585889944,-1,-0.06508482059737242,True
Lok Sabha,Uttar Pradesh,Shri Arun Kumar Sagar,SHAHJAHANPUR(SC),RAMJI CONSTRUCTION,Payment Success,Construction of bus-sheds or bus-stops,WS/MP492/2026-2027/294027,2026-08-26,8580000.0,6.933487338465775,5.2394868954404945,0.5548947427641531,3.0528320282632078,58.0,2902403.4482758623,4.07753744390572,2.956170688501919,-1,-0.06460209271785022,True
Lok Sabha,Uttar Pradesh,TANUJ PUNIA,BARABANKI(SC),Praharsh Infrastructure,Payment Success,Lighting of public spaces,WS/MP18207/2026-2027/274517,2026-06-18,8592595.0,6.9341243929521035,5.2394868954404945,0.5548947427641531,3.0539800919178663,26.0,2952758.730769231,3.295836866004329,2.910022722297233,-1,-0.0643991499595431,True
Rajya Sabha,Himachal Pradesh,Dr. Sikander Kumar (2022-28) (2022-2028),,Nek Mohammad,Payment Success,"Construction of roads, link roads, pathways or any other road with or without drainage system",WS/MP078/2025-2026/272028,2026-07-01,165.0,2.220108088040055,5.0357558139091765,0.3981897135113444,-7.071121202604607,4.0,360.25,1.6094379124341003,0.4580152671755725,-1,-0.0642720483876249,True
Lok Sabha,Punjab,Smt Harsimrat Kaur Badal,BHATINDA,Rajvinder Singh,Payment Success,Construction of additional rooms and halls in the existing public and community building,WS/MP716/2025-2026/203937,2026-02-02,511.0,2.709269960975831,4.699928377134102,0.5546092002274752,-3.5892993036209897,3.0,27471.0,1.3862943611198906,0.01860143423974373,-1,-0.06423071464249663,True
Rajya Sabha,Jammu And Kashmir,Shri Gulam Ali (2022-28) (2022-2028),,RMK ENTERPRISES,Payment Success,Lighting of public spaces,WS/MP839/2024-2025/134187,2024-08-27,2673000.0,6.42699912123106,5.368253220391357,0.4197357532673082,2.5224105704558415,165.0,752549.0303030303,5.111987788356544,3.551928037065782,-1,-0.06404968360553476,True
Lok Sabha,Odisha,BIBHU PRASAD TARAI,JAGATSINGHPUR(SC),EMF,Payment Success,Construction of community centers and community halls,WS/MP18142/2025-2026/185334,2026-03-11,8.0,0.9542425094393249,4.463319681510083,1.1908092186143866,-2.946800475859504,158.0,190.0126582278481,5.0689042022202315,0.04210245819732196,-1,-0.06403846013068248,True
Lok Sabha,Odisha,SUKANTA KUMAR PANIGRAHI,KANDHAMAL,EMF,Payment Success,Construction of community centers and community halls,WS/MP18350/2025-2026/178846,2026-01-26,8.0,0.9542425094393249,4.463319681510083,1.1908092186143866,-2.946800475859504,158.0,190.0126582278481,5.0689042022202315,0.04210245819732196,-1,-0.06403846013068248,True
Lok Sabha,Uttar Pradesh,KISHORI LAL,AMETHI,AADI AND RUDRANSH CONSTRUCTION COMPANY,Payment Success,Setting up public non-conventional energy plants,WS/MP18200/2025-2026/189870,2025-10-06,4481400.0,6.6514138067328075,5.2394868954404945,0.5548947427641531,2.5444950230721943,46.0,1385226.3043478262,3.8501476017100584,3.235139259147893,-1,-0.06383786700807192,True
Lok Sabha,Odisha,Smt Aparajita Sarangi,BHUBANESWAR,EMF,Payment Success,Installing community drinking water plants,WS/MP300/2024-2025/179267,2026-06-20,9.0,1.0,4.463319681510083,1.1908092186143866,-2.90837493308959,158.0,190.0126582278481,5.0689042022202315,0.04736526547198721,-1,-0.06372862743968233,True
Lok Sabha,Odisha,Smt Aparajita Sarangi,BHUBANESWAR,EMF,Payment Success,Installing community drinking water plants,WS/MP300/2024-2025/179265,2026-04-24,9.0,1.0,4.463319681510083,1.1908092186143866,-2.90837493308959,158.0,190.0126582278481,5.0689042022202315,0.04736526547198721,-1,-0.06372862743968233,True
Lok Sabha,Odisha,Smt Aparajita Sarangi,BHUBANESWAR,EMF,Payment Success,Installing community drinking water plants,WS/MP300/2024-2025/179266,2026-06-20,9.0,1.0,4.463319681510083,1.1908092186143866,-2.90837493308959,158.0,190.0126582278481,5.0689042022202315,0.04736526547198721,-1,-0.06372862743968233,True
Lok Sabha,Delhi,Bansuri Swaraj,NEW DELHI,Greenz,Payment Success,Development of playfields and sports grounds,WS/MP18397/2025-2026/194463,2026-01-30,2879532.0,6.4593220599924335,5.649264549534103,0.3569187115608803,2.2695854384203593,38.0,727692.7631578947,3.6635616461296463,3.957071096191731,-1,-0.06350727920087851,True
Lok Sabha,Punjab,DR DHARAMVIRA GANDHI,PATIALA,KOURA IRON STORE,Payment Success,Setting up of kitchen and pantries,WS/MP18158/2025-2026/231484,2026-03-19,438.0,2.6424645202421213,4.699928377134102,0.5546092002274752,-3.7097542847253586,4.0,25399.5,1.6094379124341003,0.01724443394555011,-1,-0.06346885737039754,True
Lok Sabha,Odisha,SUKANTA KUMAR PANIGRAHI,KANDHAMAL,EMF,Payment Success,Construction of community centers and community halls,WS/MP18350/2025-2026/178756,2026-03-28,10.0,1.0413926851582251,4.463319681510083,1.1908092186143866,-2.873614801482287,158.0,190.0126582278481,5.0689042022202315,0.05262807274665245,-1,-0.06341893446954117,True
Rajya Sabha,Uttar Pradesh,Smt. Darshana Singh (2022-28) (2022-2028),,RMK ENTERPRISES,Payment Success,Lighting of public spaces,WS/MP203/2025-2026/238277,2025-11-26,2851200.0,6.455027834676648,5.2394868954404945,0.5548947427641531,2.1905793037091272,165.0,752549.0303030303,5.111987788356544,3.788723239536834,-1,-0.06322509102031149,True
Rajya Sabha,Jammu And Kashmir,Shri Gulam Ali (2022-28) (2022-2028),,COMPUTER SOLUTIONS,Payment Success,Lighting of public spaces,WS/MP839/2025-2026/191381,2025-05-26,2673000.0,6.42699912123106,5.368253220391357,0.4197357532673082,2.5224105704558415,102.0,738529.4117647059,4.634728988229636,3.6193548387096772,-1,-0.06312917571317156,True
Rajya Sabha,Jammu And Kashmir,Shri Gulam Ali (2022-28) (2022-2028),,BIHARI JI MAHADEV ASSOCIATES,Payment Success,Lighting of public spaces,WS/MP839/2024-2025/174297,2025-03-09,2430000.0,6.3856064523202845,5.368253220391357,0.4197357532673082,2.423794551714129,193.0,649899.8445595854,5.267858159063328,3.7390376691761276,-1,-0.06298307486342314,True
Lok Sabha,West Bengal,KALIPADA SAREN,JHARGRAM(ST),ATANU PATRA,Payment Success,Lighting of public spaces,WS/MP18272/2024-2025/163369,2025-04-24,3020897.0,6.4801360616569275,5.595904606090499,0.4383067199146974,2.0173805588436258,48.0,717232.0208333334,3.8918202981106265,4.211882504200102,-1,-0.06297509655012978,True
Lok Sabha,Kerala,SHAFI PARAMBIL,VADAKARA,TEAM SPORTS WEARS,Payment Success,Purchase of sports equipment,WS/MP18097/2026-2027/178965,2026-05-23,1701.0,3.230959555748569,5.501593744247948,0.48467972305758084,-4.684813662463911,2.0,76134.5,1.0986122886681098,0.02234203941708424,-1,-0.0628065435041043,True
Lok Sabha,Jammu And Kashmir,AGA SYED RUHULLAH MEHDI,SRINAGAR,Alyas ahmad mir,Payment In-Progress,Street lights,WS/MP18260/2025-2026/186682,2026-03-31,682.0,2.8344207036815328,5.368253220391357,0.4197357532673082,-6.036732627578084,4.0,669454.75,1.6094379124341003,0.0010187395040516182,-1,-0.06243908510864937,True
Lok Sabha,Odisha,ANANTA NAYAK,KEONJHAR(ST),EMF,Payment Success,Construction of community centers and community halls,WS/MP18146/2025-2026/187255,2025-12-19,13.0,1.146128035678238,4.463319681510083,1.1908092186143866,-2.785661711362711,158.0,190.0126582278481,5.0689042022202315,0.06841649457064819,-1,-0.06238958465929367,True
Rajya Sabha,Uttar Pradesh,Shri Javed Ali Khan (2022-28) (2022-2028),,COMPUTER SOLUTIONS,Payment Success,Lighting of public spaces,WS/MP187/2025-2026/194547,2025-06-23,2916000.0,6.464787668580919,5.2394868954404945,0.5548947427641531,2.208167925752387,102.0,738529.4117647059,4.634728988229636,3.9483870967741934,-1,-0.06235556239791962,True
Lok Sabha,Rajasthan,Bhagirath Chaudhary,AJMER,DIPALI GOYAL,Payment In-Progress,Construction of community centers and community halls,WS/MP719/2025-2026/230890,2026-08-18,60.0,1.7853298350107671,4.465815975724242,0.9043060886805357,-2.9641358985258477,6.0,5543.833333333333,1.9459101490553132,0.010822836184348978,-1,-0.06233876060214516,True
Lok Sabha,Punjab,Shri Amar Singh,FATEHGARH SAHIB(SC),AGGARWAL IRON STORE,Payment Success,Construction of rooms and halls in school and colleges,WS/MP380/2025-2026/199112,2025-12-09,449.0,2.6532125137753435,4.699928377134102,0.5546092002274752,-3.690374884728363,4.0,80889.25,1.6094379124341003,0.005550799395469732,-1,-0.062231391447493345,True
Lok Sabha,Odisha,Smt Aparajita Sarangi,BHUBANESWAR,EMF,Payment Success,Construction of public libraries and reading rooms,WS/MP300/2025-2026/199511,2026-07-18,14.0,1.1760912590556813,4.463319681510083,1.1908092186143866,-2.760499642654251,158.0,190.0126582278481,5.0689042022202315,0.07367930184531343,-1,-0.06208049553830397,True
Lok Sabha,Uttar Pradesh,ANAND BHADAURIYA,DHAURAHRA,MANNAT CONSTRUCTION,Payment Success,Lighting of public spaces,WS/MP18212/2025-2026/259219,2026-04-09,1253155.0,6.09800513781143,5.2394868954404945,0.5548947427641531,1.5471731415120504,259.0,200486.14671814672,5.560681631015528,6.250581501582485,-1,-0.061530269656409176,True
Lok Sabha,Punjab,MALVINDER SINGH KANG,ANANDPUR SAHIB,Raj Digital Studio,Payment Success,Construction of buildings for community cultural activities,WS/MP18311/2025-2026/193260,2025-09-25,83.0,1.9242792860618816,4.699928377134102,0.5546092002274752,-5.004693557073659,1.0,83.0,0.6931471805599453,1.0,-1,-0.061332057542780705,True
Lok Sabha,Uttar Pradesh,Prof SP Singh Baghel,AGRA(SC),TANYA CONSTRUCTION,Payment Success,"Construction of roads, link roads, pathways or any other road with or without drainage system",WS/MP494/2024-2025/137215,2024-10-11,2097168.0,6.321633429421028,5.2394868954404945,0.5548947427641531,1.9501834322486602,98.0,398686.2755102041,4.59511985013459,5.260196121163756,-1,-0.061098879491473745,True
Rajya Sabha,Uttar Pradesh,Shri Mithlesh Kumar (2022-28) (2022-2028),,SHRI GURU KRIPA NARSINGH ASSOCIATES,Payment Success,Lighting of public spaces,WS/MP190/2026-2027/282964,2026-06-15,3993600.0,6.601364672413914,5.2394868954404945,0.5548947427641531,2.4542992968168353,133.0,1279451.2030075188,4.897839799950911,3.121338266447768,-1,-0.06041802915135719,True
Lok Sabha,Odisha,Smt Aparajita Sarangi,BHUBANESWAR,CDO Zilla Parishad DMF,Payment Success,Installing community drinking water plants,WS/MP300/2024-2025/179262,2026-05-25,6.0,0.8450980400142568,4.463319681510083,1.1908092186143866,-3.0384561900737985,32.0,388.8125,3.4965075614664802,0.015431602636232116,-1,-0.06040601579885019,True
Lok Sabha,Odisha,Smt Aparajita Sarangi,BHUBANESWAR,CDO Zilla Parishad DMF,Payment Success,Installing community drinking water plants,WS/MP300/2024-2025/179268,2026-06-30,5.0,0.7781512503836436,4.463319681510083,1.1908092186143866,-3.0946757662948423,32.0,388.8125,3.4965075614664802,0.012859668863526763,-1,-0.06040601579885019,True
Lok Sabha,Odisha,Smt Aparajita Sarangi,BHUBANESWAR,CDO Zilla Parishad DMF,Payment Success,Installing community drinking water plants,WS/MP300/2024-2025/179263,2026-05-25,6.0,0.8450980400142568,4.463319681510083,1.1908092186143866,-3.0384561900737985,32.0,388.8125,3.4965075614664802,0.015431602636232116,-1,-0.06040601579885019,True
Lok Sabha,Manipur,ALFRED KANNGAM S ARTHUR,OUTER MANIPUR(ST),Raman Chihansung,Payment Success,Installing hand pumps,WS/MP18370/2025-2026/275361,2026-03-30,6000000.0,6.7781513227660515,5.931047171769868,0.4101736976150395,2.065232743887972,24.0,1750000.0,3.2188758248682006,3.4285714285714284,-1,-0.060401096493900575,True
Lok Sabha,Manipur,ALFRED KANNGAM S ARTHUR,OUTER MANIPUR(ST),Raman Chihansung,Payment Success,Installing tube-wells and borewells,WS/MP18370/2025-2026/229508,2025-11-18,6000000.0,6.7781513227660515,5.931047171769868,0.4101736976150395,2.065232743887972,24.0,1750000.0,3.2188758248682006,3.4285714285714284,-1,-0.060401096493900575,True
Lok Sabha,Manipur,ALFRED KANNGAM S ARTHUR,OUTER MANIPUR(ST),Raman Chihansung,Payment Success,Installing hand pumps,WS/MP18370/2026-2027/282656,2026-07-22,6000000.0,6.7781513227660515,5.931047171769868,0.4101736976150395,2.065232743887972,24.0,1750000.0,3.2188758248682006,3.4285714285714284,-1,-0.060401096493900575,True
Rajya Sabha,Sikkim,Shri Dorjee Tshering Lepcha (2024-30) (2024-2030),,RAJU ENTERPRISES,Payment Success,Construction of boundary walls of existing public and community buildings,WS/MP18282/2024-2025/137625,2024-10-29,2343869.0,6.369933520380049,5.616676176043141,0.47087436241887004,1.5996992073797422,51.0,431634.8431372549,3.9512437185814275,5.430212683860364,-1,-0.06013701567641694,True
Lok Sabha,Uttar Pradesh,KISHORI LAL,AMETHI,AADI AND RUDRANSH CONSTRUCTION COMPANY,Payment Success,Setting up public non-conventional energy plants,WS/MP18200/2025-2026/228662,2025-10-06,4323900.0,6.635875741792393,5.2394868954404945,0.5548947427641531,2.5164931990451493,46.0,1385226.3043478262,3.8501476017100584,3.1214394257664067,-1,-0.06013016526045134,True
Rajya Sabha,Uttar Pradesh,Shri Hardeep Singh Puri (2020-26) (2020-2026),,ASHIRWAD ENTERPRISES,Payment Success,Construction of additional rooms and halls in the existing public and community building,WS/MP019/2023-2024/48381,2025-03-31,2335534.0,6.368386379948773,5.2394868954404945,0.5548947427641531,2.0344389620358947,17.0,456227.2694117647,2.8903717578961645,5.119233672751114,-1,-0.06012218780437539,True
Lok Sabha,Uttar Pradesh,Ashok Kumar Rawat,MISRIKH(SC),SHRI GURU KRIPA NARSINGH ASSOCIATES,Payment In-Progress,Lighting of public spaces,WS/MP507/2026-2027/290535,2026-08-24,4003098.0,6.602396330705168,5.2394868954404945,0.5548947427641531,2.456158493186429,133.0,1279451.2030075188,4.897839799950911,3.128761761753938,-1,-0.06010982911482232,True
Lok Sabha,Haryana,SATPAL BRAHAMCHARI,SONEPAT,Pradeep,Payment Success,Construction of common work sheds/ common covered sitting area,WS/MP18067/2025-2026/180213,2026-02-12,664.0,2.8228216453031045,5.128163022969908,0.5620398924688407,-4.101739767154714,6.0,73151.16666666667,1.9459101490553132,0.009077093780687025,-1,-0.06005006681841918,True
Lok Sabha,Uttar Pradesh,RAM PRASAD CHAUDHARY,BASTI,JAI CONSTRUCTION,Payment Success,"Construction of roads, link roads, pathways or any other road with or without drainage system",WS/MP18208/2024-2025/150097,2025-02-19,3007820.0,6.478251987163824,5.2394868954404945,0.5548947427641531,2.2324325610881517,156.0,846926.5128205129,5.056245805348308,3.551453348630072,-1,-0.05999850838020826,True
Lok Sabha,Odisha,Smt Aparajita Sarangi,BHUBANESWAR,EMF,Payment In-Progress,Construction of community centers and community halls,WS/MP300/2026-2027/226384,2026-08-29,17.0,1.255272505103306,4.463319681510083,1.1908092186143866,-2.6940059971484165,158.0,190.0126582278481,5.0689042022202315,0.08946772366930918,-1,-0.05998466018902804,True
Lok Sabha,Odisha,ANANTA NAYAK,KEONJHAR(ST),EMF,Payment Success,Construction of community centers and community halls,WS/MP18146/2025-2026/157689,2026-06-20,17.0,1.255272505103306,4.463319681510083,1.1908092186143866,-2.6940059971484165,158.0,190.0126582278481,5.0689042022202315,0.08946772366930918,-1,-0.05998466018902804,True
Lok Sabha,Odisha,Smt Aparajita Sarangi,BHUBANESWAR,EMF,Payment Success,Construction of public libraries and reading rooms,WS/MP300/2025-2026/199515,2026-08-13,17.0,1.255272505103306,4.463319681510083,1.1908092186143866,-2.6940059971484165,158.0,190.0126582278481,5.0689042022202315,0.08946772366930918,-1,-0.05998466018902804,True
Lok Sabha,Bihar,RAJESH RANJAN ALIAS PAPPU YADAV,PURNEA,R K Construction,Payment Success,Street lights,WS/MP18041/2024-2025/143087,2025-03-27,3400000.0,6.5314790447759075,5.736858468527226,0.41014968640951016,1.9373916464617267,182.0,861203.7912087912,5.209486152841421,3.947962183524225,-1,-0.05944096808357302,True
Rajya Sabha,Odisha,Dr. Sasmit Patra (2022-28) (2022-2028),,EMF,Payment Success,Construction of rooms and halls in school and colleges,WS/MP131/2024-2025/92627,2025-12-11,628.0,2.798650645445269,4.463319681510083,1.1908092186143866,-1.397930928013646,158.0,190.0126582278481,5.0689042022202315,3.305042968489774,-1,-0.05943002124957186,True
Lok Sabha,Odisha,Shri Bhartruhari Mahtab,CUTTACK,DMF FUND NAYAGARH,Payment Success,Construction of community centers and community halls,WS/MP372/2025-2026/185708,2025-09-23,5.0,0.7781512503836436,4.463319681510083,1.1908092186143866,-3.0946757662948423,42.0,215.14285714285714,3.7612001156935624,0.023240371845949535,-1,-0.059320025345048655,True
Lok Sabha,Uttar Pradesh,UTKARSH VERMA MADHUR,KHERI,Shiv kumar thekedar,Payment Success,Lighting of public spaces,WS/MP18226/2025-2026/259848,2026-05-12,968050.0,5.985898237923194,5.2394868954404945,0.5548947427641531,1.3451404112508352,294.0,117241.88775510204,5.68697535633982,8.25686125100688,-1,-0.05923189924989192,True
Lok Sabha,Andhra Pradesh,BASTIPATI NAGARAJU PANCHALINGALA,KURNOOL,B VEERESH,Payment Success,Development of playground,WS/MP18011/2025-2026/221108,2025-12-13,2831133.0,6.451960425381823,5.60773170892532,0.3625772186175567,2.32841081322042,11.0,710876.6363636364,2.4849066497880004,3.982593962409793,-1,-0.05874768438939448,True
Rajya Sabha,Uttar Pradesh,Shri Ramji (2020-26) (2020-2026),,BALAJI SUPPLIER,Payment Success,Lighting of public spaces,WS/MP198/2023-2024/56888,2024-01-29,1980996.0,6.296883817848274,5.2394868954404945,0.5548947427641531,1.9055810785671918,158.0,394371.7088607595,5.0689042022202315,5.023169653123948,-1,-0.058456776552770706,True
Rajya Sabha,Uttar Pradesh,Shri Ramji (2020-26) (2020-2026),,SHRI SAI ELECTRICAL SUPPLIERS CONTRACTOR,Payment Success,Lighting of public spaces,WS/MP198/2024-2025/158166,2025-02-14,4528001.0,6.655906610006357,5.2394868954404945,0.5548947427641531,2.5525916996620093,48.0,1481119.1666666667,3.8918202981106265,3.0571483388406175,-1,-0.05828382656303288,True
Rajya Sabha,West Bengal,Ms. Dola Sen (2023-29) (2023-2029),,WEST BENGAL MEDICAL SERVICES CORPORATION LIMITED,Payment Success,"Purchase of vehicle for mobile dispensaries (Four, three and two wheelers)",WS/MP218/2024-2025/171165,2026-02-07,462.0,2.6655809910179533,5.595904606090499,0.4383067199146974,-6.685554845344011,41.0,93199.19512195123,3.7376696182833684,0.004957124354941828,-1,-0.05826796258939171,True
Lok Sabha,West Bengal,Prasun Banerjee,HOWRAH,A M ENTERPRISE,Payment Success,"Construction of roads, link roads, pathways or any other road with or without drainage system",WS/MP825/2025-2026/223950,2026-05-12,2659852.0,6.424857635483345,5.595904606090499,0.4383067199146974,1.8912624236155364,6.0,592430.8333333334,1.9459101490553132,4.4897258048407895,-1,-0.058135962428086496,True
Rajya Sabha,Uttar Pradesh,Smt. Geeta alias Chandraprabha (2020-26) (2020-2026),,SKANDA GROUP,Payment Success,Lighting of public spaces,WS/MP849/2025-2026/191285,2025-06-19,2238460.0,6.349949532209595,5.2394868954404945,0.5548947427641531,2.001213115189092,48.0,505391.9375,3.8918202981106265,4.429156529629046,-1,-0.058040985031867276,True
Rajya Sabha,Tamil Nadu,Smt. Rajathi (2025-31) (2025-2031),,TAMIL NADU JOURNALIST WELFARE BOARD FUND,Payment In-Progress,Construction of culverts and bridges,WS/MP18435/2026-2027/255473,2026-08-19,168.0,2.2278867046136734,5.7177282197633845,0.4497060558405531,-7.760272448692713,1.0,168.0,0.6931471805599453,1.0,-1,-0.05803849220605617,True
Rajya Sabha,Karnataka,Shri Jairam Ramesh (2022-28) (2022-2028),,KRIDL BHUSIRI ACCOUNT WORKS,Payment Success,"Construction of roads, link roads, pathways or any other road with or without drainage system",WS/MP833/2025-2026/16125,2025-09-09,2500000.0,6.397940182389796,5.330132366384682,0.5548164189387811,1.9246146645183138,355.0,701098.1633802817,5.87493073085203,3.56583447308787,-1,-0.05757440586084628,True
Rajya Sabha,Karnataka,Shri Jairam Ramesh (2022-28) (2022-2028),,KRIDL BHUSIRI ACCOUNT WORKS,Payment Success,"Construction of roads, link roads, pathways or any other road with or without drainage system",WS/MP833/2024-2025/16095,2024-06-24,2500000.0,6.397940182389796,5.330132366384682,0.5548164189387811,1.9246146645183138,355.0,701098.1633802817,5.87493073085203,3.56583447308787,-1,-0.05757440586084628,True
Lok Sabha,Punjab,DR DHARAMVIRA GANDHI,PATIALA,RAJA ENGG WORKS,Payment Success,Setting up of kitchen and pantries,WS/MP18158/2025-2026/191109,2025-11-14,380.0,2.5809249756756194,4.699928377134102,0.5546092002274752,-3.8207144789328495,2.0,846.0,1.0986122886681098,0.4491725768321513,-1,-0.05673291065784458,True
Rajya Sabha,Uttar Pradesh,Prof. Ram Gopal Yadav (2020-26) (2020-2026),,Pradeep Kumar,Payment Success,"Construction of roads, link roads, pathways or any other road with or without drainage system",WS/MP183/2025-2026/217034,2025-10-16,4704369.0,6.672501471792364,5.2394868954404945,0.5548947427641531,2.582498023343039,42.0,1623768.857142857,3.7612001156935624,2.8971912962277706,-1,-0.05634000448401377,True
Lok Sabha,Punjab,Shri Amar Singh,FATEHGARH SAHIB(SC),Sidhu and Company,Payment Success,"Construction of roads, link roads, pathways or any other road with or without drainage system",WS/MP380/2026-2027/279582,2026-07-26,763557.0,5.882842031730675,4.699928377134102,0.5546092002274752,2.132877806771681,13.0,108325.53846153847,2.6390573296152584,7.048725636116775,-1,-0.0561437031544747,True
Rajya Sabha,Uttar Pradesh,Shri Ramji (2020-26) (2020-2026),,A TO Z ASSOCIATES,Payment Success,Lighting of public spaces,WS/MP198/2025-2026/204743,2026-01-24,2263995.0,6.354875655210818,5.2394868954404945,0.5548947427641531,2.0100906961455878,104.0,527142.7884615385,4.653960350157523,4.29484202298859,-1,-0.0558315815711522,True
Lok Sabha,Uttar Pradesh,PUSHPENDRA SAROJ,KAUSHAMBI(SC),IMAMUDDIN,Payment In-Progress,"Construction of roads, link roads, pathways or any other road with or without drainage system",WS/MP18225/2025-2026/257605,2026-07-17,839689.0,5.924118981135474,5.2394868954404945,0.5548947427641531,1.2338053200586347,153.0,55937.2614379085,5.0369526024136295,15.011264019996258,-1,-0.05575491589051906,True
Rajya Sabha,Punjab,Dr. Sandeep Kumar Pathak (2022-28) (2022-2028),,Ranjeet Tile Industries,Payment Success,"Construction of roads, link roads, pathways or any other road with or without drainage system",WS/MP235/2025-2026/274841,2026-05-18,517175.0,5.713638362864567,4.699928377134102,0.5546092002274752,1.8277915067306645,102.0,71823.09803921569,4.634728988229636,7.200677972949878,-1,-0.05568839676895154,True
Lok Sabha,Uttar Pradesh,R.K. CHAUDHARY,MOHANLALGANJ(SC),SHREE HARIOM INFOTECH,Payment Success,Lighting of public spaces,WS/MP18230/2025-2026/162283,2025-08-22,1939454.0,6.287679707381082,5.2394868954404945,0.5548947427641531,1.8889939499500743,79.0,392566.7848101266,4.382026634673881,4.9404434482098605,-1,-0.05554063117149188,True
Lok Sabha,Uttar Pradesh,Swami Sachchidanandhari Sakshi ji Maharaj,UNNAO,RAJESH KUMAR PAL,Payment Success,Construction of shelters for animals,WS/MP465/2025-2026/186775,2025-08-20,3747734.0,6.573768874609948,5.2394868954404945,0.5548947427641531,2.404567706882319,53.0,1173662.5094339622,3.9889840465642745,3.1931956332212312,-1,-0.05535281894138144,True
Lok Sabha,Uttar Pradesh,Ashok Kumar Rawat,MISRIKH(SC),SHRI GURU KRIPA NARSINGH ASSOCIATES,Payment In-Progress,Lighting of public spaces,WS/MP507/2026-2027/290535,2026-08-24,3767622.0,6.5760674394470024,5.2394868954404945,0.5548947427641531,2.4087100507538866,133.0,1279451.2030075188,4.897839799950911,2.9447172280925664,-1,-0.05489164208096642,True
Rajya Sabha,Jharkhand,Dr. Sarfraz Ahmad (2024-30) (2024-2030),,Executive engineer,Payment Success,Establishing public ground water recharging facilities,WS/MP18385/2024-2025/177124,2025-05-17,1498939.0,6.175784249132183,5.373590915581567,0.2986561582339397,2.686009685165277,174.0,410527.5862068966,5.1647859739235145,3.6512503674833896,-1,-0.05473397905281363,True
Lok Sabha,Punjab,SUKHJINDER SINGH RANDHAWA,GURDASPUR,Dashmesh Sanitary Store,Payment Success,"Construction of roads, link roads, pathways or any other road with or without drainage system",WS/MP18154/2025-2026/199721,2026-05-14,165.0,2.220108088040055,4.699928377134102,0.5546092002274752,-4.4712930980534376,1.0,165.0,0.6931471805599453,1.0,-1,-0.054667702773060545,True
Rajya Sabha,Karnataka,Shri Jaggesh (2022-28) (2022-2028),,YASHODA R,Payment Success,Purchase of hospital equipment,WS/MP084/2025-2026/151227,2025-07-31,4990500.0,6.698144146948738,5.330132366384682,0.5548164189387811,2.4657016877415154,8.0,1620374.125,2.1972245773362196,3.079844292132226,-1,-0.05448141130093109,True
Rajya Sabha,Karnataka,Shri Lahar Singh Siroya (2022-28) (2022-2028),,YASHODA R,Payment Success,Installation/ Construction of Anti-Pollution structure,WS/MP834/2026-2027/287989,2026-07-02,4975000.0,6.696793172377109,5.330132366384682,0.5548164189387811,2.463266693884965,8.0,1620374.125,2.1972245773362196,3.0702786000115867,-1,-0.05448141130093109,True
Lok Sabha,Uttar Pradesh,SANATAN PANDEY,BALLIA,ARVIND KUMAR PANDEY,Payment Success,"Construction of roads, link roads, pathways or any other road with or without drainage system",WS/MP18205/2025-2026/232446,2026-02-07,1740480.0,6.240669286660701,5.2394868954404945,0.5548947427641531,1.8042744219073257,156.0,355597.108974359,5.056245805348308,4.894527981456398,-1,-0.05410360173859141,True
Lok Sabha,Uttar Pradesh,Jagdambika Pal,DOMARIYAGANJ,Nistha Enterprises,Payment Success,"Construction of roads, link roads, pathways or any other road with or without drainage system",WS/MP791/2025-2026/252124,2026-06-19,4597280.0,6.6625010499803965,5.2394868954404945,0.5548947427641531,2.564475827345738,18.0,1471243.6666666667,2.9444389791664403,3.1247577163175553,-1,-0.05405763102242611,True
Lok Sabha,Odisha,Shri Jual Oram,SUNDARGARH (ST),DISTRICT MINERAL FOUNDATION SUNDARGARH,Payment Success,Construction of community centers and community halls,WS/MP370/2024-2025/145536,2026-03-23,13.0,1.146128035678238,4.463319681510083,1.1908092186143866,-2.785661711362711,6.0,228.16666666666666,1.9459101490553132,0.05697589481373266,-1,-0.05401940273512196,True
Lok Sabha,Uttar Pradesh,UJJWAL RAMAN SINGH,ALLAHABAD,MS VIDYARTHI CONSTRUCTION,Payment Success,Lighting of public spaces,WS/MP18198/2025-2026/210408,2025-10-16,4558771.0,6.658847872171697,5.2394868954404945,0.5548947427641531,2.557892276399659,13.0,1412277.1538461538,2.6390573296152584,3.227957761396039,-1,-0.053920379305647415,True
Rajya Sabha,Odisha,Dr. Sasmit Patra (2022-28) (2022-2028),,CDO Zilla Parishad DMF,Payment Success,"Construction of roads, link roads, pathways or any other road with or without drainage system",WS/MP131/2025-2026/190497,2025-10-23,1355.0,3.1322596895310446,4.463319681510083,1.1908092186143866,-1.1177777020636828,32.0,388.8125,3.4965075614664802,3.484970262015753,-1,-0.053866408486942574,True
Rajya Sabha,Punjab,Shri Sant Balbir Singh (2022-28) (2022-2028),,MS BASERA BUILDERS,Payment Success,"Construction of roads, link roads, pathways or any other road with or without drainage system",WS/MP140/2023-2024/15241,2025-07-03,500.0,2.699837725867246,4.699928377134102,0.5546092002274752,-3.6063062972026256,8.0,41891.0,2.1972245773362196,0.011935737986679717,-1,-0.053799335063422715,True
Rajya Sabha,Karnataka,Shri Jairam Ramesh (2022-28) (2022-2028),,KRIDL BHUSIRI ACCOUNT WORKS,Payment Success,Construction of culverts and bridges,WS/MP833/2025-2026/177949,2026-01-10,2475000.0,6.39357537874207,5.330132366384682,0.5548164189387811,1.9167475511836458,355.0,701098.1633802817,5.87493073085203,3.5301761283569912,-1,-0.05360485383219005,True
Lok Sabha,Punjab,AMRINDER SINGH RAJA WARRING,LUDHIANA,Gurpreet Singh,Payment Success,Providing supply pipelines for drinking water,WS/MP18157/2025-2026/234866,2026-06-16,520209.0,5.716178696385568,4.699928377134102,0.5546092002274752,1.8323719095078974,22.0,50379.63636363636,3.1354942159291497,10.32577917484698,-1,-0.053508352079973065,True
Lok Sabha,Odisha,ANANTA NAYAK,KEONJHAR(ST),CHIEF EXECUTIVE OFFICER DMF,Payment Success,Construction of community centers and community halls,WS/MP18146/2025-2026/173484,2025-11-25,10.0,1.0413926851582251,4.463319681510083,1.1908092186143866,-2.873614801482287,48.0,1282.2291666666667,3.8918202981106265,0.0077989179001413545,-1,-0.05350612994781123,True
Lok Sabha,Chhattisgarh,Santosh Pandey,RAJNANDGAON,gagan book supplier,Payment Success,Purchase of books and periodicals for libraries/digitization of library books,WS/MP428/2025-2026/211458,2025-09-26,1250000.0,6.096910360443503,5.263901027668219,0.4705016969252951,1.7704704110930045,29.0,197434.24137931035,3.4011973816621555,6.331221936312972,-1,-0.05346459956175997,True
Lok Sabha,Chhattisgarh,Santosh Pandey,RAJNANDGAON,gagan book supplier,Payment Success,Purchase of books and periodicals for libraries/digitization of library books,WS/MP428/2025-2026/211458,2026-01-14,1249775.0,6.096832180462895,5.263901027668219,0.4705016969252951,1.7703042480778264,29.0,197434.24137931035,3.4011973816621555,6.330082316364436,-1,-0.05346459956175997,True
Lok Sabha,Chhattisgarh,Santosh Pandey,RAJNANDGAON,gagan book supplier,Payment Success,Purchase of books and periodicals for libraries/digitization of library books,WS/MP428/2026-2027/291931,2026-08-22,1250000.0,6.096910360443503,5.263901027668219,0.4705016969252951,1.7704704110930045,29.0,197434.24137931035,3.4011973816621555,6.331221936312972,-1,-0.05346459956175997,True
Rajya Sabha,West Bengal,Shri Samirul Islam (2023-29) (2023-2029),,WEST BENGAL MEDICAL SERVICES CORPORATION LIMITED,Payment Success,"Purchase of vehicle for mobile dispensaries (Four, three and two wheelers)",WS/MP893/2024-2025/171163,2026-02-07,720.0,2.857935264719429,5.595904606090499,0.4383067199146974,-6.246697157424211,41.0,93199.19512195123,3.7376696182833684,0.007725388605104147,-1,-0.05306384493717564,True
Rajya Sabha,West Bengal,Shri Mohammed Nadimul Haque (2024-30) (2024-2030),,WEST BENGAL MEDICAL SERVICES CORPORATION LIMITED,Payment Success,"Purchase of vehicle for mobile dispensaries (Four, three and two wheelers)",WS/MP217/2024-2025/171179,2026-02-07,655.0,2.8169038393756605,5.595904606090499,0.4383067199146974,-6.340310655642431,41.0,93199.19512195123,3.7376696182833684,0.007027957689365578,-1,-0.05306384493717564,True
Rajya Sabha,Karnataka,Dr. Syed Naseer Hussain (2024-30) (2024-2030),,KRIDL BHUSIRI ACCOUNT WORKS,Payment Success,Construction of culverts and bridges,WS/MP18296/2025-2026/199796,2025-09-22,2400000.0,6.380211422667602,5.330132366384682,0.5548164189387811,1.8926603835759723,355.0,701098.1633802817,5.87493073085203,3.423201094164355,-1,-0.05262667692511891,True
Rajya Sabha,Bihar,Shri Akhilesh Prasad Singh (2024-30) (2024-2030),,AE  KURTHA,Payment Success,"Construction of roads, link roads, pathways or any other road with or without drainage system",WS/MP044/2025-2026/214779,2025-12-05,1429979.0,6.155329963373887,5.736858468527226,0.41014968640951016,1.0202896862118838,107.0,199363.29906542055,4.68213122712422,7.172729417618416,-1,-0.052557807779042176,True
Lok Sabha,Manipur,ANGOMCHA BIMOL AKOIJAM,INNER MANIPUR,Murphy Thumrah,Payment Success,Purchase of immovable sports equipment,WS/MP18371/2026-2027/293792,2026-07-17,5000000.0,6.698970091194907,5.931047171769868,0.4101736976150395,1.872189572101129,56.0,1456708.0892857143,4.04305126783455,3.432396673551605,-1,-0.05254654642354617,True
Lok Sabha,Madhya Pradesh,Janardan Mishra,REWA,MP STATE AGRO INDUSTRIES DEVELOPMENT CORP REWA,Payment Success,Fitting of Sitting RCC Benches in Public Places,WS/	 MP644/2024-2025/151387,2025-02-25,3062430.0,6.486066312341785,5.188665529226982,0.4692888662406491,2.7646101930948066,23.0,1000593.304347826,3.1780538303479458,3.0606141243330156,-1,-0.052525137573021685,True
Rajya Sabha,Karnataka,Dr. Dharmasthala Veerendra Heggade (2022-28) (2022-2028),,Mysore Nirmithi Kendra,Payment Success,Construction of buildings for community cultural activities,WS/MP838/2025-2026/166187,2025-07-07,1875000.0,6.273001503687399,5.330132366384682,0.5548164189387811,1.6994254407722469,171.0,394225.1461988304,5.147494476813453,4.756165399592064,-1,-0.052318737469886134,True
Rajya Sabha,Jharkhand,Shri Aditya Prasad (2022-28) (2022-2028),,Executive engineer,Payment Success,Development of playfields and sports grounds,WS/MP081/2023-2024/7127,2025-09-26,1449770.0,6.161299408241475,5.373590915581567,0.2986561582339397,2.6375096275191807,174.0,410527.5862068966,5.1647859739235145,3.5314800970996107,-1,-0.052274754397289014,True
Rajya Sabha,Punjab,Shri Sant Balbir Singh (2022-28) (2022-2028),,Joga Singh,Payment Success,"Construction of roads, link roads, pathways or any other road with or without drainage system",WS/MP140/2023-2024/34273,2025-08-27,652.0,2.814913181275074,4.699928377134102,0.5546092002274752,-3.398817032039644,3.0,38467.333333333336,1.3862943611198906,0.01694944628342663,-1,-0.052201798179588366,True
Lok Sabha,Uttar Pradesh,SANATAN PANDEY,BALLIA,ARVIND KUMAR PANDEY,Payment Success,"Construction of roads, link roads, pathways or any other road with or without drainage system",WS/MP18205/2025-2026/239434,2026-01-27,1722903.0,6.236261079286806,5.2394868954404945,0.5548947427641531,1.7963301992752359,156.0,355597.108974359,5.056245805348308,4.845098445736332,-1,-0.05196902371590817,True
Rajya Sabha,Uttar Pradesh,Shri Mithlesh Kumar (2022-28) (2022-2028),,SHRI GURU KRIPA NARSINGH ASSOCIATES,Payment Success,Lighting of public spaces,WS/MP190/2026-2027/282964,2026-07-01,3744000.0,6.57333595606351,5.2394868954404945,0.5548947427641531,2.403787525501826,133.0,1279451.2030075188,4.897839799950911,2.9262546247947827,-1,-0.051738980114810595,True
Lok Sabha,Uttar Pradesh,RAM PRASAD CHAUDHARY,BASTI,JAI CONSTRUCTION,Payment Success,"Construction of roads, link roads, pathways or any other road with or without drainage system",WS/MP18208/2025-2026/248412,2026-04-01,2840260.0,6.453358250487722,5.2394868954404945,0.5548947427641531,2.187570473276513,156.0,846926.5128205129,5.056245805348308,3.353608556356447,-1,-0.0517128151635845,True
Rajya Sabha,West Bengal,Smt. Sagarika Ghose (2024-30) (2024-2030),,WEST BENGAL MEDICAL SERVICES CORPORATION LIMITED,Payment Success,"Purchase of vehicle for mobile dispensaries (Four, three and two wheelers)",WS/MP18299/2024-2025/171164,2026-06-22,919.0,2.963787827345555,5.595904606090499,0.4383067199146974,-6.005193758510484,41.0,93199.19512195123,3.7376696182833684,0.009860600177903765,-1,-0.05156695842496173,True
Rajya Sabha,Uttar Pradesh,Shri Javed Ali Khan (2022-28) (2022-2028),,COMPUTER SOLUTIONS,Payment Success,Lighting of public spaces,WS/MP187/2025-2026/194547,2025-06-16,2673000.0,6.42699912123106,5.2394868954404945,0.5548947427641531,2.140067537629013,102.0,738529.4117647059,4.634728988229636,3.6193548387096772,-1,-0.051240695428753646,True
Rajya Sabha,Punjab,Dr. Sandeep Kumar Pathak (2022-28) (2022-2028),,Malkota cement store kartoli,Payment Success,Construction of culverts and bridges,WS/MP235/2025-2026/241415,2026-04-09,600.0,2.7788744720027396,4.699928377134102,0.5546092002274752,-3.463797398859294,5.0,10557.4,1.791759469228055,0.05683217458844034,-1,-0.0511977005380726,True
Lok Sabha,Uttar Pradesh,UTKARSH VERMA MADHUR,KHERI,Shiv kumar thekedar,Payment Success,"Construction of roads, link roads, pathways or any other road with or without drainage system",WS/MP18226/2025-2026/259880,2026-07-02,828900.0,5.918502663576601,5.2394868954404945,0.5548947427641531,1.2236839094089391,294.0,117241.88775510204,5.68697535633982,7.069998751055836,-1,-0.05081183445491422,True
Lok Sabha,Punjab,DR. RAJ KUMAR CHABBEWAL,HOSHIARPUR(SC),LOVELY AUTOS,Payment Success,"Purchase of ambulances (Four, three and two wheelers)",WS/MP18155/2025-2026/235089,2026-02-27,620.0,2.79309160017658,4.699928377134102,0.5546092002274752,-3.4381629013284036,4.0,164357.0,1.6094379124341003,0.003772276203629903,-1,-0.05068234061482835,True
Rajya Sabha,Punjab,Dr. Vikramjit Singh Sahney (2022-28) (2022-2028),,MAP ASSOCIATES,Payment Success,"Retrofitting, preservation or conservation of heritage and archaeological monuments and buildings",WS/MP844/2024-2025/127389,2026-01-30,3662837.0,6.563817711112841,4.699928377134102,0.5546092002274752,3.360725594191834,3.0,1459061.3333333333,1.3862943611198906,2.5104064622369084,-1,-0.05041233218295249,True
Lok Sabha,Andhra Pradesh,C.M.RAMESH,ANAKAPALLE,GRAMONNATI,Payment Success,"Patrolling Vehicles to government institution for Public Conveniences, Safety and Security",WS/MP18002/2025-2026/243785,2025-11-20,2625000.0,6.4191294731874615,5.60773170892532,0.3625772186175567,2.2378619576703116,15.0,686741.2,2.772588722239781,3.822400636513435,-1,-0.050295324265839825,True
Lok Sabha,Haryana,JAI PARKASH,HISAR,Vinod Kumar,Payment Success,"Patrolling Vehicles to government institution for Public Conveniences, Safety and Security",WS/MP18062/2025-2026/202993,2026-05-22,1000.0,3.000434077479319,5.128163022969908,0.5620398924688407,-3.7857258425985294,13.0,170494.84615384616,2.6390573296152584,0.005865279934020112,-1,-0.050284510366602864,True
Lok Sabha,Haryana,JAI PARKASH,HISAR,Vinod Kumar,Payment Success,"Patrolling Vehicles to government institution for Public Conveniences, Safety and Security",WS/MP18062/2025-2026/202993,2026-04-10,935.0,2.971275848738105,5.128163022969908,0.5620398924688407,-3.837605129339426,13.0,170494.84615384616,2.6390573296152584,0.005484036738308805,-1,-0.050284510366602864,True
Lok Sabha,Odisha,ANANTA NAYAK,KEONJHAR(ST),EMF,Payment Success,Construction of community centers and community halls,WS/MP18146/2025-2026/166136,2026-05-30,537.0,2.7307822756663893,4.463319681510083,1.1908092186143866,-1.4549244150626048,158.0,190.0126582278481,5.0689042022202315,2.826127506495237,-1,-0.04988850661545963,True
Lok Sabha,Karnataka,M. MALLESH BABU,KOLAR(SC),Project Manager,Payment Success,Construction of community centers and community halls,WS/MP18088/2025-2026/180861,2025-09-06,2500000.0,6.397940182389796,5.330132366384682,0.5548164189387811,1.9246146645183138,30.0,588333.3333333334,3.4339872044851463,4.2492917847025495,-1,-0.04983777913519072,True
Rajya Sabha,Uttar Pradesh,Shri Ramji (2020-26) (2020-2026),,SHRI SAI ELECTRICAL SUPPLIERS CONTRACTOR,Payment Success,Lighting of public spaces,WS/MP198/2024-2025/158166,2025-07-02,4244991.0,6.627876876120813,5.2394868954404945,0.5548947427641531,2.5020780946025756,48.0,1481119.1666666667,3.8918202981106265,2.8660698582096984,-1,-0.049737710997973084,True
Rajya Sabha,Uttar Pradesh,Shri Ramji (2020-26) (2020-2026),,SHRI SAI ELECTRICAL SUPPLIERS CONTRACTOR,Payment Success,Lighting of public spaces,WS/MP198/2024-2025/158166,2025-03-06,4244991.0,6.627876876120813,5.2394868954404945,0.5548947427641531,2.5020780946025756,48.0,1481119.1666666667,3.8918202981106265,2.8660698582096984,-1,-0.049737710997973084,True
Lok Sabha,Punjab,DR DHARAMVIRA GANDHI,PATIALA,BALWINDER STEEL SHUTTERING STORE,Payment Success,Construction of toilet blocks,WS/MP18158/2024-2025/141789,2025-03-17,592.0,2.7730546933642626,4.699928377134102,0.5546092002274752,-3.4742908754119552,2.0,2296.0,1.0986122886681098,0.2578397212543554,-1,-0.04960044829564225,True
Lok Sabha,Uttar Pradesh,VIRENDRA SINGH,CHANDAULI,BIHARI JI MAHADEV ASSOCIATES,Payment Success,Lighting of public spaces,WS/MP18210/2024-2025/164779,2025-02-21,2440000.0,6.387390004328235,5.2394868954404945,0.5548947427641531,2.0686862217680684,193.0,649899.8445595854,5.267858159063328,3.7544246554690335,-1,-0.049599340984371576,True
Rajya Sabha,Madhya Pradesh,Dr. Kavita Patidar (2022-28) (2022-2028),,M P  AGRO DHAR,Payment Success,Installation of fixed garden gym equipment,WS/MP103/2025-2026/176839,2025-05-26,654586.0,5.81596737603412,5.188665529226982,0.4692888662406491,1.3367072861376195,382.0,113942.12041884816,5.948034989180646,5.744899231239154,-1,-0.04955630509030018,True
Rajya Sabha,Madhya Pradesh,Dr. Kavita Patidar (2022-28) (2022-2028),,M P  AGRO DHAR,Payment Success,Installation of fixed garden gym equipment,WS/MP103/2025-2026/176845,2025-05-26,654586.0,5.81596737603412,5.188665529226982,0.4692888662406491,1.3367072861376195,382.0,113942.12041884816,5.948034989180646,5.744899231239154,-1,-0.04955630509030018,True
Rajya Sabha,Madhya Pradesh,Dr. Kavita Patidar (2022-28) (2022-2028),,M P  AGRO DHAR,Payment Success,Installation of fixed garden gym equipment,WS/MP103/2025-2026/176844,2025-05-26,654586.0,5.81596737603412,5.188665529226982,0.4692888662406491,1.3367072861376195,382.0,113942.12041884816,5.948034989180646,5.744899231239154,-1,-0.04955630509030018,True
Rajya Sabha,Madhya Pradesh,Dr. Kavita Patidar (2022-28) (2022-2028),,M P  AGRO DHAR,Payment Success,Installation of fixed garden gym equipment,WS/MP103/2025-2026/176843,2025-05-26,654586.0,5.81596737603412,5.188665529226982,0.4692888662406491,1.3367072861376195,382.0,113942.12041884816,5.948034989180646,5.744899231239154,-1,-0.04955630509030018,True
Rajya Sabha,Madhya Pradesh,Dr. Kavita Patidar (2022-28) (2022-2028),,M P  AGRO DHAR,Payment Success,Installation of fixed garden gym equipment,WS/MP103/2025-2026/176842,2025-05-26,654586.0,5.81596737603412,5.188665529226982,0.4692888662406491,1.3367072861376195,382.0,113942.12041884816,5.948034989180646,5.744899231239154,-1,-0.04955630509030018,True
Rajya Sabha,Madhya Pradesh,Dr. Kavita Patidar (2022-28) (2022-2028),,M P  AGRO DHAR,Payment Success,Installation of fixed garden gym equipment,WS/MP103/2025-2026/176841,2025-05-26,654586.0,5.81596737603412,5.188665529226982,0.4692888662406491,1.3367072861376195,382.0,113942.12041884816,5.948034989180646,5.744899231239154,-1,-0.04955630509030018,True
Rajya Sabha,Madhya Pradesh,Dr. Kavita Patidar (2022-28) (2022-2028),,M P  AGRO DHAR,Payment Success,Installation of fixed garden gym equipment,WS/MP103/2025-2026/176840,2025-05-26,654586.0,5.81596737603412,5.188665529226982,0.4692888662406491,1.3367072861376195,382.0,113942.12041884816,5.948034989180646,5.744899231239154,-1,-0.04955630509030018,True
Rajya Sabha,Uttar Pradesh,Smt. Sadhna Singh (2024-30) (2024-2030),,PAWAN ENTERPRISES,Payment Success,Lighting of public spaces,WS/MP18368/2024-2025/147850,2024-11-07,10797000.0,7.033303141596197,5.2394868954404945,0.5548947427641531,3.2327144373723655,4.0,4560226.5,1.6094379124341003,2.367645554447789,-1,-0.04933418176687976,True
Lok Sabha,Uttar Pradesh,DAROGA PRASAD SAROJ,LALGANJ (SC),Ajay Kumar Singh,Payment Success,Lighting of public spaces,WS/MP18227/2024-2025/148772,2025-03-23,844911.0,5.926811478293372,5.2394868954404945,0.5548947427641531,1.2386575865344087,336.0,121453.13095238095,5.820082930352362,6.956683564882907,-1,-0.04933334386063393,True
Lok Sabha,Uttar Pradesh,DAROGA PRASAD SAROJ,LALGANJ (SC),Ajay Kumar Singh,Payment Success,Lighting of public spaces,WS/MP18227/2024-2025/148771,2025-03-23,844911.0,5.926811478293372,5.2394868954404945,0.5548947427641531,1.2386575865344087,336.0,121453.13095238095,5.820082930352362,6.956683564882907,-1,-0.04933334386063393,True
Rajya Sabha,Uttar Pradesh,Shri Hardeep Singh Puri (2020-26) (2020-2026),,S F ASSOCIATES,Payment Success,Lighting of public spaces,WS/MP019/2023-2024/60512,2024-04-12,1677475.81,6.224656525050478,5.2394868954404945,0.5548947427641531,1.775417126322839,28.0,313638.4660714286,3.367295829986474,5.3484377442975015,-1,-0.0491590968210297,True
Rajya Sabha,Jammu And Kashmir,Shri Gulam Ali (2022-28) (2022-2028),,RMK ENTERPRISES,Payment Success,Lighting of public spaces,WS/MP839/2024-2025/134187,2024-08-20,2429998.0,6.385606094876266,5.368253220391357,0.4197357532673082,2.423793700121155,165.0,752549.0303030303,5.111987788356544,3.229022830607473,-1,-0.04867911003369141,True
Lok Sabha,Chhattisgarh,KAMLESH JANGDE,JANJGIR CHAMPA(SC),Mittal Book Agency,Payment Success,Purchase of books and periodicals for libraries/digitization of library books,WS/MP18278/2025-2026/224837,2026-03-23,2500.0,3.3981136917305026,5.263901027668219,0.4705016969252951,-3.9655273256835057,190.0,31497.56842105263,5.25227342804663,0.07937120626521212,-1,-0.048450247947124714,True
Lok Sabha,Chhattisgarh,KAMLESH JANGDE,JANJGIR CHAMPA(SC),Mittal Book Agency,Payment Success,Purchase of books and periodicals for libraries/digitization of library books,WS/MP18278/2025-2026/224857,2026-03-24,2500.0,3.3981136917305026,5.263901027668219,0.4705016969252951,-3.9655273256835057,190.0,31497.56842105263,5.25227342804663,0.07937120626521212,-1,-0.048450247947124714,True
Lok Sabha,Chhattisgarh,KAMLESH JANGDE,JANJGIR CHAMPA(SC),Mittal Book Agency,Payment Success,Purchase of books and periodicals for libraries/digitization of library books,WS/MP18278/2025-2026/224862,2026-03-24,2500.0,3.3981136917305026,5.263901027668219,0.4705016969252951,-3.9655273256835057,190.0,31497.56842105263,5.25227342804663,0.07937120626521212,-1,-0.048450247947124714,True
Lok Sabha,Chhattisgarh,KAMLESH JANGDE,JANJGIR CHAMPA(SC),Mittal Book Agency,Payment Success,Purchase of books and periodicals for libraries/digitization of library books,WS/MP18278/2025-2026/224838,2026-03-23,2500.0,3.3981136917305026,5.263901027668219,0.4705016969252951,-3.9655273256835057,190.0,31497.56842105263,5.25227342804663,0.07937120626521212,-1,-0.048450247947124714,True
Lok Sabha,Chhattisgarh,KAMLESH JANGDE,JANJGIR CHAMPA(SC),Mittal Book Agency,Payment Success,Purchase of books and periodicals for libraries/digitization of library books,WS/MP18278/2025-2026/224859,2026-03-24,2500.0,3.3981136917305026,5.263901027668219,0.4705016969252951,-3.9655273256835057,190.0,31497.56842105263,5.25227342804663,0.07937120626521212,-1,-0.048450247947124714,True
Lok Sabha,Chhattisgarh,KAMLESH JANGDE,JANJGIR CHAMPA(SC),Mittal Book Agency,Payment Success,Purchase of books and periodicals for libraries/digitization of library books,WS/MP18278/2025-2026/224860,2026-03-24,2500.0,3.3981136917305026,5.263901027668219,0.4705016969252951,-3.9655273256835057,190.0,31497.56842105263,5.25227342804663,0.07937120626521212,-1,-0.048450247947124714,True
Lok Sabha,Chhattisgarh,KAMLESH JANGDE,JANJGIR CHAMPA(SC),Mittal Book Agency,Payment Success,Purchase of books and periodicals for libraries/digitization of library books,WS/MP18278/2025-2026/224867,2026-03-24,2500.0,3.3981136917305026,5.263901027668219,0.4705016969252951,-3.9655273256835057,190.0,31497.56842105263,5.25227342804663,0.07937120626521212,-1,-0.048450247947124714,True
Lok Sabha,Chhattisgarh,KAMLESH JANGDE,JANJGIR CHAMPA(SC),Mittal Book Agency,Payment Success,Purchase of books and periodicals for libraries/digitization of library books,WS/MP18278/2025-2026/224863,2026-03-24,2500.0,3.3981136917305026,5.263901027668219,0.4705016969252951,-3.9655273256835057,190.0,31497.56842105263,5.25227342804663,0.07937120626521212,-1,-0.048450247947124714,True
Lok Sabha,Chhattisgarh,KAMLESH JANGDE,JANJGIR CHAMPA(SC),Mittal Book Agency,Payment Success,Purchase of books and periodicals for libraries/digitization of library books,WS/MP18278/2025-2026/224871,2026-03-24,2500.0,3.3981136917305026,5.263901027668219,0.4705016969252951,-3.9655273256835057,190.0,31497.56842105263,5.25227342804663,0.07937120626521212,-1,-0.048450247947124714,True
Lok Sabha,Chhattisgarh,KAMLESH JANGDE,JANJGIR CHAMPA(SC),Mittal Book Agency,Payment Success,Purchase of books and periodicals for libraries/digitization of library books,WS/MP18278/2025-2026/224850,2026-03-24,2500.0,3.3981136917305026,5.263901027668219,0.4705016969252951,-3.9655273256835057,190.0,31497.56842105263,5.25227342804663,0.07937120626521212,-1,-0.048450247947124714,True
Lok Sabha,Chhattisgarh,KAMLESH JANGDE,JANJGIR CHAMPA(SC),Mittal Book Agency,Payment Success,Purchase of books and periodicals for libraries/digitization of library books,WS/MP18278/2025-2026/224869,2026-03-24,2500.0,3.3981136917305026,5.263901027668219,0.4705016969252951,-3.9655273256835057,190.0,31497.56842105263,5.25227342804663,0.07937120626521212,-1,-0.048450247947124714,True
Lok Sabha,Chhattisgarh,KAMLESH JANGDE,JANJGIR CHAMPA(SC),Mittal Book Agency,Payment Success,Purchase of books and periodicals for libraries/digitization of library books,WS/MP18278/2025-2026/224868,2026-03-24,2500.0,3.3981136917305026,5.263901027668219,0.4705016969252951,-3.9655273256835057,190.0,31497.56842105263,5.25227342804663,0.07937120626521212,-1,-0.048450247947124714,True
Lok Sabha,Chhattisgarh,KAMLESH JANGDE,JANJGIR CHAMPA(SC),Mittal Book Agency,Payment Success,Purchase of books and periodicals for libraries/digitization of library books,WS/MP18278/2025-2026/224872,2026-03-24,2500.0,3.3981136917305026,5.263901027668219,0.4705016969252951,-3.9655273256835057,190.0,31497.56842105263,5.25227342804663,0.07937120626521212,-1,-0.048450247947124714,True
Lok Sabha,Chhattisgarh,KAMLESH JANGDE,JANJGIR CHAMPA(SC),Mittal Book Agency,Payment Success,Purchase of books and periodicals for libraries/digitization of library books,WS/MP18278/2025-2026/224873,2026-03-24,2500.0,3.3981136917305026,5.263901027668219,0.4705016969252951,-3.9655273256835057,190.0,31497.56842105263,5.25227342804663,0.07937120626521212,-1,-0.048450247947124714,True
Lok Sabha,Chhattisgarh,KAMLESH JANGDE,JANJGIR CHAMPA(SC),Mittal Book Agency,Payment Success,Purchase of books and periodicals for libraries/digitization of library books,WS/MP18278/2025-2026/224874,2026-03-24,2500.0,3.3981136917305026,5.263901027668219,0.4705016969252951,-3.9655273256835057,190.0,31497.56842105263,5.25227342804663,0.07937120626521212,-1,-0.048450247947124714,True
Lok Sabha,Chhattisgarh,KAMLESH JANGDE,JANJGIR CHAMPA(SC),Mittal Book Agency,Payment Success,Purchase of books and periodicals for libraries/digitization of library books,WS/MP18278/2025-2026/224870,2026-03-24,2500.0,3.3981136917305026,5.263901027668219,0.4705016969252951,-3.9655273256835057,190.0,31497.56842105263,5.25227342804663,0.07937120626521212,-1,-0.048450247947124714,True
Lok Sabha,Chhattisgarh,KAMLESH JANGDE,JANJGIR CHAMPA(SC),Mittal Book Agency,Payment Success,Purchase of books and periodicals for libraries/digitization of library books,WS/MP18278/2025-2026/224885,2026-03-24,2500.0,3.3981136917305026,5.263901027668219,0.4705016969252951,-3.9655273256835057,190.0,31497.56842105263,5.25227342804663,0.07937120626521212,-1,-0.048450247947124714,True
Lok Sabha,Chhattisgarh,KAMLESH JANGDE,JANJGIR CHAMPA(SC),Mittal Book Agency,Payment Success,Purchase of books and periodicals for libraries/digitization of library books,WS/MP18278/2025-2026/224891,2026-03-24,2500.0,3.3981136917305026,5.263901027668219,0.4705016969252951,-3.9655273256835057,190.0,31497.56842105263,5.25227342804663,0.07937120626521212,-1,-0.048450247947124714,True
Lok Sabha,Chhattisgarh,KAMLESH JANGDE,JANJGIR CHAMPA(SC),Mittal Book Agency,Payment Success,Purchase of books and periodicals for libraries/digitization of library books,WS/MP18278/2025-2026/224882,2026-03-24,2500.0,3.3981136917305026,5.263901027668219,0.4705016969252951,-3.9655273256835057,190.0,31497.56842105263,5.25227342804663,0.07937120626521212,-1,-0.048450247947124714,True
Lok Sabha,Chhattisgarh,KAMLESH JANGDE,JANJGIR CHAMPA(SC),Mittal Book Agency,Payment Success,Purchase of books and periodicals for libraries/digitization of library books,WS/MP18278/2025-2026/224836,2026-03-23,2500.0,3.3981136917305026,5.263901027668219,0.4705016969252951,-3.9655273256835057,190.0,31497.56842105263,5.25227342804663,0.07937120626521212,-1,-0.048450247947124714,True
Lok Sabha,Chhattisgarh,KAMLESH JANGDE,JANJGIR CHAMPA(SC),Mittal Book Agency,Payment Success,Purchase of books and periodicals for libraries/digitization of library books,WS/MP18278/2025-2026/224893,2026-03-24,2500.0,3.3981136917305026,5.263901027668219,0.4705016969252951,-3.9655273256835057,190.0,31497.56842105263,5.25227342804663,0.07937120626521212,-1,-0.048450247947124714,True
Lok Sabha,Chhattisgarh,KAMLESH JANGDE,JANJGIR CHAMPA(SC),Mittal Book Agency,Payment Success,Purchase of books and periodicals for libraries/digitization of library books,WS/MP18278/2025-2026/224848,2026-03-24,2500.0,3.3981136917305026,5.263901027668219,0.4705016969252951,-3.9655273256835057,190.0,31497.56842105263,5.25227342804663,0.07937120626521212,-1,-0.048450247947124714,True
Lok Sabha,Chhattisgarh,KAMLESH JANGDE,JANJGIR CHAMPA(SC),Mittal Book Agency,Payment Success,Purchase of books and periodicals for libraries/digitization of library books,WS/MP18278/2025-2026/224892,2026-03-24,2500.0,3.3981136917305026,5.263901027668219,0.4705016969252951,-3.9655273256835057,190.0,31497.56842105263,5.25227342804663,0.07937120626521212,-1,-0.048450247947124714,True
Lok Sabha,Chhattisgarh,KAMLESH JANGDE,JANJGIR CHAMPA(SC),Mittal Book Agency,Payment Success,Purchase of books and periodicals for libraries/digitization of library books,WS/MP18278/2025-2026/224861,2026-03-24,2500.0,3.3981136917305026,5.263901027668219,0.4705016969252951,-3.9655273256835057,190.0,31497.56842105263,5.25227342804663,0.07937120626521212,-1,-0.048450247947124714,True
Lok Sabha,Chhattisgarh,KAMLESH JANGDE,JANJGIR CHAMPA(SC),Mittal Book Agency,Payment Success,Purchase of books and periodicals for libraries/digitization of library books,WS/MP18278/2025-2026/224856,2026-03-24,2500.0,3.3981136917305026,5.263901027668219,0.4705016969252951,-3.9655273256835057,190.0,31497.56842105263,5.25227342804663,0.07937120626521212,-1,-0.048450247947124714,True
Lok Sabha,Chhattisgarh,KAMLESH JANGDE,JANJGIR CHAMPA(SC),Mittal Book Agency,Payment Success,Purchase of books and periodicals for libraries/digitization of library books,WS/MP18278/2025-2026/224849,2026-03-24,2500.0,3.3981136917305026,5.263901027668219,0.4705016969252951,-3.9655273256835057,190.0,31497.56842105263,5.25227342804663,0.07937120626521212,-1,-0.048450247947124714,True
Lok Sabha,Chhattisgarh,KAMLESH JANGDE,JANJGIR CHAMPA(SC),Mittal Book Agency,Payment Success,Purchase of books and periodicals for libraries/digitization of library books,WS/MP18278/2025-2026/224846,2026-03-24,2500.0,3.3981136917305026,5.263901027668219,0.4705016969252951,-3.9655273256835057,190.0,31497.56842105263,5.25227342804663,0.07937120626521212,-1,-0.048450247947124714,True
Lok Sabha,Chhattisgarh,KAMLESH JANGDE,JANJGIR CHAMPA(SC),Mittal Book Agency,Payment Success,Purchase of books and periodicals for libraries/digitization of library books,WS/MP18278/2025-2026/224853,2026-03-24,2500.0,3.3981136917305026,5.263901027668219,0.4705016969252951,-3.9655273256835057,190.0,31497.56842105263,5.25227342804663,0.07937120626521212,-1,-0.048450247947124714,True
Lok Sabha,Chhattisgarh,KAMLESH JANGDE,JANJGIR CHAMPA(SC),Mittal Book Agency,Payment Success,Purchase of books and periodicals for libraries/digitization of library books,WS/MP18278/2025-2026/224851,2026-03-24,2500.0,3.3981136917305026,5.263901027668219,0.4705016969252951,-3.9655273256835057,190.0,31497.56842105263,5.25227342804663,0.07937120626521212,-1,-0.048450247947124714,True
Lok Sabha,Chhattisgarh,KAMLESH JANGDE,JANJGIR CHAMPA(SC),Mittal Book Agency,Payment Success,Purchase of books and periodicals for libraries/digitization of library books,WS/MP18278/2025-2026/224855,2026-03-24,2500.0,3.3981136917305026,5.263901027668219,0.4705016969252951,-3.9655273256835057,190.0,31497.56842105263,5.25227342804663,0.07937120626521212,-1,-0.048450247947124714,True
Lok Sabha,Chhattisgarh,KAMLESH JANGDE,JANJGIR CHAMPA(SC),Mittal Book Agency,Payment Success,Purchase of books and periodicals for libraries/digitization of library books,WS/MP18278/2025-2026/224852,2026-03-24,2500.0,3.3981136917305026,5.263901027668219,0.4705016969252951,-3.9655273256835057,190.0,31497.56842105263,5.25227342804663,0.07937120626521212,-1,-0.048450247947124714,True
Lok Sabha,Chhattisgarh,KAMLESH JANGDE,JANJGIR CHAMPA(SC),Mittal Book Agency,Payment Success,Purchase of books and periodicals for libraries/digitization of library books,WS/MP18278/2025-2026/224854,2026-03-24,2500.0,3.3981136917305026,5.263901027668219,0.4705016969252951,-3.9655273256835057,190.0,31497.56842105263,5.25227342804663,0.07937120626521212,-1,-0.048450247947124714,True
Lok Sabha,Chhattisgarh,KAMLESH JANGDE,JANJGIR CHAMPA(SC),Mittal Book Agency,Payment Success,Purchase of books and periodicals for libraries/digitization of library books,WS/MP18278/2025-2026/224842,2026-03-23,2500.0,3.3981136917305026,5.263901027668219,0.4705016969252951,-3.9655273256835057,190.0,31497.56842105263,5.25227342804663,0.07937120626521212,-1,-0.048450247947124714,True
Lok Sabha,Chhattisgarh,KAMLESH JANGDE,JANJGIR CHAMPA(SC),Mittal Book Agency,Payment Success,Purchase of books and periodicals for libraries/digitization of library books,WS/MP18278/2025-2026/224841,2026-03-23,2500.0,3.3981136917305026,5.263901027668219,0.4705016969252951,-3.9655273256835057,190.0,31497.56842105263,5.25227342804663,0.07937120626521212,-1,-0.048450247947124714,True
Lok Sabha,Chhattisgarh,KAMLESH JANGDE,JANJGIR CHAMPA(SC),Mittal Book Agency,Payment Success,Purchase of books and periodicals for libraries/digitization of library books,WS/MP18278/2025-2026/224835,2026-03-23,2500.0,3.3981136917305026,5.263901027668219,0.4705016969252951,-3.9655273256835057,190.0,31497.56842105263,5.25227342804663,0.07937120626521212,-1,-0.048450247947124714,True
Lok Sabha,Chhattisgarh,KAMLESH JANGDE,JANJGIR CHAMPA(SC),Mittal Book Agency,Payment Success,Purchase of books and periodicals for libraries/digitization of library books,WS/MP18278/2025-2026/224843,2026-03-23,2500.0,3.3981136917305026,5.263901027668219,0.4705016969252951,-3.9655273256835057,190.0,31497.56842105263,5.25227342804663,0.07937120626521212,-1,-0.048450247947124714,True
Lok Sabha,Chhattisgarh,KAMLESH JANGDE,JANJGIR CHAMPA(SC),Mittal Book Agency,Payment Success,Purchase of books and periodicals for libraries/digitization of library books,WS/MP18278/2025-2026/224844,2026-03-23,2500.0,3.3981136917305026,5.263901027668219,0.4705016969252951,-3.9655273256835057,190.0,31497.56842105263,5.25227342804663,0.07937120626521212,-1,-0.048450247947124714,True
Lok Sabha,Chhattisgarh,KAMLESH JANGDE,JANJGIR CHAMPA(SC),Mittal Book Agency,Payment Success,Purchase of books and periodicals for libraries/digitization of library books,WS/MP18278/2025-2026/224845,2026-03-23,2500.0,3.3981136917305026,5.263901027668219,0.4705016969252951,-3.9655273256835057,190.0,31497.56842105263,5.25227342804663,0.07937120626521212,-1,-0.048450247947124714,True
Lok Sabha,Chhattisgarh,KAMLESH JANGDE,JANJGIR CHAMPA(SC),Mittal Book Agency,Payment Success,Purchase of books and periodicals for libraries/digitization of library books,WS/MP18278/2025-2026/224839,2026-03-23,2500.0,3.3981136917305026,5.263901027668219,0.4705016969252951,-3.9655273256835057,190.0,31497.56842105263,5.25227342804663,0.07937120626521212,-1,-0.048450247947124714,True
Lok Sabha,Chhattisgarh,KAMLESH JANGDE,JANJGIR CHAMPA(SC),Mittal Book Agency,Payment Success,Purchase of books and periodicals for libraries/digitization of library books,WS/MP18278/2025-2026/224840,2026-03-23,2500.0,3.3981136917305026,5.263901027668219,0.4705016969252951,-3.9655273256835057,190.0,31497.56842105263,5.25227342804663,0.07937120626521212,-1,-0.048450247947124714,True
Lok Sabha,Chhattisgarh,KAMLESH JANGDE,JANJGIR CHAMPA(SC),Mittal Book Agency,Payment Success,Purchase of books and periodicals for libraries/digitization of library books,WS/MP18278/2025-2026/224881,2026-03-24,2500.0,3.3981136917305026,5.263901027668219,0.4705016969252951,-3.9655273256835057,190.0,31497.56842105263,5.25227342804663,0.07937120626521212,-1,-0.048450247947124714,True
Lok Sabha,Chhattisgarh,KAMLESH JANGDE,JANJGIR CHAMPA(SC),Mittal Book Agency,Payment Success,Purchase of books and periodicals for libraries/digitization of library books,WS/MP18278/2025-2026/224866,2026-03-24,2500.0,3.3981136917305026,5.263901027668219,0.4705016969252951,-3.9655273256835057,190.0,31497.56842105263,5.25227342804663,0.07937120626521212,-1,-0.048450247947124714,True
Lok Sabha,Chhattisgarh,KAMLESH JANGDE,JANJGIR CHAMPA(SC),Mittal Book Agency,Payment Success,Purchase of books and periodicals for libraries/digitization of library books,WS/MP18278/2025-2026/224880,2026-03-24,2500.0,3.3981136917305026,5.263901027668219,0.4705016969252951,-3.9655273256835057,190.0,31497.56842105263,5.25227342804663,0.07937120626521212,-1,-0.048450247947124714,True
Lok Sabha,Chhattisgarh,KAMLESH JANGDE,JANJGIR CHAMPA(SC),Mittal Book Agency,Payment Success,Purchase of books and periodicals for libraries/digitization of library books,WS/MP18278/2025-2026/224865,2026-03-24,2500.0,3.3981136917305026,5.263901027668219,0.4705016969252951,-3.9655273256835057,190.0,31497.56842105263,5.25227342804663,0.07937120626521212,-1,-0.048450247947124714,True
Lok Sabha,Chhattisgarh,KAMLESH JANGDE,JANJGIR CHAMPA(SC),Mittal Book Agency,Payment Success,Purchase of books and periodicals for libraries/digitization of library books,WS/MP18278/2025-2026/224858,2026-03-24,2500.0,3.3981136917305026,5.263901027668219,0.4705016969252951,-3.9655273256835057,190.0,31497.56842105263,5.25227342804663,0.07937120626521212,-1,-0.048450247947124714,True
Lok Sabha,Chhattisgarh,KAMLESH JANGDE,JANJGIR CHAMPA(SC),Mittal Book Agency,Payment Success,Purchase of books and periodicals for libraries/digitization of library books,WS/MP18278/2025-2026/224888,2026-03-24,2500.0,3.3981136917305026,5.263901027668219,0.4705016969252951,-3.9655273256835057,190.0,31497.56842105263,5.25227342804663,0.07937120626521212,-1,-0.048450247947124714,True
Lok Sabha,Chhattisgarh,KAMLESH JANGDE,JANJGIR CHAMPA(SC),Mittal Book Agency,Payment Success,Purchase of books and periodicals for libraries/digitization of library books,WS/MP18278/2025-2026/224890,2026-03-24,2500.0,3.3981136917305026,5.263901027668219,0.4705016969252951,-3.9655273256835057,190.0,31497.56842105263,5.25227342804663,0.07937120626521212,-1,-0.048450247947124714,True
Lok Sabha,Chhattisgarh,KAMLESH JANGDE,JANJGIR CHAMPA(SC),Mittal Book Agency,Payment Success,Purchase of books and periodicals for libraries/digitization of library books,WS/MP18278/2025-2026/224889,2026-03-24,2500.0,3.3981136917305026,5.263901027668219,0.4705016969252951,-3.9655273256835057,190.0,31497.56842105263,5.25227342804663,0.07937120626521212,-1,-0.048450247947124714,True
Lok Sabha,Chhattisgarh,KAMLESH JANGDE,JANJGIR CHAMPA(SC),Mittal Book Agency,Payment Success,Purchase of books and periodicals for libraries/digitization of library books,WS/MP18278/2025-2026/224876,2026-03-24,2500.0,3.3981136917305026,5.263901027668219,0.4705016969252951,-3.9655273256835057,190.0,31497.56842105263,5.25227342804663,0.07937120626521212,-1,-0.048450247947124714,True
Lok Sabha,Chhattisgarh,KAMLESH JANGDE,JANJGIR CHAMPA(SC),Mittal Book Agency,Payment Success,Purchase of books and periodicals for libraries/digitization of library books,WS/MP18278/2025-2026/224877,2026-03-24,2500.0,3.3981136917305026,5.263901027668219,0.4705016969252951,-3.9655273256835057,190.0,31497.56842105263,5.25227342804663,0.07937120626521212,-1,-0.048450247947124714,True
Lok Sabha,Chhattisgarh,KAMLESH JANGDE,JANJGIR CHAMPA(SC),Mittal Book Agency,Payment Success,Purchase of books and periodicals for libraries/digitization of library books,WS/MP18278/2025-2026/224883,2026-03-24,2500.0,3.3981136917305026,5.263901027668219,0.4705016969252951,-3.9655273256835057,190.0,31497.56842105263,5.25227342804663,0.07937120626521212,-1,-0.048450247947124714,True
Lok Sabha,Chhattisgarh,KAMLESH JANGDE,JANJGIR CHAMPA(SC),Mittal Book Agency,Payment Success,Purchase of books and periodicals for libraries/digitization of library books,WS/MP18278/2025-2026/224878,2026-03-24,2500.0,3.3981136917305026,5.263901027668219,0.4705016969252951,-3.9655273256835057,190.0,31497.56842105263,5.25227342804663,0.07937120626521212,-1,-0.048450247947124714,True
Lok Sabha,Chhattisgarh,KAMLESH JANGDE,JANJGIR CHAMPA(SC),Mittal Book Agency,Payment Success,Purchase of books and periodicals for libraries/digitization of library books,WS/MP18278/2025-2026/224887,2026-03-24,2500.0,3.3981136917305026,5.263901027668219,0.4705016969252951,-3.9655273256835057,190.0,31497.56842105263,5.25227342804663,0.07937120626521212,-1,-0.048450247947124714,True
Lok Sabha,Chhattisgarh,KAMLESH JANGDE,JANJGIR CHAMPA(SC),Mittal Book Agency,Payment Success,Purchase of books and periodicals for libraries/digitization of library books,WS/MP18278/2025-2026/224884,2026-03-24,2500.0,3.3981136917305026,5.263901027668219,0.4705016969252951,-3.9655273256835057,190.0,31497.56842105263,5.25227342804663,0.07937120626521212,-1,-0.048450247947124714,True
Lok Sabha,Chhattisgarh,KAMLESH JANGDE,JANJGIR CHAMPA(SC),Mittal Book Agency,Payment Success,Purchase of books and periodicals for libraries/digitization of library books,WS/MP18278/2025-2026/224875,2026-03-24,2500.0,3.3981136917305026,5.263901027668219,0.4705016969252951,-3.9655273256835057,190.0,31497.56842105263,5.25227342804663,0.07937120626521212,-1,-0.048450247947124714,True
Lok Sabha,Chhattisgarh,KAMLESH JANGDE,JANJGIR CHAMPA(SC),Mittal Book Agency,Payment Success,Purchase of books and periodicals for libraries/digitization of library books,WS/MP18278/2025-2026/224886,2026-03-24,2500.0,3.3981136917305026,5.263901027668219,0.4705016969252951,-3.9655273256835057,190.0,31497.56842105263,5.25227342804663,0.07937120626521212,-1,-0.048450247947124714,True
Lok Sabha,Chhattisgarh,KAMLESH JANGDE,JANJGIR CHAMPA(SC),Mittal Book Agency,Payment Success,Purchase of books and periodicals for libraries/digitization of library books,WS/MP18278/2025-2026/224864,2026-03-24,2500.0,3.3981136917305026,5.263901027668219,0.4705016969252951,-3.9655273256835057,190.0,31497.56842105263,5.25227342804663,0.07937120626521212,-1,-0.048450247947124714,True
Lok Sabha,Chhattisgarh,KAMLESH JANGDE,JANJGIR CHAMPA(SC),Mittal Book Agency,Payment Success,Purchase of books and periodicals for libraries/digitization of library books,WS/MP18278/2025-2026/224847,2026-03-24,2500.0,3.3981136917305026,5.263901027668219,0.4705016969252951,-3.9655273256835057,190.0,31497.56842105263,5.25227342804663,0.07937120626521212,-1,-0.048450247947124714,True
Lok Sabha,Chhattisgarh,KAMLESH JANGDE,JANJGIR CHAMPA(SC),Mittal Book Agency,Payment Success,Purchase of books and periodicals for libraries/digitization of library books,WS/MP18278/2025-2026/224879,2026-03-24,2500.0,3.3981136917305026,5.263901027668219,0.4705016969252951,-3.9655273256835057,190.0,31497.56842105263,5.25227342804663,0.07937120626521212,-1,-0.048450247947124714,True
Lok Sabha,Uttar Pradesh,R.K. CHAUDHARY,MOHANLALGANJ(SC),SHREE HARIOM INFOTECH,Payment Success,Lighting of public spaces,WS/MP18230/2025-2026/166818,2026-04-12,1835000.0,6.2636363052607855,5.2394868954404945,0.5548947427641531,1.8456642871017166,79.0,392566.7848101266,4.382026634673881,4.674363881517733,-1,-0.04831624003919899,True
Lok Sabha,Odisha,SUKANTA KUMAR PANIGRAHI,KANDHAMAL,DMF FUND NAYAGARH,Payment Success,Construction of community centers and community halls,WS/MP18350/2025-2026/178758,2026-02-03,10.0,1.0413926851582251,4.463319681510083,1.1908092186143866,-2.873614801482287,42.0,215.14285714285714,3.7612001156935624,0.04648074369189907,-1,-0.04830878297036589,True
Lok Sabha,Bihar,JITAN RAM MANJHI,GAYA (SC),ASSISTANT ENGINEER LAEO SHERGHATI VIDHAN SABHA,Payment Success,"Construction of roads, link roads, pathways or any other road with or without drainage system",WS/MP18033/2025-2026/168702,2025-12-15,1482547.0,6.171008763282616,5.736858468527226,0.41014968640951016,1.0585167053423448,45.0,219787.04444444444,3.828641396489095,6.745379390980178,-1,-0.048186388135514124,True
Lok Sabha,Assam,GAURAV GOGOI,JORHAT,OM ENTERPRISE,Payment Success,Construction of community centers and community halls,WS/MP18024/2025-2026/148306,2025-12-22,2000.0,3.3012470886362113,5.2644782788065365,0.4600527957855902,-4.267404106995794,19.0,66029.63157894737,2.995732273553991,0.030289431459400603,-1,-0.048126890647873344,True
Lok Sabha,Assam,GAURAV GOGOI,JORHAT,OM ENTERPRISE,Payment Success,Construction of community centers and community halls,WS/MP18024/2025-2026/148305,2026-01-05,1945.0,3.289142835932333,5.2644782788065365,0.4600527957855902,-4.293714680075149,19.0,66029.63157894737,2.995732273553991,0.029456472094267085,-1,-0.048126890647873344,True
Lok Sabha,Uttar Pradesh,PUSHPENDRA SAROJ,KAUSHAMBI(SC),RAJ KUMAR,Payment Success,"Construction of roads, link roads, pathways or any other road with or without drainage system",WS/MP18225/2025-2026/221570,2026-02-16,1275444.0,6.1056617356141665,5.2394868954404945,0.5548947427641531,1.5609714301110658,10.0,183352.9,2.3978952727983707,6.956224853820147,-1,-0.04801696930432009,True
Lok Sabha,Odisha,Shri Bhartruhari Mahtab,CUTTACK,DMF FUND NAYAGARH,Payment Success,Construction of rooms and halls in school and colleges,WS/MP372/2025-2026/186027,2026-06-29,11.0,1.0791812460476249,4.463319681510083,1.1908092186143866,-2.841881287583755,42.0,215.14285714285714,3.7612001156935624,0.05112881806108898,-1,-0.04800604366902017,True
Rajya Sabha,Uttar Pradesh,Shri Tejveer Singh (2024-30) (2024-2030),,DIVYANSHU CONSTRUCTION,Payment Success,"Construction of roads, link roads, pathways or any other road with or without drainage system",WS/MP18331/2024-2025/153547,2025-01-27,1049779.0,6.021098294501489,5.2394868954404945,0.5548947427641531,1.4085759673401754,181.0,145872.28729281767,5.204006687076795,7.19656227706034,-1,-0.04795940861101833,True
Rajya Sabha,Gujarat,Shri Mayankkumar Nayak (2024-30) (2024-2030),,HEMODIAZ LIFE SCIENCES PVT LTD,Payment Success,"Purchase of ambulances (Four, three and two wheelers)",WS/MP18403/2025-2026/219864,2026-08-18,429.0,2.6334684555795866,5.406212311570647,0.33663521492486204,-8.236642315064824,1.0,429.0,0.6931471805599453,1.0,-1,-0.047922015486132064,True
Lok Sabha,Uttar Pradesh,DAROGA PRASAD SAROJ,LALGANJ (SC),Ajay Kumar Singh,Payment Success,Street lights,WS/MP18227/2024-2025/148872,2025-09-03,825036.0,5.916473425562662,5.2394868954404945,0.5548947427641531,1.2200269311434213,336.0,121453.13095238095,5.820082930352362,6.793040191969017,-1,-0.04789469356914533,True
Lok Sabha,Bihar,JITAN RAM MANJHI,GAYA (SC),ASSISTANT ENGINEER LAEO SHERGHATI VIDHAN SABHA,Payment Success,"Construction of roads, link roads, pathways or any other road with or without drainage system",WS/MP18033/2025-2026/169404,2026-02-09,1476654.0,6.169279040269341,5.736858468527226,0.41014968640951016,1.0542994084124915,45.0,219787.04444444444,3.828641396489095,6.718567073562217,-1,-0.04788370402883302,True
Rajya Sabha,Bihar,Shri Akhilesh Prasad Singh (2024-30) (2024-2030),,AE  KURTHA,Payment Success,"Construction of roads, link roads, pathways or any other road with or without drainage system",WS/MP044/2025-2026/232530,2026-04-06,1380572.0,6.1400593755960555,5.736858468527226,0.41014968640951016,0.9830579430609575,107.0,199363.29906542055,4.68213122712422,6.924905468919677,-1,-0.04769413745546491,True
Lok Sabha,Odisha,Smt Aparajita Sarangi,BHUBANESWAR,CDO Zilla Parishad DMF,Payment Success,Installing community drinking water plants,WS/MP300/2024-2025/179265,2026-04-24,16.0,1.2304489213782739,4.463319681510083,1.1908092186143866,-2.7148519759475365,32.0,388.8125,3.4965075614664802,0.04115094036328565,-1,-0.047596156075326745,True
Lok Sabha,Odisha,Smt Aparajita Sarangi,BHUBANESWAR,CDO Zilla Parishad DMF,Payment Success,Installing community drinking water plants,WS/MP300/2024-2025/179266,2026-06-20,16.0,1.2304489213782739,4.463319681510083,1.1908092186143866,-2.7148519759475365,32.0,388.8125,3.4965075614664802,0.04115094036328565,-1,-0.047596156075326745,True
Lok Sabha,Odisha,Smt Aparajita Sarangi,BHUBANESWAR,CDO Zilla Parishad DMF,Payment Success,Installing community drinking water plants,WS/MP300/2024-2025/179267,2026-06-20,16.0,1.2304489213782739,4.463319681510083,1.1908092186143866,-2.7148519759475365,32.0,388.8125,3.4965075614664802,0.04115094036328565,-1,-0.047596156075326745,True
Rajya Sabha,Himachal Pradesh,Dr. Sikander Kumar (2022-28) (2022-2028),,Nek Mohammad,Payment Success,"Construction of roads, link roads, pathways or any other road with or without drainage system",WS/MP078/2025-2026/267752,2026-07-01,330.0,2.519827993775719,5.0357558139091765,0.3981897135113444,-6.318414903155902,4.0,360.25,1.6094379124341003,0.916030534351145,-1,-0.04758585347847366,True
Lok Sabha,Uttar Pradesh,ZIA UR REHMAN,SAMBHAL,NATIONAL INFRATECH,Payment Success,"Construction of roads, link roads, pathways or any other road with or without drainage system",WS/MP18239/2025-2026/233517,2026-05-13,761454.0,5.881644242761816,5.2394868954404945,0.5548947427641531,1.1572597428522715,448.0,117070.91741071429,6.1070228877422545,6.504211437317326,-1,-0.04757468767500994,True
Rajya Sabha,Himachal Pradesh,Dr. Sikander Kumar (2022-28) (2022-2028),,Rattan Chand,Payment Success,Construction of additional rooms and halls in the existing public and community building,WS/MP078/2025-2026/199256,2025-12-08,605.0,2.782472624166286,5.0357558139091765,0.3981897135113444,-5.658818179587892,4.0,1068.75,1.6094379124341003,0.5660818713450292,-1,-0.047548410698492916,True
Rajya Sabha,Himachal Pradesh,Dr. Sikander Kumar (2022-28) (2022-2028),,Block Development Officer,Payment Success,Installation of multi-gym equipment,WS/MP078/2023-2024/13589,2024-01-01,500000.0,5.698970872924114,5.0357558139091765,0.3981897135113444,1.6655755699124632,10.0,55261.7,2.3978952727983707,9.047857738723202,-1,-0.04714508693032449,True
Lok Sabha,Uttar Pradesh,CHANDRA SHEKHAR,NAGINA(SC),MAKSUD AHMAD CONTRACTOR,Payment Success,"Construction of roads, link roads, pathways or any other road with or without drainage system",WS/MP18404/2024-2025/144126,2025-08-05,910063.0,5.959071935034815,5.2394868954404945,0.5548947427641531,1.2967955616407154,198.0,125588.0101010101,5.293304824724492,7.246416272286174,-1,-0.04712929745182548,True
Rajya Sabha,Punjab,Dr. Sandeep Kumar Pathak (2022-28) (2022-2028),,Ranjeet Tile Industries,Payment Success,"Construction of roads, link roads, pathways or any other road with or without drainage system",WS/MP235/2026-2027/290365,2026-07-28,453750.0,5.656817595165939,4.699928377134102,0.5546092002274752,1.7253396042463152,102.0,71823.09803921569,4.634728988229636,6.317605511144211,-1,-0.04706491338894292,True
Rajya Sabha,Punjab,Dr. Sandeep Kumar Pathak (2022-28) (2022-2028),,Ranjeet Tile Industries,Payment Success,"Construction of roads, link roads, pathways or any other road with or without drainage system",WS/MP235/2026-2027/279288,2026-05-20,452830.0,5.655936150221066,4.699928377134102,0.5546092002274752,1.7237502960550497,102.0,71823.09803921569,4.634728988229636,6.304796261402607,-1,-0.04706491338894292,True
Rajya Sabha,Madhya Pradesh,Smt. Maya Naroliya (2024-30) (2024-2030),,KRISHNA GUPTA,Payment Success,Construction of additional rooms and halls in the existing public and community building,WS/MP18316/2024-2025/166108,2025-04-23,2000.0,3.3012470886362113,5.188665529226982,0.4692888662406491,-4.021869207574405,3.0,34000.0,1.3862943611198906,0.058823529411764705,-1,-0.046934139744655545,True
Lok Sabha,Uttar Pradesh,Prof SP Singh Baghel,AGRA(SC),TANYA CONSTRUCTION,Payment Success,"Construction of roads, link roads, pathways or any other road with or without drainage system",WS/MP494/2024-2025/140709,2025-02-13,1864400.0,6.2705393272011,5.2394868954404945,0.5548947427641531,1.8581045237958473,98.0,398686.2755102041,4.59511985013459,4.676358617095867,-1,-0.04667775380312367,True
Lok Sabha,Punjab,Shri Gurjeet Singh Aujla,AMRITSAR,Sandhu Cement Store,Payment Success,Construction of boundary walls of existing public and community buildings,WS/MP381/2025-2026/262033,2026-05-06,868.0,2.9390197764486663,4.699928377134102,0.5546092002274752,-3.175043976845663,3.0,55456.0,1.3862943611198906,0.01565204847085978,-1,-0.04652840626911048,True
Rajya Sabha,Uttar Pradesh,Shri Baburam Nishad (2022-28) (2022-2028),,PAL CONSTRUCTION,Payment Success,"Construction of roads, link roads, pathways or any other road with or without drainage system",WS/MP847/2024-2025/89994,2024-12-30,3485330.0,6.542244029104701,5.2394868954404945,0.5548947427641531,2.3477554088450203,7.0,1104302.142857143,2.0794415416798357,3.1561380393435283,-1,-0.04651265059348508,True
Lok Sabha,Odisha,Shri Jual Oram,SUNDARGARH (ST),DISTRICT MINERAL FOUNDATION SUNDARGARH,Payment Success,Construction of community centers and community halls,WS/MP370/2025-2026/185247,2026-05-27,680.0,2.833147111912785,4.463319681510083,1.1908092186143866,-1.3689620000541736,6.0,228.16666666666666,1.9459101490553132,2.9802775748721695,-1,-0.046403410672377965,True
Rajya Sabha,Madhya Pradesh,Dr. Kavita Patidar (2022-28) (2022-2028),,shekhar badrilal,Payment Success,Construction of community centers and community halls,WS/MP103/2023-2024/31332,2024-03-07,1207.0,3.082066934285113,5.188665529226982,0.4692888662406491,-4.488916627869912,9.0,24449.11111111111,2.302585092994046,0.049367847956299254,-1,-0.04629870223200705,True
Rajya Sabha,Uttar Pradesh,Smt. Darshana Singh (2022-28) (2022-2028),,SANSKRITI AGROSCIENCE PRIVATE LIMITED,Payment Success,Installing community drinking water plants,WS/MP203/2023-2024/10747,2025-01-04,2000710.0,6.301184359915678,5.2394868954404945,0.5548947427641531,1.913331272858061,43.0,454208.3488372093,3.784189633918261,4.404828764424727,-1,-0.04626827596793481,True
Lok Sabha,Uttar Pradesh,AKSHAYA YADAV,FIROZABAD,MS RAJ KAMAL CONSTRUCTIONS,Payment Success,"Construction of roads, link roads, pathways or any other road with or without drainage system",WS/MP18217/2024-2025/136141,2024-11-09,3570960.0,6.552785107101971,5.2394868954404945,0.5548947427641531,2.366751944917358,75.0,1265558.32,4.330733340286331,2.821647918999102,-1,-0.046052961967823935,True
Rajya Sabha,Punjab,Dr. Sandeep Kumar Pathak (2022-28) (2022-2028),,kakkar Hardware Store,Payment Success,Construction of community centers and community halls,WS/MP235/2026-2027/299130,2026-08-12,532510.0,5.726328583359525,4.699928377134102,0.5546092002274752,1.850672880659825,12.0,72061.66666666667,2.5649493574615367,7.389643129726854,-1,-0.04597262007726599,True
Lok Sabha,Punjab,AMRINDER SINGH RAJA WARRING,LUDHIANA,Raj Kumar,Payment Success,"Construction of roads, link roads, pathways or any other road with or without drainage system",WS/MP18157/2024-2025/169461,2025-08-12,569097.0,5.755187059355487,4.699928377134102,0.5546092002274752,1.9027067740466024,7.0,90068.14285714286,2.0794415416798357,6.318515980757427,-1,-0.045888941474772627,True
Rajya Sabha,Himachal Pradesh,Dr. Sikander Kumar (2022-28) (2022-2028),,Rattan Chand,Payment Success,Construction of boundary walls of existing public and community buildings,WS/MP078/2024-2025/169590,2025-07-04,1800.0,3.2555137128195333,5.0357558139091765,0.3981897135113444,-4.470839001316703,4.0,1068.75,1.6094379124341003,1.6842105263157894,-1,-0.04571007929771931,True
Lok Sabha,Karnataka,Shri B Y Raghavendra,SHIMOGA,Nirmithi Kendra Shivamogga,Payment Success,"Construction of roads, link roads, pathways or any other road with or without drainage system",WS/MP337/2025-2026/160006,2025-07-21,1440000.0,6.158362793688535,5.330132366384682,0.5548164189387811,1.4928008599457847,128.0,258214.703125,4.859812404361672,5.5767544704954535,-1,-0.04567361861903685,True
Lok Sabha,Karnataka,Shri B Y Raghavendra,SHIMOGA,Nirmithi Kendra Shivamogga,Payment Success,"Construction of roads, link roads, pathways or any other road with or without drainage system",WS/MP337/2025-2026/160005,2025-07-21,1440000.0,6.158362793688535,5.330132366384682,0.5548164189387811,1.4928008599457847,128.0,258214.703125,4.859812404361672,5.5767544704954535,-1,-0.04567361861903685,True
Lok Sabha,Karnataka,Shri LS Tejasvi Surya,BANGALORE SOUTH,GUNASHEELAN P,Payment Success,Development of public parks,WS/MP341/2025-2026/156772,2026-05-14,5490893.0,6.739643059870472,5.330132366384682,0.5548164189387811,2.540499245104924,3.0,2163288.0,1.3862943611198906,2.5382163632396613,-1,-0.04533888455355528,True
Lok Sabha,Punjab,SARABJEET SINGH KHALSA,FARIDKOT(SC),SHREE GURU RAM DASS AUTO SALES,Payment Success,Street lights,WS/MP18152/2024-2025/140035,2025-07-24,700.0,2.8457180179666586,4.699928377134102,0.5546092002274752,-3.343273711303259,6.0,197079.16666666666,1.9459101490553132,0.0035518721326032263,-1,-0.04528613956021066,True
Rajya Sabha,Madhya Pradesh,Dr. Kavita Patidar (2022-28) (2022-2028),,mahesh,Payment Success,Construction of community centers and community halls,WS/MP103/2023-2024/31332,2024-03-07,1207.0,3.082066934285113,5.188665529226982,0.4692888662406491,-4.488916627869912,10.0,23877.5,2.3978952727983707,0.05054968066171082,-1,-0.045092187291343455,True
Lok Sabha,Odisha,SUKANTA KUMAR PANIGRAHI,KANDHAMAL,ODISHA DISTRIBUTING AUTHORITY,Payment Success,Street lights,WS/MP18350/2025-2026/232280,2025-11-29,500596.0,5.699488242620687,4.463319681510083,1.1908092186143866,1.0380911919282894,266.0,41414.27067669173,5.58724865840025,12.087524223425218,-1,-0.04491264843773701,True
Lok Sabha,Uttar Pradesh,RAKESH RATHOR,SITAPUR,MANNAT CONSTRUCTION,Payment Success,Lighting of public spaces,WS/MP18241/2025-2026/214632,2026-02-24,1129525.0,6.052896232181189,5.2394868954404945,0.5548947427641531,1.465880416687275,259.0,200486.14671814672,5.560681631015528,5.633930416089755,-1,-0.04481807038106567,True
Lok Sabha,Bihar,JITAN RAM MANJHI,GAYA (SC),ASSISTANT ENGINEER LAEO SHERGHATI VIDHAN SABHA,Payment Success,"Construction of roads, link roads, pathways or any other road with or without drainage system",WS/MP18033/2025-2026/169405,2026-02-23,1473066.0,6.168222500453321,5.736858468527226,0.41014968640951016,1.0517234224955705,45.0,219787.04444444444,3.828641396489095,6.702242180486424,-1,-0.04478058946579999,True
Lok Sabha,Uttar Pradesh,AFZAL ANSARI,GHAZIPUR,SHYAM SOLAR TRADING,Payment Success,Lighting of public spaces,WS/MP18390/2025-2026/176189,2025-08-20,1950454.0,6.290135934921007,5.2394868954404945,0.5548947427641531,1.8934204246499224,101.0,442930.1584158416,4.624972813284271,4.403524941665479,-1,-0.04477940243879974,True
Lok Sabha,Madhya Pradesh,Gyaneshwar Patil,KHANDWA,GRAM PANCHAYAT ICCHAPUR,Payment Success,Improvement of electricity distribution infrastructure,WS/MP643/2025-2026/194836,2026-04-15,2450000.0,6.38916626162755,5.188665529226982,0.4692888662406491,2.5581274536032943,4.0,800000.0,1.6094379124341003,3.0625,-1,-0.04465058529228372,True
Lok Sabha,Madhya Pradesh,Gyaneshwar Patil,KHANDWA,Shri Agrasen Marketing,Payment Success,Construction of community centers and community halls,WS/MP643/2025-2026/146594,2026-01-30,1750.0,3.243286146083446,5.188665529226982,0.4692888662406491,-4.145377235832299,7.0,26684.85714285714,2.0794415416798357,0.06558026489073525,-1,-0.044643946937130585,True
Lok Sabha,Punjab,DR. RAJ KUMAR CHABBEWAL,HOSHIARPUR(SC),LOVELY AUTOS,Payment Success,"Purchase of ambulances (Four, three and two wheelers)",WS/MP18155/2025-2026/235089,2026-02-27,820.0,2.9143431571194407,4.699928377134102,0.5546092002274752,-3.2195376839805325,4.0,164357.0,1.6094379124341003,0.004989139495123421,-1,-0.0446321077979045,True
Lok Sabha,Haryana,SATPAL BRAHAMCHARI,SONEPAT,M K Traders,Payment Success,Installation/ Construction of Anti-Pollution structure,WS/MP18067/2025-2026/251799,2026-07-25,360.0,2.5575072019056577,5.128163022969908,0.5620398924688407,-4.573796016101769,1.0,360.0,0.6931471805599453,1.0,-1,-0.04460129598062379,True
Lok Sabha,Odisha,SUKANTA KUMAR PANIGRAHI,KANDHAMAL,DMF FUND NAYAGARH,Payment Success,Construction of community centers and community halls,WS/MP18350/2025-2026/178846,2026-01-26,16.0,1.2304489213782739,4.463319681510083,1.1908092186143866,-2.7148519759475365,42.0,215.14285714285714,3.7612001156935624,0.07436918990703852,-1,-0.044523977083840593,True
Rajya Sabha,Punjab,Dr. Ashok Kumar Mittal (2022-28) (2022-2028),,Harnoor Singh,Payment Success,"Construction of rooms and facilities for hospitals, FWC , PHC Centers and ANM centers",WS/MP843/2024-2025/174074,2025-07-08,751910.0,5.876166438335877,4.699928377134102,0.5546092002274752,2.1208412350883057,35.0,138584.45714285714,3.58351893845611,5.425644516721727,-1,-0.044217182401406596,True
Lok Sabha,Rajasthan,Bhagirath Chaudhary,AJMER,MS LAXMAN GENA SO RAM RATAN GEN,Payment Success,Forest conservation infrastructure,WS/MP719/2025-2026/201523,2026-01-27,1152442.0,6.061619454324032,4.465815975724242,0.9043060886805357,1.7646718280181122,8.0,184567.625,2.1972245773362196,6.244009478910508,-1,-0.0441482003058522,True
Lok Sabha,Odisha,ANANTA NAYAK,KEONJHAR(ST),EMF,Payment Success,Construction of community centers and community halls,WS/MP18146/2025-2026/173919,2026-06-18,20.0,1.3222192947339193,4.463319681510083,1.1908092186143866,-2.6377864209273723,158.0,190.0126582278481,5.0689042022202315,0.1052561454933049,-1,-0.044066093196364786,True
Rajya Sabha,Odisha,Smt. Sulata Deo (2022-28) (2022-2028),,MEMBER SECY OB AND OC WWB BBSR,Payment Success,Construction of culverts and bridges,WS/MP138/2025-2026/257484,2026-06-11,10000.0,4.000043427276863,4.463319681510083,1.1908092186143866,-0.3890432211906154,438.0,2330.735159817352,6.0844994130751715,4.290491760884429,-1,-0.044055188316495686,True
Rajya Sabha,Odisha,Dr. Sasmit Patra (2022-28) (2022-2028),,MEMBER SECY OB AND OC WWB BBSR,Payment Success,"Construction of roads, link roads, pathways or any other road with or without drainage system",WS/MP131/2023-2024/72509,2024-04-29,10000.0,4.000043427276863,4.463319681510083,1.1908092186143866,-0.3890432211906154,438.0,2330.735159817352,6.0844994130751715,4.290491760884429,-1,-0.044055188316495686,True
Lok Sabha,Odisha,ANANTA NAYAK,KEONJHAR(ST),MEMBER SECY OB AND OC WWB BBSR,Payment Success,Construction of community centers and community halls,WS/MP18146/2025-2026/166136,2026-05-30,10000.0,4.000043427276863,4.463319681510083,1.1908092186143866,-0.3890432211906154,438.0,2330.735159817352,6.0844994130751715,4.290491760884429,-1,-0.044055188316495686,True
Lok Sabha,Odisha,Smt Aparajita Sarangi,BHUBANESWAR,MEMBER SECY OB AND OC WWB BBSR,Payment Success,Construction of public libraries and reading rooms,WS/MP300/2026-2027/199505,2026-08-06,10000.0,4.000043427276863,4.463319681510083,1.1908092186143866,-0.3890432211906154,438.0,2330.735159817352,6.0844994130751715,4.290491760884429,-1,-0.044055188316495686,True
Rajya Sabha,Odisha,Dr. Sasmit Patra (2022-28) (2022-2028),,MEMBER SECY OB AND OC WWB BBSR,Payment Success,Construction of community centers and community halls,WS/MP131/2024-2025/162167,2025-10-08,10000.0,4.000043427276863,4.463319681510083,1.1908092186143866,-0.3890432211906154,438.0,2330.735159817352,6.0844994130751715,4.290491760884429,-1,-0.044055188316495686,True
Rajya Sabha,Odisha,Smt. Sulata Deo (2022-28) (2022-2028),,MEMBER SECY OB AND OC WWB BBSR,Payment Success,Construction of boundary walls of existing public and community buildings,WS/MP138/2025-2026/257483,2026-06-11,10000.0,4.000043427276863,4.463319681510083,1.1908092186143866,-0.3890432211906154,438.0,2330.735159817352,6.0844994130751715,4.290491760884429,-1,-0.044055188316495686,True
Rajya Sabha,Odisha,Dr. Sasmit Patra (2022-28) (2022-2028),,MEMBER SECY OB AND OC WWB BBSR,Payment Success,Construction of bus-sheds or bus-stops,WS/MP131/2026-2027/273372,2026-08-07,10000.0,4.000043427276863,4.463319681510083,1.1908092186143866,-0.3890432211906154,438.0,2330.735159817352,6.0844994130751715,4.290491760884429,-1,-0.044055188316495686,True
Rajya Sabha,Odisha,Smt. Sulata Deo (2022-28) (2022-2028),,MEMBER SECY OB AND OC WWB BBSR,Payment Success,Construction of culverts and bridges,WS/MP138/2025-2026/257485,2026-06-11,10000.0,4.000043427276863,4.463319681510083,1.1908092186143866,-0.3890432211906154,438.0,2330.735159817352,6.0844994130751715,4.290491760884429,-1,-0.044055188316495686,True
Lok Sabha,Odisha,Smt Aparajita Sarangi,BHUBANESWAR,MEMBER SECY OB AND OC WWB BBSR,Payment Success,Construction of public libraries and reading rooms,WS/MP300/2026-2027/199513,2026-05-19,10000.0,4.000043427276863,4.463319681510083,1.1908092186143866,-0.3890432211906154,438.0,2330.735159817352,6.0844994130751715,4.290491760884429,-1,-0.044055188316495686,True
Rajya Sabha,Odisha,Dr. Sasmit Patra (2022-28) (2022-2028),,MEMBER SECY OB AND OC WWB BBSR,Payment Success,"Construction of roads, link roads, pathways or any other road with or without drainage system",WS/MP131/2023-2024/72510,2024-05-17,10000.0,4.000043427276863,4.463319681510083,1.1908092186143866,-0.3890432211906154,438.0,2330.735159817352,6.0844994130751715,4.290491760884429,-1,-0.044055188316495686,True
Lok Sabha,Punjab,GURMEET SINGH MEET HAYER,SANGRUR,KRISHNA ELECTRIC STORE,Payment Success,Construction of bus-sheds or bus-stops,WS/MP18314/2025-2026/227231,2026-02-02,844.0,2.926856708949692,4.699928377134102,0.5546092002274752,-3.1969748562720866,2.0,5437.0,1.0986122886681098,0.15523266507265035,-1,-0.04404730194343409,True
Rajya Sabha,Bihar,Shri Akhilesh Prasad Singh (2024-30) (2024-2030),,GEETA DEVI,Payment Success,"Construction of roads, link roads, pathways or any other road with or without drainage system",WS/MP044/2025-2026/217264,2026-05-21,1435795.0,6.157092739092953,5.736858468527226,0.41014968640951016,1.0245875700759355,11.0,137842.9090909091,2.4849066497880004,10.41616873489717,-1,-0.04402137292203756,True
Rajya Sabha,Odisha,Shri Subhasish Khuntia (2024-30) (2024-2030),,MISC ACCOUNT BDO RANPUR,Payment Success,Construction of community centers and community halls,WS/MP18283/2025-2026/238246,2026-07-09,14428.0,4.159236233412904,4.463319681510083,1.1908092186143866,-0.25535866144117325,69.0,626.695652173913,4.248495242049359,23.02233939225753,-1,-0.04376971450875078,True
Lok Sabha,Assam,GAURAV GOGOI,JORHAT,Sanjib Gogoi,Payment Success,Construction of community centers and community halls,WS/MP18024/2025-2026/154708,2026-02-25,2000.0,3.3012470886362113,5.2644782788065365,0.4600527957855902,-4.267404106995794,7.0,53157.42857142857,2.0794415416798357,0.03762409231877281,-1,-0.04369799585229728,True
Rajya Sabha,Odisha,Dr. Sasmit Patra (2022-28) (2022-2028),,CDO Zilla Parishad DMF,Payment Success,Construction of rooms and halls in school and colleges,WS/MP131/2024-2025/92627,2025-12-11,1256.0,3.0993352776859577,4.463319681510083,1.1908092186143866,-1.145426473445716,32.0,388.8125,3.4965075614664802,3.230348818517923,-1,-0.04367897379304875,True
Lok Sabha,Odisha,Shri Bhartruhari Mahtab,CUTTACK,DMF FUND NAYAGARH,Payment Success,"Construction of roads, link roads, pathways or any other road with or without drainage system",WS/MP372/2025-2026/185718,2025-09-12,678.0,2.8318697742805017,4.463319681510083,1.1908092186143866,-1.3700346635944924,42.0,215.14285714285714,3.7612001156935624,3.151394422310757,-1,-0.04288904158120721,True
Lok Sabha,Rajasthan,Shri Hanuman Beniwal,NAGAUR,Mahadev Enterprises,Payment Success,Crematoriums/energy efficient crematoriums or structures on burial/cremation ground,WS/MP386/2024-2025/142533,2025-03-27,674762.0,5.829151260436969,4.465815975724242,0.9043060886805357,1.5076037878965922,26.0,82702.11538461539,3.295836866004329,8.158944869329451,-1,-0.04286075578230264,True
Lok Sabha,Madhya Pradesh,DR. RAJESH MISHRA,SIDHI,SARSWATI SHISHU MANDIR SUKWARI,Payment Success,Construction of rooms and halls in school and colleges,WS/MP18109/2025-2026/179956,2026-07-02,2135.0,3.3296012483565187,5.188665529226982,0.4692888662406491,-3.9614497905372077,5.0,40822.0,1.791759469228055,0.05230023026799275,-1,-0.04284349436161672,True
Rajya Sabha,Himachal Pradesh,Dr. Sikander Kumar (2022-28) (2022-2028),,Jitender Kumar,Payment Success,"Construction of roads, link roads, pathways or any other road with or without drainage system",WS/MP078/2025-2026/256256,2026-04-10,3100.0,3.4915017662373264,5.0357558139091765,0.3981897135113444,-3.8781866916003453,2.0,37797.5,1.0986122886681098,0.0820160063496263,-1,-0.042793295579331425,True
Rajya Sabha,Madhya Pradesh,Smt. Sumitra Balmik (2022-28) (2022-2028),,DEVESH KUMAR PATLE,Payment Success,Construction of culverts and bridges,WS/MP107/2025-2026/192445,2025-07-03,3850.0,3.585573518622731,5.188665529226982,0.4692888662406491,-3.416002649809707,278.0,161863.85251798562,5.631211781821365,0.023785421760996357,-1,-0.04270524136438658,True
Lok Sabha,Odisha,ANANTA NAYAK,KEONJHAR(ST),CHIEF EXECUTIVE OFFICER DMF,Payment Success,"Construction of roads, link roads, pathways or any other road with or without drainage system",WS/MP18146/2025-2026/173455,2025-11-28,14051.0,4.147738141119988,4.463319681510083,1.1908092186143866,-0.265014357847601,48.0,1282.2291666666667,3.8918202981106265,10.958259541488617,-1,-0.04263318832219576,True
Lok Sabha,Assam,GAURAV GOGOI,JORHAT,Prabhat Changmai,Payment Success,Construction of boundary walls of existing public and community buildings,WS/MP18024/2025-2026/148300,2026-02-16,2050.0,3.3119656603683665,5.2644782788065365,0.4600527957855902,-4.244105538156859,14.0,64465.92857142857,2.70805020110221,0.03179974360764213,-1,-0.04252745190432017,True
Rajya Sabha,Uttar Pradesh,Shri Ramji (2020-26) (2020-2026),,SHRI SAI ELECTRICAL SUPPLIERS CONTRACTOR,Payment Success,Lighting of public spaces,WS/MP198/2024-2025/135729,2024-10-22,3962000.0,6.597914580817477,5.2394868954404945,0.5548947427641531,2.4480817363850123,48.0,1481119.1666666667,3.8918202981106265,2.67500420571606,-1,-0.042368812328380745,True
Rajya Sabha,Uttar Pradesh,Shri Ramji (2020-26) (2020-2026),,SHRI SAI ELECTRICAL SUPPLIERS CONTRACTOR,Payment Success,Lighting of public spaces,WS/MP198/2025-2026/176271,2025-05-09,3961992.0,6.597913703897112,5.2394868954404945,0.5548947427641531,2.448080156048604,48.0,1481119.1666666667,3.8918202981106265,2.6749988043951,-1,-0.042368812328380745,True
Rajya Sabha,Uttar Pradesh,Shri Ramji (2020-26) (2020-2026),,SHRI SAI ELECTRICAL SUPPLIERS CONTRACTOR,Payment Success,Lighting of public spaces,WS/MP198/2024-2025/158166,2025-02-14,3962008.0,6.597915457736072,5.2394868954404945,0.5548947427641531,2.4480833167182303,48.0,1481119.1666666667,3.8918202981106265,2.675009607037021,-1,-0.042368812328380745,True
Lok Sabha,Uttar Pradesh,Rajkumar Chahar,FATEHPUR SIKRI,BS Enterprises,Payment Success,Lighting of public spaces,WS/MP517/2024-2025/137540,2024-10-10,2596304.0,6.414355709713979,5.2394868954404945,0.5548947427641531,2.1172822946942906,14.0,700369.3571428572,2.70805020110221,3.707049678174914,-1,-0.042282533272471445,True
Rajya Sabha,Punjab,Dr. Vikramjit Singh Sahney (2022-28) (2022-2028),,Salh Cement Store,Payment Success,"Construction of roads, link roads, pathways or any other road with or without drainage system",WS/MP844/2023-2024/74812,2025-04-21,716.0,2.8555191556678,4.699928377134102,0.5546092002274752,-3.325601559999022,19.0,51678.89473684211,2.995732273553991,0.013854785471825512,-1,-0.04226725211804916,True
Rajya Sabha,Punjab,Shri Sant Balbir Singh (2022-28) (2022-2028),,lucky Interlock Tiles,Payment Success,"Construction of roads, link roads, pathways or any other road with or without drainage system",WS/MP140/2023-2024/125998,2024-04-16,527620.0,5.722322072701886,4.699928377134102,0.5546092002274752,1.843448855786103,28.0,91574.96428571429,3.367295829986474,5.761618408649587,-1,-0.042114467858651916,True
Lok Sabha,Uttar Pradesh,KISHORI LAL,AMETHI,AADI AND RUDRANSH CONSTRUCTION COMPANY,Payment Success,Setting up public non-conventional energy plants,WS/MP18200/2025-2026/255542,2026-03-26,3760050.0,6.575193735584142,5.2394868954404945,0.5548947427641531,2.4071355109438524,46.0,1385226.3043478262,3.8501476017100584,2.7143940222606853,-1,-0.0420687516914392,True
Lok Sabha,Bihar,JITAN RAM MANJHI,GAYA (SC),ASSISTANT ENGINEER LAEO BODHGAYA VIDHAN SABHA,Payment Success,"Construction of roads, link roads, pathways or any other road with or without drainage system",WS/MP18033/2025-2026/168681,2026-08-11,1483000.0,6.171141443876889,5.736858468527226,0.41014968640951016,1.0588401984441773,58.0,226148.8275862069,4.07753744390572,6.557628513173198,-1,-0.04191790763839509,True
Lok Sabha,Bihar,JITAN RAM MANJHI,GAYA (SC),ASSISTANT ENGINEER LAEO BODHGAYA VIDHAN SABHA,Payment Success,"Construction of roads, link roads, pathways or any other road with or without drainage system",WS/MP18033/2025-2026/169411,2026-03-25,1476509.0,6.169236392669274,5.736858468527226,0.41014968640951016,1.0541954278378851,58.0,226148.8275862069,4.07753744390572,6.528926175560922,-1,-0.04191790763839509,True
Lok Sabha,Bihar,JITAN RAM MANJHI,GAYA (SC),ASSISTANT ENGINEER LAEO BODHGAYA VIDHAN SABHA,Payment Success,Construction of community centers and community halls,WS/MP18033/2025-2026/168594,2026-06-25,1477073.0,6.169402253596723,5.736858468527226,0.41014968640951016,1.05459981904662,58.0,226148.8275862069,4.07753744390572,6.53142010845467,-1,-0.04191790763839509,True
Lok Sabha,Punjab,DR DHARAMVIRA GANDHI,PATIALA,WARAICH TRADERS,Payment Success,Construction of toilet blocks,WS/MP18158/2025-2026/176998,2025-12-01,1257.0,3.09968064110925,4.699928377134102,0.5546092002274752,-2.8853609629420207,2.0,19928.5,1.0986122886681098,0.06307549489424694,-1,-0.041805580848550794,True
Rajya Sabha,Jammu And Kashmir,Shri Gulam Ali (2022-28) (2022-2028),,SHRI GURU KRIPA NARSINGH ASSOCIATES,Payment Success,Lighting of public spaces,WS/MP839/2023-2024/101991,2024-03-11,3395993.0,6.530966914266499,5.368253220391357,0.4197357532673082,2.7701087763535583,133.0,1279451.2030075188,4.897839799950911,2.654257537932881,-1,-0.041779687243002295,True
Lok Sabha,Uttar Pradesh,R.K. CHAUDHARY,MOHANLALGANJ(SC),SHREE HARIOM INFOTECH,Payment Success,Lighting of public spaces,WS/MP18230/2025-2026/162283,2026-04-12,1723959.0,6.236527184933701,5.2394868954404945,0.5548947427641531,1.7968097598592288,79.0,392566.7848101266,4.382026634673881,4.391505004260179,-1,-0.04153722482497657,True
Rajya Sabha,Kerala,Smt. P. T. Usha (2022-28) (2022-2028),,P V SASIKUMAR,Payment Success,Construction of buildings for crèches and anganwadies,WS/MP842/2025-2026/204512,2026-07-13,1000.0,3.000434077479319,5.501593744247948,0.48467972305758084,-5.160438012529538,1.0,1000.0,0.6931471805599453,1.0,-1,-0.04129701185963219,True
Lok Sabha,Kerala,Shri Hibi Eden,ERNAKULAM,RADHAKRISHNAN P,Payment Success,Construction of buildings for crèches and anganwadies,WS/MP352/2025-2026/135862,2026-03-27,1000.0,3.000434077479319,5.501593744247948,0.48467972305758084,-5.160438012529538,1.0,1000.0,0.6931471805599453,1.0,-1,-0.04129701185963219,True
Rajya Sabha,Himachal Pradesh,Dr. Sikander Kumar (2022-28) (2022-2028),,Chirag Sharma,Payment Success,"Construction of roads, link roads, pathways or any other road with or without drainage system",WS/MP078/2024-2025/169592,2026-02-13,1000.0,3.000434077479319,5.0357558139091765,0.3981897135113444,-5.111437255578104,1.0,1000.0,0.6931471805599453,1.0,-1,-0.04129701185963219,True
Rajya Sabha,Uttar Pradesh,Shri Kapil Sibal (2022-28) (2022-2028),,J R Group,Payment Success,"Construction of roads, link roads, pathways or any other road with or without drainage system",WS/MP189/2023-2024/79565,2025-01-03,1635.0,3.2137832993353044,5.2394868954404945,0.5548947427641531,-3.6506087370991276,73.0,439247.12328767125,4.30406509320417,0.003722278219518828,-1,-0.041164756727053,True
Lok Sabha,Odisha,SUKANTA KUMAR PANIGRAHI,KANDHAMAL,DMF FUND NAYAGARH,Payment Success,Construction of boundary walls of existing public and community buildings,WS/MP18350/2025-2026/178769,2026-06-23,653.0,2.815577748324267,4.463319681510083,1.1908092186143866,-1.3837161380923064,42.0,215.14285714285714,3.7612001156935624,3.0351925630810093,-1,-0.04108930023443946,True
Lok Sabha,Odisha,ANANTA NAYAK,KEONJHAR(ST),EMF,Payment Success,Construction of community centers and community halls,WS/MP18146/2025-2026/174012,2026-01-16,21.0,1.3424226808222062,4.463319681510083,1.1908092186143866,-2.6208203227712,158.0,190.0126582278481,5.0689042022202315,0.11051895276797015,-1,-0.04106393017100318,True
Lok Sabha,Assam,GAURAV GOGOI,JORHAT,NABAJIT BORUAH,Payment Success,Construction of community centers and community halls,WS/MP18024/2025-2026/148307,2026-02-02,2293.0,3.360593413565249,5.2644782788065365,0.4600527957855902,-4.1384051628035365,5.0,70387.8,1.791759469228055,0.03257666811578143,-1,-0.0408196013058868,True
Rajya Sabha,Delhi,Shri Narain Dass Gupta (2024-30) (2024-2030),,BANSAL ELECTRIC STORE,Payment Success,Street lights,WS/MP879/2025-2026/213910,2026-06-17,6662918.0,6.82366453365432,5.649264549534103,0.3569187115608803,3.2903850262832104,3.0,3207320.6666666665,1.3862943611198906,2.077409368276449,-1,-0.04079942718492979,True
Lok Sabha,Haryana,SATPAL BRAHAMCHARI,SONEPAT,Vihaa Surgical,Payment Success,Installation/ Construction of Anti-Pollution structure,WS/MP18067/2025-2026/251799,2026-07-25,428.0,2.6324572921847245,5.128163022969908,0.5620398924688407,-4.440442331988995,1.0,428.0,0.6931471805599453,1.0,-1,-0.04060009804844111,True
Rajya Sabha,Punjab,Shri Sant Balbir Singh (2022-28) (2022-2028),,Sant Avtar Singh Eco Technical Service Centre,Payment Success,Providing drains and gutters for public drainage,WS/MP140/2025-2026/179469,2025-05-07,794603.0,5.9001507469433,4.699928377134102,0.5546092002274752,2.164086656544685,41.0,164987.1463414634,3.7376696182833684,4.816150940361504,-1,-0.04029774839418976,True
Rajya Sabha,Himachal Pradesh,Dr. Sikander Kumar (2022-28) (2022-2028),,Rattan Chand,Payment Success,"Construction of roads, link roads, pathways or any other road with or without drainage system",WS/MP078/2024-2025/169592,2026-02-13,770.0,2.8870543780509568,5.0357558139091765,0.3981897135113444,-5.396175147043328,4.0,1068.75,1.6094379124341003,0.7204678362573099,-1,-0.040018356193743165,True
Rajya Sabha,Uttarakhand,Shri Naresh Bansal (2020-26) (2020-2026),,SATISH KUMAR,Payment Success,"Construction of roads, link roads, pathways or any other road with or without drainage system",WS/MP850/2025-2026/257749,2026-04-10,2489472.0,6.3961074204228465,4.575890061676738,0.7785953606778007,2.3378219941633502,9.0,756657.4444444445,2.302585092994046,3.2900912008178658,-1,-0.03996554907323413,True
Rajya Sabha,Uttar Pradesh,Shri Mithlesh Kumar (2022-28) (2022-2028),,SHRI GURU KRIPA NARSINGH ASSOCIATES,Payment Success,Lighting of public spaces,WS/MP190/2026-2027/282964,2026-06-15,3494400.0,6.543372740971597,5.2394868954404945,0.5548947427641531,2.3497895096931796,133.0,1279451.2030075188,4.897839799950911,2.731170983141797,-1,-0.039735377770775515,True
Lok Sabha,Uttar Pradesh,Ashok Kumar Rawat,MISRIKH(SC),SHRI GURU KRIPA NARSINGH ASSOCIATES,Payment In-Progress,Lighting of public spaces,WS/MP507/2026-2027/290535,2026-08-24,3532146.0,6.5480387696394935,5.2394868954404945,0.5548947427641531,2.3581983633158563,133.0,1279451.2030075188,4.897839799950911,2.7606726944311943,-1,-0.039735377770775515,True
Rajya Sabha,Uttar Pradesh,Shri Mithlesh Kumar (2022-28) (2022-2028),,SHRI GURU KRIPA NARSINGH ASSOCIATES,Payment Success,Lighting of public spaces,WS/MP190/2026-2027/282964,2026-07-01,3494400.0,6.543372740971597,5.2394868954404945,0.5548947427641531,2.3497895096931796,133.0,1279451.2030075188,4.897839799950911,2.731170983141797,-1,-0.039735377770775515,True
Rajya Sabha,Uttar Pradesh,Shri Sanjay Seth (2024-30) (2024-2030),,PROTON SOLAR PVT LTD,Payment Success,Street lights,WS/MP18302/2026-2027/277424,2026-06-23,4760393.0,6.6776428991374095,5.2394868954404945,0.5548947427641531,2.5917636136411812,5.0,1799346.0,1.791759469228055,2.645624021172137,-1,-0.03965219540554177,True
Lok Sabha,Tamil Nadu,MALAIYARASAN D,KALLAKURICHI,DHANASEKARAN K,Payment Success,Purchase of furniture and fixtures for educational purposes,WS/MP18178/2024-2025/174383,2025-02-18,3132900.0,6.495946671347385,5.7177282197633845,0.4497060558405531,1.730504718530906,56.0,889892.7857142857,4.04305126783455,3.520536462699078,-1,-0.039338166897976534,True
Lok Sabha,Odisha,SUKANTA KUMAR PANIGRAHI,KANDHAMAL,EMF,Payment Success,Construction of boundary walls of existing public and community buildings,WS/MP18350/2025-2026/178765,2026-03-17,26.0,1.4313637641589874,4.463319681510083,1.1908092186143866,-2.5461307067130776,158.0,190.0126582278481,5.0689042022202315,0.13683298914129638,-1,-0.039331078781280504,True
Lok Sabha,Odisha,RUDRA NARAYAN PANY,DHENKANAL,EMF,Payment Success,Construction of additional rooms and halls in the existing public and community building,WS/MP18141/2025-2026/250782,2026-05-30,466.0,2.6693168805661123,4.463319681510083,1.1908092186143866,-1.506540907561544,158.0,190.0126582278481,5.0689042022202315,2.452468189994004,-1,-0.03911496475404164,True
Lok Sabha,Punjab,DR DHARAMVIRA GANDHI,PATIALA,JATINDER KAUR,Payment Success,Construction of toilet blocks,WS/MP18158/2025-2026/200398,2025-11-13,400.0,2.603144372620182,4.699928377134102,0.5546092002274752,-3.780651319260328,1.0,400.0,0.6931471805599453,1.0,-1,-0.03910513185945086,True
Rajya Sabha,Odisha,Dr. Sasmit Patra (2022-28) (2022-2028),,BDO NIMAPADA,Payment Success,Construction of community centers and community halls,WS/MP131/2023-2024/75427,2024-11-01,4600.0,3.6628522332647964,4.463319681510083,1.1908092186143866,-0.6722046115638092,6.0,1058.3333333333333,1.9459101490553132,4.346456692913386,-1,-0.039086279872435625,True
Lok Sabha,Tamil Nadu,MANI. A.,DHARAMAPURI,QUALITTY ENTERPRISES,Payment Success,Street lights,WS/MP18175/2025-2026/225914,2026-04-29,2165580.0,6.335574432441359,5.7177282197633845,0.4497060558405531,1.3738890207363301,120.0,436478.18333333335,4.795790545596741,4.9614850929357255,-1,-0.03908464085014163,True
Lok Sabha,Odisha,SAMBIT PATRA,PURI,MEMBER SECY OB AND OC WWB BBSR,Payment Success,Construction of rainwater harvesting structures,WS/MP18149/2025-2026/249758,2026-08-07,9500.0,3.9777693180915743,4.463319681510083,1.1908092186143866,-0.40774824029619994,438.0,2330.735159817352,6.0844994130751715,4.075967172840207,-1,-0.03897836643758745,True
Rajya Sabha,Uttar Pradesh,Shri Ramji (2020-26) (2020-2026),,SHRI SAI ELECTRICAL SUPPLIERS CONTRACTOR,Payment Success,Lighting of public spaces,WS/MP198/2024-2025/176270,2025-09-04,3903987.0,6.5915084740710395,5.2394868954404945,0.5548947427641531,2.4365370122189005,48.0,1481119.1666666667,3.8918202981106265,2.6358358516054583,-1,-0.03894094756679356,True
Rajya Sabha,Jharkhand,Shri Pradip Kumar Varma (2024-30) (2024-2030),,District Engineer,Payment Success,Construction of rainwater harvesting structures,WS/MP18349/2025-2026/174324,2025-10-04,924724.0,5.966012598966819,5.373590915581567,0.2986561582339397,1.9836245362843103,148.0,193657.8581081081,5.003946305945459,4.775039903022058,-1,-0.03875072609141417,True
Lok Sabha,Punjab,Smt Harsimrat Kaur Badal,BHATINDA,Singla Iron Store,Payment Success,Providing supply pipelines for drinking water,WS/MP716/2025-2026/226670,2026-02-02,1032.0,3.0141003215196207,4.699928377134102,0.5546092002274752,-3.0396683915864213,7.0,120420.28571428571,2.0794415416798357,0.008569984649003135,-1,-0.038564686606492815,True
Rajya Sabha,Gujarat,Shri Mayankkumar Nayak (2024-30) (2024-2030),,ASH HOSPICA PRIVATE LIMITED,Payment Success,"Purchase of ambulances (Four, three and two wheelers)",WS/MP18403/2025-2026/219864,2026-08-18,5973.0,3.7762652182681093,5.406212311570647,0.33663521492486204,-4.841879343093521,2.0,3086.5,1.0986122886681098,1.9352016847561964,-1,-0.038519270882639955,True
Lok Sabha,Uttar Pradesh,AKSHAYA YADAV,FIROZABAD,RajKamal Constructions,Payment Success,"Construction of roads, link roads, pathways or any other road with or without drainage system",WS/MP18217/2024-2025/136145,2024-11-07,3214491.0,6.50711234925751,5.2394868954404945,0.5548947427641531,2.2844430774428774,20.0,1092388.45,3.044522437723423,2.9426263157579156,-1,-0.03849310487147628,True
Lok Sabha,Andhra Pradesh,Y S Avinash Reddy,KADAPA,KCR CONSTRUCTIONS KADAPA,Payment Success,Providing drains and gutters for public drainage,WS/MP526/2024-2025/146049,2025-03-25,2496908.0,6.397402714751022,5.60773170892532,0.3625772186175567,2.1779388369643846,12.0,734705.75,2.5649493574615367,3.398514303175115,-1,-0.038447110161676346,True
Rajya Sabha,Madhya Pradesh,Smt. Sumitra Balmik (2022-28) (2022-2028),,Keshar Bai,Payment Success,Construction of culverts and bridges,WS/MP107/2023-2024/90552,2024-03-22,1200.0,3.079543007402906,5.188665529226982,0.4692888662406491,-4.494294822546521,2.0,1700.0,1.0986122886681098,0.7058823529411765,-1,-0.03832636295112046,True
Rajya Sabha,Kerala,Smt. Jebi Mather Hisham (2022-28) (2022-2028),,JITHIN MOHAN KS,Payment Success,Lighting of public spaces,WS/MP102/2024-2025/174970,2026-01-28,1812.0,3.258397804095509,5.501593744247948,0.48467972305758084,-4.628202570558009,4.0,5889.0,1.6094379124341003,0.3076923076923077,-1,-0.03818836227215827,True
Lok Sabha,Karnataka,M. MALLESH BABU,KOLAR(SC),KRIDL BHUSIRI ACCOUNT WORKS,Payment Success,"Construction of rooms and facilities for hospitals, FWC , PHC Centers and ANM centers",WS/MP18088/2025-2026/230480,2026-01-07,2250000.0,6.352182711131089,5.330132366384682,0.5548164189387811,1.8421414901551092,355.0,701098.1633802817,5.87493073085203,3.209251025779083,-1,-0.0381812852455492,True
Rajya Sabha,Karnataka,Dr. Syed Naseer Hussain (2024-30) (2024-2030),,KRIDL BHUSIRI ACCOUNT WORKS,Payment Success,"Construction of roads, link roads, pathways or any other road with or without drainage system",WS/MP18296/2024-2025/155203,2025-08-01,2250000.0,6.352182711131089,5.330132366384682,0.5548164189387811,1.8421414901551092,355.0,701098.1633802817,5.87493073085203,3.209251025779083,-1,-0.0381812852455492,True
Rajya Sabha,Karnataka,Dr. Syed Naseer Hussain (2024-30) (2024-2030),,KRIDL BHUSIRI ACCOUNT WORKS,Payment Success,"Construction of roads, link roads, pathways or any other road with or without drainage system",WS/MP18296/2024-2025/155200,2025-08-01,2250000.0,6.352182711131089,5.330132366384682,0.5548164189387811,1.8421414901551092,355.0,701098.1633802817,5.87493073085203,3.209251025779083,-1,-0.0381812852455492,True
Lok Sabha,Karnataka,V. SOMANNA,TUMKUR,KRIDL BHUSIRI ACCOUNT WORKS,Payment Success,Construction of community centers and community halls,WS/MP18093/2025-2026/199026,2026-01-07,2250000.0,6.352182711131089,5.330132366384682,0.5548164189387811,1.8421414901551092,355.0,701098.1633802817,5.87493073085203,3.209251025779083,-1,-0.0381812852455492,True
Lok Sabha,Karnataka,RADHAKRISHNA,GULBARGA(SC),KRIDL BHUSIRI ACCOUNT WORKS,Payment Success,Construction of additional rooms and halls in the existing public and community building,WS/MP18085/2026-2027/266951,2026-06-25,2250000.0,6.352182711131089,5.330132366384682,0.5548164189387811,1.8421414901551092,355.0,701098.1633802817,5.87493073085203,3.209251025779083,-1,-0.0381812852455492,True
Rajya Sabha,Maharashtra,Shri Imran Pratapgarhi (2022-28) (2022-2028),,UNITY ENTERPRISES,Payment Success,"Purchase of smart boards, visual display units and projectors",WS/MP113/2026-2027/225159,2026-05-20,18000000.0,7.255272529230776,5.831568883890033,0.3608432492891356,3.94549059223209,3.0,9499644.666666666,1.3862943611198906,1.894807714562236,-1,-0.038070730112807705,True
Lok Sabha,Jammu And Kashmir,ABDUL RASHID SHEIKH,BARAMULLAH,Zubair Fayaz Wani,Payment Success,Construction of public irrigation facilities,WS/MP18379/2025-2026/239508,2026-01-20,2000.0,3.3012470886362113,5.368253220391357,0.4197357532673082,-4.924541489890129,2.0,4500.0,1.0986122886681098,0.4444444444444444,-1,-0.03801465970328055,True
Rajya Sabha,Uttar Pradesh,Dr. Radha Mohan Das Agrawal (2022-28) (2022-2028),,MS Jitendra Kumar Yadav,Payment Success,"Construction of roads, link roads, pathways or any other road with or without drainage system",WS/MP182/2025-2026/244462,2026-03-28,4036559.0,6.606011412282151,5.2394868954404945,0.5548947427641531,2.462673389252979,24.0,1565064.0416666667,3.2188758248682006,2.579165383993738,-1,-0.03794793564890886,True
Lok Sabha,Uttar Pradesh,AFZAL ANSARI,GHAZIPUR,UP STATE AGRO,Payment Success,Installing hand pumps,WS/MP18390/2025-2026/200672,2025-12-06,1153629.0,6.062066541294432,5.2394868954404945,0.5548947427641531,1.4824066304112717,85.0,194854.17647058822,4.454347296253507,5.920473560771389,-1,-0.037815928672043087,True
Rajya Sabha,Punjab,Dr. Sandeep Kumar Pathak (2022-28) (2022-2028),,The Gobind Dass Coop L and C Society Ltd,Payment Success,Creation of new ponds,WS/MP235/2025-2026/237803,2026-08-13,6452172.0,6.809706003468644,4.699928377134102,0.5546092002274752,3.804079747449572,6.0,3049154.0,1.9459101490553132,2.1160531740935355,-1,-0.03759390410417096,True
Lok Sabha,Assam,GAURAV GOGOI,JORHAT,MANAB JYOTI BORUAH,Payment Success,Installing community drinking water plants,WS/MP18024/2025-2026/162143,2025-11-10,2439.0,3.387389826338729,5.2644782788065365,0.4600527957855902,-4.080158776695345,18.0,93253.27777777778,2.9444389791664403,0.026154576633886564,-1,-0.037497552996660355,True
Rajya Sabha,Himachal Pradesh,Dr. Sikander Kumar (2022-28) (2022-2028),,Rattan Chand,Payment Success,"Construction of roads, link roads, pathways or any other road with or without drainage system",WS/MP078/2025-2026/256256,2026-04-10,1100.0,3.041787318971752,5.0357558139091765,0.3981897135113444,-5.007584142126807,4.0,1068.75,1.6094379124341003,1.0292397660818713,-1,-0.037478637167626894,True
Rajya Sabha,Himachal Pradesh,Dr. Sikander Kumar (2022-28) (2022-2028),,RIYA ENTERPRISES,Payment Success,Purchase of books and periodicals for libraries/digitization of library books,WS/MP078/2025-2026/226422,2026-06-22,2499975.0,6.397935839424999,5.0357558139091765,0.3981897135113444,3.4209322322863427,17.0,932861.3182352941,2.8903717578961645,2.679899949897414,-1,-0.037450151934743436,True
Lok Sabha,Bihar,ARUN BHARTI,JAMUI(SC),VIDYA VIKAS ACADEMY,Payment Success,Installation of multi-gym equipment,WS/MP18036/2025-2026/205831,2025-11-10,1700000.0,6.230449176845541,5.736858468527226,0.41014968640951016,1.2034404137651693,35.0,326711.0571428572,3.58351893845611,5.203374550181388,-1,-0.037424999112565804,True
Lok Sabha,Bihar,ARUN BHARTI,JAMUI(SC),VIDYA VIKAS ACADEMY,Payment Success,Installation of multi-gym equipment,WS/MP18036/2025-2026/205833,2025-11-10,1700000.0,6.230449176845541,5.736858468527226,0.41014968640951016,1.2034404137651693,35.0,326711.0571428572,3.58351893845611,5.203374550181388,-1,-0.037424999112565804,True
Lok Sabha,Bihar,ARUN BHARTI,JAMUI(SC),VIDYA VIKAS ACADEMY,Payment Success,Installation of multi-gym equipment,WS/MP18036/2025-2026/205834,2025-11-10,1700000.0,6.230449176845541,5.736858468527226,0.41014968640951016,1.2034404137651693,35.0,326711.0571428572,3.58351893845611,5.203374550181388,-1,-0.037424999112565804,True
Lok Sabha,Bihar,ARUN BHARTI,JAMUI(SC),VIDYA VIKAS ACADEMY,Payment Success,Installation of multi-gym equipment,WS/MP18036/2025-2026/205835,2025-11-10,1700000.0,6.230449176845541,5.736858468527226,0.41014968640951016,1.2034404137651693,35.0,326711.0571428572,3.58351893845611,5.203374550181388,-1,-0.037424999112565804,True
Lok Sabha,Bihar,ARUN BHARTI,JAMUI(SC),VIDYA VIKAS ACADEMY,Payment Success,Installation of multi-gym equipment,WS/MP18036/2025-2026/205830,2025-11-10,1700000.0,6.230449176845541,5.736858468527226,0.41014968640951016,1.2034404137651693,35.0,326711.0571428572,3.58351893845611,5.203374550181388,-1,-0.037424999112565804,True
Rajya Sabha,Madhya Pradesh,Smt. Sumitra Balmik (2022-28) (2022-2028),,ANURUDH PRATAP SINGH,Payment Success,Construction of culverts and bridges,WS/MP107/2023-2024/90552,2024-04-09,1105.0,3.0437551269686796,5.188665529226982,0.4692888662406491,-4.5705546339520495,3.0,1701.6666666666667,1.3862943611198906,0.6493633692458374,-1,-0.03740713195365908,True
Rajya Sabha,Himachal Pradesh,Dr. Sikander Kumar (2022-28) (2022-2028),,Badri Prakash,Payment Success,Construction of additional rooms and halls in the existing public and community building,WS/MP078/2025-2026/199256,2025-12-08,1000.0,3.000434077479319,5.0357558139091765,0.3981897135113444,-5.111437255578104,2.0,1270.0,1.0986122886681098,0.7874015748031497,-1,-0.03722980266526965,True
Rajya Sabha,Madhya Pradesh,Smt. Sumitra Balmik (2022-28) (2022-2028),,SADGURU SAI INFRA WORLD PVT LTD REWA,Payment Success,Street lights,WS/MP107/2024-2025/165670,2025-03-29,1951576.0,6.290385691161921,5.188665529226982,0.4692888662406491,2.347637545208632,105.0,591916.5333333333,4.663439094112067,3.297045934854779,-1,-0.0370120356457706,True
Lok Sabha,Odisha,BALABHADRA MAJHI,NABARANGPUR(ST),DISTRICT MINERAL FUND,Payment Success,Construction of common work sheds/ common covered sitting area,WS/MP18148/2025-2026/170258,2026-06-18,21.0,1.3424226808222062,4.463319681510083,1.1908092186143866,-2.6208203227712,14.0,287.0,2.70805020110221,0.07317073170731707,-1,-0.03691873745105889,True
Lok Sabha,Uttar Pradesh,UTKARSH VERMA MADHUR,KHERI,Shiv kumar thekedar,Payment Success,Lighting of public spaces,WS/MP18226/2025-2026/259852,2026-07-02,740971.0,5.869801797081559,5.2394868954404945,0.5548947427641531,1.1359179553607108,294.0,117241.88775510204,5.68697535633982,6.3200193564586735,-1,-0.036855300803033564,True
Lok Sabha,Punjab,DR DHARAMVIRA GANDHI,PATIALA,RANA BUILDING MATERIAL STORE,Payment Success,Construction of toilet blocks,WS/MP18158/2024-2025/141790,2025-04-24,630.0,2.8000293592441343,4.699928377134102,0.5546092002274752,-3.4256536262123243,8.0,6436.625,2.1972245773362196,0.09787738139164547,-1,-0.03683793948840619,True
Lok Sabha,Uttar Pradesh,KARAN BHUSHAN SINGH,KAISERGANJ,SRIJAN CONSTRUCTION,Payment In-Progress,"Construction of roads, link roads, pathways or any other road with or without drainage system",WS/MP18339/2025-2026/249639,2026-07-09,2280018.0,6.357938466106057,5.2394868954404945,0.5548947427641531,2.015610321146866,121.0,682847.0578512397,4.804021044733257,3.338987806690834,-1,-0.036628927114452536,True
Lok Sabha,Uttar Pradesh,RAM PRASAD CHAUDHARY,BASTI,JAI CONSTRUCTION,Payment Success,"Construction of roads, link roads, pathways or any other road with or without drainage system",WS/MP18208/2024-2025/150098,2025-03-31,2647802.0,6.422885669893192,5.2394868954404945,0.5548947427641531,2.132654507695846,156.0,846926.5128205129,5.056245805348308,3.126365699878783,-1,-0.03655245846888533,True
Rajya Sabha,Uttar Pradesh,Shri Surendra Singh Nagar (2022-28) (2022-2028),,R G SUPPLIERS,Payment Success,Installation of fixed garden gym equipment,WS/MP192/2025-2026/204806,2026-02-09,841491.0,5.9250499915270884,5.2394868954404945,0.5548947427641531,1.235483134461735,238.0,146124.39915966385,5.476463551931511,5.7587302657137975,-1,-0.036502120820998796,True
Rajya Sabha,Uttar Pradesh,Shri Surendra Singh Nagar (2022-28) (2022-2028),,R G SUPPLIERS,Payment Success,Installation of fixed garden gym equipment,WS/MP192/2025-2026/204805,2026-02-09,841491.0,5.9250499915270884,5.2394868954404945,0.5548947427641531,1.235483134461735,238.0,146124.39915966385,5.476463551931511,5.7587302657137975,-1,-0.036502120820998796,True
Rajya Sabha,Madhya Pradesh,Smt. Sumitra Balmik (2022-28) (2022-2028),,M P  AGRO DHAR,Payment Success,Construction of bus-sheds or bus-stops,WS/MP107/2024-2025/165669,2025-03-04,600000.0,5.7781519742071765,5.188665529226982,0.4692888662406491,1.2561270624262137,382.0,113942.12041884816,5.948034989180646,5.265831439632826,-1,-0.03643008907541123,True
Rajya Sabha,Jammu And Kashmir,Shri Gulam Ali (2022-28) (2022-2028),,RMK ENTERPRISES,Payment Success,Lighting of public spaces,WS/MP839/2024-2025/134187,2024-08-22,2187000.0,6.339848981617601,5.368253220391357,0.4197357532673082,2.314779605175747,165.0,752549.0303030303,5.111987788356544,2.906122939417458,-1,-0.03627186121428849,True
Lok Sabha,Odisha,SAMBIT PATRA,PURI,SITAPATI SETHI,Payment Success,"Construction of roads, link roads, pathways or any other road with or without drainage system",WS/MP18149/2025-2026/182912,2025-10-18,945834.0,5.975815380757463,4.463319681510083,1.1908092186143866,1.2701410734855614,18.0,102635.22222222222,2.9444389791664403,9.215491324723915,-1,-0.036046805194071885,True
Lok Sabha,Rajasthan,Shri Hanuman Beniwal,NAGAUR,GP PEEPLIYA,Payment Success,Construction of public libraries and reading rooms,WS/MP386/2024-2025/142486,2025-01-11,1000000.0,6.0000004342942646,4.465815975724242,0.9043060886805357,1.6965322668661187,10.0,173000.2,2.3978952727983707,5.7803401383351,-1,-0.03604432927287504,True
Rajya Sabha,Madhya Pradesh,Smt. Sumitra Balmik (2022-28) (2022-2028),,DEVESH KUMAR PATLE,Payment Success,Construction of public irrigation facilities,WS/MP107/2025-2026/192443,2025-07-06,4200.0,3.623352681537992,5.188665529226982,0.4692888662406491,-3.3354996470048466,278.0,161863.85251798562,5.631211781821365,0.025947732830177844,-1,-0.036036412185206035,True
Rajya Sabha,Uttar Pradesh,Dr. Laxmikant Bajpayee (2022-28) (2022-2028),,DHIRENDRA SINGH,Payment In-Progress,"Construction of roads, link roads, pathways or any other road with or without drainage system",WS/MP181/2026-2027/207135,2026-08-06,5307017.0,6.724850560643785,5.2394868954404945,0.5548947427641531,2.6768385979007454,6.0,2165699.3333333335,1.9459101490553132,2.450486509515479,-1,-0.03578017028815761,True
Lok Sabha,Uttar Pradesh,RAM PRASAD CHAUDHARY,BASTI,JAI CONSTRUCTION,Payment Success,"Construction of roads, link roads, pathways or any other road with or without drainage system",WS/MP18208/2025-2026/248432,2026-04-28,2620780.0,6.418430731566486,5.2394868954404945,0.5548947427641531,2.1246260691770122,156.0,846926.5128205129,5.056245805348308,3.0944597439416985,-1,-0.03566054764748028,True
Lok Sabha,Uttarakhand,Mala Rajya Laxmi Shah,TEHRI GARHWAL,District Mineral Foundation Trust Uttarkashi,Payment Success,Construction of footpaths and pedestrian ways,WS/MP478/2025-2026/245527,2026-06-27,2002.0,3.3016809492935764,4.575890061676738,0.7785953606778007,-1.6365485549180612,6.0,726.1666666666666,1.9459101490553132,2.7569428505852653,-1,-0.03558766861961704,True
Lok Sabha,Uttar Pradesh,CHHOTELAL,ROBERTSGANJ(SC),UP STATE AGRO INDUSTRIAL CORPORATION LTD BICHPAI URMAURA,Payment Success,"Construction of roads, link roads, pathways or any other road with or without drainage system",WS/MP18236/2025-2026/203102,2025-08-26,712000.0,5.852480603600588,5.2394868954404945,0.5548947427641531,1.1047026776763575,310.0,113501.53548387096,5.739792912179234,6.2730428884918314,-1,-0.035541259005225756,True
Rajya Sabha,Madhya Pradesh,Shri Vivek K. Tankha (2022-28) (2022-2028),,BRAMHADEV KACHARU BARDE,Payment Success,Construction of community centers and community halls,WS/MP106/2024-2025/145085,2026-04-07,1305.0,3.115943176939055,5.188665529226982,0.4692888662406491,-4.416730294268359,2.0,1852.5,1.0986122886681098,0.7044534412955465,-1,-0.035521260310804825,True
Lok Sabha,Punjab,MALVINDER SINGH KANG,ANANDPUR SAHIB,DARSHAN SINGH,Payment Success,Construction of community centers and community halls,WS/MP18311/2024-2025/141029,2025-08-19,758.0,2.88024177589548,4.699928377134102,0.5546092002274752,-3.2810249099587057,11.0,27210.363636363636,2.4849066497880004,0.027857033082314894,-1,-0.03538697445581285,True
Rajya Sabha,Uttar Pradesh,Smt. Geeta alias Chandraprabha (2020-26) (2020-2026),,SKANDA GROUP,Payment Success,Lighting of public spaces,WS/MP849/2025-2026/193501,2025-06-19,1958653.0,6.29195772381386,5.2394868954404945,0.5548947427641531,1.8967035498130456,48.0,505391.9375,3.8918202981106265,3.875512952756592,-1,-0.03538387947623478,True
Lok Sabha,Punjab,DR. RAJ KUMAR CHABBEWAL,HOSHIARPUR(SC),Chahat Enterprises,Payment Success,"Construction of roads, link roads, pathways or any other road with or without drainage system",WS/MP18155/2025-2026/235039,2025-10-29,915.0,2.9618954736678504,4.699928377134102,0.5546092002274752,-3.1337974609029025,16.0,54484.125,2.833213344056216,0.016793882621772855,-1,-0.035317589738523836,True
Lok Sabha,Odisha,SUKANTA KUMAR PANIGRAHI,KANDHAMAL,DMF FUND NAYAGARH,Payment Success,Construction of community centers and community halls,WS/MP18350/2025-2026/178756,2026-03-28,20.0,1.3222192947339193,4.463319681510083,1.1908092186143866,-2.6377864209273723,42.0,215.14285714285714,3.7612001156935624,0.09296148738379814,-1,-0.03526536218665943,True
Lok Sabha,Odisha,SUKANTA KUMAR PANIGRAHI,KANDHAMAL,EMF,Payment Success,Construction of boundary walls of existing public and community buildings,WS/MP18350/2025-2026/178820,2026-05-12,30.0,1.4913616938342726,4.463319681510083,1.1908092186143866,-2.4957465404357135,158.0,190.0126582278481,5.0689042022202315,0.15788421823995735,-1,-0.035205685011179155,True
Lok Sabha,Odisha,Smt Aparajita Sarangi,BHUBANESWAR,EMF,Payment Success,Construction of public libraries and reading rooms,WS/MP300/2025-2026/190826,2026-07-18,33.0,1.5314789170422551,4.463319681510083,1.1908092186143866,-2.4620574972364486,158.0,190.0126582278481,5.0689042022202315,0.1736726400639531,-1,-0.035205685011179155,True
Rajya Sabha,Uttar Pradesh,Shri Arun Singh (2020-26) (2020-2026),,BDO CHHANBEY,Payment Success,Purchase of non-conventional energy system and devices for community use,WS/MP186/2023-2024/81759,2025-07-22,1111.0,3.0461047872460387,5.2394868954404945,0.5548947427641531,-3.9527894916941193,1.0,1111.0,0.6931471805599453,1.0,-1,-0.03517238804465306,True
Lok Sabha,Odisha,SAMBIT PATRA,PURI,TAHASILDAR PIPILI,Payment Success,"Construction of roads, link roads, pathways or any other road with or without drainage system",WS/MP18149/2025-2026/182912,2025-10-18,30766.0,4.488085151529752,4.463319681510083,1.1908092186143866,0.02079717693862476,50.0,3147.3,3.9318256327243257,9.775363009563753,-1,-0.03490160787173613,True
Lok Sabha,Odisha,ANANTA NAYAK,KEONJHAR(ST),CHIEF EXECUTIVE OFFICER DMF,Payment Success,Construction of community centers and community halls,WS/MP18146/2025-2026/187255,2025-12-19,25.0,1.414973347970818,4.463319681510083,1.1908092186143866,-2.559894805891988,48.0,1282.2291666666667,3.8918202981106265,0.01949729475035339,-1,-0.034707367683052937,True
Rajya Sabha,Karnataka,Shri G.C. Chandrashekhar (2024-30) (2024-2030),,N G GANESH BABU,Payment Success,"Construction of roads, link roads, pathways or any other road with or without drainage system",WS/MP086/2025-2026/240742,2026-01-09,2344349.0,6.370022450230628,5.330132366384682,0.5548164189387811,1.8742958001044472,38.0,680363.8947368421,3.6635616461296463,3.445728114227417,-1,-0.03463702136230773,True
Rajya Sabha,Punjab,Dr. Sandeep Kumar Pathak (2022-28) (2022-2028),,The Gobind Dass Coop L and C Society Ltd,Payment Success,Creation of new ponds,WS/MP235/2025-2026/237804,2026-06-13,6196345.0,6.792135660490539,4.699928377134102,0.5546092002274752,3.772399164129102,6.0,3049154.0,1.9459101490553132,2.0321521969700447,-1,-0.03455935198246474,True
Lok Sabha,Punjab,SUKHJINDER SINGH RANDHAWA,GURDASPUR,RAM DARSHAN,Payment Success,Providing drains and gutters for public drainage,WS/MP18154/2025-2026/215780,2026-03-10,500.0,2.699837725867246,4.699928377134102,0.5546092002274752,-3.6063062972026256,1.0,500.0,0.6931471805599453,1.0,-1,-0.034481565975700734,True
Lok Sabha,Odisha,RUDRA NARAYAN PANY,DHENKANAL,MEMBER SECY OB AND OC WWB BBSR,Payment Success,Construction of community centers and community halls,WS/MP18141/2025-2026/242339,2026-05-29,8600.0,3.934548947666147,4.463319681510083,1.1908092186143866,-0.4440431981700718,438.0,2330.735159817352,6.0844994130751715,3.6898229143606085,-1,-0.03443139931329664,True
Lok Sabha,Odisha,Smt Aparajita Sarangi,BHUBANESWAR,MEMBER SECY OB AND OC WWB BBSR,Payment Success,Construction of public libraries and reading rooms,WS/MP300/2025-2026/190826,2026-02-04,8768.0,3.942950070077099,4.463319681510083,1.1908092186143866,-0.4369882289276204,438.0,2330.735159817352,6.0844994130751715,3.761903175943467,-1,-0.03443139931329664,True
Rajya Sabha,Uttar Pradesh,Dr. Radha Mohan Das Agrawal (2022-28) (2022-2028),,MS R P Traders,Payment Success,"Construction of roads, link roads, pathways or any other road with or without drainage system",WS/MP182/2025-2026/244468,2026-07-10,3630194.0,6.559929954278369,5.2394868954404945,0.5548947427641531,2.3796279854089413,24.0,1330506.0,3.2188758248682006,2.728431138228614,-1,-0.0344270593233621,True
Lok Sabha,Odisha,Shri Bhartruhari Mahtab,CUTTACK,EMF,Payment Success,Construction of rooms and halls in school and colleges,WS/MP372/2025-2026/186018,2026-04-02,31.0,1.505149978319906,4.463319681510083,1.1908092186143866,-2.484167620596919,158.0,190.0126582278481,5.0689042022202315,0.1631470255146226,-1,-0.03431559537428974,True
Lok Sabha,Odisha,SUKANTA KUMAR PANIGRAHI,KANDHAMAL,EMF,Payment Success,Construction of community centers and community halls,WS/MP18350/2025-2026/178757,2026-01-21,31.0,1.505149978319906,4.463319681510083,1.1908092186143866,-2.484167620596919,158.0,190.0126582278481,5.0689042022202315,0.1631470255146226,-1,-0.03431559537428974,True
Lok Sabha,Odisha,ANANTA NAYAK,KEONJHAR(ST),CHIEF EXECUTIVE OFFICER DMF,Payment Success,"Construction of roads, link roads, pathways or any other road with or without drainage system",WS/MP18146/2025-2026/172637,2025-09-25,9920.0,3.9965554496333655,4.463319681510083,1.1908092186143866,-0.39197230301915187,48.0,1282.2291666666667,3.8918202981106265,7.736526556940224,-1,-0.03418182497913658,True
Lok Sabha,Odisha,ANANTA NAYAK,KEONJHAR(ST),CHIEF EXECUTIVE OFFICER DMF,Payment Success,"Construction of roads, link roads, pathways or any other road with or without drainage system",WS/MP18146/2025-2026/177750,2025-12-16,9695.0,3.986592606822211,4.463319681510083,1.1908092186143866,-0.40033875052007656,48.0,1282.2291666666667,3.8918202981106265,7.561050904187043,-1,-0.03418182497913658,True
Lok Sabha,Uttar Pradesh,KISHORI LAL,AMETHI,AADI AND RUDRANSH CONSTRUCTION COMPANY,Payment Success,Setting up public non-conventional energy plants,WS/MP18200/2025-2026/189872,2025-10-06,3631950.0,6.560139980660401,5.2394868954404945,0.5548947427641531,2.380006483105615,46.0,1385226.3043478262,3.8501476017100584,2.6219181577770763,-1,-0.034180830519622396,True
Rajya Sabha,Madhya Pradesh,Smt. Sumitra Balmik (2022-28) (2022-2028),,summi bai,Payment Success,Construction of culverts and bridges,WS/MP107/2023-2024/90552,2024-04-09,1326.0,3.1228709228644354,5.188665529226982,0.4692888662406491,-4.401968073334211,2.0,1763.0,1.0986122886681098,0.7521270561542824,-1,-0.03394918195619934,True
Lok Sabha,Uttar Pradesh,KISHORI LAL,AMETHI,AADI AND RUDRANSH CONSTRUCTION COMPANY,Payment Success,Setting up public non-conventional energy plants,WS/MP18200/2025-2026/203488,2025-11-13,3553600.0,6.550668663416921,5.2394868954404945,0.5548947427641531,2.362937809511233,46.0,1385226.3043478262,3.8501476017100584,2.565357002567937,-1,-0.03388446230083164,True
Lok Sabha,Odisha,Smt Aparajita Sarangi,BHUBANESWAR,MEMBER SECY OB AND OC WWB BBSR,Payment Success,Construction of public libraries and reading rooms,WS/MP300/2025-2026/190824,2026-01-22,8411.0,3.9248992640142837,4.463319681510083,1.1908092186143866,-0.45214666554420874,438.0,2330.735159817352,6.0844994130751715,3.608732620079893,-1,-0.033838570584730054,True
Lok Sabha,Madhya Pradesh,ALOK SHARMA,BHOPAL,GRAM PANCHAYAT,Payment Success,"Construction of roads, link roads, pathways or any other road with or without drainage system",WS/MP18099/2026-2027/278209,2026-05-15,1400000.0,6.146128345888472,5.188665529226982,0.4692888662406491,2.0402419182272005,10.0,317000.0,2.3978952727983707,4.416403785488959,-1,-0.03380999791114625,True
Lok Sabha,Karnataka,SHOBHA KARANDLAJE,BANGALORE NORTH,SAI MOTORS,Payment Success,"Purchase of prosthetics, wheel chairs, tricycles (manual or motorized), elect scooties, hearing aids",WS/MP18355/2025-2026/163765,2025-11-21,1499850.0,6.176048116994387,5.330132366384682,0.5548164189387811,1.5246768511784883,13.0,268856.92307692306,2.6390573296152584,5.578617737773023,-1,-0.03377498158356318,True
Rajya Sabha,West Bengal,Smt. Sagarika Ghose (2024-30) (2024-2030),,WEST BENGAL MEDICAL SERVICES CORPORATION LIMITED,Payment Success,"Purchase of vehicle for mobile dispensaries (Four, three and two wheelers)",WS/MP18299/2024-2025/171164,2026-02-07,3175.0,3.5018804937550585,5.595904606090499,0.4383067199146974,-4.777531388847919,41.0,93199.19512195123,3.7376696182833684,0.034066817807230095,-1,-0.03371936748773385,True
Rajya Sabha,Uttar Pradesh,Shri Ramji (2020-26) (2020-2026),,SHRI SAI ELECTRICAL SUPPLIERS CONTRACTOR,Payment Success,Lighting of public spaces,WS/MP198/2024-2025/135729,2025-01-13,3679000.0,6.565729905877994,5.2394868954404945,0.5548947427641531,2.3900803309668275,48.0,1481119.1666666667,3.8918202981106265,2.4839324767363418,-1,-0.03358822773101766,True
Lok Sabha,Odisha,NABA CHARAN MAJHI,MAYURBHANJ (ST),EMF,Payment Success,"Construction of roads, link roads, pathways or any other road with or without drainage system",WS/MP18147/2025-2026/250343,2026-04-17,436.0,2.640481436970422,4.463319681510083,1.1908092186143866,-1.5307559061901597,158.0,190.0126582278481,5.0689042022202315,2.294583971754047,-1,-0.03354355067980419,True
Lok Sabha,Odisha,Smt Aparajita Sarangi,BHUBANESWAR,EMF,Payment Success,Construction of public libraries and reading rooms,WS/MP300/2026-2027/199513,2026-05-19,436.0,2.640481436970422,4.463319681510083,1.1908092186143866,-1.5307559061901597,158.0,190.0126582278481,5.0689042022202315,2.294583971754047,-1,-0.03354355067980419,True
Rajya Sabha,Uttar Pradesh,Shri Naveen Jain (2024-30) (2024-2030),,DHIGARRA ASSOCIATES,Payment Success,"Construction of roads, link roads, pathways or any other road with or without drainage system",WS/MP18347/2026-2027/272713,2026-06-22,1961215.0,6.292525427651525,5.2394868954404945,0.5548947427641531,1.8977266336412268,24.0,477787.125,3.2188758248682006,4.104788298763806,-1,-0.033517996699146124,True
Lok Sabha,Uttarakhand,Mala Rajya Laxmi Shah,TEHRI GARHWAL,District Mineral Foundation Trust Uttarkashi,Payment Success,"Construction of flood control embankments/ protection walls along riverbanks, hilltops, roadsides",WS/MP478/2025-2026/243425,2026-06-27,247.0,2.3944516808262164,4.575890061676738,0.7785953606778007,-2.8017613397432597,6.0,726.1666666666666,1.9459101490553132,0.34014229974753274,-1,-0.033429276137402986,True
Lok Sabha,Odisha,ANANTA NAYAK,KEONJHAR(ST),BDO GHATGAON,Payment Success,"Construction of roads, link roads, pathways or any other road with or without drainage system",WS/MP18146/2025-2026/172626,2025-11-27,3893.0,3.590395947184013,4.463319681510083,1.1908092186143866,-0.7330508705179453,13.0,1123.3076923076924,2.6390573296152584,3.465657741559953,-1,-0.033383703998080105,True
Lok Sabha,Odisha,ANANTA NAYAK,KEONJHAR(ST),BDO GHATGAON,Payment Success,"Construction of roads, link roads, pathways or any other road with or without drainage system",WS/MP18146/2025-2026/172623,2025-12-10,3873.0,3.588159616383092,4.463319681510083,1.1908092186143866,-0.7349288630342636,13.0,1123.3076923076924,2.6390573296152584,3.447853180853249,-1,-0.033383703998080105,True
Rajya Sabha,Uttar Pradesh,Shri Javed Ali Khan (2022-28) (2022-2028),,COMPUTER SOLUTIONS,Payment Success,Lighting of public spaces,WS/MP187/2025-2026/194547,2025-06-16,2430000.0,6.3856064523202845,5.2394868954404945,0.5548947427641531,2.0654720049617143,102.0,738529.4117647059,4.634728988229636,3.290322580645161,-1,-0.03335335726378397,True
Lok Sabha,Odisha,ANANTA NAYAK,KEONJHAR(ST),EMF,Payment Success,Construction of community centers and community halls,WS/MP18146/2025-2026/165979,2025-11-24,429.0,2.6334684555795866,4.463319681510083,1.1908092186143866,-1.5366451630763263,158.0,190.0126582278481,5.0689042022202315,2.25774432083139,-1,-0.0333088637722172,True
Lok Sabha,Odisha,Shri Bhartruhari Mahtab,CUTTACK,Binay Ranjan SAhoo,Payment Success,Construction of rooms and halls in school and colleges,WS/MP372/2025-2026/257887,2026-05-15,487710.0,5.6881625509276885,4.463319681510083,1.1908092186143866,1.0285802715256267,31.0,54795.51612903226,3.4657359027997265,8.900545782825414,-1,-0.03325590932324085,True
Lok Sabha,Odisha,ANANTA NAYAK,KEONJHAR(ST),CHIEF EXECUTIVE OFFICER DMF,Payment Success,"Construction of roads, link roads, pathways or any other road with or without drainage system",WS/MP18146/2025-2026/172636,2025-09-25,8427.0,3.9257245269360626,4.463319681510083,1.1908092186143866,-0.451453638559803,48.0,1282.2291666666667,3.8918202981106265,6.57214811444912,-1,-0.03323325410718059,True
Rajya Sabha,Uttar Pradesh,Shri Ratanjit Pratap Narain Singh (2024-30) (2024-2030),,BINDU DEVI,Payment Success,"Construction of roads, link roads, pathways or any other road with or without drainage system",WS/MP18387/2025-2026/258798,2026-05-22,1861603.0,6.269887303441577,5.2394868954404945,0.5548947427641531,1.856929483361557,70.0,463798.1,4.2626798770413155,4.013821962616923,-1,-0.03317988050426235,True
Lok Sabha,Punjab,DR. RAJ KUMAR CHABBEWAL,HOSHIARPUR(SC),Sandeep Cemment STore,Payment Success,Construction of community centers and community halls,WS/MP18155/2025-2026/258971,2026-03-25,378200.0,5.577722672827127,4.699928377134102,0.5546092002274752,1.5827258100532673,17.0,57939.17647058824,2.8903717578961645,6.527534960597625,-1,-0.033099735771425,True
Lok Sabha,Punjab,DR DHARAMVIRA GANDHI,PATIALA,KHATRRA SANITARY AND TILE MART,Payment Success,Construction of toilet blocks,WS/MP18158/2025-2026/191126,2026-01-13,1100.0,3.041787318971752,4.699928377134102,0.5546092002274752,-2.9897467576849728,3.0,13410.666666666666,1.3862943611198906,0.08202425929608273,-1,-0.032855423990367116,True
Rajya Sabha,Odisha,Smt. Sulata Deo (2022-28) (2022-2028),,DMFT Fund,Payment Success,Construction of culverts and bridges,WS/MP138/2025-2026/257484,2026-06-11,1895.0,3.2778383330020473,4.463319681510083,1.1908092186143866,-0.9955258407282486,16.0,655.5,2.833213344056216,2.890922959572845,-1,-0.03277656391430139,True
Lok Sabha,Madhya Pradesh,SHIVRAJ SINGH CHOUHAN,VIDISHA,SACHIV MP BHAVAN EAVAM ANYA SANIRMAN KARMKAR KALYAN MANDAL BHOPAL,Payment Success,Purchase of furniture and fixtures for educational purposes,WS/MP18375/2025-2026/187702,2026-06-11,2000.0,3.3012470886362113,5.188665529226982,0.4692888662406491,-4.021869207574405,19.0,6865.368421052632,2.995732273553991,0.29131721378083747,-1,-0.032758582489064936,True
Lok Sabha,Madhya Pradesh,SHIVRAJ SINGH CHOUHAN,VIDISHA,SACHIV MP BHAVAN EAVAM ANYA SANIRMAN KARMKAR KALYAN MANDAL BHOPAL,Payment Success,Purchase of furniture and fixtures for educational purposes,WS/MP18375/2025-2026/187701,2026-04-23,2000.0,3.3012470886362113,5.188665529226982,0.4692888662406491,-4.021869207574405,19.0,6865.368421052632,2.995732273553991,0.29131721378083747,-1,-0.032758582489064936,True
Lok Sabha,Odisha,ANANTA NAYAK,KEONJHAR(ST),EMF,Payment Success,"Construction of roads, link roads, pathways or any other road with or without drainage system",WS/MP18146/2025-2026/177748,2025-11-28,420.0,2.6242820958356683,4.463319681510083,1.1908092186143866,-1.5443595472113496,158.0,190.0126582278481,5.0689042022202315,2.210379055359403,-1,-0.03271704724326874,True
Lok Sabha,Uttarakhand,Mala Rajya Laxmi Shah,TEHRI GARHWAL,District Mineral Foundation Trust Uttarkashi,Payment Success,"Construction of flood control embankments/ protection walls along riverbanks, hilltops, roadsides",WS/MP478/2025-2026/243430,2026-06-27,215.0,2.3344537511509307,4.575890061676738,0.7785953606778007,-2.8788205321112375,6.0,726.1666666666666,1.9459101490553132,0.29607528115675924,-1,-0.032635070427442736,True
Lok Sabha,Uttar Pradesh,UTKARSH VERMA MADHUR,KHERI,Shiv kumar thekedar,Payment Success,Lighting of public spaces,WS/MP18226/2025-2026/259849,2026-07-02,691573.0,5.839838657434759,5.2394868954404945,0.5548947427641531,1.0819200755149927,294.0,117241.88775510204,5.68697535633982,5.898685301319746,-1,-0.032570463445943165,True
Lok Sabha,Odisha,SUKANTA KUMAR PANIGRAHI,KANDHAMAL,EMF,Payment Success,Construction of community centers and community halls,WS/MP18350/2025-2026/178759,2026-03-28,41.0,1.6232492903979006,4.463319681510083,1.1908092186143866,-2.384991942216285,158.0,190.0126582278481,5.0689042022202315,0.21577509826127506,-1,-0.032477703449772743,True
Lok Sabha,Madhya Pradesh,BHARTI PARDHI,BALAGHAT,DEVESH KUMAR PATLE,Payment Success,Construction of culverts and bridges,WS/MP18098/2024-2025/180443,2025-05-25,4534.0,3.656577291396114,5.188665529226982,0.4692888662406491,-3.2647018671123136,278.0,161863.85251798562,5.631211781821365,0.028011195393339603,-1,-0.03232989042379064,True
Rajya Sabha,Uttar Pradesh,Shri Hardeep Singh Puri (2020-26) (2020-2026),,UP STATE AGRO INDUSTRIAL CORPORATION LTD BICHPAI URMAURA,Payment Success,Construction of culverts and bridges,WS/MP019/2025-2026/249271,2026-01-20,675000.0,5.829304416229781,5.2394868954404945,0.5548947427641531,1.062935860324012,310.0,113501.53548387096,5.739792912179234,5.947056109174138,-1,-0.03224250606438239,True
Lok Sabha,Uttar Pradesh,CHHOTELAL,ROBERTSGANJ(SC),UP STATE AGRO INDUSTRIAL CORPORATION LTD BICHPAI URMAURA,Payment Success,"Construction of roads, link roads, pathways or any other road with or without drainage system",WS/MP18236/2026-2027/287845,2026-08-22,675000.0,5.829304416229781,5.2394868954404945,0.5548947427641531,1.062935860324012,310.0,113501.53548387096,5.739792912179234,5.947056109174138,-1,-0.03224250606438239,True
Lok Sabha,Assam,GAURAV GOGOI,JORHAT,Rinku Borgohain,Payment Success,Construction of community centers and community halls,WS/MP18024/2025-2026/154706,2026-01-07,3000.0,3.477265995424853,5.2644782788065365,0.4600527957855902,-3.8847982226253492,3.0,66421.0,1.3862943611198906,0.045166438325228465,-1,-0.03213730460803943,True
Lok Sabha,Punjab,Smt Harsimrat Kaur Badal,BHATINDA,TAJ TRADING COMPANY,Payment Success,"Construction of roads, link roads, pathways or any other road with or without drainage system",WS/MP716/2025-2026/242687,2026-03-20,1039.0,3.0170333392987803,4.699928377134102,0.5546092002274752,-3.0343799510449436,3.0,8073.666666666667,1.3862943611198906,0.1286899797696214,-1,-0.032126416837901184,True
Rajya Sabha,Himachal Pradesh,Dr. Sikander Kumar (2022-28) (2022-2028),,Badri Prakash,Payment Success,Construction of boundary walls of existing public and community buildings,WS/MP078/2024-2025/169590,2025-07-04,1540.0,3.1878026387184195,5.0357558139091765,0.3981897135113444,-4.64088627226205,2.0,1270.0,1.0986122886681098,1.2125984251968505,-1,-0.032072521257046405,True
Lok Sabha,Punjab,DR DHARAMVIRA GANDHI,PATIALA,SATYAM SALES,Payment Success,Construction of rooms and halls in school and colleges,WS/MP18158/2025-2026/191105,2026-05-11,862.0,2.9360107957152097,4.699928377134102,0.5546092002274752,-3.180469384019259,4.0,8616.5,1.6094379124341003,0.10004061974119421,-1,-0.032066732397453945,True
Lok Sabha,Uttar Pradesh,AKSHAYA YADAV,FIROZABAD,MS RAJ KAMAL CONSTRUCTIONS,Payment Success,"Construction of roads, link roads, pathways or any other road with or without drainage system",WS/MP18217/2025-2026/197246,2025-08-25,3256189.0,6.512709738214736,5.2394868954404945,0.5548947427641531,2.2945303760345754,75.0,1265558.32,4.330733340286331,2.5729268644055847,-1,-0.032057008663638586,True
Lok Sabha,Uttar Pradesh,AFZAL ANSARI,GHAZIPUR,SHYAM SOLAR TRADING,Payment Success,Lighting of public spaces,WS/MP18390/2025-2026/176183,2025-06-12,1773135.0,6.248742047380031,5.2394868954404945,0.5548947427641531,1.8188226958360278,101.0,442930.1584158416,4.624972813284271,4.003193203961754,-1,-0.0318469722320428,True
Lok Sabha,Uttar Pradesh,AFZAL ANSARI,GHAZIPUR,SHYAM SOLAR TRADING,Payment Success,Lighting of public spaces,WS/MP18390/2025-2026/198984,2025-09-27,1773140.0,6.248743272029097,5.2394868954404945,0.5548947427641531,1.8188249028294847,101.0,442930.1584158416,4.624972813284271,4.003204492423162,-1,-0.0318469722320428,True
Rajya Sabha,West Bengal,Shri Derek O' Brien (2023-29) (2023-2029),,KHIVRAJ MOTORS,Payment Success,"Purchase of vehicle for mobile dispensaries (Four, three and two wheelers)",WS/MP220/2024-2025/171199,2025-11-04,15528800.0,7.191137924551096,5.595904606090499,0.4383067199146974,3.639536529969376,20.0,7570290.0,3.044522437723423,2.051282051282051,-1,-0.03176933170902896,True
Rajya Sabha,West Bengal,Shri Samirul Islam (2023-29) (2023-2029),,KHIVRAJ MOTORS,Payment Success,"Purchase of vehicle for mobile dispensaries (Four, three and two wheelers)",WS/MP893/2024-2025/171163,2025-11-04,15528800.0,7.191137924551096,5.595904606090499,0.4383067199146974,3.639536529969376,20.0,7570290.0,3.044522437723423,2.051282051282051,-1,-0.03176933170902896,True
Rajya Sabha,Odisha,Shri Subhasish Khuntia (2024-30) (2024-2030),,MEMBER SECY OB AND OC WWB BBSR,Payment Success,Construction of community centers and community halls,WS/MP18283/2025-2026/238243,2026-06-11,198.0,2.298853076409707,4.463319681510083,1.1908092186143866,-1.8176434740897687,438.0,2330.735159817352,6.0844994130751715,0.08495173686551169,-1,-0.03173787468103284,True
Rajya Sabha,Uttar Pradesh,Shri Mithlesh Kumar (2022-28) (2022-2028),,SHRI GURU KRIPA NARSINGH ASSOCIATES,Payment Success,Lighting of public spaces,WS/MP190/2026-2027/282964,2026-06-16,3244800.0,6.511188067160423,5.2394868954404945,0.5548947427641531,2.2917881063083696,133.0,1279451.2030075188,4.897839799950911,2.5360873414888117,-1,-0.03173133432047237,True
Lok Sabha,Uttar Pradesh,Shri Arun Kumar Sagar,SHAHJAHANPUR(SC),SHRI GURU KRIPA NARSINGH ASSOCIATES,Payment Success,Lighting of public spaces,WS/MP492/2026-2027/282269,2026-07-01,3244800.0,6.511188067160423,5.2394868954404945,0.5548947427641531,2.2917881063083696,133.0,1279451.2030075188,4.897839799950911,2.5360873414888117,-1,-0.03173133432047237,True
Lok Sabha,Kerala,E.T. MOHAMMED BASHEER,MALAPPURAM,MEDICAL OFFICER AND PRESIDENT,Payment Success,"Purchase of vehicle for mobile dispensaries (Four, three and two wheelers)",WS/MP18305/2025-2026/184489,2026-07-21,4101.0,3.6129956560323473,5.501593744247948,0.48467972305758084,-3.896589847624453,2.0,23835.5,1.0986122886681098,0.1720542887709509,-1,-0.03163288592110858,True
Lok Sabha,Odisha,SAMBIT PATRA,PURI,HARAPRASAD JENA,Payment Success,Construction of rooms and halls in school and colleges,WS/MP18149/2025-2026/249756,2026-06-17,950000.0,5.977724062440694,4.463319681510083,1.1908092186143866,1.2717439177140029,10.0,128840.0,2.3978952727983707,7.373486494877367,-1,-0.03160258572640018,True
Lok Sabha,Assam,GAURAV GOGOI,JORHAT,Surajit Saikia,Payment Success,Construction of community centers and community halls,WS/MP18024/2025-2026/206716,2026-01-05,2500.0,3.3981136917305026,5.2644782788065365,0.4600527957855902,-4.056848701221375,6.0,56024.833333333336,1.9459101490553132,0.04462306893669176,-1,-0.03159940369237024,True
Lok Sabha,Bihar,ARUN BHARTI,JAMUI(SC),Gyan Ganga,Payment Success,Installation of multi-gym equipment,WS/MP18036/2025-2026/252290,2026-03-16,1700000.0,6.230449176845541,5.736858468527226,0.41014968640951016,1.2034404137651693,184.0,355990.45652173914,5.220355825078324,4.775408915761726,-1,-0.03157880422091863,True
Lok Sabha,Bihar,ARUN BHARTI,JAMUI(SC),Gyan Ganga,Payment Success,Installation of multi-gym equipment,WS/MP18036/2025-2026/252299,2026-03-16,1700000.0,6.230449176845541,5.736858468527226,0.41014968640951016,1.2034404137651693,184.0,355990.45652173914,5.220355825078324,4.775408915761726,-1,-0.03157880422091863,True
Lok Sabha,Bihar,ARUN BHARTI,JAMUI(SC),Gyan Ganga,Payment Success,Installation of fixed garden gym equipment,WS/MP18036/2025-2026/252292,2026-03-16,1700000.0,6.230449176845541,5.736858468527226,0.41014968640951016,1.2034404137651693,184.0,355990.45652173914,5.220355825078324,4.775408915761726,-1,-0.03157880422091863,True
Lok Sabha,Bihar,ARUN BHARTI,JAMUI(SC),Gyan Ganga,Payment Success,Installation of multi-gym equipment,WS/MP18036/2025-2026/252301,2026-03-16,1700000.0,6.230449176845541,5.736858468527226,0.41014968640951016,1.2034404137651693,184.0,355990.45652173914,5.220355825078324,4.775408915761726,-1,-0.03157880422091863,True
Lok Sabha,Bihar,ARUN BHARTI,JAMUI(SC),Gyan Ganga,Payment Success,Installation of multi-gym equipment,WS/MP18036/2025-2026/198349,2025-09-16,1700000.0,6.230449176845541,5.736858468527226,0.41014968640951016,1.2034404137651693,184.0,355990.45652173914,5.220355825078324,4.775408915761726,-1,-0.03157880422091863,True
Lok Sabha,Bihar,ARUN BHARTI,JAMUI(SC),Gyan Ganga,Payment Success,Installation of fixed garden gym equipment,WS/MP18036/2025-2026/252291,2026-03-16,1700000.0,6.230449176845541,5.736858468527226,0.41014968640951016,1.2034404137651693,184.0,355990.45652173914,5.220355825078324,4.775408915761726,-1,-0.03157880422091863,True
Lok Sabha,Bihar,ARUN BHARTI,JAMUI(SC),Gyan Ganga,Payment Success,Installation of multi-gym equipment,WS/MP18036/2025-2026/198339,2025-09-16,1700000.0,6.230449176845541,5.736858468527226,0.41014968640951016,1.2034404137651693,184.0,355990.45652173914,5.220355825078324,4.775408915761726,-1,-0.03157880422091863,True
Lok Sabha,Bihar,ARUN BHARTI,JAMUI(SC),Gyan Ganga,Payment Success,Installation of multi-gym equipment,WS/MP18036/2025-2026/193793,2025-09-16,1700000.0,6.230449176845541,5.736858468527226,0.41014968640951016,1.2034404137651693,184.0,355990.45652173914,5.220355825078324,4.775408915761726,-1,-0.03157880422091863,True
Lok Sabha,Bihar,ARUN BHARTI,JAMUI(SC),Gyan Ganga,Payment Success,Installation of multi-gym equipment,WS/MP18036/2025-2026/193792,2025-09-16,1700000.0,6.230449176845541,5.736858468527226,0.41014968640951016,1.2034404137651693,184.0,355990.45652173914,5.220355825078324,4.775408915761726,-1,-0.03157880422091863,True
Lok Sabha,Bihar,ARUN BHARTI,JAMUI(SC),Gyan Ganga,Payment Success,Installation of multi-gym equipment,WS/MP18036/2025-2026/193809,2025-09-16,1700000.0,6.230449176845541,5.736858468527226,0.41014968640951016,1.2034404137651693,184.0,355990.45652173914,5.220355825078324,4.775408915761726,-1,-0.03157880422091863,True
Lok Sabha,Bihar,ARUN BHARTI,JAMUI(SC),Gyan Ganga,Payment Success,Installation of multi-gym equipment,WS/MP18036/2025-2026/193808,2025-09-16,1700000.0,6.230449176845541,5.736858468527226,0.41014968640951016,1.2034404137651693,184.0,355990.45652173914,5.220355825078324,4.775408915761726,-1,-0.03157880422091863,True
Lok Sabha,Bihar,ARUN BHARTI,JAMUI(SC),Gyan Ganga,Payment Success,Installation of multi-gym equipment,WS/MP18036/2025-2026/198340,2025-09-16,1700000.0,6.230449176845541,5.736858468527226,0.41014968640951016,1.2034404137651693,184.0,355990.45652173914,5.220355825078324,4.775408915761726,-1,-0.03157880422091863,True
Lok Sabha,Bihar,ARUN BHARTI,JAMUI(SC),Gyan Ganga,Payment Success,Installation of multi-gym equipment,WS/MP18036/2025-2026/198344,2025-09-16,1700000.0,6.230449176845541,5.736858468527226,0.41014968640951016,1.2034404137651693,184.0,355990.45652173914,5.220355825078324,4.775408915761726,-1,-0.03157880422091863,True
Lok Sabha,Bihar,ARUN BHARTI,JAMUI(SC),Gyan Ganga,Payment Success,Installation of multi-gym equipment,WS/MP18036/2025-2026/198350,2025-09-16,1700000.0,6.230449176845541,5.736858468527226,0.41014968640951016,1.2034404137651693,184.0,355990.45652173914,5.220355825078324,4.775408915761726,-1,-0.03157880422091863,True
Lok Sabha,Bihar,ARUN BHARTI,JAMUI(SC),Gyan Ganga,Payment Success,Installation of multi-gym equipment,WS/MP18036/2025-2026/193791,2025-09-16,1700000.0,6.230449176845541,5.736858468527226,0.41014968640951016,1.2034404137651693,184.0,355990.45652173914,5.220355825078324,4.775408915761726,-1,-0.03157880422091863,True
Lok Sabha,Bihar,ARUN BHARTI,JAMUI(SC),Gyan Ganga,Payment Success,Installation of multi-gym equipment,WS/MP18036/2025-2026/226439,2026-03-18,1699999.0,6.230448921378274,5.736858468527226,0.41014968640951016,1.2034397909016747,184.0,355990.45652173914,5.220355825078324,4.775406106697657,-1,-0.03157880422091863,True
Lok Sabha,Bihar,ARUN BHARTI,JAMUI(SC),Gyan Ganga,Payment Success,Installation of multi-gym equipment,WS/MP18036/2025-2026/252300,2026-03-16,1700000.0,6.230449176845541,5.736858468527226,0.41014968640951016,1.2034404137651693,184.0,355990.45652173914,5.220355825078324,4.775408915761726,-1,-0.03157880422091863,True
Lok Sabha,Bihar,ARUN BHARTI,JAMUI(SC),Gyan Ganga,Payment Success,Installation of multi-gym equipment,WS/MP18036/2025-2026/226435,2026-03-18,1699999.0,6.230448921378274,5.736858468527226,0.41014968640951016,1.2034397909016747,184.0,355990.45652173914,5.220355825078324,4.775406106697657,-1,-0.03157880422091863,True
Lok Sabha,Bihar,ARUN BHARTI,JAMUI(SC),Gyan Ganga,Payment Success,Installation of multi-gym equipment,WS/MP18036/2025-2026/226436,2026-03-18,1699999.0,6.230448921378274,5.736858468527226,0.41014968640951016,1.2034397909016747,184.0,355990.45652173914,5.220355825078324,4.775406106697657,-1,-0.03157880422091863,True
Lok Sabha,Bihar,ARUN BHARTI,JAMUI(SC),Gyan Ganga,Payment Success,Installation of multi-gym equipment,WS/MP18036/2025-2026/226434,2026-03-18,1699999.0,6.230448921378274,5.736858468527226,0.41014968640951016,1.2034397909016747,184.0,355990.45652173914,5.220355825078324,4.775406106697657,-1,-0.03157880422091863,True
Lok Sabha,Bihar,ARUN BHARTI,JAMUI(SC),Gyan Ganga,Payment Success,Installation of multi-gym equipment,WS/MP18036/2025-2026/226440,2026-03-18,1699999.0,6.230448921378274,5.736858468527226,0.41014968640951016,1.2034397909016747,184.0,355990.45652173914,5.220355825078324,4.775406106697657,-1,-0.03157880422091863,True
Lok Sabha,Odisha,ANANTA NAYAK,KEONJHAR(ST),CHIEF EXECUTIVE OFFICER DMF,Payment Success,Construction of community centers and community halls,WS/MP18146/2025-2026/157689,2026-06-20,34.0,1.5440680443502757,4.463319681510083,1.1908092186143866,-2.4514855877221198,48.0,1282.2291666666667,3.8918202981106265,0.026516320860480606,-1,-0.03145205202075885,True
Lok Sabha,Uttar Pradesh,CHHOTELAL,ROBERTSGANJ(SC),UP STATE AGRO SONBHADRA,Payment Success,Construction of culverts and bridges,WS/MP18236/2024-2025/139451,2025-02-15,1200000.0,6.079181607959542,5.2394868954404945,0.5548947427641531,1.5132504379771055,33.0,221122.42424242425,3.5263605246161616,5.4268580136603335,-1,-0.03143679444957648,True
Lok Sabha,Uttar Pradesh,ANAND BHADAURIYA,DHAURAHRA,MANNAT CONSTRUCTION,Payment Success,"Construction of roads, link roads, pathways or any other road with or without drainage system",WS/MP18212/2025-2026/267433,2026-07-10,1056565.0,6.023896631100149,5.2394868954404945,0.5548947427641531,1.4136189716849632,259.0,200486.14671814672,5.560681631015528,5.270014997521854,-1,-0.031430665311680706,True
Lok Sabha,Madhya Pradesh,Janardan Mishra,REWA,PUNA IRON INDUSTRIES,Payment Success,Installation of multi-gym equipment,WS/	 MP644/2025-2026/221011,2026-04-24,5368129.0,6.729823024597414,5.188665529226982,0.4692888662406491,3.2840274002582763,9.0,2463419.888888889,2.302585092994046,2.179136826901752,-1,-0.03142644120791116,True
Lok Sabha,Punjab,AMRINDER SINGH RAJA WARRING,LUDHIANA,Shiv Traders,Payment Success,"Construction of roads, link roads, pathways or any other road with or without drainage system",WS/MP18157/2024-2025/172489,2025-10-29,1080.0,3.03382569395331,4.699928377134102,0.5546092002274752,-3.0041021362383327,6.0,25588.0,1.9459101490553132,0.042207284664686574,-1,-0.03129613248051066,True
Lok Sabha,Punjab,SUKHJINDER SINGH RANDHAWA,GURDASPUR,MS SRV INTERNATIONAL,Payment Success,Street lights,WS/MP18154/2026-2027/277871,2026-08-21,500000.0,5.698970872924114,4.699928377134102,0.5546092002274752,1.8013449747682722,43.0,96269.25581395348,3.784189633918261,5.19376612785168,-1,-0.031237541481145548,True
Rajya Sabha,Goa,Shri Sadanand Mhalu Shet Tanavade (2023-29) (2023-2029),,COMPUTER SOLUTIONS,Payment Success,Street lights,WS/MP885/2025-2026/197287,2025-06-16,2916000.0,6.464787668580919,5.381650171524479,0.7734788327241797,1.4003453633522818,102.0,738529.4117647059,4.634728988229636,3.9483870967741934,-1,-0.03117077982011751,True
Lok Sabha,Karnataka,V. SOMANNA,TUMKUR,TUMKUR NIRMITHI KENDRA,Payment In-Progress,Construction of rooms and halls in school and colleges,WS/MP18093/2025-2026/180263,2026-08-07,3375000.0,6.528273905846871,5.330132366384682,0.5548164189387811,2.1595279061025647,19.0,1184078.9473684211,2.995732273553991,2.8503167018557614,-1,-0.031001387052074114,True
Lok Sabha,Himachal Pradesh,Kangana Ranaut,MANDI,Vinod Kumar,Payment Success,Development of playfields and sports grounds,WS/MP18328/2025-2026/191198,2026-03-10,812081.0,5.909599884351381,5.0357558139091765,0.3981897135113444,2.194542050663266,13.0,170494.84615384616,2.6390573296152584,4.763082394098987,-1,-0.03098305999686035,True
Lok Sabha,Telangana,EATALA RAJENDER,MALKAJGIRI,Venna Kasi Reddy,Payment Success,Construction of additional rooms and halls in the existing public and community building,WS/MP18193/2024-2025/156313,2026-06-23,2959799.0,6.471262365845785,5.345559125587434,0.33883064020795767,3.322318310904377,3.0,1281481.0,1.3862943611198906,2.309670607679708,-1,-0.030962597351034904,True
Rajya Sabha,Punjab,Dr. Sandeep Kumar Pathak (2022-28) (2022-2028),,G K Construction,Payment Success,"Construction of roads, link roads, pathways or any other road with or without drainage system",WS/MP235/2025-2026/244998,2026-04-01,1155448.0,6.0627507810506245,4.699928377134102,0.5546092002274752,2.457266131462579,10.0,296274.2,2.3978952727983707,3.899927837118453,-1,-0.030955250842396587,True
Rajya Sabha,Himachal Pradesh,Dr. Sikander Kumar (2022-28) (2022-2028),,Executive Engineer JS Div Hamirpur,Payment Success,Installing hand pumps,WS/MP078/2025-2026/157671,2025-10-03,1850.0,3.267406418752904,5.0357558139091765,0.3981897135113444,-4.440972067215122,2.0,2775.0,1.0986122886681098,0.6666666666666666,-1,-0.030753442757479377,True
Rajya Sabha,Tamil Nadu,Shri P. Chidambaram (2022-28) (2022-2028),,S KAMESWARAN,Payment Success,"Construction of rooms and facilities for hospitals, FWC , PHC Centers and ANM centers",WS/MP165/2023-2024/95782,2025-09-08,9753.0,3.9891827512555476,5.7177282197633845,0.4497060558405531,-3.8437229075712214,2.0,503050.5,1.0986122886681098,0.019387715547445037,-1,-0.030694218827885256,True
Lok Sabha,Odisha,DHARMENDRA PRADHAN,SAMBALPUR,EMF,Payment Success,Construction of rooms and halls in school and colleges,WS/MP18150/2025-2026/245091,2026-05-20,398.0,2.6009728956867484,4.463319681510083,1.1908092186143866,-1.5639337995639155,158.0,190.0126582278481,5.0689042022202315,2.0945972953167677,-1,-0.03067759514678492,True
Lok Sabha,Odisha,Smt Aparajita Sarangi,BHUBANESWAR,EMF,Payment Success,Construction of public libraries and reading rooms,WS/MP300/2025-2026/190826,2026-02-04,414.0,2.6180480967120925,4.463319681510083,1.1908092186143866,-1.5495946419907043,158.0,190.0126582278481,5.0689042022202315,2.1788022117114116,-1,-0.03064988869647889,True
Lok Sabha,Odisha,ANANTA NAYAK,KEONJHAR(ST),EMF,Payment Success,"Construction of roads, link roads, pathways or any other road with or without drainage system",WS/MP18146/2026-2027/271909,2026-07-07,413.0,2.617000341120899,4.463319681510083,1.1908092186143866,-1.5504745105496769,158.0,190.0126582278481,5.0689042022202315,2.173539404436746,-1,-0.03064988869647889,True
Rajya Sabha,Uttar Pradesh,Shri Ramji (2020-26) (2020-2026),,A TO Z ASSOCIATES,Payment Success,Lighting of public spaces,WS/MP198/2025-2026/204743,2026-01-24,1980996.0,6.296883817848274,5.2394868954404945,0.5548947427641531,1.9055810785671918,104.0,527142.7884615385,4.653960350157523,3.757987481497222,-1,-0.03063518997493042,True
Rajya Sabha,Uttar Pradesh,Smt. Darshana Singh (2022-28) (2022-2028),,RMK ENTERPRISES,Payment Success,Lighting of public spaces,WS/MP203/2025-2026/238277,2025-11-26,2376000.0,6.37584661909299,5.2394868954404945,0.5548947427641531,2.0478833841384634,165.0,752549.0303030303,5.111987788356544,3.157269366280695,-1,-0.0305671660974276,True
Lok Sabha,Uttar Pradesh,Prof SP Singh Baghel,AGRA(SC),SAI ENTERPRISES,Payment Success,"Construction of roads, link roads, pathways or any other road with or without drainage system",WS/MP494/2025-2026/226476,2025-10-09,2370106.0,6.374767952955505,5.2394868954404945,0.5548947427641531,2.045939472880425,188.0,747351.1808510638,5.241747015059643,3.1713417476653825,-1,-0.03049100265660243,True
Rajya Sabha,Madhya Pradesh,Smt. Sumitra Balmik (2022-28) (2022-2028),,MAHENDRA KUMAR LUNIYA,Payment Success,Construction of culverts and bridges,WS/MP107/2023-2024/90552,2024-03-22,1800.0,3.2555137128195333,5.188665529226982,0.4692888662406491,-4.119321713070724,4.0,4070.75,1.6094379124341003,0.44217895965116993,-1,-0.03045724570953323,True
Lok Sabha,Assam,GAURAV GOGOI,JORHAT,Binud Gogoi,Payment Success,"Construction of roads, link roads, pathways or any other road with or without drainage system",WS/MP18024/2025-2026/206721,2026-02-20,2577.0,3.4112829130173843,5.2644782788065365,0.4600527957855902,-4.028223244735682,5.0,16333.0,1.791759469228055,0.1577787301781669,-1,-0.03044772655812167,True
Lok Sabha,Odisha,Smt Aparajita Sarangi,BHUBANESWAR,CDO Zilla Parishad DMF,Payment Success,Construction of public libraries and reading rooms,WS/MP300/2025-2026/199511,2026-07-18,28.0,1.462397997898956,4.463319681510083,1.1908092186143866,-2.520069240900712,32.0,388.8125,3.4965075614664802,0.07201414563574988,-1,-0.030441817291209095,True
Lok Sabha,Uttar Pradesh,Swami Sachchidanandhari Sakshi ji Maharaj,UNNAO,RAJESH KUMAR PAL,Payment Success,"Construction of roads, link roads, pathways or any other road with or without drainage system",WS/MP465/2025-2026/257159,2026-06-22,3197048.0,6.5047492925952834,5.2394868954404945,0.5548947427641531,2.280184510042409,53.0,1173662.5094339622,3.9889840465642745,2.723992608012914,-1,-0.030360560495466538,True
Lok Sabha,Haryana,SATPAL BRAHAMCHARI,SONEPAT,ASA Sports,Payment Success,Installation/ Construction of Anti-Pollution structure,WS/MP18067/2025-2026/251799,2026-07-25,1196.0,3.0780941504064105,5.128163022969908,0.5620398924688407,-3.6475504675625,1.0,1196.0,0.6931471805599453,1.0,-1,-0.030274568148326964,True
Lok Sabha,Madhya Pradesh,Janardan Mishra,REWA,VISHNUPRIYA CONSTRUCTION REWA,Payment Success,Street lights,WS/	 MP644/2024-2025/151181,2025-04-23,3799840.0,6.5797654244412,5.188665529226982,0.4692888662406491,2.964272104637719,12.0,1439333.3333333333,2.5649493574615367,2.64,-1,-0.03026455329213662,True
Lok Sabha,Odisha,ANANTA NAYAK,KEONJHAR(ST),EMF,Payment Success,Construction of community centers and community halls,WS/MP18146/2025-2026/250838,2026-08-18,44.0,1.6532125137753437,4.463319681510083,1.1908092186143866,-2.3598298735078247,158.0,190.0126582278481,5.0689042022202315,0.23156352008527079,-1,-0.03011663108921514,True
Lok Sabha,Odisha,BALABHADRA MAJHI,NABARANGPUR(ST),EMF,Payment Success,Construction of community centers and community halls,WS/MP18148/2025-2026/170300,2026-08-24,45.0,1.662757831681574,4.463319681510083,1.1908092186143866,-2.351814048842529,158.0,190.0126582278481,5.0689042022202315,0.23682632735993603,-1,-0.03011663108921514,True
Lok Sabha,Odisha,SUKANTA KUMAR PANIGRAHI,KANDHAMAL,EMF,Payment Success,Construction of boundary walls of existing public and community buildings,WS/MP18350/2025-2026/178842,2026-05-02,45.0,1.662757831681574,4.463319681510083,1.1908092186143866,-2.351814048842529,158.0,190.0126582278481,5.0689042022202315,0.23682632735993603,-1,-0.03011663108921514,True
Rajya Sabha,Gujarat,Shri Mayankkumar Nayak (2024-30) (2024-2030),,A K SALES CORPORATION,Payment Success,"Purchase of ambulances (Four, three and two wheelers)",WS/MP18403/2025-2026/219864,2026-08-18,1678.0,3.225050696138049,5.406212311570647,0.33663521492486204,-6.47930317070197,1.0,1678.0,0.6931471805599453,1.0,-1,-0.030044958006396394,True
Rajya Sabha,Uttar Pradesh,Shri Arun Singh (2020-26) (2020-2026),,SAHNAI STONE WORK,Payment Success,"Construction of roads, link roads, pathways or any other road with or without drainage system",WS/MP186/2025-2026/218840,2026-04-27,2972008.0,6.473050120244802,5.2394868954404945,0.5548947427641531,2.2230580499996,11.0,989176.3636363636,2.4849066497880004,3.004527917624764,-1,-0.02998766811638831,True
Lok Sabha,West Bengal,KALIPADA SAREN,JHARGRAM(ST),ATANU PATRA,Payment Success,Street lights,WS/MP18272/2025-2026/260999,2026-03-09,2415917.0,6.383082189571662,5.595904606090499,0.4383067199146974,1.795951437008228,48.0,717232.0208333334,3.8918202981106265,3.36838976764173,-1,-0.029896129818405615,True
Lok Sabha,Punjab,DR. RAJ KUMAR CHABBEWAL,HOSHIARPUR(SC),Varinder Kumar Sood,Payment Success,"Construction of roads, link roads, pathways or any other road with or without drainage system",WS/MP18155/2024-2025/165824,2025-04-04,2844264.0,6.453970057133736,4.699928377134102,0.5546092002274752,3.1626624283913918,7.0,1076544.2857142857,2.0794415416798357,2.642031579883251,-1,-0.02989165290160245,True
Rajya Sabha,Madhya Pradesh,Shri Vivek K. Tankha (2022-28) (2022-2028),,SUNITA SUKHDEO BARDE,Payment Success,Construction of community centers and community halls,WS/MP106/2024-2025/145085,2026-04-07,1305.0,3.115943176939055,5.188665529226982,0.4692888662406491,-4.416730294268359,5.0,1461.6,1.791759469228055,0.8928571428571429,-1,-0.029863434339396533,True
Rajya Sabha,Madhya Pradesh,Shri Vivek K. Tankha (2022-28) (2022-2028),,POONAM BARDE,Payment Success,Construction of community centers and community halls,WS/MP106/2024-2025/145085,2026-04-07,1305.0,3.115943176939055,5.188665529226982,0.4692888662406491,-4.416730294268359,5.0,1461.6,1.791759469228055,0.8928571428571429,-1,-0.029863434339396533,True
Rajya Sabha,Madhya Pradesh,Shri Vivek K. Tankha (2022-28) (2022-2028),,POONAM BARDE,Payment Success,Construction of community centers and community halls,WS/MP106/2024-2025/145085,2026-04-07,1305.0,3.115943176939055,5.188665529226982,0.4692888662406491,-4.416730294268359,5.0,1461.6,1.791759469228055,0.8928571428571429,-1,-0.029863434339396533,True
Rajya Sabha,Madhya Pradesh,Shri Vivek K. Tankha (2022-28) (2022-2028),,SUNITA SUKHDEO BARDE,Payment Success,Construction of community centers and community halls,WS/MP106/2024-2025/145085,2026-04-07,1305.0,3.115943176939055,5.188665529226982,0.4692888662406491,-4.416730294268359,5.0,1461.6,1.791759469228055,0.8928571428571429,-1,-0.029863434339396533,True
Rajya Sabha,Madhya Pradesh,Shri Vivek K. Tankha (2022-28) (2022-2028),,POONAM BARDE,Payment Success,Construction of community centers and community halls,WS/MP106/2024-2025/145085,2026-04-07,1566.0,3.1950689964685903,5.188665529226982,0.4692888662406491,-4.248122374452593,5.0,1461.6,1.791759469228055,1.0714285714285714,-1,-0.029720463786890194,True
Rajya Sabha,Madhya Pradesh,Shri Vivek K. Tankha (2022-28) (2022-2028),,POONAM BARDE,Payment Success,Construction of community centers and community halls,WS/MP106/2024-2025/145085,2026-04-07,1566.0,3.1950689964685903,5.188665529226982,0.4692888662406491,-4.248122374452593,5.0,1461.6,1.791759469228055,1.0714285714285714,-1,-0.029720463786890194,True
Rajya Sabha,Madhya Pradesh,Shri Vivek K. Tankha (2022-28) (2022-2028),,POONAM BARDE,Payment Success,Construction of community centers and community halls,WS/MP106/2024-2025/145085,2026-04-07,1566.0,3.1950689964685903,5.188665529226982,0.4692888662406491,-4.248122374452593,5.0,1461.6,1.791759469228055,1.0714285714285714,-1,-0.029720463786890194,True
Rajya Sabha,Madhya Pradesh,Shri Vivek K. Tankha (2022-28) (2022-2028),,SUNITA SUKHDEO BARDE,Payment Success,Construction of community centers and community halls,WS/MP106/2024-2025/145085,2026-04-07,1566.0,3.1950689964685903,5.188665529226982,0.4692888662406491,-4.248122374452593,5.0,1461.6,1.791759469228055,1.0714285714285714,-1,-0.029720463786890194,True
Rajya Sabha,Madhya Pradesh,Shri Vivek K. Tankha (2022-28) (2022-2028),,SUNITA SUKHDEO BARDE,Payment Success,Construction of community centers and community halls,WS/MP106/2024-2025/145085,2026-04-07,1566.0,3.1950689964685903,5.188665529226982,0.4692888662406491,-4.248122374452593,5.0,1461.6,1.791759469228055,1.0714285714285714,-1,-0.029720463786890194,True
Rajya Sabha,Madhya Pradesh,Shri Vivek K. Tankha (2022-28) (2022-2028),,SUNITA SUKHDEO BARDE,Payment Success,Construction of community centers and community halls,WS/MP106/2024-2025/145085,2026-04-07,1566.0,3.1950689964685903,5.188665529226982,0.4692888662406491,-4.248122374452593,5.0,1461.6,1.791759469228055,1.0714285714285714,-1,-0.029720463786890194,True
Lok Sabha,Punjab,DR. RAJ KUMAR CHABBEWAL,HOSHIARPUR(SC),Nagi Building Materials Village Passi Kandi,Payment Success,Crematoriums/energy efficient crematoriums or structures on burial/cremation ground,WS/MP18155/2024-2025/141705,2025-03-04,1050.0,3.021602716028242,4.699928377134102,0.5546092002274752,-3.026141038442001,18.0,14935.555555555555,2.9444389791664403,0.07030203838714477,-1,-0.029711444803972142,True
Rajya Sabha,Odisha,Smt. Sulata Deo (2022-28) (2022-2028),,DMFT Fund,Payment Success,Construction of culverts and bridges,WS/MP138/2025-2026/257485,2026-06-11,1885.0,3.2755416884013098,4.463319681510083,1.1908092186143866,-0.9974544826675593,16.0,655.5,2.833213344056216,2.875667429443173,-1,-0.0296754129372222,True
Lok Sabha,Uttar Pradesh,Anurag Sharma,JHANSI,AADITYA VAIDHYA,Payment Success,"Construction of roads, link roads, pathways or any other road with or without drainage system",WS/MP468/2025-2026/235916,2026-04-20,2192.0,3.341038631677523,5.2394868954404945,0.5548947427641531,-3.421276356496081,38.0,365079.13157894736,3.6635616461296463,0.006004177753244124,-1,-0.029604869031790604,True
Lok Sabha,Odisha,SUKANTA KUMAR PANIGRAHI,KANDHAMAL,Block Development Officer Daspalla,Payment Success,Construction of community centers and community halls,WS/MP18350/2025-2026/178846,2026-01-26,42.0,1.6334684555795864,4.463319681510083,1.1908092186143866,-2.376410244139093,29.0,4674.9655172413795,3.4011973816621555,0.008984023485329045,-1,-0.02954184572284735,True
Lok Sabha,Maharashtra,BHUMARE SANDIPANRAO ASARAM,AURANGABAD_MH,S P CONSTRUCTION,Payment Success,Construction of community centers and community halls,WS/MP18113/2025-2026/162522,2025-08-05,2499612.0,6.3978727746821935,5.831568883890033,0.3608432492891356,1.5693902876326056,17.0,575562.6470588235,2.8903717578961645,4.342901702835027,-1,-0.02953354778722217,True
Lok Sabha,Uttarakhand,Mala Rajya Laxmi Shah,TEHRI GARHWAL,Babita Trading,Payment Success,Construction of footpaths and pedestrian ways,WS/MP478/2025-2026/154207,2025-05-24,500.0,2.699837725867246,4.575890061676738,0.7785953606778007,-2.4095344392706215,2.0,51718.0,1.0986122886681098,0.009667813913917784,-1,-0.029428078778961697,True
Rajya Sabha,Odisha,Smt. Sulata Deo (2022-28) (2022-2028),,MEMBER SECY OB AND OC WWB BBSR,Payment Success,Construction of water tanks,WS/MP138/2025-2026/203489,2026-04-10,8000.0,3.9031442704095385,4.463319681510083,1.1908092186143866,-0.47041574951221754,438.0,2330.735159817352,6.0844994130751715,3.4323934087075427,-1,-0.029275894300562322,True
Lok Sabha,Uttar Pradesh,Prof SP Singh Baghel,AGRA(SC),SAI ENTERPRISES,Payment Success,"Construction of roads, link roads, pathways or any other road with or without drainage system",WS/MP494/2026-2027/241596,2026-06-19,2321293.0,6.3657301488538565,5.2394868954404945,0.5548947427641531,2.0296520522128088,188.0,747351.1808510638,5.241747015059643,3.1060270719805017,-1,-0.029251962585585378,True
Rajya Sabha,Punjab,Dr. Sandeep Kumar Pathak (2022-28) (2022-2028),,Gurmej Cint and Cement Tile Factory,Payment Success,Fitting of Sitting RCC Benches in Public Places,WS/MP235/2026-2027/290373,2026-07-09,499200.0,5.69827544665443,4.699928377134102,0.5546092002274752,1.8000910715344283,26.0,92796.73076923077,3.295836866004329,5.379499858043739,-1,-0.02924812101419194,True
Lok Sabha,Uttar Pradesh,Ashok Kumar Rawat,MISRIKH(SC),EE EDD II SITAPUR,Payment Success,Lighting of public spaces,WS/MP507/2024-2025/170558,2025-08-11,848122.0,5.9284588408741286,5.2394868954404945,0.5548947427641531,1.2416263704384523,17.0,120674.70588235294,2.8903717578961645,7.028167119187705,-1,-0.029222323434165087,True
Rajya Sabha,Madhya Pradesh,Shri Vivek K. Tankha (2022-28) (2022-2028),,GRAM PANCHAYAT KASBABAGROD,Payment Success,Construction of community centers and community halls,WS/MP106/2024-2025/3360,2025-08-26,3000.0,3.477265995424853,5.188665529226982,0.4692888662406491,-3.6467933865802205,3.0,100000.0,1.3862943611198906,0.03,-1,-0.02913061292189112,True
Lok Sabha,Odisha,ANANTA NAYAK,KEONJHAR(ST),CHIEF EXECUTIVE OFFICER DMF,Payment Success,Construction of community centers and community halls,WS/MP18146/2025-2026/173919,2026-06-18,39.0,1.6020599913279623,4.463319681510083,1.1908092186143866,-2.402785975667415,48.0,1282.2291666666667,3.8918202981106265,0.030415779810551283,-1,-0.02911996096088365,True
Rajya Sabha,Madhya Pradesh,Shri Vivek K. Tankha (2022-28) (2022-2028),,MALTA INDRADEV BARDE,Payment Success,Construction of community centers and community halls,WS/MP106/2024-2025/145085,2026-04-07,1305.0,3.115943176939055,5.188665529226982,0.4692888662406491,-4.416730294268359,5.0,1513.8,1.791759469228055,0.8620689655172414,-1,-0.02888440274775661,True
Rajya Sabha,Punjab,Dr. Vikramjit Singh Sahney (2022-28) (2022-2028),,Arson Enterprises,Payment Success,Purchase of training equipment,WS/MP844/2025-2026/244229,2026-04-22,590.0,2.7715874808812555,4.699928377134102,0.5546092002274752,-3.4769363643118965,1.0,590.0,0.6931471805599453,1.0,-1,-0.028802862760332282,True
Lok Sabha,Odisha,Smt Aparajita Sarangi,BHUBANESWAR,CDO Zilla Parishad DMF,Payment Success,Construction of public libraries and reading rooms,WS/MP300/2025-2026/199515,2026-08-13,34.0,1.5440680443502757,4.463319681510083,1.1908092186143866,-2.4514855877221198,32.0,388.8125,3.4965075614664802,0.087445748271982,-1,-0.028736683125816898,True
Lok Sabha,Odisha,Smt Aparajita Sarangi,BHUBANESWAR,CDO Zilla Parishad DMF,Payment In-Progress,Construction of community centers and community halls,WS/MP300/2026-2027/226384,2026-08-29,33.0,1.5314789170422551,4.463319681510083,1.1908092186143866,-2.4620574972364486,32.0,388.8125,3.4965075614664802,0.08487381449927664,-1,-0.028736683125816898,True
Lok Sabha,Manipur,ANGOMCHA BIMOL AKOIJAM,INNER MANIPUR,Murphy Thumrah,Payment Success,Construction of common work sheds/ common covered sitting area,WS/MP18371/2025-2026/240203,2025-10-16,4350000.0,6.638489356792438,5.931047171769868,0.4101736976150395,1.7247380539903026,56.0,1456708.0892857143,4.04305126783455,2.9861851059898963,-1,-0.028555807219759033,True
Lok Sabha,Uttarakhand,TRIVENDRA SINGH RAWAT,HARDWAR,Satyam Construction,Payment Success,"Construction of roads, link roads, pathways or any other road with or without drainage system",WS/MP18415/2026-2027/269577,2026-07-22,1187612.0,6.074674942879349,4.575890061676738,0.7785953606778007,1.9249856304022341,28.0,255225.0357142857,3.367295829986474,4.653195548298344,-1,-0.028454680793012832,True
Lok Sabha,Uttar Pradesh,Prof SP Singh Baghel,AGRA(SC),SAI ENTERPRISES,Payment Success,"Construction of roads, link roads, pathways or any other road with or without drainage system",WS/MP494/2025-2026/226477,2025-10-09,2291025.0,6.360030017863538,5.2394868954404945,0.5548947427641531,2.0193795977254525,188.0,747351.1808510638,5.241747015059643,3.0655267011032765,-1,-0.028369923914527972,True
Lok Sabha,Uttar Pradesh,RAM PRASAD CHAUDHARY,BASTI,JAI CONSTRUCTION,Payment Success,"Construction of roads, link roads, pathways or any other road with or without drainage system",WS/MP18208/2025-2026/194585,2025-10-17,2485198.0,6.395361170188716,5.2394868954404945,0.5548947427641531,2.0830514071738153,156.0,846926.5128205129,5.056245805348308,2.9343726549822655,-1,-0.02781485876436085,True
Lok Sabha,Odisha,SUKANTA KUMAR PANIGRAHI,KANDHAMAL,EMF,Payment In-Progress,"Construction of roads, link roads, pathways or any other road with or without drainage system",WS/MP18350/2025-2026/182265,2026-08-17,383.0,2.584331224367531,4.463319681510083,1.1908092186143866,-1.5779088940283181,158.0,190.0126582278481,5.0689042022202315,2.015655186196789,-1,-0.027692682839481342,True
Rajya Sabha,Uttar Pradesh,Shri Sanjay Seth (2024-30) (2024-2030),,BALAJI CONSTRUCTIONS,Payment Success,Construction of public toilets and bathrooms,WS/MP18302/2024-2025/136067,2025-06-11,3244957.0,6.511209080031216,5.2394868954404945,0.5548947427641531,2.291825974518634,34.0,1269337.6176470588,3.5553480614894135,2.5564175794420243,-1,-0.02761700165430736,True
Rajya Sabha,Jammu And Kashmir,Shri Gulam Ali (2022-28) (2022-2028),,BIHARI JI MAHADEV ASSOCIATES,Payment Success,Lighting of public spaces,WS/MP839/2024-2025/147849,2024-12-23,1952000.0,6.290480035817543,5.368253220391357,0.4197357532673082,2.1971604950195114,193.0,649899.8445595854,5.267858159063328,3.003539724375227,-1,-0.027425721138382264,True
Rajya Sabha,Jammu And Kashmir,Shri Gulam Ali (2022-28) (2022-2028),,BIHARI JI MAHADEV ASSOCIATES,Payment Success,Lighting of public spaces,WS/MP839/2024-2025/174297,2025-03-16,1944000.0,6.28869648399271,5.368253220391357,0.4197357532673082,2.1929112696176962,193.0,649899.8445595854,5.267858159063328,2.9912301353409023,-1,-0.027425721138382264,True
Rajya Sabha,Sikkim,Shri Dorjee Tshering Lepcha (2024-30) (2024-2030),,ASSISTANT ENGINEER ZILLA PANCHAYAT OFFICE,Payment Success,"Construction of flood control embankments/ protection walls along riverbanks, hilltops, roadsides",WS/MP18282/2025-2026/191305,2025-08-06,1709685.0,6.232916355427692,5.616676176043141,0.47087436241887004,1.308714656323484,67.0,357837.53731343284,4.219507705176107,4.777824631915217,-1,-0.02726398128688534,True
Lok Sabha,Haryana,SATPAL BRAHAMCHARI,SONEPAT,Krutayagna Business Solution,Payment Success,Installation/ Construction of Anti-Pollution structure,WS/MP18067/2025-2026/251799,2026-07-25,1310.0,3.117602691690084,5.128163022969908,0.5620398924688407,-3.577255561786103,1.0,1310.0,0.6931471805599453,1.0,-1,-0.027177988365640893,True
Lok Sabha,Delhi,Manoj Tiwari,NORTH EAST DELHI,Central Electronics Limited,Payment Success,Providing CCTV camera system for security of public areas,WS/MP880/2025-2026/211190,2025-12-10,18913181.0,7.276764601758084,5.649264549534103,0.3569187115608803,4.559861950376831,2.0,11249065.5,1.0986122886681098,1.6813113053702105,-1,-0.027146700923003975,True
Lok Sabha,Assam,RANJIT DUTTA,Sonitpur,R ENTERPRISE,Payment Success,Construction of community centers and community halls,WS/MP18029/2025-2026/208461,2026-05-15,1355190.0,6.13200050878997,5.2644782788065365,0.4600527957855902,1.8857014628115556,47.0,354366.2008510638,3.871201010907891,3.824264268841969,-1,-0.027070481611072172,True
Lok Sabha,Tamil Nadu,Manickam Tagore B,VIRUDHUNAGAR,N S CHELLAPANDIAN,Payment Success,Construction of community centers and community halls,WS/MP747/2024-2025/136648,2025-10-10,2494342.0,6.396956173587105,5.7177282197633845,0.4497060558405531,1.5103820484564392,12.0,586198.75,2.5649493574615367,4.255113133557518,-1,-0.026891090660471573,True
Rajya Sabha,Punjab,Shri Sant Balbir Singh (2022-28) (2022-2028),,Amandeep Singh Contractor,Payment Success,Construction of public irrigation facilities,WS/MP140/2023-2024/7438,2023-09-22,5350714.0,6.72841181936827,4.699928377134102,0.5546092002274752,3.6575005272220102,2.0,3161148.0,1.0986122886681098,1.6926489996672096,-1,-0.026853504785979365,True
Lok Sabha,Punjab,DR DHARAMVIRA GANDHI,PATIALA,Sahi Trading Co,Payment Success,Crematoriums/energy efficient crematoriums or structures on burial/cremation ground,WS/MP18158/2025-2026/229701,2025-11-24,1300.0,3.1142772965615864,4.699928377134102,0.5546092002274752,-2.8590421506209314,4.0,41125.0,1.6094379124341003,0.031610942249240125,-1,-0.026773233680463027,True
Lok Sabha,Madhya Pradesh,Ganesh Singh,SATNA,R M MP Agro Satna,Payment Success,Purchase of mobile water tankers,WS/MP642/2025-2026/213631,2025-11-17,1143968.0,6.0584142558281995,5.188665529226982,0.4692888662406491,1.8533333926469393,13.0,238645.61538461538,2.6390573296152584,4.793584823070449,-1,-0.026403414879532794,True
Rajya Sabha,West Bengal,Shri Derek O' Brien (2023-29) (2023-2029),,WEST BENGAL MEDICAL SERVICES CORPORATION LIMITED,Payment Success,"Purchase of vehicle for mobile dispensaries (Four, three and two wheelers)",WS/MP220/2024-2025/171199,2026-06-22,4144.0,3.6175245348862926,5.595904606090499,0.4383067199146974,-4.513688659825329,41.0,93199.19512195123,3.7376696182833684,0.04446390330493276,-1,-0.026358628737997658,True
Rajya Sabha,Himachal Pradesh,Dr. Sikander Kumar (2022-28) (2022-2028),,BDO MASHOBRA RAJYA SABHA,Payment Success,"Construction of roads, link roads, pathways or any other road with or without drainage system",WS/MP078/2023-2024/13332,2024-02-27,1000000.0,6.0000004342942646,5.0357558139091765,0.3981897135113444,2.421570893637906,32.0,244062.5,3.4965075614664802,4.097311139564661,-1,-0.026323389787343054,True
Lok Sabha,West Bengal,PARTHA BHOWMICK,BARRACKPUR,LOKENATH CONSTRUCTION,Payment Success,"Construction of rooms and facilities for hospitals, FWC , PHC Centers and ANM centers",WS/MP18249/2025-2026/153601,2026-02-23,8601839.0,6.934591360124217,5.595904606090499,0.4383067199146974,3.0542236593914223,2.0,4600641.5,1.0986122886681098,1.8697042575475615,-1,-0.0262501950928411,True
Lok Sabha,Odisha,SAMBIT PATRA,PURI,Manoja Kumar Sethi,Payment Success,"Construction of flood control embankments/ protection walls along riverbanks, hilltops, roadsides",WS/MP18149/2025-2026/183949,2026-01-29,646228.0,5.810386443402108,4.463319681510083,1.1908092186143866,1.1312196284972147,24.0,96627.08333333333,3.2188758248682006,6.6878558030227895,-1,-0.025913206872532624,True
Lok Sabha,Sikkim,Indra Hang Subba,SIKKIM,RAJU ENTERPRISES,Payment Success,"Construction of flood control embankments/ protection walls along riverbanks, hilltops, roadsides",WS/MP013/2024-2025/143927,2025-12-02,1910460.0,6.281138176461657,5.616676176043141,0.47087436241887004,1.411123759223567,51.0,431634.8431372549,3.9512437185814275,4.4261023649392826,-1,-0.02590379430089096,True
Rajya Sabha,Andhra Pradesh,Shri Ryaga Krishnaiah (2024-28) (2024-2028),,SRI NELCO ENTERPRISES,Payment Success,"Construction of roads, link roads, pathways or any other road with or without drainage system",WS/MP18427/2025-2026/263653,2026-03-26,2794897.0,6.446365962903847,5.60773170892532,0.3625772186175567,2.312981100070468,31.0,1027314.7741935484,3.4657359027997265,2.7205848394364036,-1,-0.025817273819999542,True
Rajya Sabha,Odisha,Shri Subhasish Khuntia (2024-30) (2024-2030),,MISC ACCOUNT BDO RANPUR,Payment Success,Construction of community centers and community halls,WS/MP18283/2025-2026/238264,2026-07-17,2014.0,3.3042750504771283,4.463319681510083,1.1908092186143866,-0.9733252085347537,69.0,626.695652173913,4.248495242049359,3.213681143332871,-1,-0.025781202805321257,True
Rajya Sabha,Madhya Pradesh,Smt. Sumitra Balmik (2022-28) (2022-2028),,Keshar Bai,Payment Success,Construction of culverts and bridges,WS/MP107/2023-2024/90552,2024-02-25,2200.0,3.342620042553348,5.188665529226982,0.4692888662406491,-3.933708254069233,2.0,1700.0,1.0986122886681098,1.2941176470588236,-1,-0.02560473141876851,True
Lok Sabha,Odisha,Shri Bhartruhari Mahtab,CUTTACK,EMF,Payment Success,Construction of community centers and community halls,WS/MP372/2025-2026/185716,2026-02-27,55.0,1.7481880270062005,4.463319681510083,1.1908092186143866,-2.2800727539405363,158.0,190.0126582278481,5.0689042022202315,0.2894544001065885,-1,-0.025586757973302565,True
Lok Sabha,Odisha,ANANTA NAYAK,KEONJHAR(ST),EMF,Payment Success,Installing community drinking water plants,WS/MP18146/2025-2026/165916,2025-11-11,56.0,1.7558748556724915,4.463319681510083,1.1908092186143866,-2.273617623642473,158.0,190.0126582278481,5.0689042022202315,0.29471720738125373,-1,-0.025586757973302565,True
Rajya Sabha,Uttar Pradesh,Prof. Ram Gopal Yadav (2020-26) (2020-2026),,Pradeep Kumar,Payment Success,"Construction of roads, link roads, pathways or any other road with or without drainage system",WS/MP183/2025-2026/181183,2025-06-28,3844895.0,6.584884597131738,5.2394868954404945,0.5548947427641531,2.4245998348971156,42.0,1623768.857142857,3.7612001156935624,2.3678832015323787,-1,-0.025579591874856145,True
Lok Sabha,Jharkhand,Shri Chandra Prakash Choudhary,GIRIDIH,EXECUTIVE ENGINER NREP GIRIDIH,Payment Success,Purchase of non-conventional energy system and devices for community use,WS/MP334/2025-2026/223483,2026-03-11,997850.0,5.999065696889744,5.373590915581567,0.2986561582339397,2.0942972849005765,161.0,242439.5155279503,5.087596335232384,4.115871943676443,-1,-0.025451593614767787,True
Lok Sabha,Rajasthan,MAHIMA KUMARI MEWAR,RAJSAMAND,NARENDRA SINGH CHUNDAWAT,Payment Success,"Construction of roads, link roads, pathways or any other road with or without drainage system",WS/MP18169/2025-2026/260272,2026-03-05,300.0,2.4785664955938436,4.465815975724242,0.9043060886805357,-2.1975407497587183,2.0,4700.0,1.0986122886681098,0.06382978723404255,-1,-0.02541430508086251,True
Lok Sabha,Odisha,ANANTA NAYAK,KEONJHAR(ST),EMF,Payment Success,Construction of community centers and community halls,WS/MP18146/2025-2026/187255,2026-05-19,61.0,1.792391689498254,4.463319681510083,1.1908092186143866,-2.242952061724626,158.0,190.0126582278481,5.0689042022202315,0.32103124375458,-1,-0.025271204061121044,True
Lok Sabha,Odisha,Shri Jual Oram,SUNDARGARH (ST),EMF,Payment In-Progress,Construction of community centers and community halls,WS/MP370/2024-2025/145537,2026-08-31,64.0,1.8129133566428555,4.463319681510083,1.1908092186143866,-2.2257186822513964,158.0,190.0126582278481,5.0689042022202315,0.3368196655785757,-1,-0.025271204061121044,True
Lok Sabha,Odisha,BIBHU PRASAD TARAI,JAGATSINGHPUR(SC),EMF,Payment Success,Construction of community centers and community halls,WS/MP18142/2025-2026/185335,2026-03-11,61.0,1.792391689498254,4.463319681510083,1.1908092186143866,-2.242952061724626,158.0,190.0126582278481,5.0689042022202315,0.32103124375458,-1,-0.025271204061121044,True
Lok Sabha,Punjab,DR. RAJ KUMAR CHABBEWAL,HOSHIARPUR(SC),Rakesh Singh Contractor,Payment Success,"Construction of roads, link roads, pathways or any other road with or without drainage system",WS/MP18155/2024-2025/177940,2025-07-16,2787699.0,6.4452460350806176,4.699928377134102,0.5546092002274752,3.146932393531638,4.0,1163439.0,1.6094379124341003,2.3960852266427377,-1,-0.025244954794514718,True
Lok Sabha,Tamil Nadu,DR RANI SRI KUMAR,TENKASI(SC),SRI BALAJI ENGINEERING,Payment Success,Setting up of laboratories,WS/MP18182/2026-2027/267312,2026-06-19,605000.0,5.781756092493994,5.7177282197633845,0.4497060558405531,0.14237716370293094,18.0,71305.55555555556,2.9444389791664403,8.484612388001558,-1,-0.024998064590114888,True
Rajya Sabha,Punjab,Dr. Vikramjit Singh Sahney (2022-28) (2022-2028),,Bansal Construction Co,Payment Success,"Construction of flood control embankments/ protection walls along riverbanks, hilltops, roadsides",WS/MP844/2023-2024/6219,2024-05-08,3706542.0,6.568969042783512,4.699928377134102,0.5546092002274752,3.370013813118888,2.0,1878431.5,1.0986122886681098,1.9732111604814975,-1,-0.024989022590050203,True
Lok Sabha,Punjab,SUKHJINDER SINGH RANDHAWA,GURDASPUR,SANJEEV KUMAR,Payment Success,Installing tube-wells and borewells,WS/MP18154/2025-2026/205313,2025-09-12,1000000.0,6.0000004342942646,4.699928377134102,0.5546092002274752,2.3441227744273503,18.0,238311.11111111112,2.9444389791664403,4.1961954494591565,-1,-0.024974286942041513,True
Lok Sabha,Odisha,DHARMENDRA PRADHAN,SAMBALPUR,EMF,Payment Success,Construction of rainwater harvesting structures,WS/MP18150/2026-2027/272769,2026-08-01,51.0,1.7160033436347992,4.463319681510083,1.1908092186143866,-2.3071003271809007,158.0,190.0126582278481,5.0689042022202315,0.2684031710079275,-1,-0.024941287650656396,True
Lok Sabha,Odisha,Shri Jual Oram,SUNDARGARH (ST),EMF,Payment Success,Construction of community centers and community halls,WS/MP370/2024-2025/145375,2026-04-28,50.0,1.7075701760979363,4.463319681510083,1.1908092186143866,-2.31418220680111,158.0,190.0126582278481,5.0689042022202315,0.2631403637332623,-1,-0.024941287650656396,True
Rajya Sabha,Uttarakhand,Shri Naresh Bansal (2020-26) (2020-2026),,SANDEEP SINGH,Payment Success,"Construction of flood control embankments/ protection walls along riverbanks, hilltops, roadsides",WS/MP850/2025-2026/200411,2025-10-27,2062964.0,6.314491859851092,4.575890061676738,0.7785953606778007,2.2329978907924994,5.0,668401.2,1.791759469228055,3.0864157634666127,-1,-0.02478515357600608,True
Lok Sabha,Uttar Pradesh,PRAVEEN PATEL,PHULPUR,Sunny Enterprises,Payment Success,Lighting of public spaces,WS/MP18233/2025-2026/239999,2025-12-18,5475757.0,6.738444246330651,5.2394868954404945,0.5548947427641531,2.701336371332786,24.0,2594634.0833333335,3.2188758248682006,2.1104158906928716,-1,-0.024780198444833146,True
Lok Sabha,Kerala,Shri Hibi Eden,ERNAKULAM,EXECUTIVE ENGINEER,Payment Success,Improvement of electricity distribution infrastructure,WS/MP352/2025-2026/219822,2025-10-04,500000.0,5.698970872924114,5.501593744247948,0.48467972305758084,0.4072320736485964,106.0,28830.83962264151,4.672828834461906,17.342540368034882,-1,-0.024765776986421018,True
Rajya Sabha,Madhya Pradesh,Shri Vivek K. Tankha (2022-28) (2022-2028),,BRAMHADEV KACHARU BARDE,Payment Success,Construction of community centers and community halls,WS/MP106/2024-2025/145085,2026-04-07,2400.0,3.3803921600570273,5.188665529226982,0.4692888662406491,-3.853220264217137,2.0,1852.5,1.0986122886681098,1.2955465587044535,-1,-0.02472762474342849,True
Lok Sabha,Odisha,Shri Bhartruhari Mahtab,CUTTACK,EMF,Payment Success,Development of playfields and sports grounds,WS/MP372/2025-2026/185719,2026-02-26,58.0,1.7708520116421442,4.463319681510083,1.1908092186143866,-2.261040331045528,158.0,190.0126582278481,5.0689042022202315,0.3052428219305842,-1,-0.024709675602688996,True
Lok Sabha,Odisha,DHARMENDRA PRADHAN,SAMBALPUR,EMF,Payment Success,Construction of community centers and community halls,WS/MP18150/2025-2026/191384,2026-06-18,62.0,1.7993405494535817,4.463319681510083,1.1908092186143866,-2.2371166517809464,158.0,190.0126582278481,5.0689042022202315,0.3262940510292452,-1,-0.02468663515667302,True
Rajya Sabha,Madhya Pradesh,Shri Vivek K. Tankha (2022-28) (2022-2028),,MALTA INDRADEV BARDE,Payment Success,Construction of community centers and community halls,WS/MP106/2024-2025/145085,2026-04-07,1566.0,3.1950689964685903,5.188665529226982,0.4692888662406491,-4.248122374452593,5.0,1513.8,1.791759469228055,1.0344827586206897,-1,-0.02461318347908914,True
Rajya Sabha,Madhya Pradesh,Shri Vivek K. Tankha (2022-28) (2022-2028),,MALTA INDRADEV BARDE,Payment Success,Construction of community centers and community halls,WS/MP106/2024-2025/145085,2026-04-07,1566.0,3.1950689964685903,5.188665529226982,0.4692888662406491,-4.248122374452593,5.0,1513.8,1.791759469228055,1.0344827586206897,-1,-0.02461318347908914,True
Rajya Sabha,Madhya Pradesh,Shri Vivek K. Tankha (2022-28) (2022-2028),,MALTA INDRADEV BARDE,Payment Success,Construction of community centers and community halls,WS/MP106/2024-2025/145085,2026-04-07,1566.0,3.1950689964685903,5.188665529226982,0.4692888662406491,-4.248122374452593,5.0,1513.8,1.791759469228055,1.0344827586206897,-1,-0.02461318347908914,True
Rajya Sabha,Madhya Pradesh,Shri Vivek K. Tankha (2022-28) (2022-2028),,MALTA INDRADEV BARDE,Payment Success,Construction of community centers and community halls,WS/MP106/2024-2025/145085,2026-04-07,1566.0,3.1950689964685903,5.188665529226982,0.4692888662406491,-4.248122374452593,5.0,1513.8,1.791759469228055,1.0344827586206897,-1,-0.02461318347908914,True
Rajya Sabha,Kerala,Shri Abdul Wahab (2021-27) (2021-2027),,Auro Biotechnologies Pvt Ltd,Payment Success,"Purchase of vehicle for mobile dispensaries (Four, three and two wheelers)",WS/MP096/2025-2026/243720,2026-05-21,2000.0,3.3012470886362113,5.501593744247948,0.48467972305758084,-4.5397951491160935,1.0,2000.0,0.6931471805599453,1.0,-1,-0.024430197929330544,True
Rajya Sabha,Nagaland,Smt. S. Phangnon Konyak (2022-28) (2022-2028),,Pangom Konyak,Payment Success,"Construction of flood control embankments/ protection walls along riverbanks, hilltops, roadsides",WS/MP233/2026-2027/297499,2026-07-26,9500000.0,6.977723651004054,5.8633420355944,0.5268381555701809,2.115225717096351,3.0,3833333.3333333335,1.3862943611198906,2.4782608695652173,-1,-0.02436957960810282,True
Lok Sabha,Odisha,ANANTA NAYAK,KEONJHAR(ST),EMF,Payment Success,Construction of community centers and community halls,WS/MP18146/2025-2026/172628,2026-03-24,65.0,1.8195439355418688,4.463319681510083,1.1908092186143866,-2.2201505536247734,158.0,190.0126582278481,5.0689042022202315,0.34208247285324095,-1,-0.0242520171993148,True
Rajya Sabha,Rajasthan,Shri Mukul Wasnik (2022-28) (2022-2028),,HA INFRA GLOBAL PRIVATE LIMITED,Payment Success,Construction of public libraries and reading rooms,WS/MP146/2025-2026/196392,2025-07-09,1875000.0,6.273001503687399,4.465815975724242,0.9043060886805357,1.9984223821825684,15.0,489247.26666666666,2.772588722239781,3.832417936179238,-1,-0.024113282289308757,True
Rajya Sabha,Madhya Pradesh,Smt. Sumitra Balmik (2022-28) (2022-2028),,summi bai,Payment Success,Construction of culverts and bridges,WS/MP107/2023-2024/90552,2024-02-25,2200.0,3.342620042553348,5.188665529226982,0.4692888662406491,-3.933708254069233,2.0,1763.0,1.0986122886681098,1.2478729438457175,-1,-0.02393730508014713,True
Lok Sabha,Uttar Pradesh,UTKARSH VERMA MADHUR,KHERI,Ranjeet Kumar Verma Contractor,Payment Success,Construction of culverts and bridges,WS/MP18226/2024-2025/170172,2025-05-27,4354605.0,6.638948866630329,5.2394868954404945,0.5548947427641531,2.5220314112520765,4.0,1821008.25,1.6094379124341003,2.391315360597625,-1,-0.023886962716240023,True
Lok Sabha,Karnataka,SAGAR ESHWAR KHANDRE,BIDAR,PRAKASH,Payment In-Progress,Construction of buildings for community cultural activities,WS/MP18079/2025-2026/182394,2026-08-06,1875000.0,6.273001503687399,5.330132366384682,0.5548164189387811,1.6994254407722469,6.0,460840.0,1.9459101490553132,4.068657234615051,-1,-0.02385391883814758,True
Rajya Sabha,Andhra Pradesh,Shri V. Vijayendra Prasad (2022-28) (2022-2028),,SRI SAI CIVIL TECH SERVICES,Payment Success,"Construction of rooms and facilities for hospitals, FWC , PHC Centers and ANM centers",WS/MP840/2024-2025/159541,2026-04-27,9400.0,3.973174052682972,5.60773170892532,0.3625772186175567,-4.508164253878467,3.0,1617367.6666666667,1.3862943611198906,0.005811912896325573,-1,-0.023757381965018975,True
Lok Sabha,West Bengal,Sudip Bandyopadhyay,KOLKATA UTTAR,DETECH,Payment Success,Purchase of training equipment,WS/MP867/2025-2026/196279,2026-05-12,3063.0,3.486288760960566,5.595904606090499,0.4383067199146974,-4.813104041709657,4.0,21581.75,1.6094379124341003,0.14192546943598178,-1,-0.023748568428503924,True
Lok Sabha,Jharkhand,Vishnu Dayal Ram,PALAMU(SC),SITA RAM PATEL,Payment Success,Installing community drinking water plants,WS/MP437/2025-2026/206403,2025-09-09,869640.0,5.939340006761322,5.373590915581567,0.2986561582339397,1.8943158397443758,262.0,233105.2251908397,5.572154032177765,3.730675703592826,-1,-0.0237262181233997,True
Lok Sabha,Jharkhand,Vishnu Dayal Ram,PALAMU(SC),SITA RAM PATEL,Payment Success,"Construction of roads, link roads, pathways or any other road with or without drainage system",WS/MP437/2026-2027/276954,2026-05-15,870000.0,5.939519751807391,5.373590915581567,0.2986561582339397,1.894917685851057,262.0,233105.2251908397,5.572154032177765,3.7322200705185575,-1,-0.0237262181233997,True
Rajya Sabha,Kerala,Dr. John Brittas (2021-27) (2021-2027),,SREE GOKULAM HEALTHCARE PVT LTD,Payment Success,Purchase of hospital equipment,WS/MP099/2024-2025/132665,2024-10-04,7152320.0,6.854446997594388,5.501593744247948,0.48467972305758084,2.79123138226626,2.0,3825535.0,1.0986122886681098,1.86962607844393,-1,-0.02361981672519331,True
Lok Sabha,Punjab,DR DHARAMVIRA GANDHI,PATIALA,Jarnail singh,Payment Success,Construction of community centers and community halls,WS/MP18158/2025-2026/199758,2026-04-28,1539.0,3.187520720836463,4.699928377134102,0.5546092002274752,-2.72697902537015,3.0,47113.333333333336,1.3862943611198906,0.032665911985283715,-1,-0.02349789827097981,True
Lok Sabha,Telangana,DR.MALLU RAVI,NAGARKURNOOL(SC),PRAGATHI CONSTRUCITONS,Payment Success,Construction of rooms and halls in school and colleges,WS/MP18192/2025-2026/196895,2025-12-18,4245248.0,6.627903168350182,5.345559125587434,0.33883064020795767,3.7846165328368984,4.0,2254023.25,1.6094379124341003,1.883409144071606,-1,-0.02346317696727307,True
Rajya Sabha,Karnataka,Dr. Dharmasthala Veerendra Heggade (2022-28) (2022-2028),,SHRI NAVKAR METALS LIMITED,Payment Success,Setting up of farmers’ training and assistance centers,WS/MP838/2024-2025/94264,2025-08-14,3600.0,3.556423121371285,5.330132366384682,0.5548164189387811,-3.1969299834457656,384.0,13500.0,5.953243334287785,0.26666666666666666,-1,-0.02344633030609078,True
Rajya Sabha,Karnataka,Dr. Dharmasthala Veerendra Heggade (2022-28) (2022-2028),,SHRI NAVKAR METALS LIMITED,Payment Success,Setting up of farmers’ training and assistance centers,WS/MP838/2024-2025/94330,2025-08-14,3600.0,3.556423121371285,5.330132366384682,0.5548164189387811,-3.1969299834457656,384.0,13500.0,5.953243334287785,0.26666666666666666,-1,-0.02344633030609078,True
Lok Sabha,Assam,GAURAV GOGOI,JORHAT,OM ENTERPRISE,Payment Success,Construction of boundary walls of existing public and community buildings,WS/MP18024/2025-2026/148308,2025-11-15,3920.0,3.5933968423002067,5.2644782788065365,0.4600527957855902,-3.6323688320441057,19.0,66029.63157894737,2.995732273553991,0.05936728566042518,-1,-0.023056662495077096,True
Rajya Sabha,Jharkhand,Shri Pradip Kumar Varma (2024-30) (2024-2030),,SANJEET KUMAR,Payment Success,"Construction of roads, link roads, pathways or any other road with or without drainage system",WS/MP18349/2025-2026/241067,2026-08-19,737470.0,5.867744946972095,5.373590915581567,0.2986561582339397,1.6545918032048506,115.0,145439.4347826087,4.7535901911063645,5.07063301712023,-1,-0.022930065345309836,True
Lok Sabha,West Bengal,Asit Kumar Mal,BOLPUR(SC),MD SADDAM,Payment Success,"Construction of roads, link roads, pathways or any other road with or without drainage system",WS/MP858/2024-2025/139546,2025-01-13,5023131.0,6.700974590884688,5.595904606090499,0.4383067199146974,2.521225284908378,11.0,2095777.3636363635,2.4849066497880004,2.3967865514514446,-1,-0.022777310786912253,True
Rajya Sabha,Uttar Pradesh,Shri Kapil Sibal (2022-28) (2022-2028),,DUDA,Payment Success,"Construction of roads, link roads, pathways or any other road with or without drainage system",WS/MP189/2023-2024/79565,2025-01-03,2490.0,3.3963737275365067,5.2394868954404945,0.5548947427641531,-3.321554568570433,41.0,51810.243902439026,3.7376696182833684,0.04805999378595437,-1,-0.022517676415241494,True
Rajya Sabha,Tamil Nadu,Shri S.R. Sivalingam (2025-31) (2025-2031),,APU Constructions,Payment Success,Construction of boundary walls of existing public and community buildings,WS/MP18437/2026-2027/242262,2026-05-16,11500000.0,7.060697878118348,5.7177282197633845,0.4497060558405531,2.986327715433577,5.0,5799795.6,1.791759469228055,1.9828284983008713,-1,-0.02231413292013318,True
Lok Sabha,Uttar Pradesh,R.K. CHAUDHARY,MOHANLALGANJ(SC),SHREE HARIOM INFOTECH,Payment In-Progress,Lighting of public spaces,WS/MP18230/2025-2026/161482,2026-06-18,1575027.0,6.19728827884778,5.2394868954404945,0.5548947427641531,1.7260956170463841,79.0,392566.7848101266,4.382026634673881,4.0121249706894995,-1,-0.022137268305746582,True
Lok Sabha,West Bengal,Asit Kumar Mal,BOLPUR(SC),BIDYUT BHANDARI,Payment Success,Lighting of public spaces,WS/MP858/2024-2025/176639,2025-05-11,5578935.0,6.746551379333605,5.595904606090499,0.4383067199146974,2.625209062427889,15.0,2474185.8,2.772588722239781,2.254856931116491,-1,-0.022118449271716578,True
Lok Sabha,Odisha,SUKANTA KUMAR PANIGRAHI,KANDHAMAL,Block Development Officer Daspalla,Payment Success,Construction of community centers and community halls,WS/MP18350/2025-2026/178756,2026-03-28,57.0,1.7634279935629373,4.463319681510083,1.1908092186143866,-2.2672747621896243,29.0,4674.9655172413795,3.4011973816621555,0.01219260330151799,-1,-0.021926402712347914,True
Lok Sabha,West Bengal,ADHIKARI SOUMENDU,KANTHI,GLOSIA ENERGY INDIA PRIVATE LIMITED,Payment Success,Lighting of public spaces,WS/MP18252/2025-2026/157219,2026-02-25,3239337.0,6.510456265662642,5.595904606090499,0.4383067199146974,2.0865563269258836,30.0,1197940.7,3.4339872044851463,2.704087940246124,-1,-0.021883149571926386,True
Rajya Sabha,Tamil Nadu,Shri S. Kalyanasundaram (2022-28) (2022-2028),,TAMILNADU CONSTRUCTION LABOUR WELFARE BOARD,Payment Success,"Construction of rooms and facilities for hospitals, FWC , PHC Centers and ANM centers",WS/MP162/2023-2024/65656,2025-02-04,400000.0,5.60206107706281,5.7177282197633845,0.4497060558405531,-0.25720610429490176,24.0,42968.208333333336,3.2188758248682006,9.309208261534447,-1,-0.021851696010704247,True
Lok Sabha,Punjab,MALVINDER SINGH KANG,ANANDPUR SAHIB,Singh Electrical And Repairs Ropar,Payment Success,Construction of buildings for community cultural activities,WS/MP18311/2024-2025/142736,2026-02-16,833.0,2.921166050637739,4.699928377134102,0.5546092002274752,-3.2072355196538327,1.0,833.0,0.6931471805599453,1.0,-1,-0.021784695494424744,True
Rajya Sabha,Uttar Pradesh,Shri B.L. Verma (2020-26) (2020-2026),,shyam swaroop manufacturere,Payment Success,Lighting of public spaces,WS/MP195/2024-2025/144825,2025-01-09,381258.0,5.5812201044314405,5.2394868954404945,0.5548947427641531,0.6158523097347002,1249.0,123135.39760608488,7.1308988302963465,3.096250204345462,-1,-0.021783418234886165,True
Rajya Sabha,Madhya Pradesh,Shri Vivek K. Tankha (2022-28) (2022-2028),,SUKHDEV KACHARU BARDE,Payment Success,Construction of community centers and community halls,WS/MP106/2024-2025/145085,2026-04-07,1600.0,3.2043913319193,5.188665529226982,0.4692888662406491,-4.228257561708603,5.0,2080.0,1.791759469228055,0.7692307692307693,-1,-0.02163772374859474,True
Rajya Sabha,Punjab,Dr. Sandeep Kumar Pathak (2022-28) (2022-2028),,Baba Inder Dass Public Sen Sec School,Payment Success,Construction of rooms and halls in school and colleges,WS/MP235/2025-2026/267406,2026-02-16,524875.0,5.7200567150697985,4.699928377134102,0.5546092002274752,1.839364254176251,21.0,99889.14285714286,3.091042453358316,5.254575071793875,-1,-0.021511202495330672,True
Lok Sabha,Odisha,Shri Bhartruhari Mahtab,CUTTACK,BDO Nischintakoili MPLAD Holding,Payment Success,"Construction of roads, link roads, pathways or any other road with or without drainage system",WS/MP372/2025-2026/185287,2025-09-27,35963.0,4.55586798899327,4.463319681510083,1.1908092186143866,0.0777188369358398,61.0,5645.950819672131,4.127134385045092,6.3696977087888325,-1,-0.02146630552782569,True
Lok Sabha,Odisha,Shri Bhartruhari Mahtab,CUTTACK,BDO Nischintakoili MPLAD Holding,Payment Success,Construction of community centers and community halls,WS/MP372/2025-2026/207880,2026-01-13,36181.0,4.558492569294311,4.463319681510083,1.1908092186143866,0.0799228678250992,61.0,5645.950819672131,4.127134385045092,6.408309451427543,-1,-0.02146630552782569,True
Lok Sabha,Punjab,DR DHARAMVIRA GANDHI,PATIALA,MUNISH TRADING CO,Payment Success,Construction of toilet blocks,WS/MP18158/2025-2026/191115,2025-11-23,1400.0,3.1464381352857744,4.699928377134102,0.5546092002274752,-2.8010538613696943,2.0,4122.5,1.0986122886681098,0.3395997574287447,-1,-0.02144001138207785,True
Rajya Sabha,Tamil Nadu,Shri P. Chidambaram (2022-28) (2022-2028),,D GANESAN ALANGADU,Payment Success,"Construction of rooms and facilities for hospitals, FWC , PHC Centers and ANM centers",WS/MP165/2023-2024/95942,2024-03-28,2552475.0,6.406961667265679,5.7177282197633845,0.4497060558405531,1.5326310120819626,24.0,763431.4166666666,3.2188758248682006,3.3434241036932266,-1,-0.021368367630864027,True
Lok Sabha,Uttar Pradesh,Jai Prakash,HARDOI (SC),BALAJI ENTERPRISES,Payment Success,Lighting of public spaces,WS/MP792/2025-2026/225865,2025-11-18,5222264.0,6.71785890600045,5.2394868954404945,0.5548947427641531,2.66423863234961,11.0,2340413.4545454546,2.4849066497880004,2.2313424962830966,-1,-0.021272368992559576,True
Lok Sabha,Uttar Pradesh,Jai Prakash,HARDOI (SC),BALAJI ENTERPRISES,Payment Success,Lighting of public spaces,WS/MP792/2025-2026/225857,2025-09-30,5223249.0,6.7179408129367655,5.2394868954404945,0.5548947427641531,2.6643862404093066,11.0,2340413.4545454546,2.4849066497880004,2.2317633620912667,-1,-0.021272368992559576,True
Lok Sabha,Madhya Pradesh,SHIVRAJ SINGH CHOUHAN,VIDISHA,SACHIV MP BHAVAN EAVAM ANYA SANIRMAN KARMKAR KALYAN MANDAL BHOPAL,Payment Success,Purchase of furniture and fixtures for educational purposes,WS/MP18375/2025-2026/187700,2026-05-20,2500.0,3.3981136917305026,5.188665529226982,0.4692888662406491,-3.815457741071344,19.0,6865.368421052632,2.995732273553991,0.3641465172260468,-1,-0.021266909831054726,True
Lok Sabha,West Bengal,Shatrughan Sinha,ASANSOL,TECHNO BEST,Payment Success,Street lights,WS/MP827/2025-2026/209067,2026-03-18,6154491.0,6.7891922114993815,5.595904606090499,0.4383067199146974,2.7224944341284996,10.0,2722805.7,2.3978952727983707,2.260348948145657,-1,-0.021184796984723753,True
Lok Sabha,Punjab,DR DHARAMVIRA GANDHI,PATIALA,Wahe Guru Pipe Store,Payment Success,Construction of toilet blocks,WS/MP18158/2025-2026/192642,2025-11-18,1233.0,3.091315159697223,4.699928377134102,0.5546092002274752,-2.9004445234177503,6.0,14822.5,1.9459101490553132,0.08318434811941305,-1,-0.021118965602005102,True
Lok Sabha,Punjab,Shri Amar Singh,FATEHGARH SAHIB(SC),PARVEEN SINGH LAADI HDFC,Payment Success,Providing drains and gutters for public drainage,WS/MP380/2025-2026/193123,2026-08-18,1704.0,3.2317243833285163,4.699928377134102,0.5546092002274752,-2.647276664727876,2.0,20430.0,1.0986122886681098,0.08340675477239354,-1,-0.02111639706581614,True
Lok Sabha,Uttar Pradesh,BABU SINGH KUSHWAHA,JAUNPUR,Advent Infomax Pvt Ltd,Payment Success,Lighting of public spaces,WS/MP18222/2025-2026/192755,2026-03-27,155913.0,5.192885113583722,5.2394868954404945,0.5548947427641531,-0.08398310213686645,304.0,21749.125,5.720311776607412,7.168702189168529,-1,-0.021079417728625316,True
Lok Sabha,Uttar Pradesh,BABU SINGH KUSHWAHA,JAUNPUR,Advent Infomax Pvt Ltd,Payment Success,Lighting of public spaces,WS/MP18222/2025-2026/192756,2026-03-27,155913.0,5.192885113583722,5.2394868954404945,0.5548947427641531,-0.08398310213686645,304.0,21749.125,5.720311776607412,7.168702189168529,-1,-0.021079417728625316,True
Lok Sabha,Uttar Pradesh,BABU SINGH KUSHWAHA,JAUNPUR,Advent Infomax Pvt Ltd,Payment Success,Lighting of public spaces,WS/MP18222/2025-2026/192754,2026-03-27,155913.0,5.192885113583722,5.2394868954404945,0.5548947427641531,-0.08398310213686645,304.0,21749.125,5.720311776607412,7.168702189168529,-1,-0.021079417728625316,True
Lok Sabha,Uttar Pradesh,BABU SINGH KUSHWAHA,JAUNPUR,Advent Infomax Pvt Ltd,Payment Success,Lighting of public spaces,WS/MP18222/2025-2026/192753,2026-03-27,155913.0,5.192885113583722,5.2394868954404945,0.5548947427641531,-0.08398310213686645,304.0,21749.125,5.720311776607412,7.168702189168529,-1,-0.021079417728625316,True
Lok Sabha,Odisha,SUKANTA KUMAR PANIGRAHI,KANDHAMAL,Block Development Officer Daspalla,Payment Success,Construction of community centers and community halls,WS/MP18350/2025-2026/178758,2026-02-03,66.0,1.8260748027008264,4.463319681510083,1.1908092186143866,-2.2146661594356214,29.0,4674.9655172413795,3.4011973816621555,0.014117751191231357,-1,-0.02076382136480104,True
Rajya Sabha,Madhya Pradesh,Smt. Sumitra Balmik (2022-28) (2022-2028),,ANURUDH PRATAP SINGH,Payment Success,Construction of culverts and bridges,WS/MP107/2023-2024/90552,2024-03-22,1800.0,3.2555137128195333,5.188665529226982,0.4692888662406491,-4.119321713070724,3.0,1701.6666666666667,1.3862943611198906,1.0577864838393731,-1,-0.020648612428769364,True
Rajya Sabha,Uttarakhand,Shri Naresh Bansal (2020-26) (2020-2026),,AJAY KUMAR,Payment Success,"Construction of roads, link roads, pathways or any other road with or without drainage system",WS/MP850/2023-2024/87161,2024-11-25,1298707.0,6.113511515781263,4.575890061676738,0.7785953606778007,1.9748659339120127,16.0,292896.4375,2.833213344056216,4.434014326309448,-1,-0.020608621961156537,True
Lok Sabha,Madhya Pradesh,ASHISH DUBEY,JABALPUR,AK ASSOCIATES,Payment Success,"Construction of roads, link roads, pathways or any other road with or without drainage system",WS/MP18105/2025-2026/187033,2026-03-02,1866818.0,6.271102212372302,5.188665529226982,0.4692888662406491,2.3065466943983535,4.0,618872.0,1.6094379124341003,3.0164848304657506,-1,-0.020567206947763483,True
Rajya Sabha,Punjab,Shri Harbhajan Singh (2022-28) (2022-2028),,SHRI KRISHNA BUILDERS,Payment Success,Construction of buildings for sports facilities,WS/MP141/2024-2025/135854,2026-05-25,340560.0,5.53219491240353,4.699928377134102,0.5546092002274752,1.500636006269047,24.0,60548.791666666664,3.2188758248682006,5.624554852801219,-1,-0.020562331449067717,True
Lok Sabha,Bihar,JITAN RAM MANJHI,GAYA (SC),ASSISTANT ENGINEER LAEO BARACHATTI VIDHAN SABHA,Payment In-Progress,"Construction of roads, link roads, pathways or any other road with or without drainage system",WS/MP18033/2026-2027/238605,2026-08-27,1489595.0,6.1730684974314,5.736858468527226,0.41014968640951016,1.0635386137261222,40.0,313415.45,3.713572066704308,4.7527810131887245,-1,-0.020438210276533475,True
Lok Sabha,Arunachal Pradesh,Shri Tapir Gao,ARUNACHAL EAST,THURO TIKHAK,Payment Success,"Construction of flood control embankments/ protection walls along riverbanks, hilltops, roadsides",WS/MP313/2025-2026/231944,2025-11-25,3000.0,3.477265995424853,5.486585851618266,0.5637494066304407,-3.56420748751333,7.0,86500.0,2.0794415416798357,0.03468208092485549,-1,-0.020416454490254754,True
Lok Sabha,Himachal Pradesh,Kangana Ranaut,MANDI,GP Bhadyal,Payment Success,"Construction of roads, link roads, pathways or any other road with or without drainage system",WS/MP18328/2025-2026/195275,2026-08-17,3808.0,3.580810972660946,5.0357558139091765,0.3981897135113444,-3.6538986113381333,4.0,65000.0,1.6094379124341003,0.05858461538461539,-1,-0.02040995942438606,True
Lok Sabha,Andhra Pradesh,B K PARTHASARATHI,HINDUPUR,N Balakrishna,Payment Success,Construction of community centers and community halls,WS/MP18009/2024-2025/154261,2025-08-22,4105940.0,6.613412704518614,5.60773170892532,0.3625772186175567,2.7737015563961243,6.0,1827209.0,1.9459101490553132,2.247110210162056,-1,-0.019957505441744572,True
Lok Sabha,Telangana,KONDA VISHWESHWAR REDDY,CHELVELLA,BALIJA SHEKAR,Payment Success,"Construction of roads, link roads, pathways or any other road with or without drainage system",WS/MP18188/2025-2026/184511,2025-10-01,6248.0,3.795810524667408,5.345559125587434,0.33883064020795767,-4.573814811933379,3.0,83321.33333333333,1.3862943611198906,0.07498679809892625,-1,-0.019914593572146755,True
Lok Sabha,Uttar Pradesh,DEVESH SHAKYA,ETAH,SOMYA CONSTRUCTION,Payment Success,"Construction of roads, link roads, pathways or any other road with or without drainage system",WS/MP18213/2025-2026/248518,2026-04-06,729240.0,5.862871077938499,5.2394868954404945,0.5548947427641531,1.1234278043303825,331.0,148286.2658610272,5.805134968916488,4.917785175624008,-1,-0.019806547768541516,True
Lok Sabha,Tamil Nadu,Sasikanth Senthil,TIRUVALLUR(SC),L G Arasu,Payment Success,Construction of additional rooms and halls in the existing public and community building,WS/MP18186/2025-2026/141737,2025-08-20,2398498.0,6.379939541732676,5.7177282197633845,0.4497060558405531,1.4725425939206913,28.0,666591.4285714285,3.367295829986474,3.5981530772758643,-1,-0.019779153378354897,True
Lok Sabha,Odisha,DHARMENDRA PRADHAN,SAMBALPUR,DMF,Payment Success,Construction of rooms and halls in school and colleges,WS/MP18150/2025-2026/245091,2026-05-20,796.0,2.9014583213961123,4.463319681510083,1.1908092186143866,-1.3115966316849117,6.0,346.0,1.9459101490553132,2.300578034682081,-1,-0.01970614707198537,True
Lok Sabha,Uttar Pradesh,RAM PRASAD CHAUDHARY,BASTI,JAI CONSTRUCTION,Payment Success,"Construction of roads, link roads, pathways or any other road with or without drainage system",WS/MP18208/2025-2026/248436,2026-04-01,2394220.0,6.379164235732322,5.2394868954404945,0.5548947427641531,2.0538622056764098,156.0,846926.5128205129,5.056245805348308,2.826951292416797,-1,-0.01969394281031145,True
Rajya Sabha,Madhya Pradesh,Smt. Sumitra Balmik (2022-28) (2022-2028),,Nidhi Vishwakarma,Payment Success,Construction of culverts and bridges,WS/MP107/2023-2024/90552,2024-02-25,2200.0,3.342620042553348,5.188665529226982,0.4692888662406491,-3.933708254069233,2.0,2000.0,1.0986122886681098,1.1,-1,-0.01964633848986186,True
Lok Sabha,Odisha,ANANTA NAYAK,KEONJHAR(ST),EMF,Payment Success,Construction of community centers and community halls,WS/MP18146/2025-2026/173490,2025-11-12,75.0,1.8808135922807914,4.463319681510083,1.1908092186143866,-2.1686984353667245,158.0,190.0126582278481,5.0689042022202315,0.3947105455998934,-1,-0.019628572019972257,True
Lok Sabha,Uttarakhand,Mala Rajya Laxmi Shah,TEHRI GARHWAL,DPS PUBLISHING HOUSE,Payment Success,Purchase of books and periodicals for libraries/digitization of library books,WS/MP478/2024-2025/156124,2025-05-15,1080000.0,6.033424157611284,4.575890061676738,0.7785953606778007,1.8720045989815564,117.0,263971.905982906,4.770684624465665,4.091344478415584,-1,-0.01959861761163262,True
Rajya Sabha,Odisha,Dr. Sasmit Patra (2022-28) (2022-2028),,MEMBER SECY OB AND OC WWB BBSR,Payment Success,Construction of rooms and halls in school and colleges,WS/MP131/2024-2025/92627,2025-12-11,7051.0,3.8483123036272846,4.463319681510083,1.1908092186143866,-0.5164617205419479,438.0,2330.735159817352,6.0844994130751715,3.025225740599611,-1,-0.019513312868393973,True
Rajya Sabha,Odisha,Dr. Sasmit Patra (2022-28) (2022-2028),,MEMBER SECY OB AND OC WWB BBSR,Payment Success,"Construction of roads, link roads, pathways or any other road with or without drainage system",WS/MP131/2023-2024/75831,2025-04-22,6938.0,3.841296887490282,4.463319681510083,1.1908092186143866,-0.522353022042927,438.0,2330.735159817352,6.0844994130751715,2.9767431837016165,-1,-0.019513312868393973,True
Lok Sabha,Odisha,DHARMENDRA PRADHAN,SAMBALPUR,MEMBER SECY OB AND OC WWB BBSR,Payment In-Progress,Construction of public irrigation facilities,WS/MP18150/2026-2027/272840,2026-08-21,7000.0,3.8451600776519457,4.463319681510083,1.1908092186143866,-0.5191088498436566,438.0,2330.735159817352,6.0844994130751715,3.0033442326191,-1,-0.019513312868393973,True
Lok Sabha,Odisha,DHARMENDRA PRADHAN,SAMBALPUR,MEMBER SECY OB AND OC WWB BBSR,Payment Success,Construction of rooms and halls in school and colleges,WS/MP18150/2025-2026/245091,2026-05-20,7024.0,3.8466463285771173,4.463319681510083,1.1908092186143866,-0.5178607482150002,438.0,2330.735159817352,6.0844994130751715,3.0136414128452227,-1,-0.019513312868393973,True
Lok Sabha,Odisha,Shri Jual Oram,SUNDARGARH (ST),MEMBER SECY OB AND OC WWB BBSR,Payment Success,Construction of community centers and community halls,WS/MP370/2024-2025/145449,2025-05-08,7000.0,3.8451600776519457,4.463319681510083,1.1908092186143866,-0.5191088498436566,438.0,2330.735159817352,6.0844994130751715,3.0033442326191,-1,-0.019513312868393973,True
Lok Sabha,Odisha,Smt Aparajita Sarangi,BHUBANESWAR,MEMBER SECY OB AND OC WWB BBSR,Payment Success,Construction of public libraries and reading rooms,WS/MP300/2025-2026/199515,2026-03-12,7077.0,3.849910558301496,4.463319681510083,1.1908092186143866,-0.5151195620758997,438.0,2330.735159817352,6.0844994130751715,3.0363810191779104,-1,-0.019513312868393973,True
Lok Sabha,Odisha,DHARMENDRA PRADHAN,SAMBALPUR,MEMBER SECY OB AND OC WWB BBSR,Payment In-Progress,Construction of public irrigation facilities,WS/MP18150/2026-2027/272770,2026-08-25,7000.0,3.8451600776519457,4.463319681510083,1.1908092186143866,-0.5191088498436566,438.0,2330.735159817352,6.0844994130751715,3.0033442326191,-1,-0.019513312868393973,True
Lok Sabha,Odisha,Smt Aparajita Sarangi,BHUBANESWAR,MEMBER SECY OB AND OC WWB BBSR,Payment In-Progress,Construction of community centers and community halls,WS/MP300/2025-2026/226393,2026-08-25,7000.0,3.8451600776519457,4.463319681510083,1.1908092186143866,-0.5191088498436566,438.0,2330.735159817352,6.0844994130751715,3.0033442326191,-1,-0.019513312868393973,True
Lok Sabha,Tamil Nadu,ARUN NEHRU,PERAMBALUR,MODERN INDUSTRIES,Payment Success,Construction of rooms and halls in school and colleges,WS/MP18180/2025-2026/178537,2026-03-23,9971.0,3.998782269831736,5.7177282197633845,0.4497060558405531,-3.822376700528833,3.0,1437880.3333333333,1.3862943611198906,0.006934513094622385,-1,-0.019389292872889485,True
Lok Sabha,Himachal Pradesh,RAJEEV BHARDWAJ,KANGRA,EXECUTIVE OFFICER MUNICIPAL COUNCIL NURPUR,Payment Success,"Construction of roads, link roads, pathways or any other road with or without drainage system",WS/MP18069/2025-2026/165533,2025-05-27,900000.0,5.954242991988481,5.0357558139091765,0.3981897135113444,2.306657221202017,5.0,260000.0,1.791759469228055,3.4615384615384617,-1,-0.019379087030234943,True
Rajya Sabha,West Bengal,Ms. Dola Sen (2023-29) (2023-2029),,KHIVRAJ MOTORS,Payment Success,"Purchase of vehicle for mobile dispensaries (Four, three and two wheelers)",WS/MP218/2024-2025/171165,2025-11-04,13587700.0,7.133145981568699,5.595904606090499,0.4383067199146974,3.507227486216447,20.0,7570290.0,3.044522437723423,1.794871794871795,-1,-0.019353784144880648,True
Lok Sabha,Uttar Pradesh,AKHILESH YADAV,KANNAUJ,DIVYANSHU CONSTRUCTION,Payment Success,"Construction of roads, link roads, pathways or any other road with or without drainage system",WS/MP18345/2025-2026/234719,2026-03-11,778800.0,5.89142650049335,5.2394868954404945,0.5548947427641531,1.1748887758519444,181.0,145872.28729281767,5.204006687076795,5.3389167637898955,-1,-0.019242227542324075,True
Rajya Sabha,Punjab,Dr. Sandeep Kumar Pathak (2022-28) (2022-2028),,SAGGU BUILDING MATERIAL,Payment Success,Construction of community centers and community halls,WS/MP235/2026-2027/290362,2026-07-11,500000.0,5.698970872924114,4.699928377134102,0.5546092002274752,1.8013449747682722,10.0,105595.5,2.3978952727983707,4.735050262558537,-1,-0.019200045304579416,True
Lok Sabha,Odisha,Shri Bhartruhari Mahtab,CUTTACK,Bdo Bhapur Mplad,Payment Success,Construction of community centers and community halls,WS/MP372/2025-2026/185708,2025-09-23,72.0,1.863322860120456,4.463319681510083,1.1908092186143866,-2.1833865414771956,10.0,2755.6,2.3978952727983707,0.0261286108288576,-1,-0.019096958766562033,True
Lok Sabha,Odisha,RUDRA NARAYAN PANY,DHENKANAL,EMF,Payment Success,Construction of boundary walls of existing public and community buildings,WS/MP18141/2025-2026/239835,2026-07-17,352.0,2.5477747053878224,4.463319681510083,1.1908092186143866,-1.6086077821526856,158.0,190.0126582278481,5.0689042022202315,1.8525081606821663,-1,-0.019084700567351676,True
Lok Sabha,Telangana,VAMSI KRISHNA GADDAM,PEDDAPALLE,DASARI SADANANDAM,Payment Success,Construction of buildings for community cultural activities,WS/MP18388/2025-2026/184093,2025-11-17,4296915.0,6.633156863785588,5.345559125587434,0.33883064020795767,3.8001219057635685,2.0,2494945.5,1.0986122886681098,1.7222480410894747,-1,-0.019073608091280225,True
Rajya Sabha,Madhya Pradesh,Smt. Sumitra Balmik (2022-28) (2022-2028),,ANURUDH PRATAP SINGH,Payment Success,Development of playfields and sports grounds,WS/MP107/2023-2024/90553,2024-02-25,2200.0,3.342620042553348,5.188665529226982,0.4692888662406491,-3.933708254069233,3.0,1701.6666666666667,1.3862943611198906,1.2928501469147893,-1,-0.018982448643527272,True
Lok Sabha,West Bengal,Asit Kumar Mal,BOLPUR(SC),MD SADDAM,Payment Success,"Construction of roads, link roads, pathways or any other road with or without drainage system",WS/MP858/2025-2026/181123,2025-07-01,4997955.0,6.698792428452832,5.595904606090499,0.4383067199146974,2.516246665296339,11.0,2095777.3636363635,2.4849066497880004,2.384773825082305,-1,-0.018854290977200372,True
Rajya Sabha,Uttar Pradesh,Dr. K. Laxman (2022-28) (2022-2028),,Unnati construction,Payment Success,Construction of community centers and community halls,WS/MP180/2024-2025/140361,2025-01-13,2907471.0,6.463515541008724,5.2394868954404945,0.5548947427641531,2.205875369211199,33.0,1132648.121212121,3.5263605246161616,2.5669675740851665,-1,-0.018742221474683962,True
Rajya Sabha,Madhya Pradesh,Smt. Sumitra Balmik (2022-28) (2022-2028),,Nidhi Vishwakarma,Payment Success,Construction of culverts and bridges,WS/MP107/2023-2024/90552,2024-03-22,1800.0,3.2555137128195333,5.188665529226982,0.4692888662406491,-4.119321713070724,2.0,2000.0,1.0986122886681098,0.9,-1,-0.018738736489169572,True
Lok Sabha,Uttar Pradesh,DEVESH SHAKYA,ETAH,SOMYA CONSTRUCTION,Payment Success,"Construction of roads, link roads, pathways or any other road with or without drainage system",WS/MP18213/2025-2026/248513,2026-04-06,737500.0,5.867762613523675,5.2394868954404945,0.5548947427641531,1.1322430537969916,331.0,148286.2658610272,5.805134968916488,4.973488243956319,-1,-0.018720473007234673,True
Rajya Sabha,Karnataka,Shri Jaggesh (2022-28) (2022-2028),,KRIDL BHUSIRI ACCOUNT WORKS,Payment Success,"Construction of roads, link roads, pathways or any other road with or without drainage system",WS/MP084/2024-2025/133782,2024-11-21,2000000.0,6.301030212811168,5.330132366384682,0.5548164189387811,1.7499443298443838,355.0,701098.1633802817,5.87493073085203,2.852667578470296,-1,-0.01862616691972685,True
Rajya Sabha,Karnataka,Shri Jairam Ramesh (2022-28) (2022-2028),,KRIDL BHUSIRI ACCOUNT WORKS,Payment Success,Construction of community centers and community halls,WS/MP833/2025-2026/16089,2026-06-17,2000000.0,6.301030212811168,5.330132366384682,0.5548164189387811,1.7499443298443838,355.0,701098.1633802817,5.87493073085203,2.852667578470296,-1,-0.01862616691972685,True
Rajya Sabha,Karnataka,Shri Jairam Ramesh (2022-28) (2022-2028),,KRIDL BHUSIRI ACCOUNT WORKS,Payment Success,"Construction of roads, link roads, pathways or any other road with or without drainage system",WS/MP833/2024-2025/74910,2024-08-26,2000000.0,6.301030212811168,5.330132366384682,0.5548164189387811,1.7499443298443838,355.0,701098.1633802817,5.87493073085203,2.852667578470296,-1,-0.01862616691972685,True
Rajya Sabha,Madhya Pradesh,Shri Vivek K. Tankha (2022-28) (2022-2028),,REKHA PARASRAM SATPUTE,Payment Success,Construction of boundary walls of existing public and community buildings,WS/MP106/2023-2024/26208,2024-10-23,1800.0,3.2555137128195333,5.188665529226982,0.4692888662406491,-4.119321713070724,5.0,1800.0,1.791759469228055,1.0,-1,-0.01844681254850533,True
Rajya Sabha,Madhya Pradesh,Shri Vivek K. Tankha (2022-28) (2022-2028),,NIRMALA LAXMAN SATPUTE,Payment Success,Construction of boundary walls of existing public and community buildings,WS/MP106/2023-2024/26208,2024-10-23,1800.0,3.2555137128195333,5.188665529226982,0.4692888662406491,-4.119321713070724,5.0,1800.0,1.791759469228055,1.0,-1,-0.01844681254850533,True
Rajya Sabha,Madhya Pradesh,Shri Vivek K. Tankha (2022-28) (2022-2028),,NIRMALA LAXMAN SATPUTE,Payment Success,Construction of boundary walls of existing public and community buildings,WS/MP106/2023-2024/26208,2024-10-23,1800.0,3.2555137128195333,5.188665529226982,0.4692888662406491,-4.119321713070724,5.0,1800.0,1.791759469228055,1.0,-1,-0.01844681254850533,True
Rajya Sabha,Madhya Pradesh,Shri Vivek K. Tankha (2022-28) (2022-2028),,NIRMALA LAXMAN SATPUTE,Payment Success,Construction of boundary walls of existing public and community buildings,WS/MP106/2023-2024/26208,2024-10-23,1800.0,3.2555137128195333,5.188665529226982,0.4692888662406491,-4.119321713070724,5.0,1800.0,1.791759469228055,1.0,-1,-0.01844681254850533,True
Rajya Sabha,Madhya Pradesh,Shri Vivek K. Tankha (2022-28) (2022-2028),,NIRMALA LAXMAN SATPUTE,Payment Success,Construction of boundary walls of existing public and community buildings,WS/MP106/2023-2024/26208,2024-10-16,1800.0,3.2555137128195333,5.188665529226982,0.4692888662406491,-4.119321713070724,5.0,1800.0,1.791759469228055,1.0,-1,-0.01844681254850533,True
Rajya Sabha,Madhya Pradesh,Shri Vivek K. Tankha (2022-28) (2022-2028),,REKHA PARASRAM SATPUTE,Payment Success,Construction of boundary walls of existing public and community buildings,WS/MP106/2023-2024/26208,2024-10-16,1800.0,3.2555137128195333,5.188665529226982,0.4692888662406491,-4.119321713070724,5.0,1800.0,1.791759469228055,1.0,-1,-0.01844681254850533,True
Rajya Sabha,Madhya Pradesh,Shri Vivek K. Tankha (2022-28) (2022-2028),,REKHA PARASRAM SATPUTE,Payment Success,Construction of boundary walls of existing public and community buildings,WS/MP106/2023-2024/26208,2024-10-23,1800.0,3.2555137128195333,5.188665529226982,0.4692888662406491,-4.119321713070724,5.0,1800.0,1.791759469228055,1.0,-1,-0.01844681254850533,True
Rajya Sabha,Madhya Pradesh,Shri Vivek K. Tankha (2022-28) (2022-2028),,REKHA PARASRAM SATPUTE,Payment Success,Construction of boundary walls of existing public and community buildings,WS/MP106/2023-2024/26208,2024-10-23,1800.0,3.2555137128195333,5.188665529226982,0.4692888662406491,-4.119321713070724,5.0,1800.0,1.791759469228055,1.0,-1,-0.01844681254850533,True
Rajya Sabha,Madhya Pradesh,Shri Vivek K. Tankha (2022-28) (2022-2028),,NIRMALA LAXMAN SATPUTE,Payment Success,Construction of boundary walls of existing public and community buildings,WS/MP106/2023-2024/26208,2024-10-16,1800.0,3.2555137128195333,5.188665529226982,0.4692888662406491,-4.119321713070724,5.0,1800.0,1.791759469228055,1.0,-1,-0.01844681254850533,True
Rajya Sabha,Madhya Pradesh,Shri Vivek K. Tankha (2022-28) (2022-2028),,REKHA PARASRAM SATPUTE,Payment Success,Construction of boundary walls of existing public and community buildings,WS/MP106/2023-2024/26208,2024-10-16,1800.0,3.2555137128195333,5.188665529226982,0.4692888662406491,-4.119321713070724,5.0,1800.0,1.791759469228055,1.0,-1,-0.01844681254850533,True
Lok Sabha,Delhi,Yogendra Chandoliya,NORTH WEST DELHI(SC),MASTER ELECTRIC STORE,Payment Success,Lighting of public spaces,WS/MP18398/2025-2026/250458,2026-08-17,3731085.0,6.571835259465647,5.649264549534103,0.3569187115608803,2.5848202407123715,4.0,1622186.25,1.6094379124341003,2.3000349065959598,-1,-0.018342676166735683,True
Lok Sabha,Uttar Pradesh,RAKESH RATHOR,SITAPUR,EE EDD BISWAN,Payment Success,Lighting of public spaces,WS/MP18241/2025-2026/174147,2026-05-16,155230.0,5.190978455224618,5.2394868954404945,0.5548947427641531,-0.08741917426399863,27.0,19684.51851851852,3.332204510175204,7.885892654878246,-1,-0.018318143111677676,True
Lok Sabha,Uttar Pradesh,DEVESH SHAKYA,ETAH,SOMYA CONSTRUCTION,Payment Success,"Construction of roads, link roads, pathways or any other road with or without drainage system",WS/MP18213/2025-2026/258556,2026-03-23,719800.0,5.857212445670852,5.2394868954404945,0.5548947427641531,1.113230136499796,331.0,148286.2658610272,5.805134968916488,4.8541245261013675,-1,-0.018309786045104137,True
Lok Sabha,Uttar Pradesh,DEVESH SHAKYA,ETAH,SOMYA CONSTRUCTION,Payment Success,"Construction of roads, link roads, pathways or any other road with or without drainage system",WS/MP18213/2025-2026/248516,2026-03-23,725700.0,5.860757721530189,5.2394868954404945,0.5548947427641531,1.119619232640222,331.0,148286.2658610272,5.805134968916488,4.893912432053018,-1,-0.018309786045104137,True
Lok Sabha,West Bengal,Shri Deepak (Dev) Adhikari,GHATAL,DREAM CONSTRUCTION,Payment Success,Lighting of public spaces,WS/MP249/2025-2026/186406,2025-07-04,2399935.0,6.380199660371003,5.595904606090499,0.4383067199146974,1.7893749254703262,5.0,759982.2,1.791759469228055,3.1578831714742797,-1,-0.0182465445244564,True
Lok Sabha,Odisha,Shri Jual Oram,SUNDARGARH (ST),MEMBER SECY OB AND OC WWB BBSR,Payment Success,Construction of community centers and community halls,WS/MP370/2024-2025/145534,2025-12-29,300.0,2.4785664955938436,4.463319681510083,1.1908092186143866,-1.6667264200605352,438.0,2330.735159817352,6.0844994130751715,0.12871475282653286,-1,-0.018107475522959215,True
Lok Sabha,Punjab,Shri Amar Singh,FATEHGARH SAHIB(SC),SONU ELECTRICALS,Payment Success,Construction of rooms and halls in school and colleges,WS/MP380/2025-2026/199112,2026-01-12,1000.0,3.000434077479319,4.699928377134102,0.5546092002274752,-3.0643096056786083,1.0,1000.0,0.6931471805599453,1.0,-1,-0.018027603334520026,True
Lok Sabha,West Bengal,Asit Kumar Mal,BOLPUR(SC),BIDYUT BHANDARI,Payment Success,Lighting of public spaces,WS/MP858/2025-2026/229124,2025-11-11,5499446.0,6.740319020962781,5.595904606090499,0.4383067199146974,2.6109898910402443,15.0,2474185.8,2.772588722239781,2.2227295945195387,-1,-0.017873400855998645,True
Lok Sabha,Andhra Pradesh,Maddila Gurumoorthy,TIRUPATI(SC),AAO ERO Srikalahasti,Payment Success,Installing community drinking water plants,WS/MP529/2024-2025/148900,2025-10-23,2400.0,3.3803921600570273,5.60773170892532,0.3625772186175567,-6.143076383454942,1.0,2400.0,0.6931471805599453,1.0,-1,-0.017777900228351684,True
Rajya Sabha,Madhya Pradesh,Shri Vivek K. Tankha (2022-28) (2022-2028),,TRATIYA RAJYA AYOG GRAM PANCHAYAT BARGAON,Payment Success,"Construction of roads, link roads, pathways or any other road with or without drainage system",WS/MP106/2023-2024/16088,2025-12-10,3535.0,3.5485122563410356,5.188665529226982,0.4692888662406491,-3.49497588984965,16.0,62500.0,2.833213344056216,0.05656,-1,-0.017769198279499743,True
Rajya Sabha,Punjab,Dr. Sandeep Kumar Pathak (2022-28) (2022-2028),,Punjab Police Housing Corporation Limited,Payment Success,Providing CCTV camera system for security of public areas,WS/MP235/2025-2026/205908,2025-09-29,15070157.0,7.17811780561048,4.699928377134102,0.5546092002274752,4.4683525398784205,2.0,9761644.5,1.0986122886681098,1.5438133400576102,-1,-0.01775359680793498,True
Lok Sabha,Manipur,ANGOMCHA BIMOL AKOIJAM,INNER MANIPUR,Murphy Thumrah,Payment Success,Construction of community centers and community halls,WS/MP18371/2025-2026/237932,2025-10-20,4050000.0,6.60745513044786,5.931047171769868,0.4101736976150395,1.6490768730685939,56.0,1456708.0892857143,4.04305126783455,2.7802413055768,-1,-0.017726942848608318,True
Lok Sabha,Uttar Pradesh,Jai Prakash,HARDOI (SC),R S ENTERPRISES,Payment Success,Lighting of public spaces,WS/MP792/2024-2025/136732,2024-12-03,3563130.0,6.551831789662629,5.2394868954404945,0.5548947427641531,2.3650339300113354,13.0,1424725.0,2.6390573296152584,2.5009247398620786,-1,-0.017672884730086547,True
Lok Sabha,Uttar Pradesh,Jai Prakash,HARDOI (SC),R S ENTERPRISES,Payment Success,Lighting of public spaces,WS/MP792/2024-2025/136735,2024-11-08,3563131.0,6.551831911548246,5.2394868954404945,0.5548947427641531,2.3650341496667187,13.0,1424725.0,2.6390573296152584,2.500925441751917,-1,-0.017672884730086547,True
Lok Sabha,Punjab,Smt Harsimrat Kaur Badal,BHATINDA,Lovely Singh,Payment Success,Construction of rooms and halls in school and colleges,WS/MP716/2025-2026/203949,2025-11-11,1500.0,3.1763806922432702,4.699928377134102,0.5546092002274752,-2.7470652925806895,2.0,5105.0,1.0986122886681098,0.2938295788442703,-1,-0.01767212228405257,True
Lok Sabha,Punjab,Smt Harsimrat Kaur Badal,BHATINDA,Modran Agro Machinery Store,Payment Success,Installing community drinking water plants,WS/MP716/2024-2025/142670,2025-08-08,1780.0,3.2506639194632436,4.699928377134102,0.5546092002274752,-2.6131273283537966,2.0,25545.0,1.0986122886681098,0.06968095517713839,-1,-0.017617215094055894,True
Rajya Sabha,Odisha,Dr. Sasmit Patra (2022-28) (2022-2028),,EMF,Payment Success,Construction of community centers and community halls,WS/MP131/2024-2025/162167,2025-10-08,347.0,2.5415792439465807,4.463319681510083,1.1908092186143866,-1.613810514332111,158.0,190.0126582278481,5.0689042022202315,1.8261941243088402,-1,-0.017543709991386214,True
Lok Sabha,Odisha,RUDRA NARAYAN PANY,DHENKANAL,EMF,Payment Success,Construction of community centers and community halls,WS/MP18141/2025-2026/242339,2026-05-29,347.0,2.5415792439465807,4.463319681510083,1.1908092186143866,-1.613810514332111,158.0,190.0126582278481,5.0689042022202315,1.8261941243088402,-1,-0.017543709991386214,True
Lok Sabha,Punjab,SARABJEET SINGH KHALSA,FARIDKOT(SC),MODERN METAL CRAFTS,Payment Success,Installation of multi-gym equipment,WS/MP18152/2024-2025/176303,2025-08-26,993982.0,5.997378956762175,4.699928377134102,0.5546092002274752,2.339396063202555,31.0,273192.96774193546,3.4657359027997265,3.638387943202619,-1,-0.017454205102104603,True
Lok Sabha,Kerala,Adv Dean Kuriakose,IDUKKI,CODS CONSTRUCTIONS,Payment Success,Construction of rooms and halls in school and colleges,WS/MP353/2025-2026/183379,2025-12-02,7450495.0,6.872185185888245,5.501593744247948,0.48467972305758084,2.827829134245561,2.0,4139297.0,1.0986122886681098,1.7999421157747317,-1,-0.017451340062397014,True
Lok Sabha,Madhya Pradesh,DR. LATA WANKHEDE,SAGAR,KSB SOLUTIONS,Payment Success,Lighting of public spaces,WS/MP18108/2025-2026/256421,2026-04-07,1406864.0,6.148252425389284,5.188665529226982,0.4692888662406491,2.044768084632613,12.0,382146.25,2.5649493574615367,3.6814805849854606,-1,-0.01736584126487073,True
Lok Sabha,Kerala,K. C VENUGOPAL,ALAPPUZHA,Multiline Ventures,Payment Success,Lighting of public spaces,WS/MP18095/2025-2026/246562,2026-03-18,1818969.0,6.259825536368653,5.501593744247948,0.48467972305758084,1.564397592986627,30.0,463829.9,3.4339872044851463,3.9216294594203607,-1,-0.017311415696583676,True
Lok Sabha,Odisha,ANANTA NAYAK,KEONJHAR(ST),MEMBER SECY OB AND OC WWB BBSR,Payment Success,Construction of community centers and community halls,WS/MP18146/2025-2026/174012,2025-10-31,7086.0,3.8504624327615167,4.463319681510083,1.1908092186143866,-0.5146561171752441,438.0,2330.735159817352,6.0844994130751715,3.040242461762706,-1,-0.017306026098064642,True
Lok Sabha,Punjab,DR DHARAMVIRA GANDHI,PATIALA,Vinod Raut so Munna Raut,Payment Success,Construction of veterinary hospitals and dispensaries,WS/MP18158/2025-2026/203150,2026-07-09,1200.0,3.079543007402906,4.699928377134102,0.5546092002274752,-2.9216705548097437,5.0,6640.0,1.791759469228055,0.18072289156626506,-1,-0.017291260271878328,True
Lok Sabha,West Bengal,Shatrughan Sinha,ASANSOL,Shyam Solar Trading,Payment Success,Street lights,WS/MP827/2025-2026/209066,2026-02-20,5388159.0,6.731440483503323,5.595904606090499,0.4383067199146974,2.5907334426308144,6.0,2606641.0,1.9459101490553132,2.067089023766602,-1,-0.017267084527386678,True
Lok Sabha,Odisha,ANANTA NAYAK,KEONJHAR(ST),EMF,Payment Success,Crematoriums/energy efficient crematoriums or structures on burial/cremation ground,WS/MP18146/2025-2026/165987,2026-03-21,77.0,1.8920946026904804,4.463319681510083,1.1908092186143866,-2.159225036745562,158.0,190.0126582278481,5.0689042022202315,0.40523616014922387,-1,-0.017159122898714352,True
Lok Sabha,Karnataka,Shri B Y Raghavendra,SHIMOGA,Nirmithi Kendra Shivamogga,Payment Success,Construction of buildings for crèches and anganwadies,WS/MP337/2025-2026/160003,2026-05-20,4500.0,3.653309012938479,5.330132366384682,0.5548164189387811,-3.0223030469313215,128.0,258214.703125,4.859812404361672,0.01742735772029829,-1,-0.01708204419012893,True
Lok Sabha,Odisha,SUKANTA KUMAR PANIGRAHI,KANDHAMAL,DMF FUND NAYAGARH,Payment Success,Installing community drinking water plants,WS/MP18350/2025-2026/178804,2026-04-22,40.0,1.6127838567197355,4.463319681510083,1.1908092186143866,-2.3937804479773863,42.0,215.14285714285714,3.7612001156935624,0.18592297476759628,-1,-0.016994274237515317,True
Lok Sabha,Assam,AMARSING TISSO,Diphu (ST),Sarmindar Terang,Payment Success,Installing tube-wells and borewells,WS/MP18019/2025-2026/173478,2025-12-11,4481.0,3.6514718521990424,5.2644782788065365,0.4600527957855902,-3.5061332990121494,20.0,267519.2,3.044522437723423,0.016750199611840943,-1,-0.01691942471319552,True
Rajya Sabha,Madhya Pradesh,Shri Vivek K. Tankha (2022-28) (2022-2028),,SUKHDEV KACHARU BARDE,Payment Success,Construction of community centers and community halls,WS/MP106/2024-2025/145085,2026-04-07,2400.0,3.3803921600570273,5.188665529226982,0.4692888662406491,-3.853220264217137,5.0,2080.0,1.791759469228055,1.1538461538461537,-1,-0.01685909480064085,True
Rajya Sabha,Madhya Pradesh,Shri Vivek K. Tankha (2022-28) (2022-2028),,SUKHDEV KACHARU BARDE,Payment Success,Construction of community centers and community halls,WS/MP106/2024-2025/145085,2026-04-07,2400.0,3.3803921600570273,5.188665529226982,0.4692888662406491,-3.853220264217137,5.0,2080.0,1.791759469228055,1.1538461538461537,-1,-0.01685909480064085,True
Lok Sabha,Madhya Pradesh,ALOK SHARMA,BHOPAL,GRAM PANCHYAT Hirankhedi,Payment Success,"Construction of roads, link roads, pathways or any other road with or without drainage system",WS/MP18099/2026-2027/286579,2026-07-06,1750000.0,6.243038296854499,5.188665529226982,0.4692888662406491,2.2467457540039732,5.0,597500.0,1.791759469228055,2.928870292887029,-1,-0.01682655025370139,True
Rajya Sabha,Odisha,Smt. Sulata Deo (2022-28) (2022-2028),,MEMBER SECY OB AND OC WWB BBSR,Payment Success,Street lights,WS/MP138/2025-2026/170327,2026-04-18,7500.0,3.8751191654625683,4.463319681510083,1.1908092186143866,-0.4939502540398025,438.0,2330.735159817352,6.0844994130751715,3.2178688206633215,-1,-0.01678137486126785,True
Rajya Sabha,Uttar Pradesh,Shri Naveen Jain (2024-30) (2024-2030),,SAI ENTERPRISES,Payment Success,Construction of community centers and community halls,WS/MP18347/2025-2026/254179,2026-04-17,2166774.0,6.335813816104438,5.2394868954404945,0.5548947427641531,1.9757385251168536,188.0,747351.1808510638,5.241747015059643,2.8992715279214987,-1,-0.01675371894188671,True
Rajya Sabha,Kerala,Smt. Jebi Mather Hisham (2022-28) (2022-2028),,MUHAMMED BASHEER K,Payment Success,Lighting of public spaces,WS/MP102/2025-2026/174968,2025-10-21,1812.0,3.258397804095509,5.501593744247948,0.48467972305758084,-4.628202570558009,3.0,1812.0,1.3862943611198906,1.0,-1,-0.01673030748688742,True
Rajya Sabha,Kerala,Smt. Jebi Mather Hisham (2022-28) (2022-2028),,MUHAMMED BASHEER K,Payment Success,Lighting of public spaces,WS/MP102/2025-2026/174969,2025-10-10,1812.0,3.258397804095509,5.501593744247948,0.48467972305758084,-4.628202570558009,3.0,1812.0,1.3862943611198906,1.0,-1,-0.01673030748688742,True
Rajya Sabha,Kerala,Smt. Jebi Mather Hisham (2022-28) (2022-2028),,MUHAMMED BASHEER K,Payment Success,Lighting of public spaces,WS/MP102/2024-2025/143508,2026-01-28,1812.0,3.258397804095509,5.501593744247948,0.48467972305758084,-4.628202570558009,3.0,1812.0,1.3862943611198906,1.0,-1,-0.01673030748688742,True
Lok Sabha,Maharashtra,AASHTIKAR PATIL NAGESH BAPURAO,HINGOLI,SAIBABA STONE CRUSHER AND CONSTRUCTION,Payment Success,Construction of culverts and bridges,WS/MP18120/2025-2026/174636,2026-02-10,7938332.0,6.899729312891773,5.831568883890033,0.3608432492891356,2.9601785016236972,5.0,4132422.6,1.791759469228055,1.9209874614469489,-1,-0.01664652460021876,True
Lok Sabha,Telangana,Asaduddin Owaisi,HYDERABAD,A F Construction op by Ismail,Payment Success,Providing supply pipelines for drinking water,WS/MP762/2025-2026/200884,2025-11-28,5656600.0,6.752555545965159,5.345559125587434,0.33883064020795767,4.152506454298759,3.0,3421281.6666666665,1.3862943611198906,1.653357002176085,-1,-0.016560520080357022,True
Rajya Sabha,Puducherry,Shri S. Selvaganabathy (2021-27) (2021-2027),,Defy Systems,Payment In-Progress,"Purchase of IT systems, including hardware and software for educational purposes",WS/MP139/2026-2027/229075,2026-08-17,1785250.0,6.251699285014898,5.720717139313817,0.6892148726028954,0.7704159715761343,6.0,399937.6666666667,1.9459101490553132,4.463820612045377,-1,-0.016506487600918773,True
Rajya Sabha,Madhya Pradesh,Smt. Sumitra Balmik (2022-28) (2022-2028),,Prakash Yadav,Payment Success,Development of playfields and sports grounds,WS/MP107/2023-2024/90553,2024-02-25,2200.0,3.342620042553348,5.188665529226982,0.4692888662406491,-3.933708254069233,1.0,2200.0,0.6931471805599453,1.0,-1,-0.01645601657600737,True
Rajya Sabha,Madhya Pradesh,Smt. Sumitra Balmik (2022-28) (2022-2028),,Santa choudhary,Payment Success,Construction of culverts and bridges,WS/MP107/2023-2024/90552,2024-02-25,2200.0,3.342620042553348,5.188665529226982,0.4692888662406491,-3.933708254069233,1.0,2200.0,0.6931471805599453,1.0,-1,-0.01645601657600737,True
Rajya Sabha,Madhya Pradesh,Shri Vivek K. Tankha (2022-28) (2022-2028),,Durga Dhurve,Payment Success,"Construction of roads, link roads, pathways or any other road with or without drainage system",WS/MP106/2023-2024/26206,2026-03-02,2240.0,3.350441856535061,5.188665529226982,0.4692888662406491,-3.9170408780788937,1.0,2240.0,0.6931471805599453,1.0,-1,-0.01645601657600737,True
Rajya Sabha,Madhya Pradesh,Smt. Sumitra Balmik (2022-28) (2022-2028),,Summi Bai Adiwashi,Payment Success,Construction of culverts and bridges,WS/MP107/2023-2024/90552,2024-02-25,2200.0,3.342620042553348,5.188665529226982,0.4692888662406491,-3.933708254069233,1.0,2200.0,0.6931471805599453,1.0,-1,-0.01645601657600737,True
Rajya Sabha,Madhya Pradesh,Smt. Sumitra Balmik (2022-28) (2022-2028),,Kallu Bai Adiwashi,Payment Success,Construction of culverts and bridges,WS/MP107/2023-2024/90552,2024-02-25,2200.0,3.342620042553348,5.188665529226982,0.4692888662406491,-3.933708254069233,1.0,2200.0,0.6931471805599453,1.0,-1,-0.01645601657600737,True
Rajya Sabha,Madhya Pradesh,Smt. Sumitra Balmik (2022-28) (2022-2028),,surjeet singh,Payment Success,Development of playfields and sports grounds,WS/MP107/2023-2024/90553,2024-02-25,2200.0,3.342620042553348,5.188665529226982,0.4692888662406491,-3.933708254069233,1.0,2200.0,0.6931471805599453,1.0,-1,-0.01645601657600737,True
Rajya Sabha,Madhya Pradesh,Smt. Sumitra Balmik (2022-28) (2022-2028),,Poona Bai,Payment Success,Construction of culverts and bridges,WS/MP107/2023-2024/90552,2024-02-26,2200.0,3.342620042553348,5.188665529226982,0.4692888662406491,-3.933708254069233,1.0,2200.0,0.6931471805599453,1.0,-1,-0.01645601657600737,True
Rajya Sabha,Madhya Pradesh,Smt. Sumitra Balmik (2022-28) (2022-2028),,PREM LAL YADAV,Payment Success,Development of playfields and sports grounds,WS/MP107/2023-2024/90553,2024-02-25,2200.0,3.342620042553348,5.188665529226982,0.4692888662406491,-3.933708254069233,1.0,2200.0,0.6931471805599453,1.0,-1,-0.01645601657600737,True
Rajya Sabha,Madhya Pradesh,Smt. Sumitra Balmik (2022-28) (2022-2028),,karan barman,Payment Success,Development of playfields and sports grounds,WS/MP107/2023-2024/90553,2024-02-25,2200.0,3.342620042553348,5.188665529226982,0.4692888662406491,-3.933708254069233,1.0,2200.0,0.6931471805599453,1.0,-1,-0.01645601657600737,True
Rajya Sabha,Madhya Pradesh,Smt. Sumitra Balmik (2022-28) (2022-2028),,Sone lal Adiwasi,Payment Success,Development of playfields and sports grounds,WS/MP107/2023-2024/90553,2024-02-25,2200.0,3.342620042553348,5.188665529226982,0.4692888662406491,-3.933708254069233,1.0,2200.0,0.6931471805599453,1.0,-1,-0.01645601657600737,True
Lok Sabha,Odisha,ANANTA NAYAK,KEONJHAR(ST),EMF,Payment Success,"Construction of roads, link roads, pathways or any other road with or without drainage system",WS/MP18146/2025-2026/173455,2025-11-28,341.0,2.534026106056135,4.463319681510083,1.1908092186143866,-1.6201533757849595,158.0,190.0126582278481,5.0689042022202315,1.7946172806608487,-1,-0.016389028901203195,True
Lok Sabha,Odisha,ANANTA NAYAK,KEONJHAR(ST),EMF,Payment Success,"Construction of roads, link roads, pathways or any other road with or without drainage system",WS/MP18146/2025-2026/174006,2025-11-03,339.0,2.531478917042255,4.463319681510083,1.1908092186143866,-1.6222924161736827,158.0,190.0126582278481,5.0689042022202315,1.7840916661115183,-1,-0.016389028901203195,True
Rajya Sabha,Uttar Pradesh,Shri Ramji (2020-26) (2020-2026),,SHRI SAI ELECTRICAL SUPPLIERS CONTRACTOR,Payment Success,Lighting of public spaces,WS/MP198/2025-2026/176271,2025-05-09,3395993.0,6.530966914266499,5.2394868954404945,0.5548947427641531,2.3274324287028296,48.0,1481119.1666666667,3.8918202981106265,2.2928560216007825,-1,-0.016285058039514855,True
Rajya Sabha,Uttar Pradesh,Shri Ramji (2020-26) (2020-2026),,SHRI SAI ELECTRICAL SUPPLIERS CONTRACTOR,Payment Success,Lighting of public spaces,WS/MP198/2024-2025/135729,2024-10-22,3396000.0,6.530967809456019,5.2394868954404945,0.5548947427641531,2.3274340419628787,48.0,1481119.1666666667,3.8918202981106265,2.292860747756623,-1,-0.016285058039514855,True
Lok Sabha,Uttar Pradesh,UJJWAL RAMAN SINGH,ALLAHABAD,MS VIDYARTHI CONSTRUCTION,Payment Success,Lighting of public spaces,WS/MP18198/2025-2026/210408,2025-10-04,3525749.0,6.547251514579953,5.2394868954404945,0.5548947427641531,2.356779616661998,13.0,1412277.1538461538,2.6390573296152584,2.4964993524097445,-1,-0.016229567739882156,True
Lok Sabha,Odisha,ANANTA NAYAK,KEONJHAR(ST),EMF,Payment Success,Construction of buildings for community cultural activities,WS/MP18146/2025-2026/250957,2026-05-19,335.0,2.526339277389844,4.463319681510083,1.1908092186143866,-1.6266085060830229,158.0,190.0126582278481,5.0689042022202315,1.7630404370128572,-1,-0.016100683999118015,True
Lok Sabha,Odisha,Smt Aparajita Sarangi,BHUBANESWAR,CDO Zilla Parishad DMF,Payment Success,Construction of public libraries and reading rooms,WS/MP300/2026-2027/199513,2026-05-19,872.0,2.9410142437055695,4.463319681510083,1.1908092186143866,-1.2783789493801978,32.0,388.8125,3.4965075614664802,2.242726249799068,-1,-0.016096624003789306,True
Lok Sabha,Punjab,Smt Harsimrat Kaur Badal,BHATINDA,SHIVA JI BKO,Payment Success,"Construction of roads, link roads, pathways or any other road with or without drainage system",WS/MP716/2025-2026/188927,2025-06-18,1326.0,3.1228709228644354,4.699928377134102,0.5546092002274752,-2.8435472286122008,26.0,25386.23076923077,3.295836866004329,0.05223303971565446,-1,-0.01605053948766144,True
Lok Sabha,Punjab,DR. RAJ KUMAR CHABBEWAL,HOSHIARPUR(SC),Jhalman Dass Massean,Payment Success,Construction of community centers and community halls,WS/MP18155/2025-2026/193831,2025-07-23,1200.0,3.079543007402906,4.699928377134102,0.5546092002274752,-2.9216705548097437,2.0,2350.0,1.0986122886681098,0.5106382978723404,-1,-0.016044418086654466,True
Lok Sabha,Punjab,MALVINDER SINGH KANG,ANANDPUR SAHIB,RAKESH KUMAR,Payment Success,Construction of community centers and community halls,WS/MP18311/2025-2026/199345,2025-12-31,605311.0,5.781979283663294,4.699928377134102,0.5546092002274752,1.9510150680612317,7.0,134107.42857142858,2.0794415416798357,4.513627667371148,-1,-0.015952140982702145,True
Lok Sabha,Punjab,Smt Harsimrat Kaur Badal,BHATINDA,PUNJAB CEMENT STORE,Payment Success,"Construction of roads, link roads, pathways or any other road with or without drainage system",WS/MP716/2025-2026/212397,2025-11-12,1360.0,3.133858125203335,4.699928377134102,0.5546092002274752,-2.8237365180534995,11.0,23899.545454545456,2.4849066497880004,0.05690484794309515,-1,-0.01594597362469985,True
Lok Sabha,Punjab,DR. RAJ KUMAR CHABBEWAL,HOSHIARPUR(SC),Surinder Cement Store,Payment Success,Construction of community centers and community halls,WS/MP18155/2025-2026/257077,2026-04-03,470531.0,5.672589164321918,4.699928377134102,0.5546092002274752,1.7537768698912242,7.0,98530.57142857143,2.0794415416798357,4.775482301359694,-1,-0.01574001552732951,True
Lok Sabha,Odisha,Shri Jual Oram,SUNDARGARH (ST),MEMBER SECY OB AND OC WWB BBSR,Payment Success,Construction of community centers and community halls,WS/MP370/2024-2025/145534,2025-07-10,6700.0,3.826139617935915,4.463319681510083,1.1908092186143866,-0.5350815677389403,438.0,2330.735159817352,6.0844994130751715,2.874629479792567,-1,-0.015715398773033074,True
Lok Sabha,Karnataka,YADUVEER KRISHNADATTA CHAMARAJA WADIYAR,MYSORE,Mysore Nirmithi Kendra,Payment Success,Construction of community centers and community halls,WS/MP18091/2026-2027/232660,2026-05-19,1500000.0,6.176091548585239,5.330132366384682,0.5548164189387811,1.5247551321906738,171.0,394225.1461988304,5.147494476813453,3.804932319673651,-1,-0.015641803813191135,True
Lok Sabha,Karnataka,YADUVEER KRISHNADATTA CHAMARAJA WADIYAR,MYSORE,Mysore Nirmithi Kendra,Payment Success,Construction of rooms and halls in school and colleges,WS/MP18091/2025-2026/232109,2026-03-10,1500000.0,6.176091548585239,5.330132366384682,0.5548164189387811,1.5247551321906738,171.0,394225.1461988304,5.147494476813453,3.804932319673651,-1,-0.015641803813191135,True
Lok Sabha,Karnataka,YADUVEER KRISHNADATTA CHAMARAJA WADIYAR,MYSORE,Mysore Nirmithi Kendra,Payment Success,Construction of rooms and halls in school and colleges,WS/MP18091/2025-2026/232204,2026-02-18,1500000.0,6.176091548585239,5.330132366384682,0.5548164189387811,1.5247551321906738,171.0,394225.1461988304,5.147494476813453,3.804932319673651,-1,-0.015641803813191135,True
Rajya Sabha,Madhya Pradesh,Shri Vivek K. Tankha (2022-28) (2022-2028),,INDRADEO NANDU BARDE,Payment Success,Construction of community centers and community halls,WS/MP106/2024-2025/145085,2026-04-07,2000.0,3.3012470886362113,5.188665529226982,0.4692888662406491,-4.021869207574405,5.0,2320.0,1.791759469228055,0.8620689655172413,-1,-0.015543367913959383,True
Lok Sabha,Jharkhand,KALI CHARAN MUNDA,KHUNTI(ST),EE NREP SIMDEGA,Payment Success,Development of playfields and sports grounds,WS/MP18074/2024-2025/138464,2024-10-14,975000.0,5.989005061128546,5.373590915581567,0.2986561582339397,2.060610935284718,85.0,242352.9411764706,4.454347296253507,4.023058252427184,-1,-0.015430064157191392,True
Lok Sabha,Haryana,SATPAL BRAHAMCHARI,SONEPAT,PROMPT ND PURE,Payment Success,Installation/ Construction of Anti-Pollution structure,WS/MP18067/2025-2026/251799,2026-07-25,1450.0,3.161667412437736,5.128163022969908,0.5620398924688407,-3.4988541505373543,1.0,1450.0,0.6931471805599453,1.0,-1,-0.015397376363085025,True
Rajya Sabha,Chhattisgarh,Shri Rajeev Shukla (2022-28) (2022-2028),,Samriddhi Enterprises,Payment Success,Construction of public libraries and reading rooms,WS/MP176/2024-2025/149419,2025-03-28,12500000.0,7.096910047751614,5.263901027668219,0.4705016969252951,3.8958605931966153,4.0,7500000.0,1.6094379124341003,1.6666666666666667,-1,-0.015370388135157342,True
Rajya Sabha,Punjab,Dr. Sandeep Kumar Pathak (2022-28) (2022-2028),,Punjab Police Housing Corporation Limited,Payment Success,Providing CCTV camera system for security of public areas,WS/MP235/2025-2026/205908,2025-07-11,4453132.0,6.6486656662301495,4.699928377134102,0.5546092002274752,3.513712517384792,2.0,9761644.5,1.0986122886681098,0.4561866599423898,-1,-0.015319593928004749,True
Lok Sabha,Uttar Pradesh,ZIA UR REHMAN,SAMBHAL,NATIONAL INFRATECH,Payment Success,"Construction of roads, link roads, pathways or any other road with or without drainage system",WS/MP18239/2025-2026/224485,2026-02-02,536179.0,5.729310610371158,5.2394868954404945,0.5548947427641531,0.882732664740443,448.0,117070.91741071429,6.1070228877422545,4.579950442507842,-1,-0.015233236696492125,True
Lok Sabha,Chandigarh,MANISH TEWARI,CHANDIGARH,The Hind Samachar Ltd,Payment Success,Providing CCTV camera system for security of public areas,WS/MP18047/2025-2026/207469,2025-11-21,3498.0,3.5439439424829065,4.775479897654054,0.8381249643964562,-1.4693941923779723,6.0,1291.1666666666667,1.9459101490553132,2.709177746224345,-1,-0.015221636831569962,True
Lok Sabha,Odisha,Smt Aparajita Sarangi,BHUBANESWAR,CDO Zilla Parishad DMF,Payment Success,Construction of public libraries and reading rooms,WS/MP300/2025-2026/190826,2026-02-04,831.0,2.920123326290724,4.463319681510083,1.1908092186143866,-1.2959224123365511,32.0,388.8125,3.4965075614664802,2.137276965118148,-1,-0.01517303483297594,True
Lok Sabha,Jharkhand,SUKHDEO BHAGAT,LOHARDAGA(ST),SHYAM BIHARI PRASAD YADAV,Payment Success,"Construction of roads, link roads, pathways or any other road with or without drainage system",WS/MP18075/2025-2026/255354,2026-03-06,1356298.0,6.132355441548514,5.373590915581567,0.2986561582339397,2.540595614882987,52.0,478159.57692307694,3.970291913552122,2.836496570303332,-1,-0.015126077422489281,True
Rajya Sabha,Madhya Pradesh,Shri Vivek K. Tankha (2022-28) (2022-2028),,SUKHDEV KACHARU BARDE,Payment Success,Construction of community centers and community halls,WS/MP106/2024-2025/145085,2026-04-07,2000.0,3.3012470886362113,5.188665529226982,0.4692888662406491,-4.021869207574405,5.0,2080.0,1.791759469228055,0.9615384615384616,-1,-0.015101471958895774,True
Rajya Sabha,Madhya Pradesh,Shri Vivek K. Tankha (2022-28) (2022-2028),,SUKHDEV KACHARU BARDE,Payment Success,Construction of community centers and community halls,WS/MP106/2024-2025/145085,2026-04-07,2000.0,3.3012470886362113,5.188665529226982,0.4692888662406491,-4.021869207574405,5.0,2080.0,1.791759469228055,0.9615384615384616,-1,-0.015101471958895774,True
Lok Sabha,Rajasthan,SANJNA JATAV,BHARATPUR(SC),AMAR SINGH,Payment Success,"Construction of roads, link roads, pathways or any other road with or without drainage system",WS/MP18161/2025-2026/259261,2026-06-14,255894.0,5.408061800175486,4.465815975724242,0.9043060886805357,1.0419545287216474,7.0,41398.42857142857,2.0794415416798357,6.181249115735932,-1,-0.014998073238726706,True
Lok Sabha,Uttar Pradesh,Jai Prakash,HARDOI (SC),DAD INCORPORATION,Payment Success,Lighting of public spaces,WS/MP792/2025-2026/225863,2026-01-12,7140065.0,6.853702226244428,5.2394868954404945,0.5548947427641531,2.909047800242042,2.0,4161016.0,1.0986122886681098,1.7159426928423251,-1,-0.01494733211994781,True
Rajya Sabha,Uttar Pradesh,Shri Javed Ali Khan (2022-28) (2022-2028),,COMPUTER SOLUTIONS,Payment Success,Lighting of public spaces,WS/MP187/2025-2026/194547,2025-06-16,2187000.0,6.339848981617601,5.2394868954404945,0.5548947427641531,1.9830104727533773,102.0,738529.4117647059,4.634728988229636,2.9612903225806453,-1,-0.01489921053418597,True
Lok Sabha,Bihar,JITAN RAM MANJHI,GAYA (SC),ASSISTANT ENGINEER LAEO BARACHATTI VIDHAN SABHA,Payment Success,"Construction of roads, link roads, pathways or any other road with or without drainage system",WS/MP18033/2025-2026/168696,2026-01-29,1464937.0,6.165819244602985,5.736858468527226,0.41014968640951016,1.0458639620839971,40.0,313415.45,3.713572066704308,4.674105887249655,-1,-0.014871088326701365,True
Rajya Sabha,Karnataka,Dr. Dharmasthala Veerendra Heggade (2022-28) (2022-2028),,PROJECT MANAGER NIRMITHI KENDRA MANDYA,Payment Success,Construction of rooms and halls in school and colleges,WS/MP838/2024-2025/80167,2024-08-26,1500000.0,6.176091548585239,5.330132366384682,0.5548164189387811,1.5247551321906738,105.0,367380.95238095237,4.663439094112067,4.082955281918341,-1,-0.014816147664321822,True
Lok Sabha,Karnataka,H.D. KUMARASWAMY,MANDYA,PROJECT MANAGER NIRMITHI KENDRA MANDYA,Payment Success,Construction of community centers and community halls,WS/MP18090/2025-2026/204466,2025-08-25,1500000.0,6.176091548585239,5.330132366384682,0.5548164189387811,1.5247551321906738,105.0,367380.95238095237,4.663439094112067,4.082955281918341,-1,-0.014816147664321822,True
Lok Sabha,Karnataka,H.D. KUMARASWAMY,MANDYA,PROJECT MANAGER NIRMITHI KENDRA MANDYA,Payment Success,Construction of rooms and halls in school and colleges,WS/MP18090/2025-2026/231360,2025-10-17,1500000.0,6.176091548585239,5.330132366384682,0.5548164189387811,1.5247551321906738,105.0,367380.95238095237,4.663439094112067,4.082955281918341,-1,-0.014816147664321822,True
Lok Sabha,West Bengal,Shatrughan Sinha,ASANSOL,TECHNO BEST,Payment Success,Lighting of public spaces,WS/MP827/2025-2026/189521,2026-02-26,5781878.0,6.762068998752458,5.595904606090499,0.4383067199146974,2.6606126250788864,10.0,2722805.7,2.3978952727983707,2.123500035276112,-1,-0.014747659213725006,True
Lok Sabha,Punjab,GURMEET SINGH MEET HAYER,SANGRUR,LAKHVEER SINGH,Payment Success,Construction of common work sheds/ common covered sitting area,WS/MP18314/2025-2026/225602,2026-02-20,1500.0,3.1763806922432702,4.699928377134102,0.5546092002274752,-2.7470652925806895,5.0,11407.2,1.791759469228055,0.13149589732800335,-1,-0.014729669208435991,True
Lok Sabha,Odisha,Shri Bhartruhari Mahtab,CUTTACK,DMF FUND NAYAGARH,Payment Success,"Construction of roads, link roads, pathways or any other road with or without drainage system",WS/MP372/2025-2026/186020,2025-12-10,459.0,2.662757831681574,4.463319681510083,1.1908092186143866,-1.512048967779763,42.0,215.14285714285714,3.7612001156935624,2.133466135458167,-1,-0.01440176906135926,True
Rajya Sabha,Uttar Pradesh,Smt. Darshana Singh (2022-28) (2022-2028),,HIDAYA QIRAT ENTERPRISES,Payment Success,Installation of multi-gym equipment,WS/MP203/2025-2026/217604,2025-08-06,1580000.0,6.198657361824261,5.2394868954404945,0.5548947427641531,1.7285629011472592,390.0,562991.2692307692,5.968707559985366,2.806437837231114,-1,-0.014342711789558926,True
Lok Sabha,Uttar Pradesh,AFZAL ANSARI,GHAZIPUR,SHYAM SOLAR TRADING,Payment Success,Lighting of public spaces,WS/MP18390/2025-2026/200659,2026-07-01,1595822.0,6.202984720106097,5.2394868954404945,0.5548947427641531,1.7363614221068917,101.0,442930.1584158416,4.624972813284271,3.6028750124117193,-1,-0.014235640052127074,True
Lok Sabha,Uttar Pradesh,AFZAL ANSARI,GHAZIPUR,SHYAM SOLAR TRADING,Payment Success,Lighting of public spaces,WS/MP18390/2025-2026/200659,2026-07-01,1595822.0,6.202984720106097,5.2394868954404945,0.5548947427641531,1.7363614221068917,101.0,442930.1584158416,4.624972813284271,3.6028750124117193,-1,-0.014235640052127074,True
Rajya Sabha,Karnataka,Smt. Sudha Murty (2024-30) (2024-2030),,Nirmithi kendra vijayapur,Payment Success,Construction of buildings for sports facilities,WS/MP18363/2025-2026/253468,2026-02-11,15000000.0,7.176091288008646,5.330132366384682,0.5548164189387811,3.327152655566325,8.0,8484375.0,2.1972245773362196,1.7679558011049723,-1,-0.014152649392410899,True
Lok Sabha,Uttar Pradesh,Prof SP Singh Baghel,AGRA(SC),TANYA CONSTRUCTION,Payment Success,"Construction of roads, link roads, pathways or any other road with or without drainage system",WS/MP494/2024-2025/137212,2024-10-11,1503873.0,6.177211451018242,5.2394868954404945,0.5548947427641531,1.6899142906032336,98.0,398686.2755102041,4.59511985013459,3.77207115563603,-1,-0.014123509608470974,True
Lok Sabha,Uttar Pradesh,RUCHI VIRA,MORADABAD,NATIONAL INFRATECH,Payment Success,Construction of bus-sheds or bus-stops,WS/MP18231/2025-2026/225735,2025-10-13,534000.0,5.7275420703133415,5.2394868954404945,0.5548947427641531,0.8795455016236928,448.0,117070.91741071429,6.1070228877422545,4.5613377926013285,-1,-0.014101136269609293,True
Lok Sabha,Uttar Pradesh,RUCHI VIRA,MORADABAD,NATIONAL INFRATECH,Payment Success,Construction of bus-sheds or bus-stops,WS/MP18231/2025-2026/179888,2025-05-09,534000.0,5.7275420703133415,5.2394868954404945,0.5548947427641531,0.8795455016236928,448.0,117070.91741071429,6.1070228877422545,4.5613377926013285,-1,-0.014101136269609293,True
Lok Sabha,Uttar Pradesh,RUCHI VIRA,MORADABAD,NATIONAL INFRATECH,Payment Success,Construction of bus-sheds or bus-stops,WS/MP18231/2025-2026/179886,2025-05-09,534000.0,5.7275420703133415,5.2394868954404945,0.5548947427641531,0.8795455016236928,448.0,117070.91741071429,6.1070228877422545,4.5613377926013285,-1,-0.014101136269609293,True
Lok Sabha,Uttar Pradesh,RUCHI VIRA,MORADABAD,NATIONAL INFRATECH,Payment Success,Construction of bus-sheds or bus-stops,WS/MP18231/2025-2026/179884,2025-05-09,534000.0,5.7275420703133415,5.2394868954404945,0.5548947427641531,0.8795455016236928,448.0,117070.91741071429,6.1070228877422545,4.5613377926013285,-1,-0.014101136269609293,True
Lok Sabha,Uttar Pradesh,RUCHI VIRA,MORADABAD,NATIONAL INFRATECH,Payment Success,Construction of bus-sheds or bus-stops,WS/MP18231/2025-2026/179885,2025-05-09,534000.0,5.7275420703133415,5.2394868954404945,0.5548947427641531,0.8795455016236928,448.0,117070.91741071429,6.1070228877422545,4.5613377926013285,-1,-0.014101136269609293,True
Lok Sabha,Uttar Pradesh,RUCHI VIRA,MORADABAD,NATIONAL INFRATECH,Payment Success,Construction of bus-sheds or bus-stops,WS/MP18231/2025-2026/179887,2025-07-22,534000.0,5.7275420703133415,5.2394868954404945,0.5548947427641531,0.8795455016236928,448.0,117070.91741071429,6.1070228877422545,4.5613377926013285,-1,-0.014101136269609293,True
Lok Sabha,Uttar Pradesh,RUCHI VIRA,MORADABAD,NATIONAL INFRATECH,Payment Success,Construction of bus-sheds or bus-stops,WS/MP18231/2025-2026/186771,2025-06-04,534000.0,5.7275420703133415,5.2394868954404945,0.5548947427641531,0.8795455016236928,448.0,117070.91741071429,6.1070228877422545,4.5613377926013285,-1,-0.014101136269609293,True
Lok Sabha,Uttar Pradesh,RUCHI VIRA,MORADABAD,NATIONAL INFRATECH,Payment Success,Construction of bus-sheds or bus-stops,WS/MP18231/2025-2026/225734,2025-10-13,534000.0,5.7275420703133415,5.2394868954404945,0.5548947427641531,0.8795455016236928,448.0,117070.91741071429,6.1070228877422545,4.5613377926013285,-1,-0.014101136269609293,True
Lok Sabha,Uttar Pradesh,RUCHI VIRA,MORADABAD,NATIONAL INFRATECH,Payment Success,Construction of bus-sheds or bus-stops,WS/MP18231/2025-2026/225733,2025-10-13,534000.0,5.7275420703133415,5.2394868954404945,0.5548947427641531,0.8795455016236928,448.0,117070.91741071429,6.1070228877422545,4.5613377926013285,-1,-0.014101136269609293,True
Rajya Sabha,Maharashtra,Shri Imran Pratapgarhi (2022-28) (2022-2028),,PANDURANG SITARAM BHALERAO,Payment Success,"Construction of roads, link roads, pathways or any other road with or without drainage system",WS/MP113/2024-2025/174247,2025-05-03,4999970.0,6.698967485420719,5.831568883890033,0.3608432492891356,2.4038099735535283,9.0,2219083.6666666665,2.302585092994046,2.2531687629022854,-1,-0.014000209086329152,True
Rajya Sabha,Maharashtra,Shri Imran Pratapgarhi (2022-28) (2022-2028),,PANDURANG SITARAM BHALERAO,Payment Success,"Construction of roads, link roads, pathways or any other road with or without drainage system",WS/MP113/2024-2025/174246,2025-05-03,4999849.0,6.6989569753061255,5.831568883890033,0.3608432492891356,2.40378084701558,9.0,2219083.6666666665,2.302585092994046,2.253114235891061,-1,-0.014000209086329152,True
Lok Sabha,Punjab,DR DHARAMVIRA GANDHI,PATIALA,GAJEWAS HARDWARE AND PAINT STORE,Payment Success,Construction of toilet blocks,WS/MP18158/2024-2025/141824,2025-03-21,1353.0,3.1316186643491255,4.699928377134102,0.5546092002274752,-2.8277744259232045,2.0,2726.5,1.0986122886681098,0.49624060150375937,-1,-0.013970228191862666,True
Rajya Sabha,Himachal Pradesh,Dr. Sikander Kumar (2022-28) (2022-2028),,RIYA ENTERPRISES,Payment Success,Purchase of books and periodicals for libraries/digitization of library books,WS/MP078/2025-2026/220891,2026-01-23,2144109.0,6.331247062348879,5.0357558139091765,0.3981897135113444,3.2534523230540313,17.0,932861.3182352941,2.8903717578961645,2.2984220248900864,-1,-0.013963985277785418,True
Lok Sabha,Uttar Pradesh,ZIA UR REHMAN,SAMBHAL,NATIONAL INFRATECH,Payment Success,"Construction of roads, link roads, pathways or any other road with or without drainage system",WS/MP18239/2025-2026/233509,2026-02-02,528603.0,5.723130445158452,5.2394868954404945,0.5548947427641531,0.871595119659514,448.0,117070.91741071429,6.1070228877422545,4.515237530304195,-1,-0.013862974305657971,True
Lok Sabha,Punjab,GURMEET SINGH MEET HAYER,SANGRUR,amrinder singh,Payment Success,Construction of additional rooms and halls in the existing public and community building,WS/MP18314/2025-2026/191000,2025-11-18,1100.0,3.041787318971752,4.699928377134102,0.5546092002274752,-2.9897467576849728,1.0,1100.0,0.6931471805599453,1.0,-1,-0.013838737910705334,True
Lok Sabha,Uttar Pradesh,Shri Arun Kumar Sagar,SHAHJAHANPUR(SC),SHREE VISHNU TRADERS,Payment Success,Construction of bus-sheds or bus-stops,WS/MP492/2025-2026/189846,2025-07-04,5280000.0,6.722634004786547,5.2394868954404945,0.5548947427641531,2.672844045985916,28.0,2834420.6785714286,3.367295829986474,1.8628145214708085,-1,-0.013811017359844246,True
Lok Sabha,Haryana,NAVEEN JINDAL,KURUKSHETRA,SONU CO OP LABOUR AND CONST SOCIETY LTD,Payment Success,"Construction of roads, link roads, pathways or any other road with or without drainage system",WS/MP18064/2025-2026/203140,2026-06-19,4071.0,3.6098077693287025,5.128163022969908,0.5620398924688407,-2.7015079783244786,2.0,394708.0,1.0986122886681098,0.010313953606210161,-1,-0.013730874154614048,True
Lok Sabha,West Bengal,Asit Kumar Mal,BOLPUR(SC),BIDYUT BHANDARI,Payment Success,Street lights,WS/MP858/2024-2025/142023,2025-01-31,5215848.0,6.717325009983064,5.595904606090499,0.4383067199146974,2.5585288861435083,15.0,2474185.8,2.772588722239781,2.1081068366005495,-1,-0.013692912209244179,True
Lok Sabha,Odisha,SUKANTA KUMAR PANIGRAHI,KANDHAMAL,TAHASHILDAR GANIA,Payment Success,Installing community drinking water plants,WS/MP18350/2025-2026/197031,2026-07-20,110.0,2.0453229787866576,4.463319681510083,1.1908092186143866,-2.0305491970720397,9.0,8597.777777777777,2.302585092994046,0.012794003618506074,-1,-0.013672865533783773,True
Rajya Sabha,Jharkhand,Shri Aditya Prasad (2022-28) (2022-2028),,Junior Engineer Zila Parishad Prashant Kumar,Payment Success,"Construction of roads, link roads, pathways or any other road with or without drainage system",WS/MP081/2025-2026/195155,2025-05-03,1123500.0,6.050573463309922,5.373590915581567,0.2986561582339397,2.266762392349764,308.0,401692.1266233766,5.733341276897746,2.7969181508339216,-1,-0.013665235657736585,True
Rajya Sabha,Jharkhand,Shri Aditya Prasad (2022-28) (2022-2028),,Junior Engineer Zila Parishad Prashant Kumar,Payment Success,"Construction of roads, link roads, pathways or any other road with or without drainage system",WS/MP081/2025-2026/195154,2025-05-03,1121250.0,6.049702843382617,5.373590915581567,0.2986561582339397,2.263847267704576,308.0,401692.1266233766,5.733341276897746,2.7913168461259765,-1,-0.013665235657736585,True
Rajya Sabha,Jharkhand,Shri Aditya Prasad (2022-28) (2022-2028),,Junior Engineer Zila Parishad Prashant Kumar,Payment Success,"Construction of roads, link roads, pathways or any other road with or without drainage system",WS/MP081/2025-2026/195075,2025-05-03,1119750.0,6.049121458966056,5.373590915581567,0.2986561582339397,2.2619005996030404,308.0,401692.1266233766,5.733341276897746,2.7875826429873465,-1,-0.013665235657736585,True
Rajya Sabha,Jharkhand,Shri Aditya Prasad (2022-28) (2022-2028),,Junior Engineer Zila Parishad Prashant Kumar,Payment Success,"Construction of roads, link roads, pathways or any other road with or without drainage system",WS/MP081/2025-2026/195070,2025-05-03,1123500.0,6.050573463309922,5.373590915581567,0.2986561582339397,2.266762392349764,308.0,401692.1266233766,5.733341276897746,2.7969181508339216,-1,-0.013665235657736585,True
Rajya Sabha,Jharkhand,Shri Aditya Prasad (2022-28) (2022-2028),,Junior Engineer Zila Parishad Prashant Kumar,Payment Success,"Construction of roads, link roads, pathways or any other road with or without drainage system",WS/MP081/2025-2026/195158,2025-05-03,1121250.0,6.049702843382617,5.373590915581567,0.2986561582339397,2.263847267704576,308.0,401692.1266233766,5.733341276897746,2.7913168461259765,-1,-0.013665235657736585,True
Rajya Sabha,Jharkhand,Shri Pradip Kumar Varma (2024-30) (2024-2030),,Junior Engineer Zila Parishad Prashant Kumar,Payment Success,"Construction of roads, link roads, pathways or any other road with or without drainage system",WS/MP18349/2025-2026/207088,2025-06-17,1123500.0,6.050573463309922,5.373590915581567,0.2986561582339397,2.266762392349764,308.0,401692.1266233766,5.733341276897746,2.7969181508339216,-1,-0.013665235657736585,True
Rajya Sabha,Jharkhand,Shri Aditya Prasad (2022-28) (2022-2028),,Junior Engineer Zila Parishad Prashant Kumar,Payment Success,"Construction of roads, link roads, pathways or any other road with or without drainage system",WS/MP081/2025-2026/195074,2025-05-03,1121250.0,6.049702843382617,5.373590915581567,0.2986561582339397,2.263847267704576,308.0,401692.1266233766,5.733341276897746,2.7913168461259765,-1,-0.013665235657736585,True
Rajya Sabha,Jharkhand,Shri Aditya Prasad (2022-28) (2022-2028),,Junior Engineer Zila Parishad Prashant Kumar,Payment Success,"Construction of roads, link roads, pathways or any other road with or without drainage system",WS/MP081/2025-2026/195159,2025-05-03,1121250.0,6.049702843382617,5.373590915581567,0.2986561582339397,2.263847267704576,308.0,401692.1266233766,5.733341276897746,2.7913168461259765,-1,-0.013665235657736585,True
Rajya Sabha,Jharkhand,Shri Pradip Kumar Varma (2024-30) (2024-2030),,Junior Engineer Zila Parishad Prashant Kumar,Payment Success,Establishing public ground water recharging facilities,WS/MP18349/2025-2026/207072,2025-06-17,1121250.0,6.049702843382617,5.373590915581567,0.2986561582339397,2.263847267704576,308.0,401692.1266233766,5.733341276897746,2.7913168461259765,-1,-0.013665235657736585,True
Rajya Sabha,Odisha,Smt. Sulata Deo (2022-28) (2022-2028),,MS BDO KARANJIA,Payment Success,Construction of water tanks,WS/MP138/2025-2026/203489,2026-04-10,4255.0,3.6290016192869916,4.463319681510083,1.1908092186143866,-0.7006311751549048,11.0,1444.909090909091,2.4849066497880004,2.9448219453881967,-1,-0.013573974197323535,True
Rajya Sabha,Karnataka,Shri G.C. Chandrashekhar (2024-30) (2024-2030),,N G GANESH BABU,Payment Success,Construction of rooms and halls in school and colleges,WS/MP086/2026-2027/278894,2026-07-18,2162950.0,6.33504668094133,5.330132366384682,0.5548164189387811,1.8112555437324427,38.0,680363.8947368421,3.6635616461296463,3.1791075580761192,-1,-0.013551348233342142,True
Lok Sabha,Madhya Pradesh,ALOK SHARMA,BHOPAL,GRAM PANCHAYAT KOLUKHEDIKALAN,Payment Success,"Construction of roads, link roads, pathways or any other road with or without drainage system",WS/MP18099/2026-2027/285004,2026-06-25,1750000.0,6.243038296854499,5.188665529226982,0.4692888662406491,2.2467457540039732,10.0,577951.7,2.3978952727983707,3.027934687275771,-1,-0.013520898539841508,True
Lok Sabha,Odisha,BALABHADRA MAJHI,NABARANGPUR(ST),EMF,Payment Success,Construction of community centers and community halls,WS/MP18148/2025-2026/170238,2026-08-07,79.0,1.9030899869919435,4.463319681510083,1.1908092186143866,-2.149991496956327,158.0,190.0126582278481,5.0689042022202315,0.4157617746985544,-1,-0.013482761677155342,True
Rajya Sabha,Kerala,Shri Sandosh Kumar P (2022-28) (2022-2028),,KELTRON,Payment Success,"Purchase of IT systems, including hardware and software for educational purposes",WS/MP101/2025-2026/90215,2025-07-17,1479294.0,6.170054789342952,5.501593744247948,0.48467972305758084,1.379180958671113,36.0,332157.0833333333,3.6109179126442243,4.453597632646201,-1,-0.013393327499139684,True
Lok Sabha,Punjab,Smt Harsimrat Kaur Badal,BHATINDA,TAJ TRADING COMPANY,Payment Success,"Construction of roads, link roads, pathways or any other road with or without drainage system",WS/MP716/2025-2026/242688,2026-03-20,1428.0,3.1550322287909704,4.699928377134102,0.5546092002274752,-2.785558096961763,3.0,8073.666666666667,1.3862943611198906,0.17687131002023038,-1,-0.013352793194821855,True
Lok Sabha,Uttar Pradesh,CHHOTELAL,ROBERTSGANJ(SC),UP STATE AGRO INDUSTRIAL CORPORATION LTD BICHPAI URMAURA,Payment Success,Lighting of public spaces,WS/MP18236/2025-2026/206738,2025-08-26,600000.0,5.7781519742071765,5.2394868954404945,0.5548947427641531,0.9707518151701625,310.0,113501.53548387096,5.739792912179234,5.286272097043678,-1,-0.013347243750679083,True
Lok Sabha,Karnataka,DR.K.SUDHAKAR,CHIKBALLAPUR,SUNDARESH G,Payment Success,Lighting of public spaces,WS/MP18081/2024-2025/164555,2026-01-09,1510.0,3.1792644643390253,5.330132366384682,0.5548164189387811,-3.8767199899377616,10.0,2072.6,2.3978952727983707,0.7285535076715237,-1,-0.013297001272190578,True
Lok Sabha,Uttar Pradesh,ZIA UR REHMAN,SAMBHAL,NATIONAL INFRATECH,Payment Success,"Construction of roads, link roads, pathways or any other road with or without drainage system",WS/MP18239/2025-2026/224485,2026-05-13,518256.0,5.714545176739545,5.2394868954404945,0.5548947427641531,0.8561232332687003,448.0,117070.91741071429,6.1070228877422545,4.42685520419924,-1,-0.013284501001398219,True
Lok Sabha,West Bengal,Shri Deepak (Dev) Adhikari,GHATAL,DUTTA ENTERPRISE,Payment Success,Lighting of public spaces,WS/MP249/2025-2026/208912,2025-09-08,3749895.0,6.574019223127068,5.595904606090499,0.4383067199146974,2.2315756811278833,16.0,1531414.625,2.833213344056216,2.4486477657871393,-1,-0.013272426285758976,True
Lok Sabha,Uttar Pradesh,Anurag Sharma,JHANSI,MS PEETAMBARA CONSTRUCTION,Payment Success,"Construction of roads, link roads, pathways or any other road with or without drainage system",WS/MP468/2025-2026/186299,2025-09-29,3131.0,3.495821753385906,5.2394868954404945,0.5548947427641531,-3.1423349469283015,4.0,445652.0,1.6094379124341003,0.00702566127830684,-1,-0.013249106863106319,True
Lok Sabha,Odisha,ANANTA NAYAK,KEONJHAR(ST),EMF,Payment Success,Construction of community centers and community halls,WS/MP18146/2025-2026/173485,2025-10-22,78.0,1.8976270912904414,4.463319681510083,1.1908092186143866,-2.154579046007937,158.0,190.0126582278481,5.0689042022202315,0.41049896742388914,-1,-0.01319572737322472,True
Lok Sabha,Punjab,CHARANJIT SINGH CHANNI,JALANDHAR(SC),Su Solartech Systems Pvt Ltd,Payment Success,Setting up public non-conventional energy plants,WS/MP18156/2025-2026/185312,2026-05-12,953445.0,5.979296101088234,4.699928377134102,0.5546092002274752,2.306791382886175,18.0,254875.16666666666,2.9444389791664403,3.740831295843521,-1,-0.013082162941731479,True
Lok Sabha,Uttar Pradesh,CHANDRA SHEKHAR,NAGINA(SC),MAKSUD AHMAD CONTRACTOR,Payment Success,"Construction of roads, link roads, pathways or any other road with or without drainage system",WS/MP18404/2024-2025/144130,2024-12-02,676995.0,5.830586102683579,5.2394868954404945,0.5548947427641531,1.065245643342344,198.0,125588.0101010101,5.293304824724492,5.390602171779732,-1,-0.013080025007045748,True
Lok Sabha,Odisha,ANANTA NAYAK,KEONJHAR(ST),EMF,Payment Success,"Construction of roads, link roads, pathways or any other road with or without drainage system",WS/MP18146/2025-2026/177750,2025-12-16,332.0,2.5224442335063197,4.463319681510083,1.1908092186143866,-1.6298794279256137,158.0,190.0126582278481,5.0689042022202315,1.7472520151888615,-1,-0.013062000269370988,True
Lok Sabha,Odisha,ANANTA NAYAK,KEONJHAR(ST),EMF,Payment Success,"Construction of roads, link roads, pathways or any other road with or without drainage system",WS/MP18146/2026-2027/250794,2026-08-01,324.0,2.5118833609788744,4.463319681510083,1.1908092186143866,-1.6387480798997174,158.0,190.0126582278481,5.0689042022202315,1.7051495569915396,-1,-0.012977008614007635,True
Lok Sabha,Odisha,ANANTA NAYAK,KEONJHAR(ST),EMF,Payment Success,"Construction of roads, link roads, pathways or any other road with or without drainage system",WS/MP18146/2025-2026/172623,2025-12-10,325.0,2.513217600067939,4.463319681510083,1.1908092186143866,-1.637627632502932,158.0,190.0126582278481,5.0689042022202315,1.7104123642662048,-1,-0.012977008614007635,True
Lok Sabha,Odisha,Smt Aparajita Sarangi,BHUBANESWAR,EMF,Payment Success,Construction of public libraries and reading rooms,WS/MP300/2024-2025/157078,2025-12-18,323.0,2.510545010206612,4.463319681510083,1.1908092186143866,-1.6398719801444768,158.0,190.0126582278481,5.0689042022202315,1.6998867497168741,-1,-0.012977008614007635,True
Rajya Sabha,Karnataka,Shri Narayanasa K. Bhandage (2024-30) (2024-2030),,RAJASHEKAR PATIL,Payment Success,"Construction of roads, link roads, pathways or any other road with or without drainage system",WS/MP18364/2025-2026/204268,2025-09-11,2372267.0,6.375163750605565,5.330132366384682,0.5548164189387811,1.8835624695818403,31.0,809049.9354838709,3.4657359027997265,2.9321638825435556,-1,-0.012939958481161251,True
Rajya Sabha,Karnataka,Shri Narayanasa K. Bhandage (2024-30) (2024-2030),,RAJASHEKAR PATIL,Payment Success,"Construction of roads, link roads, pathways or any other road with or without drainage system",WS/MP18364/2025-2026/201272,2025-09-11,2372267.0,6.375163750605565,5.330132366384682,0.5548164189387811,1.8835624695818403,31.0,809049.9354838709,3.4657359027997265,2.9321638825435556,-1,-0.012939958481161251,True
Rajya Sabha,Karnataka,Shri Narayanasa K. Bhandage (2024-30) (2024-2030),,RAJASHEKAR PATIL,Payment Success,"Construction of roads, link roads, pathways or any other road with or without drainage system",WS/MP18364/2025-2026/201271,2025-09-11,2372267.0,6.375163750605565,5.330132366384682,0.5548164189387811,1.8835624695818403,31.0,809049.9354838709,3.4657359027997265,2.9321638825435556,-1,-0.012939958481161251,True
Rajya Sabha,Karnataka,Shri Narayanasa K. Bhandage (2024-30) (2024-2030),,RAJASHEKAR PATIL,Payment Success,"Construction of roads, link roads, pathways or any other road with or without drainage system",WS/MP18364/2025-2026/204269,2025-09-11,2372267.0,6.375163750605565,5.330132366384682,0.5548164189387811,1.8835624695818403,31.0,809049.9354838709,3.4657359027997265,2.9321638825435556,-1,-0.012939958481161251,True
Lok Sabha,Punjab,AMRINDER SINGH RAJA WARRING,LUDHIANA,New Dashmesh Soap Factory,Payment Success,"Construction of roads, link roads, pathways or any other road with or without drainage system",WS/MP18157/2025-2026/188698,2025-10-30,1525.0,3.1835545336188615,4.699928377134102,0.5546092002274752,-2.7341303442014544,2.0,3937.5,1.0986122886681098,0.3873015873015873,-1,-0.012914363838136267,True
Lok Sabha,Odisha,ANANTA NAYAK,KEONJHAR(ST),EMF,Payment Success,Construction of community centers and community halls,WS/MP18146/2025-2026/175824,2026-05-10,83.0,1.9242792860618816,4.463319681510083,1.1908092186143866,-2.132197463505198,158.0,190.0126582278481,5.0689042022202315,0.4368130037972154,-1,-0.012908822509087647,True
Lok Sabha,Rajasthan,Shri Hanuman Beniwal,NAGAUR,prasasak gram pamchayat ku,Payment Success,Construction of public libraries and reading rooms,WS/MP386/2024-2025/147117,2026-01-16,1125000.0,6.051152908486749,4.465815975724242,0.9043060886805357,1.7530977095107885,5.0,273000.0,1.791759469228055,4.1208791208791204,-1,-0.012896976877166844,True
Rajya Sabha,Andhra Pradesh,Shri S Niranjan Reddy (2022-28) (2022-2028),,Cheepurapalli Govinda,Payment In-Progress,"Construction of rooms and facilities for hospitals, FWC , PHC Centers and ANM centers",WS/MP032/2025-2026/200857,2026-08-28,10000.0,4.000043427276863,5.60773170892532,0.3625772186175567,-4.43405762716778,7.0,779843.4285714285,2.0794415416798357,0.012823086832082045,-1,-0.012841974232136955,True
Rajya Sabha,Himachal Pradesh,Dr. Sikander Kumar (2022-28) (2022-2028),,Block Development Officer Nadaun Rajya Sabha,Payment Success,Lighting of public spaces,WS/MP078/2023-2024/13573,2024-02-14,900000.0,5.954242991988481,5.0357558139091765,0.3981897135113444,2.306657221202017,22.0,250703.4090909091,3.1354942159291497,3.5898993287069563,-1,-0.012838071389334904,True
Rajya Sabha,Andhra Pradesh,Shri Meda Raghunadha Reddy (2024-30) (2024-2030),,NEXTGEN INFRA,Payment In-Progress,Providing supply pipelines for drinking water,WS/MP18334/2025-2026/205192,2026-07-31,2642547.0,6.4220228847006755,5.60773170892532,0.3625772186175567,2.24584208263306,5.0,1025976.4,1.791759469228055,2.5756411161114428,-1,-0.012816617867434044,True
Lok Sabha,Punjab,DR. RAJ KUMAR CHABBEWAL,HOSHIARPUR(SC),BHAJAN SINGH,Payment Success,Construction of footpaths and pedestrian ways,WS/MP18155/2024-2025/161880,2025-04-04,1350.0,3.130655349022031,4.699928377134102,0.5546092002274752,-2.8295113522610644,3.0,5100.0,1.3862943611198906,0.2647058823529412,-1,-0.01281515575361758,True
Lok Sabha,Punjab,DR. RAJ KUMAR CHABBEWAL,HOSHIARPUR(SC),GURNAM SINGH,Payment Success,Construction of footpaths and pedestrian ways,WS/MP18155/2024-2025/161880,2025-04-04,1350.0,3.130655349022031,4.699928377134102,0.5546092002274752,-2.8295113522610644,3.0,5100.0,1.3862943611198906,0.2647058823529412,-1,-0.01281515575361758,True
Lok Sabha,Punjab,DR. RAJ KUMAR CHABBEWAL,HOSHIARPUR(SC),PUSHPINDER SINGH,Payment Success,Construction of footpaths and pedestrian ways,WS/MP18155/2024-2025/161880,2025-04-04,1350.0,3.130655349022031,4.699928377134102,0.5546092002274752,-2.8295113522610644,3.0,5100.0,1.3862943611198906,0.2647058823529412,-1,-0.01281515575361758,True
Rajya Sabha,Andhra Pradesh,Shri V. Vijayendra Prasad (2022-28) (2022-2028),,EHIKA Groups,Payment Success,Purchase of non-conventional energy system and devices for community use,WS/MP840/2025-2026/189537,2026-04-18,5000000.0,6.698970091194907,5.60773170892532,0.3625772186175567,3.0096716678182034,2.0,2849519.0,1.0986122886681098,1.7546821059975386,-1,-0.012782589765076846,True
Lok Sabha,Odisha,ANANTA NAYAK,KEONJHAR(ST),EMF,Payment Success,"Construction of roads, link roads, pathways or any other road with or without drainage system",WS/MP18146/2025-2026/172626,2025-11-27,321.0,2.507855871695831,4.463319681510083,1.1908092186143866,-1.642130224763972,158.0,190.0126582278481,5.0689042022202315,1.6893611351675437,-1,-0.012655901076868203,True
Lok Sabha,Odisha,ANANTA NAYAK,KEONJHAR(ST),EMF,Payment Success,"Construction of roads, link roads, pathways or any other road with or without drainage system",WS/MP18146/2025-2026/172637,2025-09-25,321.0,2.507855871695831,4.463319681510083,1.1908092186143866,-1.642130224763972,158.0,190.0126582278481,5.0689042022202315,1.6893611351675437,-1,-0.012655901076868203,True
Lok Sabha,Odisha,Shri Bhartruhari Mahtab,CUTTACK,DMF FUND NAYAGARH,Payment Success,"Construction of roads, link roads, pathways or any other road with or without drainage system",WS/MP372/2025-2026/186026,2025-09-23,446.0,2.6503075231319366,4.463319681510083,1.1908092186143866,-1.5225043021482056,42.0,215.14285714285714,3.7612001156935624,2.0730411686586985,-1,-0.012637011731450265,True
Lok Sabha,Himachal Pradesh,Kangana Ranaut,MANDI,Bushahr Trades,Payment Success,Development of playfields and sports grounds,WS/MP18328/2025-2026/252741,2026-07-02,5250.0,3.720242018287057,5.0357558139091765,0.3981897135113444,-3.303736261847559,2.0,41262.5,1.0986122886681098,0.12723417146319296,-1,-0.012635842789750384,True
Rajya Sabha,Odisha,Shri Subhasish Khuntia (2024-30) (2024-2030),,EMF,Payment Success,Construction of community centers and community halls,WS/MP18283/2025-2026/238243,2026-06-11,81.0,1.9138138523837167,4.463319681510083,1.1908092186143866,-2.140985969266299,158.0,190.0126582278481,5.0689042022202315,0.4262873892478849,-1,-0.012622047026372263,True
Lok Sabha,Jharkhand,Sanjay Seth,RANCHI,AMIT KUMAR JUNIOR ENGINEER,Payment Success,Construction of community centers and community halls,WS/MP435/2024-2025/146547,2024-12-30,1109100.0,6.044971096866375,5.373590915581567,0.2986561582339397,2.2480038089785856,194.0,368875.6443298969,5.272999558563747,3.006704338029153,-1,-0.012592178411006905,True
Lok Sabha,Jharkhand,Sanjay Seth,RANCHI,AMIT KUMAR JUNIOR ENGINEER,Payment Success,Construction of common work sheds/ common covered sitting area,WS/MP435/2024-2025/146457,2025-01-02,1124625.0,6.051008119655337,5.373590915581567,0.2986561582339397,2.2682177661414347,194.0,368875.6443298969,5.272999558563747,3.048791692503865,-1,-0.012592178411006905,True
Lok Sabha,Jharkhand,Sanjay Seth,RANCHI,AMIT KUMAR JUNIOR ENGINEER,Payment Success,Construction of common work sheds/ common covered sitting area,WS/MP435/2026-2027/262427,2026-05-18,1124250.0,6.050863282536879,5.373590915581567,0.2986561582339397,2.2677328033691473,194.0,368875.6443298969,5.272999558563747,3.047775089738775,-1,-0.012592178411006905,True
Rajya Sabha,Madhya Pradesh,Smt. Sumitra Balmik (2022-28) (2022-2028),,SAI ENTERPRISES,Payment Success,"Construction of roads, link roads, pathways or any other road with or without drainage system",WS/MP107/2023-2024/111873,2024-06-18,1863569.0,6.270345710501593,5.188665529226982,0.4692888662406491,2.304934676886051,188.0,747351.1808510638,5.241747015059643,2.4935653381557743,-1,-0.012502093245676638,True
Lok Sabha,West Bengal,Kakoli Ghosh Dastidar,BARASAT,SG ENTERPRISE,Payment Success,Lighting of public spaces,WS/MP243/2025-2026/141109,2025-07-23,6803986.0,6.832763475158982,5.595904606090499,0.4383067199146974,2.8219025921144887,5.0,3650995.8,1.791759469228055,1.863597323228912,-1,-0.012440687727158228,True
Lok Sabha,Bihar,RAJ BHUSHAN CHOUDHARY,MUZAFFARPUR,COMPAC SOLUTIONS,Payment Success,Purchase of furniture and fixtures for educational purposes,WS/MP18040/2025-2026/184184,2025-05-24,4980000.0,6.697229429967436,5.736858468527226,0.41014968640951016,2.3415133383311595,7.0,2111428.5714285714,2.0794415416798357,2.358592692828146,-1,-0.012298271631718927,True
Lok Sabha,Bihar,RAJ BHUSHAN CHOUDHARY,MUZAFFARPUR,COMPAC SOLUTIONS,Payment Success,Purchase of furniture and fixtures for educational purposes,WS/MP18040/2024-2025/157358,2025-02-15,4980000.0,6.697229429967436,5.736858468527226,0.41014968640951016,2.3415133383311595,7.0,2111428.5714285714,2.0794415416798357,2.358592692828146,-1,-0.012298271631718927,True
Rajya Sabha,Jharkhand,Shri Aditya Prasad (2022-28) (2022-2028),,Junior Engineer Zila Parishad Prashant Kumar,Payment Success,"Construction of roads, link roads, pathways or any other road with or without drainage system",WS/MP081/2025-2026/228766,2025-10-11,1110000.0,6.045323370042771,5.373590915581567,0.2986561582339397,2.2491833365613405,308.0,401692.1266233766,5.733341276897746,2.7633103225862508,-1,-0.012230946884818295,True
Rajya Sabha,Jharkhand,Shri Pradip Kumar Varma (2024-30) (2024-2030),,Junior Engineer Zila Parishad Prashant Kumar,Payment Success,Construction of rooms and halls in school and colleges,WS/MP18349/2025-2026/215347,2025-09-18,1110000.0,6.045323370042771,5.373590915581567,0.2986561582339397,2.2491833365613405,308.0,401692.1266233766,5.733341276897746,2.7633103225862508,-1,-0.012230946884818295,True
Rajya Sabha,Jharkhand,Shri Pradip Kumar Varma (2024-30) (2024-2030),,Junior Engineer Zila Parishad Prashant Kumar,Payment Success,"Construction of roads, link roads, pathways or any other road with or without drainage system",WS/MP18349/2025-2026/207080,2025-06-17,1110000.0,6.045323370042771,5.373590915581567,0.2986561582339397,2.2491833365613405,308.0,401692.1266233766,5.733341276897746,2.7633103225862508,-1,-0.012230946884818295,True
Lok Sabha,Uttar Pradesh,CHHOTELAL,ROBERTSGANJ(SC),MAA VINDHYAVASHINI ENTERPRISES,Payment Success,Lighting of public spaces,WS/MP18236/2024-2025/139471,2025-07-15,406265.0,5.608810478171246,5.2394868954404945,0.5548947427641531,0.6655741247267951,142.0,53517.98591549296,4.962844630259907,7.591186272247029,-1,-0.012154544473263251,True
Lok Sabha,Uttar Pradesh,CHHOTELAL,ROBERTSGANJ(SC),MAA VINDHYAVASHINI ENTERPRISES,Payment Success,Lighting of public spaces,WS/MP18236/2024-2025/139267,2025-07-15,406265.0,5.608810478171246,5.2394868954404945,0.5548947427641531,0.6655741247267951,142.0,53517.98591549296,4.962844630259907,7.591186272247029,-1,-0.012154544473263251,True
Lok Sabha,Uttar Pradesh,CHHOTELAL,ROBERTSGANJ(SC),MAA VINDHYAVASHINI ENTERPRISES,Payment Success,Lighting of public spaces,WS/MP18236/2024-2025/139472,2025-07-15,406265.0,5.608810478171246,5.2394868954404945,0.5548947427641531,0.6655741247267951,142.0,53517.98591549296,4.962844630259907,7.591186272247029,-1,-0.012154544473263251,True
Lok Sabha,Uttar Pradesh,CHHOTELAL,ROBERTSGANJ(SC),MAA VINDHYAVASHINI ENTERPRISES,Payment Success,Lighting of public spaces,WS/MP18236/2024-2025/139266,2025-07-15,406265.0,5.608810478171246,5.2394868954404945,0.5548947427641531,0.6655741247267951,142.0,53517.98591549296,4.962844630259907,7.591186272247029,-1,-0.012154544473263251,True
Lok Sabha,Madhya Pradesh,Janardan Mishra,REWA,MP STATE AGRO INDUSTRIES DEVELOPMENT CORP REWA,Payment Success,Fitting of Sitting RCC Benches in Public Places,WS/	 MP644/2025-2026/221037,2026-02-23,2418130.0,6.383479824662078,5.188665529226982,0.4692888662406491,2.5460103177099476,23.0,1000593.304347826,3.1780538303479458,2.4166961636587265,-1,-0.012071787180740423,True
Rajya Sabha,Punjab,Shri Harbhajan Singh (2022-28) (2022-2028),,EXECUTIVE ENGINEER CIVIL PB HEALTH CORP MOHALI,Payment Success,"Construction of rooms and facilities for hospitals, FWC , PHC Centers and ANM centers",WS/MP141/2023-2024/82792,2025-08-14,1637305.0,6.214129853322901,4.699928377134102,0.5546092002274752,2.730213410754354,9.0,563481.3333333334,2.302585092994046,2.905695190139395,-1,-0.011984704018640047,True
Lok Sabha,Odisha,ANANTA NAYAK,KEONJHAR(ST),MEMBER SECY OB AND OC WWB BBSR,Payment Success,Construction of community centers and community halls,WS/MP18146/2025-2026/174011,2025-12-10,6570.0,3.817631467190515,4.463319681510083,1.1908092186143866,-0.542226415639345,438.0,2330.735159817352,6.0844994130751715,2.8188530869010697,-1,-0.011969638562135954,True
Lok Sabha,Punjab,SUKHJINDER SINGH RANDHAWA,GURDASPUR,Param Construction Material,Payment Success,Development of public parks,WS/MP18154/2025-2026/199718,2026-03-06,2000.0,3.3012470886362113,4.699928377134102,0.5546092002274752,-2.521922261520753,2.0,47800.0,1.0986122886681098,0.04184100418410042,-1,-0.011947211147397718,True
Lok Sabha,Odisha,SUKANTA KUMAR PANIGRAHI,KANDHAMAL,BLOCK DEV OFFICER NUAGAON,Payment Success,"Construction of roads, link roads, pathways or any other road with or without drainage system",WS/MP18350/2025-2026/197017,2025-09-06,67103.0,4.8267484087852495,4.463319681510083,1.1908092186143866,0.305194754620768,27.0,10105.25925925926,3.332204510175204,6.640403603550773,-1,-0.011851341309135899,True
Lok Sabha,Punjab,DR DHARAMVIRA GANDHI,PATIALA,RAJA ENGG WORKS,Payment Success,Setting up of kitchen and pantries,WS/MP18158/2025-2026/191109,2025-11-14,1312.0,3.118264726089479,4.699928377134102,0.5546092002274752,-2.8518525303869766,2.0,846.0,1.0986122886681098,1.5508274231678487,-1,-0.01179346445382412,True
Lok Sabha,West Bengal,Prasun Banerjee,HOWRAH,D D ENTERPRISE,Payment Success,Installation/ Construction of Anti-Pollution structure,WS/MP825/2024-2025/167588,2025-05-26,1364309.0,6.134913062397218,5.595904606090499,0.4383067199146974,1.2297517510377676,25.0,302153.92,3.258096538021482,4.515278173455436,-1,-0.011713509170667158,True
Rajya Sabha,Tamil Nadu,Shri P. Chidambaram (2022-28) (2022-2028),,Rajkumar,Payment Success,Providing drains and gutters for public drainage,WS/MP165/2024-2025/96037,2024-07-19,1000000.0,6.0000004342942646,5.7177282197633845,0.4497060558405531,0.627681595266224,9.0,165320.66666666666,2.302585092994046,6.048850516773463,-1,-0.011685453335829266,True
Rajya Sabha,Assam,Shri Kanad Purkayastha (2025-31) (2025-2031),,ABDUL KALAM BARBHUIYA,Payment Success,Construction of public staircase/ stair ghat for public convenience,WS/MP18431/2025-2026/249769,2026-08-04,2611203.0,6.4168408023527945,5.2644782788065365,0.4600527957855902,2.504848430664297,9.0,1050699.888888889,2.302585092994046,2.4852034606773747,-1,-0.01164975586924033,True
Lok Sabha,Karnataka,DR.K.SUDHAKAR,CHIKBALLAPUR,SUNDARESH G,Payment Success,Lighting of public spaces,WS/MP18081/2024-2025/164568,2026-01-09,1798.0,3.2550311633455515,5.330132366384682,0.5548164189387811,-3.7401582437092555,10.0,2072.6,2.3978952727983707,0.8675094084724501,-1,-0.011604004238933152,True
Lok Sabha,Rajasthan,DAMODAR AGARWAL,BHILWARA,SHREE CHARBHUJA CONSTRUCTION,Payment Success,"Construction of roads, link roads, pathways or any other road with or without drainage system",WS/MP18162/2025-2026/195028,2026-01-22,484.0,2.6857417386022635,4.465815975724242,0.9043060886805357,-1.9684421673188859,2.0,210870.0,1.0986122886681098,0.0022952529994783514,-1,-0.011514248025326412,True
Lok Sabha,Uttar Pradesh,Smt Dimple Yadav,MAINPURI,MARUTI ENTERPRISES,Payment Success,Installing community drinking water plants,WS/MP818/2025-2026/198961,2026-05-08,348843.0,5.542631257659722,5.2394868954404945,0.5548947427641531,0.5463096671436173,35.0,42629.68571428571,3.58351893845611,8.183100441744486,-1,-0.011460912404654633,True
Lok Sabha,Kerala,E.T. MOHAMMED BASHEER,MALAPPURAM,IT PROFESSIONALS CO OPERATIVE SOCEITY,Payment Success,Purchase of hospital equipment,WS/MP18305/2025-2026/180883,2026-06-20,6500.0,3.8129801660394804,5.501593744247948,0.48467972305758084,-3.4839781774981695,3.0,214698.0,1.3862943611198906,0.030275084071579614,-1,-0.01146025864349487,True
Lok Sabha,Arunachal Pradesh,Kiren Rijiju,ARUNACHAL WEST,MS GMM ENTERPRISES,Payment Success,"Construction of flood control embankments/ protection walls along riverbanks, hilltops, roadsides",WS/MP533/2025-2026/260044,2026-03-24,2514.0,3.400537989391946,5.486585851618266,0.5637494066304407,-3.7003105239520093,12.0,7513.666666666667,2.5649493574615367,0.3345903021161439,-1,-0.011438113852759946,True
Lok Sabha,Uttar Pradesh,DEVESH SHAKYA,ETAH,SOMYA CONSTRUCTION,Payment Success,"Construction of roads, link roads, pathways or any other road with or without drainage system",WS/MP18213/2025-2026/248833,2026-04-06,696200.0,5.842734642754891,5.2394868954404945,0.5548947427641531,1.087139056876585,331.0,148286.2658610272,5.805134968916488,4.694972902294765,-1,-0.011328827045802847,True
Lok Sabha,Uttar Pradesh,DEVESH SHAKYA,ETAH,SOMYA CONSTRUCTION,Payment Success,"Construction of roads, link roads, pathways or any other road with or without drainage system",WS/MP18213/2025-2026/248854,2026-03-23,696200.0,5.842734642754891,5.2394868954404945,0.5548947427641531,1.087139056876585,331.0,148286.2658610272,5.805134968916488,4.694972902294765,-1,-0.011328827045802847,True
Lok Sabha,Uttar Pradesh,DEVESH SHAKYA,ETAH,SOMYA CONSTRUCTION,Payment Success,"Construction of roads, link roads, pathways or any other road with or without drainage system",WS/MP18213/2025-2026/249003,2026-03-23,696200.0,5.842734642754891,5.2394868954404945,0.5548947427641531,1.087139056876585,331.0,148286.2658610272,5.805134968916488,4.694972902294765,-1,-0.011328827045802847,True
Rajya Sabha,Himachal Pradesh,Dr. Sikander Kumar (2022-28) (2022-2028),,JAHNAVI PRAKASHAN,Payment Success,Purchase of books and periodicals for libraries/digitization of library books,WS/MP078/2025-2026/199275,2026-01-03,4963575.0,6.695794675984434,5.0357558139091765,0.3981897135113444,4.168964706387281,3.0,2986818.3333333335,1.3862943611198906,1.6618268826750426,-1,-0.011277984856782441,True
Lok Sabha,Odisha,SAMBIT PATRA,PURI,Tahasildar Nayagarh,Payment Success,Construction of community centers and community halls,WS/MP18149/2025-2026/183955,2026-06-29,172.0,2.2380461031287955,4.463319681510083,1.1908092186143866,-1.8687070469361946,8.0,16522.875,2.1972245773362196,0.010409810641307884,-1,-0.011268741791130577,True
Lok Sabha,Punjab,Smt Harsimrat Kaur Badal,BHATINDA,JASPAL TRADING CO,Payment Success,"Construction of roads, link roads, pathways or any other road with or without drainage system",WS/MP716/2025-2026/189726,2025-10-10,1520.0,3.182129214052998,4.699928377134102,0.5546092002274752,-2.7367002971796572,26.0,33477.53846153846,3.295836866004329,0.0454035771401261,-1,-0.011168906135619161,True
Lok Sabha,Assam,GAURAV GOGOI,JORHAT,MANAB JYOTI BORUAH,Payment Success,"Construction of roads, link roads, pathways or any other road with or without drainage system",WS/MP18024/2025-2026/162145,2025-09-25,4550.0,3.658106835506393,5.2644782788065365,0.4600527957855902,-3.4917110775451095,18.0,93253.27777777778,2.9444389791664403,0.04879185062902168,-1,-0.011162405746767856,True
Rajya Sabha,Karnataka,Shri Jairam Ramesh (2022-28) (2022-2028),,KRIDL BHUSIRI ACCOUNT WORKS,Payment Success,"Construction of roads, link roads, pathways or any other road with or without drainage system",WS/MP833/2025-2026/177985,2026-01-27,1875000.0,6.273001503687399,5.330132366384682,0.5548164189387811,1.6994254407722469,355.0,701098.1633802817,5.87493073085203,2.6743758548159025,-1,-0.011145224630193074,True
Lok Sabha,Karnataka,V. SOMANNA,TUMKUR,KRIDL BHUSIRI ACCOUNT WORKS,Payment Success,"Construction of roads, link roads, pathways or any other road with or without drainage system",WS/MP18093/2025-2026/181082,2025-04-28,1875000.0,6.273001503687399,5.330132366384682,0.5548164189387811,1.6994254407722469,355.0,701098.1633802817,5.87493073085203,2.6743758548159025,-1,-0.011145224630193074,True
Rajya Sabha,Karnataka,Dr. Syed Naseer Hussain (2024-30) (2024-2030),,KRIDL BHUSIRI ACCOUNT WORKS,Payment Success,"Construction of roads, link roads, pathways or any other road with or without drainage system",WS/MP18296/2025-2026/226590,2026-07-03,1875000.0,6.273001503687399,5.330132366384682,0.5548164189387811,1.6994254407722469,355.0,701098.1633802817,5.87493073085203,2.6743758548159025,-1,-0.011145224630193074,True
Lok Sabha,Karnataka,SHREYAS. M. PATEL,HASSAN,KRIDL BHUSIRI ACCOUNT WORKS,Payment Success,"Construction of roads, link roads, pathways or any other road with or without drainage system",WS/MP18086/2025-2026/227811,2026-01-12,1875000.0,6.273001503687399,5.330132366384682,0.5548164189387811,1.6994254407722469,355.0,701098.1633802817,5.87493073085203,2.6743758548159025,-1,-0.011145224630193074,True
Rajya Sabha,Karnataka,Dr. Syed Naseer Hussain (2024-30) (2024-2030),,KRIDL BHUSIRI ACCOUNT WORKS,Payment Success,"Construction of roads, link roads, pathways or any other road with or without drainage system",WS/MP18296/2024-2025/155208,2025-08-01,1875000.0,6.273001503687399,5.330132366384682,0.5548164189387811,1.6994254407722469,355.0,701098.1633802817,5.87493073085203,2.6743758548159025,-1,-0.011145224630193074,True
Rajya Sabha,Karnataka,Dr. Syed Naseer Hussain (2024-30) (2024-2030),,KRIDL BHUSIRI ACCOUNT WORKS,Payment Success,"Construction of roads, link roads, pathways or any other road with or without drainage system",WS/MP18296/2024-2025/155199,2025-08-01,1875000.0,6.273001503687399,5.330132366384682,0.5548164189387811,1.6994254407722469,355.0,701098.1633802817,5.87493073085203,2.6743758548159025,-1,-0.011145224630193074,True
Lok Sabha,Uttar Pradesh,RUCHI VIRA,MORADABAD,NATIONAL INFRATECH,Payment Success,Construction of bus-sheds or bus-stops,WS/MP18231/2024-2025/180839,2025-06-18,513610.0,5.710634316439581,5.2394868954404945,0.5548947427641531,0.8490753014744965,448.0,117070.91741071429,6.1070228877422545,4.387169857037394,-1,-0.011066082098151298,True
Rajya Sabha,Uttar Pradesh,Dr. K. Laxman (2022-28) (2022-2028),,Unnati construction,Payment Success,Crematoriums/energy efficient crematoriums or structures on burial/cremation ground,WS/MP180/2024-2025/140362,2025-01-13,2768835.0,6.442297232956004,5.2394868954404945,0.5548947427641531,2.1676369315085395,33.0,1132648.121212121,3.5263605246161616,2.4445676888925467,-1,-0.0110657404505341,True
Lok Sabha,Uttar Pradesh,PRAVEEN PATEL,PHULPUR,Sunny Enterprises,Payment Success,Lighting of public spaces,WS/MP18233/2026-2027/274634,2026-05-08,4753180.0,6.676984352440042,5.2394868954404945,0.5548947427641531,2.5905768179363102,24.0,2594634.0833333335,3.2188758248682006,1.831926910438784,-1,-0.010974704541469094,True
Lok Sabha,Odisha,ANANTA NAYAK,KEONJHAR(ST),EMF,Payment Success,"Construction of roads, link roads, pathways or any other road with or without drainage system",WS/MP18146/2025-2026/173459,2026-04-07,330.0,2.519827993775719,4.463319681510083,1.1908092186143866,-1.6320764546950615,158.0,190.0126582278481,5.0689042022202315,1.7367264006395309,-1,-0.010972079027885218,True
Lok Sabha,Haryana,NAVEEN JINDAL,KURUKSHETRA,SHIV KUMAR CONTRACTOR,Payment Success,"Construction of roads, link roads, pathways or any other road with or without drainage system",WS/MP18064/2025-2026/266403,2026-05-20,2355.0,3.372175286115064,5.128163022969908,0.5620398924688407,-3.124311566464466,9.0,39751.88888888889,2.302585092994046,0.05924246786316233,-1,-0.010938966088029911,True
Lok Sabha,Odisha,ANANTA NAYAK,KEONJHAR(ST),CHIEF EXECUTIVE OFFICER DMF,Payment Success,Installing community drinking water plants,WS/MP18146/2025-2026/165916,2025-11-11,112.0,2.0530784434834195,4.463319681510083,1.1908092186143866,-2.024036428632284,48.0,1282.2291666666667,3.8918202981106265,0.08734788048158318,-1,-0.01081959799138954,True
Rajya Sabha,West Bengal,Shri Samirul Islam (2023-29) (2023-2029),,WEST BENGAL MEDICAL SERVICES CORPORATION LIMITED,Payment Success,"Purchase of vehicle for mobile dispensaries (Four, three and two wheelers)",WS/MP893/2024-2025/171163,2026-06-18,7363.0,3.867113779831977,5.595904606090499,0.4383067199146974,-3.944248964731767,41.0,93199.19512195123,3.7376696182833684,0.07900282819358588,-1,-0.010816113688712825,True
Lok Sabha,Uttar Pradesh,UJJWAL RAMAN SINGH,ALLAHABAD,shivam construction Sures chandra yadav,Payment Success,Installing hand pumps,WS/MP18198/2026-2027/268853,2026-07-27,3461928.0,6.539318156773226,5.2394868954404945,0.5548947427641531,2.342482566797716,12.0,1409373.5833333333,2.5649493574615367,2.4563593648549418,-1,-0.010621474532111597,True
Lok Sabha,Odisha,ANANTA NAYAK,KEONJHAR(ST),TAHASILDAR JHUMPURA,Payment Success,Construction of community centers and community halls,WS/MP18146/2025-2026/173484,2025-11-25,127.0,2.1072099696478683,4.463319681510083,1.1908092186143866,-1.9785786631747444,8.0,3108.5,2.1972245773362196,0.040855718192054045,-1,-0.010559113178387536,True
Lok Sabha,Uttar Pradesh,ZIA UR REHMAN,SAMBHAL,NATIONAL INFRATECH,Payment Success,"Construction of roads, link roads, pathways or any other road with or without drainage system",WS/MP18239/2025-2026/233509,2026-05-13,510940.0,5.708370753649817,5.2394868954404945,0.5548947427641531,0.8449960363178498,448.0,117070.91741071429,6.1070228877422545,4.364363168074387,-1,-0.01049432207012635,True
Lok Sabha,Uttar Pradesh,RUCHI VIRA,MORADABAD,NATIONAL INFRATECH,Payment Success,Construction of bus-sheds or bus-stops,WS/MP18231/2024-2025/180838,2025-03-26,509939.0,5.707519079623744,5.2394868954404945,0.5548947427641531,0.8434611974368206,448.0,117070.91741071429,6.1070228877422545,4.355812795171028,-1,-0.01049432207012635,True
Lok Sabha,Uttar Pradesh,RUCHI VIRA,MORADABAD,NATIONAL INFRATECH,Payment Success,Construction of bus-sheds or bus-stops,WS/MP18231/2024-2025/180840,2025-03-26,509939.0,5.707519079623744,5.2394868954404945,0.5548947427641531,0.8434611974368206,448.0,117070.91741071429,6.1070228877422545,4.355812795171028,-1,-0.01049432207012635,True
Lok Sabha,Uttar Pradesh,RUCHI VIRA,MORADABAD,NATIONAL INFRATECH,Payment Success,Construction of bus-sheds or bus-stops,WS/MP18231/2024-2025/179890,2025-03-25,509939.0,5.707519079623744,5.2394868954404945,0.5548947427641531,0.8434611974368206,448.0,117070.91741071429,6.1070228877422545,4.355812795171028,-1,-0.01049432207012635,True
Lok Sabha,Uttar Pradesh,RUCHI VIRA,MORADABAD,NATIONAL INFRATECH,Payment Success,Construction of bus-sheds or bus-stops,WS/MP18231/2025-2026/186620,2025-08-19,509940.0,5.707519931280911,5.2394868954404945,0.5548947427641531,0.8434627322453192,448.0,117070.91741071429,6.1070228877422545,4.355821337002101,-1,-0.01049432207012635,True
Rajya Sabha,Punjab,Shri Sant Balbir Singh (2022-28) (2022-2028),,lucky Interlock Tiles,Payment Success,"Construction of roads, link roads, pathways or any other road with or without drainage system",WS/MP140/2023-2024/125998,2024-03-15,401450.0,5.603632544064823,4.699928377134102,0.5546092002274752,1.6294431584619642,28.0,91574.96428571429,3.367295829986474,4.38384009353773,-1,-0.010373353636321081,True
Rajya Sabha,Jharkhand,Shri Aditya Prasad (2022-28) (2022-2028),,Junior Engineer Zila Parishad Prashant Kumar,Payment Success,"Construction of roads, link roads, pathways or any other road with or without drainage system",WS/MP081/2025-2026/195071,2025-05-03,1103250.0,6.04267432976916,5.373590915581567,0.2986561582339397,2.2403134699921203,308.0,401692.1266233766,5.733341276897746,2.7465064084624156,-1,-0.010223821378976594,True
Lok Sabha,Odisha,Shri Bhartruhari Mahtab,CUTTACK,Bdo Bhapur Mplad,Payment Success,Construction of buildings for community cultural activities,WS/MP372/2025-2026/186019,2026-08-19,13321.0,4.12456942932084,4.463319681510083,1.1908092186143866,-0.2844706329897322,10.0,2755.6,2.3978952727983707,4.834155900711279,-1,-0.010213809842201882,True
Lok Sabha,Odisha,Shri Jual Oram,SUNDARGARH (ST),B D O BARGAON,Payment Success,Construction of community centers and community halls,WS/MP370/2024-2025/145452,2025-07-22,80.0,1.9084850188786497,4.463319681510083,1.1908092186143866,-2.145460937566652,7.0,677.4285714285714,2.0794415416798357,0.11809363137916491,-1,-0.010088878382811362,True
Lok Sabha,Odisha,Shri Bhartruhari Mahtab,CUTTACK,BDO Nischintakoili MPLAD Holding,Payment In-Progress,Construction of community centers and community halls,WS/MP372/2025-2026/265269,2026-08-29,29155.0,4.46472794155655,4.463319681510083,1.1908092186143866,0.0011826076120785287,61.0,5645.950819672131,4.127134385045092,5.163877782713856,-1,-0.010056970912458829,True
Lok Sabha,Madhya Pradesh,Janardan Mishra,REWA,VISHNUPRIYA CONSTRUCTION REWA,Payment Success,Street lights,WS/	 MP644/2024-2025/151113,2025-03-29,3281680.0,6.516096362618054,5.188665529226982,0.4692888662406491,2.828600738016171,12.0,1439333.3333333333,2.5649493574615367,2.2800000000000002,-1,-0.009926362491319396,True
Lok Sabha,Bihar,RAJESH RANJAN ALIAS PAPPU YADAV,PURNEA,SHIV DURGA INDUSTRIES,Payment Success,Street lights,WS/MP18041/2025-2026/174353,2025-09-22,3600000.0,6.556302621404627,5.736858468527226,0.41014968640951016,1.997914858965014,73.0,1407839.1643835616,4.30406509320417,2.557110280119463,-1,-0.009917679577134186,True
Lok Sabha,Bihar,RAJESH RANJAN ALIAS PAPPU YADAV,PURNEA,SHIV DURGA INDUSTRIES,Payment Success,Street lights,WS/MP18041/2025-2026/174354,2025-09-20,3600000.0,6.556302621404627,5.736858468527226,0.41014968640951016,1.997914858965014,73.0,1407839.1643835616,4.30406509320417,2.557110280119463,-1,-0.009917679577134186,True
Rajya Sabha,Jammu And Kashmir,Shri Gulam Ali (2022-28) (2022-2028),,RMK ENTERPRISES,Payment Success,Lighting of public spaces,WS/MP839/2024-2025/134187,2024-08-27,1944000.0,6.28869648399271,5.368253220391357,0.4197357532673082,2.1929112696176962,165.0,752549.0303030303,5.111987788356544,2.583220390593296,-1,-0.00978540416179352,True
Lok Sabha,Odisha,ANANTA NAYAK,KEONJHAR(ST),EMF,Payment Success,"Construction of roads, link roads, pathways or any other road with or without drainage system",WS/MP18146/2025-2026/173959,2026-06-16,319.0,2.505149978319906,4.463319681510083,1.1908092186143866,-1.6444025395341528,158.0,190.0126582278481,5.0689042022202315,1.6788355206182133,-1,-0.009783554703240549,True
Lok Sabha,Gujarat,CHANDUBHAI CHHAGANBHAI SHIHORA,SURENDRANAGAR,MPLADS HOLDING ACCOUNT,Payment Success,Providing drains and gutters for public drainage,WS/MP18326/2025-2026/160192,2025-07-03,2965.0,3.472171146692363,5.406212311570647,0.33663521492486204,-5.745213451034727,6.0,7946.0,1.9459101490553132,0.37314372011074753,-1,-0.00971716776993492,True
Lok Sabha,Tamil Nadu,Shri Karti P Chidambaram,SIVAGANGA,M KARTHIKEYAN,Payment Success,Construction of bus-sheds or bus-stops,WS/MP393/2025-2026/148981,2025-09-06,5617445.0,6.749538906277683,5.7177282197633845,0.4497060558405531,2.294411367411373,9.0,2570381.0,2.302585092994046,2.1854522734178317,-1,-0.009685090730985446,True
Rajya Sabha,Uttar Pradesh,Shri Hardeep Singh Puri (2020-26) (2020-2026),,UP STATE AGRO INDUSTRIAL CORPORATION LTD BICHPAI URMAURA,Payment Success,Construction of culverts and bridges,WS/MP019/2025-2026/248791,2026-01-21,587000.0,5.768638841101297,5.2394868954404945,0.5548947427641531,0.9536077833876833,310.0,113501.53548387096,5.739792912179234,5.1717362016077315,-1,-0.009673535210920625,True
Rajya Sabha,Madhya Pradesh,Shri Vivek K. Tankha (2022-28) (2022-2028),,INDRADEO NANDU BARDE,Payment Success,Construction of community centers and community halls,WS/MP106/2024-2025/145085,2026-04-07,2400.0,3.3803921600570273,5.188665529226982,0.4692888662406491,-3.853220264217137,5.0,2320.0,1.791759469228055,1.0344827586206897,-1,-0.009516635239727012,True
Rajya Sabha,Madhya Pradesh,Shri Vivek K. Tankha (2022-28) (2022-2028),,INDRADEO NANDU BARDE,Payment Success,Construction of community centers and community halls,WS/MP106/2024-2025/145085,2026-04-07,2400.0,3.3803921600570273,5.188665529226982,0.4692888662406491,-3.853220264217137,5.0,2320.0,1.791759469228055,1.0344827586206897,-1,-0.009516635239727012,True
Rajya Sabha,Madhya Pradesh,Shri Vivek K. Tankha (2022-28) (2022-2028),,INDRADEO NANDU BARDE,Payment Success,Construction of community centers and community halls,WS/MP106/2024-2025/145085,2026-04-07,2400.0,3.3803921600570273,5.188665529226982,0.4692888662406491,-3.853220264217137,5.0,2320.0,1.791759469228055,1.0344827586206897,-1,-0.009516635239727012,True
Rajya Sabha,Madhya Pradesh,Shri Vivek K. Tankha (2022-28) (2022-2028),,INDRADEO NANDU BARDE,Payment Success,Construction of community centers and community halls,WS/MP106/2024-2025/145085,2026-04-07,2400.0,3.3803921600570273,5.188665529226982,0.4692888662406491,-3.853220264217137,5.0,2320.0,1.791759469228055,1.0344827586206897,-1,-0.009516635239727012,True
Lok Sabha,Bihar,RAJ BHUSHAN CHOUDHARY,MUZAFFARPUR,ASST ENG BOCHAHA LAEO MUZ,Payment Success,"Construction of roads, link roads, pathways or any other road with or without drainage system",WS/MP18040/2025-2026/198727,2026-05-21,9710.0,3.9872639541222354,5.736858468527226,0.41014968640951016,-4.265746317450853,14.0,898491.4285714285,2.70805020110221,0.01080700348520695,-1,-0.009476237872799054,True
Lok Sabha,Jharkhand,Sanjay Seth,RANCHI,AMIT KUMAR JUNIOR ENGINEER,Payment Success,Construction of community centers and community halls,WS/MP435/2024-2025/145626,2025-01-02,1096125.0,6.039860479293876,5.373590915581567,0.2986561582339397,2.230891764135044,194.0,368875.6443298969,5.272999558563747,2.9715298823570513,-1,-0.009441776231358001,True
Lok Sabha,Jharkhand,Sanjay Seth,RANCHI,AMIT KUMAR JUNIOR ENGINEER,Payment Success,Construction of community centers and community halls,WS/MP435/2024-2025/147145,2024-12-30,1096125.0,6.039860479293876,5.373590915581567,0.2986561582339397,2.230891764135044,194.0,368875.6443298969,5.272999558563747,2.9715298823570513,-1,-0.009441776231358001,True
Lok Sabha,Jharkhand,Sanjay Seth,RANCHI,AMIT KUMAR JUNIOR ENGINEER,Payment Success,Construction of community centers and community halls,WS/MP435/2024-2025/146545,2025-01-02,1096125.0,6.039860479293876,5.373590915581567,0.2986561582339397,2.230891764135044,194.0,368875.6443298969,5.272999558563747,2.9715298823570513,-1,-0.009441776231358001,True
Lok Sabha,Jharkhand,Sanjay Seth,RANCHI,AMIT KUMAR JUNIOR ENGINEER,Payment Success,Construction of community centers and community halls,WS/MP435/2024-2025/146303,2025-01-02,1096125.0,6.039860479293876,5.373590915581567,0.2986561582339397,2.230891764135044,194.0,368875.6443298969,5.272999558563747,2.9715298823570513,-1,-0.009441776231358001,True
Rajya Sabha,Haryana,Smt. Rekha Sharma (2024-28) (2024-2028),,XEN City DHBVN Bhiwani,Payment Success,Improvement of electricity distribution infrastructure,WS/MP18425/2026-2027/247692,2026-05-15,779260.0,5.891682941466148,5.128163022969908,0.5620398924688407,1.3584799383943547,105.0,153062.2380952381,4.663439094112067,5.091131618728391,-1,-0.009395739547383042,True
Lok Sabha,Uttar Pradesh,AKHILESH YADAV,KANNAUJ,DIVYANSHU CONSTRUCTION,Payment Success,"Construction of roads, link roads, pathways or any other road with or without drainage system",WS/MP18345/2025-2026/234721,2026-03-11,731600.0,5.86427429042683,5.2394868954404945,0.5548947427641531,1.1259565947120336,181.0,145872.28729281767,5.204006687076795,5.015346050832933,-1,-0.009261881894177426,True
Lok Sabha,Odisha,SAMBIT PATRA,PURI,SUBHASMITA BEHERA,Payment Success,"Construction of roads, link roads, pathways or any other road with or without drainage system",WS/MP18149/2025-2026/269444,2026-07-07,800000.0,5.903090529859707,4.463319681510083,1.1908092186143866,1.2090692831761298,10.0,148838.3,2.3978952727983707,5.3749606116167685,-1,-0.009223383180959277,True
Lok Sabha,Odisha,ANANTA NAYAK,KEONJHAR(ST),CHIEF EXECUTIVE OFFICER DMF,Payment Success,Construction of community centers and community halls,WS/MP18146/2025-2026/187255,2026-05-19,122.0,2.089905111439398,4.463319681510083,1.1908092186143866,-1.99311067883096,48.0,1282.2291666666667,3.8918202981106265,0.09514679838172453,-1,-0.009106530293969128,True
Lok Sabha,West Bengal,Shatrughan Sinha,ASANSOL,Sarkar Enterprise,Payment Success,Lighting of public spaces,WS/MP827/2025-2026/194319,2025-11-30,8775290.0,6.9432615271434175,5.595904606090499,0.4383067199146974,3.074004709111326,4.0,5116294.0,1.6094379124341003,1.7151653130175866,-1,-0.009074438472119306,True
Lok Sabha,West Bengal,Shatrughan Sinha,ASANSOL,Sarkar Enterprise,Payment Success,Street lights,WS/MP827/2025-2026/194318,2025-10-13,8756596.0,6.942335362873877,5.595904606090499,0.4383067199146974,3.0718916585294846,4.0,5116294.0,1.6094379124341003,1.7115114964073606,-1,-0.009074438472119306,True
Rajya Sabha,Jharkhand,Shri Aditya Prasad (2022-28) (2022-2028),,PARMANAND PASWAN,Payment Success,Construction of culverts and bridges,WS/MP081/2023-2024/1815,2024-01-04,1122750.0,6.050283450547746,5.373590915581567,0.2986561582339397,2.2657913333101956,193.0,384344.55958549224,5.267858159063328,2.921206953497307,-1,-0.009065761705105757,True
Lok Sabha,West Bengal,JUNE MALIAH,MEDINIPUR,SUJIT KUMAR CHAKRABORTY,Payment Success,Construction of stadiums,WS/MP18254/2024-2025/179556,2025-09-12,5256000.0,6.720655439180042,5.595904606090499,0.4383067199146974,2.5661272848119716,2.0,2985380.0,1.0986122886681098,1.7605798926769791,-1,-0.009037294390988104,True
Lok Sabha,Odisha,SAMBIT PATRA,PURI,Manoja Kumar Sethi,Payment Success,"Construction of roads, link roads, pathways or any other road with or without drainage system",WS/MP18149/2025-2026/183950,2026-01-31,546395.0,5.737507511346451,4.463319681510083,1.1908092186143866,1.0700184462117281,24.0,96627.08333333333,3.2188758248682006,5.654677561932688,-1,-0.00903474287696171,True
Lok Sabha,Odisha,ANANTA NAYAK,KEONJHAR(ST),EMF,Payment Success,Construction of community centers and community halls,WS/MP18146/2025-2026/172624,2026-05-27,95.0,1.9822712330395684,4.463319681510083,1.1908092186143866,-2.083497851450493,158.0,190.0126582278481,5.0689042022202315,0.4999666910931983,-1,-0.008907292726744398,True
Rajya Sabha,Punjab,Shri Sant Balbir Singh (2022-28) (2022-2028),,Pawan Trading co,Payment Success,Creation of new ponds,WS/MP140/2024-2025/161243,2025-10-15,459000.0,5.661813631711572,4.699928377134102,0.5546092002274752,1.7343478149712441,9.0,99993.33333333333,2.302585092994046,4.590306020401361,-1,-0.008875055994393977,True
Rajya Sabha,West Bengal,Smt. Mamata Thakur (2024-30) (2024-2030),,RADHE ENGINEERING AND CONSTRUCTION,Payment Success,Construction of culverts and bridges,WS/MP18382/2026-2027/221599,2026-08-12,4206761.0,6.623947942249817,5.595904606090499,0.4383067199146974,2.3454884204362525,3.0,1970816.6666666667,1.3862943611198906,2.1345268036093326,-1,-0.00883569830899511,True
Lok Sabha,Punjab,GURMEET SINGH MEET HAYER,SANGRUR,Sukhwinder Kaur,Payment Success,Construction of common work sheds/ common covered sitting area,WS/MP18314/2025-2026/219712,2025-11-24,1500.0,3.1763806922432702,4.699928377134102,0.5546092002274752,-2.7470652925806895,6.0,11257.166666666666,1.9459101490553132,0.1332484491361059,-1,-0.008820248782241635,True
Rajya Sabha,Tamil Nadu,Shri S. Kalyanasundaram (2022-28) (2022-2028),,SRI BALAJI ENGINEERING,Payment In-Progress,Purchase of sports equipment,WS/MP162/2026-2027/288892,2026-08-31,467000.0,5.669317810531887,5.7177282197633845,0.4497060558405531,-0.10764900450587105,18.0,71305.55555555556,2.9444389791664403,6.549279314374756,-1,-0.008788311258852821,True
Lok Sabha,Punjab,DR. RAJ KUMAR CHABBEWAL,HOSHIARPUR(SC),United Pipe And Pavers,Payment Success,Providing drains and gutters for public drainage,WS/MP18155/2025-2026/249578,2026-06-22,230395.0,5.362474934850969,4.699928377134102,0.5546092002274752,1.1946187647899118,30.0,46198.96666666667,3.4339872044851463,4.98701630411647,-1,-0.008716094819547826,True
Rajya Sabha,Karnataka,Smt. Nirmala Sitharaman (2022-28) (2022-2028),,VIJAYANAGARA NIRMITHI KENDRA,Payment In-Progress,Construction of community centers and community halls,WS/MP092/2026-2027/305016,2026-08-19,15000000.0,7.176091288008646,5.330132366384682,0.5548164189387811,3.327152655566325,3.0,10625000.0,1.3862943611198906,1.411764705882353,-1,-0.008693247444175434,True
Rajya Sabha,Karnataka,Smt. Nirmala Sitharaman (2022-28) (2022-2028),,VIJAYANAGARA NIRMITHI KENDRA,Payment In-Progress,Construction of community centers and community halls,WS/MP092/2026-2027/305015,2026-08-19,15000000.0,7.176091288008646,5.330132366384682,0.5548164189387811,3.327152655566325,3.0,10625000.0,1.3862943611198906,1.411764705882353,-1,-0.008693247444175434,True
Rajya Sabha,Himachal Pradesh,Dr. Sikander Kumar (2022-28) (2022-2028),,Executive Engineer JS Div Hamirpur,Payment Success,Installing hand pumps,WS/MP078/2024-2025/142549,2025-10-03,3700.0,3.5683190850951116,5.0357558139091765,0.3981897135113444,-3.6852703096567,2.0,2775.0,1.0986122886681098,1.3333333333333333,-1,-0.00865815853699925,True
Lok Sabha,Punjab,DR. RAJ KUMAR CHABBEWAL,HOSHIARPUR(SC),LOVELY AUTOS,Payment Success,"Purchase of ambulances (Four, three and two wheelers)",WS/MP18155/2025-2026/235089,2025-11-17,637052.0,5.804175565223941,4.699928377134102,0.5546092002274752,1.991036549045577,4.0,164357.0,1.6094379124341003,3.8760259678626405,-1,-0.0086373544020516,True
Lok Sabha,Odisha,Smt Aparajita Sarangi,BHUBANESWAR,CDO Zilla Parishad DMF,Payment Success,Construction of public libraries and reading rooms,WS/MP300/2025-2026/190826,2026-07-18,66.0,1.8260748027008264,4.463319681510083,1.1908092186143866,-2.2146661594356214,32.0,388.8125,3.4965075614664802,0.16974762899855328,-1,-0.008585489259055668,True
Lok Sabha,Odisha,BIBHU PRASAD TARAI,JAGATSINGHPUR(SC),EMF,Payment Success,Construction of community centers and community halls,WS/MP18142/2025-2026/185338,2026-03-11,86.0,1.9395192526186185,4.463319681510083,1.1908092186143866,-2.119399471754286,158.0,190.0126582278481,5.0689042022202315,0.4526014256212111,-1,-0.008563097297898614,True
Lok Sabha,Odisha,ANANTA NAYAK,KEONJHAR(ST),EMF,Payment Success,Construction of community centers and community halls,WS/MP18146/2025-2026/173495,2026-03-09,85.0,1.9344984512435677,4.463319681510083,1.1908092186143866,-2.1236157654280055,158.0,190.0126582278481,5.0689042022202315,0.44733861834654587,-1,-0.008563097297898614,True
Lok Sabha,Uttar Pradesh,AKSHAYA YADAV,FIROZABAD,MS RAJ KAMAL CONSTRUCTIONS,Payment Success,"Construction of roads, link roads, pathways or any other road with or without drainage system",WS/MP18217/2024-2025/136856,2024-11-09,2960802.0,6.471409512131228,5.2394868954404945,0.5548947427641531,2.220101438615246,75.0,1265558.32,4.330733340286331,2.339522369858072,-1,-0.008468067556742231,True
Lok Sabha,Madhya Pradesh,RAHUL SINGH LODHI,DAMOH,MP STATE AGRO INDUSTRIES DEVELOPMENT CORPORATION LTD DAMOH,Payment Success,Installation of fixed garden gym equipment,WS/MP18101/2025-2026/229915,2026-05-20,911540.0,5.959776207465273,5.188665529226982,0.4692888662406491,1.643147182279133,99.0,215792.202020202,4.605170185988092,4.224156347941913,-1,-0.008434151815904012,True
Lok Sabha,Madhya Pradesh,RAHUL SINGH LODHI,DAMOH,MP STATE AGRO INDUSTRIES DEVELOPMENT CORPORATION LTD DAMOH,Payment Success,Installation of fixed garden gym equipment,WS/MP18101/2025-2026/229914,2026-05-20,911540.0,5.959776207465273,5.188665529226982,0.4692888662406491,1.643147182279133,99.0,215792.202020202,4.605170185988092,4.224156347941913,-1,-0.008434151815904012,True
Lok Sabha,Madhya Pradesh,RAHUL SINGH LODHI,DAMOH,MP STATE AGRO INDUSTRIES DEVELOPMENT CORPORATION LTD DAMOH,Payment Success,Installation of fixed garden gym equipment,WS/MP18101/2025-2026/229916,2026-05-20,911540.0,5.959776207465273,5.188665529226982,0.4692888662406491,1.643147182279133,99.0,215792.202020202,4.605170185988092,4.224156347941913,-1,-0.008434151815904012,True
Lok Sabha,Madhya Pradesh,RAHUL SINGH LODHI,DAMOH,MP STATE AGRO INDUSTRIES DEVELOPMENT CORPORATION LTD DAMOH,Payment Success,Installation of fixed garden gym equipment,WS/MP18101/2025-2026/229917,2026-05-20,911540.0,5.959776207465273,5.188665529226982,0.4692888662406491,1.643147182279133,99.0,215792.202020202,4.605170185988092,4.224156347941913,-1,-0.008434151815904012,True
Lok Sabha,Odisha,ANANTA NAYAK,KEONJHAR(ST),EMF,Payment Success,Construction of community centers and community halls,WS/MP18146/2025-2026/174011,2025-12-10,92.0,1.968482948553935,4.463319681510083,1.1908092186143866,-2.0950767712892877,158.0,190.0126582278481,5.0689042022202315,0.48417826926920254,-1,-0.008337479297020667,True
Lok Sabha,Odisha,Shri Bhartruhari Mahtab,CUTTACK,EMF,Payment Success,"Construction of roads, link roads, pathways or any other road with or without drainage system",WS/MP372/2025-2026/185710,2025-09-23,92.0,1.968482948553935,4.463319681510083,1.1908092186143866,-2.0950767712892877,158.0,190.0126582278481,5.0689042022202315,0.48417826926920254,-1,-0.008337479297020667,True
Lok Sabha,Odisha,ANANTA NAYAK,KEONJHAR(ST),EMF,Payment Success,Construction of community centers and community halls,WS/MP18146/2025-2026/172625,2026-05-30,91.0,1.9637878273455553,4.463319681510083,1.1908092186143866,-2.099019570131442,158.0,190.0126582278481,5.0689042022202315,0.47891546199453733,-1,-0.008337479297020667,True
Lok Sabha,Odisha,ANANTA NAYAK,KEONJHAR(ST),EMF,Payment Success,Construction of community centers and community halls,WS/MP18146/2025-2026/173491,2026-01-01,92.0,1.968482948553935,4.463319681510083,1.1908092186143866,-2.0950767712892877,158.0,190.0126582278481,5.0689042022202315,0.48417826926920254,-1,-0.008337479297020667,True
Rajya Sabha,Sikkim,Shri Dorjee Tshering Lepcha (2024-30) (2024-2030),,BANWARILALL OMKARMULL,Payment Success,"Construction of flood control embankments/ protection walls along riverbanks, hilltops, roadsides",WS/MP18282/2025-2026/191305,2025-08-06,2288604.0,6.359570842424017,5.616676176043141,0.47087436241887004,1.5776918976107444,30.0,719726.6666666666,3.4339872044851463,3.1798238220065027,-1,-0.008263546249608011,True
Rajya Sabha,West Bengal,Ms. Dola Sen (2023-29) (2023-2029),,WEST BENGAL MEDICAL SERVICES CORPORATION LIMITED,Payment Success,"Purchase of vehicle for mobile dispensaries (Four, three and two wheelers)",WS/MP218/2024-2025/171165,2026-06-19,8139.0,3.910624404889201,5.595904606090499,0.4383067199146974,-3.8449791541623735,41.0,93199.19512195123,3.7376696182833684,0.08732908035686479,-1,-0.008231940827519324,True
Rajya Sabha,Jharkhand,Shri Pradip Kumar Varma (2024-30) (2024-2030),,Junior Engineer Zila Parishad Prashant Kumar,Payment Success,"Construction of roads, link roads, pathways or any other road with or without drainage system",WS/MP18349/2025-2026/241279,2025-12-31,1087500.0,6.036429664977739,5.373590915581567,0.2986561582339397,2.2194042584481544,308.0,401692.1266233766,5.733341276897746,2.7072972755067997,-1,-0.008227571004854606,True
Rajya Sabha,Jharkhand,Shri Pradip Kumar Varma (2024-30) (2024-2030),,Junior Engineer Zila Parishad Prashant Kumar,Payment Success,Construction of rooms and halls in school and colleges,WS/MP18349/2026-2027/279955,2026-07-07,1087500.0,6.036429664977739,5.373590915581567,0.2986561582339397,2.2194042584481544,308.0,401692.1266233766,5.733341276897746,2.7072972755067997,-1,-0.008227571004854606,True
Rajya Sabha,Jharkhand,Shri Pradip Kumar Varma (2024-30) (2024-2030),,Junior Engineer Zila Parishad Prashant Kumar,Payment Success,"Construction of roads, link roads, pathways or any other road with or without drainage system",WS/MP18349/2025-2026/204718,2025-06-12,1087500.0,6.036429664977739,5.373590915581567,0.2986561582339397,2.2194042584481544,308.0,401692.1266233766,5.733341276897746,2.7072972755067997,-1,-0.008227571004854606,True
Rajya Sabha,Jharkhand,Shri Pradip Kumar Varma (2024-30) (2024-2030),,Junior Engineer Zila Parishad Prashant Kumar,Payment Success,Construction of rooms and halls in school and colleges,WS/MP18349/2026-2027/241270,2026-08-05,1087500.0,6.036429664977739,5.373590915581567,0.2986561582339397,2.2194042584481544,308.0,401692.1266233766,5.733341276897746,2.7072972755067997,-1,-0.008227571004854606,True
Lok Sabha,Assam,RANJIT DUTTA,Sonitpur,R ENTERPRISE,Payment Success,"Providing sports equipment, except consumable items",WS/MP18029/2025-2026/229695,2026-01-07,1250000.0,6.096910360443503,5.2644782788065365,0.4600527957855902,1.8094272858737832,47.0,354366.2008510638,3.871201010907891,3.527424446795255,-1,-0.008188782773648096,True
Lok Sabha,Uttar Pradesh,RAM PRASAD CHAUDHARY,BASTI,JAI CONSTRUCTION,Payment Success,"Construction of roads, link roads, pathways or any other road with or without drainage system",WS/MP18208/2025-2026/232651,2026-01-06,2242236.0,6.350681514749761,5.2394868954404945,0.5548947427641531,2.0025322528268346,156.0,846926.5128205129,5.056245805348308,2.647497706185509,-1,-0.008129845829544347,True
Rajya Sabha,Uttar Pradesh,Shri Naveen Jain (2024-30) (2024-2030),,DHIGARRA ASSOCIATES,Payment Success,"Construction of roads, link roads, pathways or any other road with or without drainage system",WS/MP18347/2026-2027/272760,2026-06-22,1673019.0,6.223501132736286,5.2394868954404945,0.5548947427641531,1.773334943477788,24.0,477787.125,3.2188758248682006,3.5015991692953214,-1,-0.008127479647732416,True
Lok Sabha,Odisha,SUKANTA KUMAR PANIGRAHI,KANDHAMAL,DMF FUND NAYAGARH,Payment Success,Construction of boundary walls of existing public and community buildings,WS/MP18350/2025-2026/178820,2026-05-12,60.0,1.7853298350107671,4.463319681510083,1.1908092186143866,-2.248882360530764,42.0,215.14285714285714,3.7612001156935624,0.27888446215139445,-1,-0.008075004804582453,True
Rajya Sabha,Punjab,Dr. Vikramjit Singh Sahney (2022-28) (2022-2028),,PANKAJ SADANA,Payment Success,Construction of community centers and community halls,WS/MP844/2025-2026/193471,2025-12-15,1740800.0,6.240749127497841,4.699928377134102,0.5546092002274752,2.7782098633267633,7.0,667084.7142857143,2.0794415416798357,2.6095636172146053,-1,-0.00806456174735437,True
Lok Sabha,Punjab,Smt Harsimrat Kaur Badal,BHATINDA,kissan Bhatta maur kalan,Payment Success,Construction of additional rooms and halls in the existing public and community building,WS/MP716/2025-2026/195398,2026-05-15,1837.0,3.2643455070500926,4.699928377134102,0.5546092002274752,-2.588458448751299,2.0,13158.5,1.0986122886681098,0.1396055781434054,-1,-0.007911582624373525,True
Lok Sabha,Odisha,Smt Aparajita Sarangi,BHUBANESWAR,TAHASILDAR BALIANTA,Payment Success,Installing community drinking water plants,WS/MP300/2024-2025/179265,2026-04-24,171.0,2.2355284469075487,4.463319681510083,1.1908092186143866,-1.870821286716918,4.0,8297.0,1.6094379124341003,0.020609858985175363,-1,-0.007898429031718335,True
Lok Sabha,Odisha,SUKANTA KUMAR PANIGRAHI,KANDHAMAL,DMF FUND NAYAGARH,Payment Success,Construction of buildings for community cultural activities,WS/MP18350/2025-2026/233094,2026-08-19,63.0,1.806179973983887,4.463319681510083,1.1908092186143866,-2.231373141885832,42.0,215.14285714285714,3.7612001156935624,0.29282868525896416,-1,-0.007849421571576753,True
Lok Sabha,Odisha,SUKANTA KUMAR PANIGRAHI,KANDHAMAL,DMF FUND NAYAGARH,Payment Success,Construction of community centers and community halls,WS/MP18350/2025-2026/178757,2026-01-21,63.0,1.806179973983887,4.463319681510083,1.1908092186143866,-2.231373141885832,42.0,215.14285714285714,3.7612001156935624,0.29282868525896416,-1,-0.007849421571576753,True
Lok Sabha,Odisha,Shri Bhartruhari Mahtab,CUTTACK,DMF FUND NAYAGARH,Payment Success,Construction of rooms and halls in school and colleges,WS/MP372/2025-2026/186018,2026-04-02,63.0,1.806179973983887,4.463319681510083,1.1908092186143866,-2.231373141885832,42.0,215.14285714285714,3.7612001156935624,0.29282868525896416,-1,-0.007849421571576753,True
Rajya Sabha,Uttar Pradesh,Shri Sanjay Seth (2024-30) (2024-2030),,BALAJI CONSTRUCTIONS,Payment Success,"Construction of roads, link roads, pathways or any other road with or without drainage system",WS/MP18302/2025-2026/192336,2025-09-25,2995533.0,6.476474253296634,5.2394868954404945,0.5548947427641531,2.2292288294068343,34.0,1269337.6176470588,3.5553480614894135,2.3599182426758523,-1,-0.007836116023741568,True
Rajya Sabha,Uttar Pradesh,Shri Ramji (2020-26) (2020-2026),,SHRI SAI ELECTRICAL SUPPLIERS CONTRACTOR,Payment Success,Lighting of public spaces,WS/MP198/2024-2025/176270,2025-06-04,3171990.0,6.501331946408529,5.2394868954404945,0.5548947427641531,2.274025961540523,48.0,1481119.1666666667,3.8918202981106265,2.141617009209815,-1,-0.007783119041180675,True
Rajya Sabha,Uttar Pradesh,Shri Arun Singh (2020-26) (2020-2026),,Ajay Kumar Singh,Payment Success,Construction of buildings for community cultural activities,WS/MP186/2025-2026/81793,2025-12-14,590000.0,5.770852747733863,5.2394868954404945,0.5548947427641531,0.9575975610192704,336.0,121453.13095238095,5.820082930352362,4.857841007255101,-1,-0.007766315874107033,True
Lok Sabha,Madhya Pradesh,DR. LATA WANKHEDE,SAGAR,SACHIV MP BHAVAN EAVAM ANYA SANIRMAN KARMKAR KALYAN MANDAL BHOPAL,Payment Success,Lighting of public spaces,WS/MP18108/2025-2026/208688,2026-05-26,2962.0,3.471731651480051,5.188665529226982,0.4692888662406491,-3.658586429933531,19.0,6865.368421052632,2.995732273553991,0.4314407936094203,-1,-0.007749817883286547,True
Lok Sabha,Odisha,SUKANTA KUMAR PANIGRAHI,KANDHAMAL,Tahasildar Daspalla,Payment Success,Construction of community centers and community halls,WS/MP18350/2025-2026/182276,2026-01-21,16112.0,4.2071764070951625,4.463319681510083,1.1908092186143866,-0.2151001776027284,8.0,3540.0,2.1972245773362196,4.551412429378531,-1,-0.007651645748055214,True
Lok Sabha,Odisha,ANANTA NAYAK,KEONJHAR(ST),EMF,Payment Success,"Construction of roads, link roads, pathways or any other road with or without drainage system",WS/MP18146/2025-2026/173457,2025-06-06,289.0,2.462397997898956,4.463319681510083,1.1908092186143866,-1.6803041598379456,158.0,190.0126582278481,5.0689042022202315,1.520951302378256,-1,-0.007562920371062654,True
Rajya Sabha,Bihar,Shri Shambhu Sharan Patel (2022-28) (2022-2028),,ASSISTANT ENGINEER BARH,Payment Success,"Construction of roads, link roads, pathways or any other road with or without drainage system",WS/MP001/2023-2024/12796,2023-11-03,1484974.0,6.171719142236773,5.736858468527226,0.41014968640951016,1.0602487046043103,119.0,341917.7731092437,4.787491742782046,4.343073442764692,-1,-0.007504098316565733,True
Rajya Sabha,Bihar,Dr. Dharmshila Gupta (2024-30) (2024-2030),,ASSISTANT ENGINEER BARH,Payment Success,"Construction of roads, link roads, pathways or any other road with or without drainage system",WS/MP18332/2026-2027/275306,2026-04-28,1483061.0,6.171159307262394,5.736858468527226,0.41014968640951016,1.0588837517762826,119.0,341917.7731092437,4.787491742782046,4.337478530331203,-1,-0.007504098316565733,True
Rajya Sabha,Bihar,Shri Shambhu Sharan Patel (2022-28) (2022-2028),,ASSISTANT ENGINEER BARH,Payment Success,"Construction of roads, link roads, pathways or any other road with or without drainage system",WS/MP001/2024-2025/136886,2025-03-21,1484751.0,6.171653918955545,5.736858468527226,0.41014968640951016,1.060089681488142,119.0,341917.7731092437,4.787491742782046,4.342421239172079,-1,-0.007504098316565733,True
Rajya Sabha,Bihar,Shri Shambhu Sharan Patel (2022-28) (2022-2028),,ASSISTANT ENGINEER BARH,Payment Success,"Construction of roads, link roads, pathways or any other road with or without drainage system",WS/MP001/2023-2024/12794,2023-10-13,1484400.0,6.171551238249054,5.736858468527226,0.41014968640951016,1.0598393321403483,119.0,341917.7731092437,4.787491742782046,4.341394676566667,-1,-0.007504098316565733,True
Rajya Sabha,Bihar,Shri Shambhu Sharan Patel (2022-28) (2022-2028),,ASSISTANT ENGINEER BARH,Payment Success,"Construction of roads, link roads, pathways or any other road with or without drainage system",WS/MP001/2023-2024/12797,2023-10-19,1484900.0,6.1716974997226295,5.736858468527226,0.41014968640951016,1.0601959372492187,119.0,341917.7731092437,4.787491742782046,4.342857016460417,-1,-0.007504098316565733,True
Rajya Sabha,Bihar,Shri Shambhu Sharan Patel (2022-28) (2022-2028),,ASSISTANT ENGINEER BARH,Payment Success,"Construction of roads, link roads, pathways or any other road with or without drainage system",WS/MP001/2023-2024/37287,2023-11-09,1484500.0,6.171580494484664,5.736858468527226,0.41014968640951016,1.0599106627705537,119.0,341917.7731092437,4.787491742782046,4.341687144545417,-1,-0.007504098316565733,True
Rajya Sabha,Bihar,Dr. Dharmshila Gupta (2024-30) (2024-2030),,ASSISTANT ENGINEER BARH,Payment Success,"Construction of roads, link roads, pathways or any other road with or without drainage system",WS/MP18332/2026-2027/275305,2026-04-28,1482880.0,6.171106300646068,5.736858468527226,0.41014968640951016,1.058754514529292,119.0,341917.7731092437,4.787491742782046,4.336949163289665,-1,-0.007504098316565733,True
Rajya Sabha,Bihar,Shri Shambhu Sharan Patel (2022-28) (2022-2028),,ASSISTANT ENGINEER BARH,Payment Success,"Construction of roads, link roads, pathways or any other road with or without drainage system",WS/MP001/2023-2024/12795,2023-10-13,1484894.0,6.1716957448769145,5.736858468527226,0.41014968640951016,1.0601916586997693,119.0,341917.7731092437,4.787491742782046,4.342839468381692,-1,-0.007504098316565733,True
Rajya Sabha,Bihar,Shri Shambhu Sharan Patel (2022-28) (2022-2028),,ASSISTANT ENGINEER BARH,Payment Success,"Construction of roads, link roads, pathways or any other road with or without drainage system",WS/MP001/2023-2024/1217,2023-09-19,1484550.0,6.171595121863435,5.736858468527226,0.41014968640951016,1.059946326283791,119.0,341917.7731092437,4.787491742782046,4.341833378534791,-1,-0.007504098316565733,True
Rajya Sabha,Bihar,Shri Shambhu Sharan Patel (2022-28) (2022-2028),,ASSISTANT ENGINEER BARH,Payment Success,"Construction of roads, link roads, pathways or any other road with or without drainage system",WS/MP001/2023-2024/1218,2023-12-27,1484940.0,6.171709198512852,5.736858468527226,0.41014968640951016,1.0602244604703999,119.0,341917.7731092437,4.787491742782046,4.342974003651917,-1,-0.007504098316565733,True
Rajya Sabha,Bihar,Shri Shambhu Sharan Patel (2022-28) (2022-2028),,ASSISTANT ENGINEER BARH,Payment Success,"Construction of roads, link roads, pathways or any other road with or without drainage system",WS/MP001/2023-2024/1493,2024-02-01,1484800.0,6.171668251368278,5.736858468527226,0.41014968640951016,1.0601246258345793,119.0,341917.7731092437,4.787491742782046,4.342564548481667,-1,-0.007504098316565733,True
Rajya Sabha,Bihar,Shri Shambhu Sharan Patel (2022-28) (2022-2028),,ASSISTANT ENGINEER BARH,Payment Success,"Construction of roads, link roads, pathways or any other road with or without drainage system",WS/MP001/2023-2024/1215,2023-09-16,1484933.0,6.171707151247312,5.736858468527226,0.41014968640951016,1.0602194689621576,119.0,341917.7731092437,4.787491742782046,4.342953530893404,-1,-0.007504098316565733,True
Rajya Sabha,Bihar,Shri Shambhu Sharan Patel (2022-28) (2022-2028),,ASSISTANT ENGINEER BARH,Payment Success,"Construction of roads, link roads, pathways or any other road with or without drainage system",WS/MP001/2023-2024/37288,2023-11-09,1484810.0,6.171671176292355,5.736858468527226,0.41014968640951016,1.0601317571921642,119.0,341917.7731092437,4.787491742782046,4.342593795279542,-1,-0.007504098316565733,True
Lok Sabha,West Bengal,Asit Kumar Mal,BOLPUR(SC),BIDYUT BHANDARI,Payment Success,Lighting of public spaces,WS/MP858/2025-2026/249576,2026-01-21,4899510.0,6.690152737049088,5.595904606090499,0.4383067199146974,2.4965351459168823,15.0,2474185.8,2.772588722239781,1.9802514427170346,-1,-0.0075028407422387255,True
Rajya Sabha,Jharkhand,Smt. Mahua Maji (2022-28) (2022-2028),,Executive engineer,Payment Success,Construction of community centers and community halls,WS/MP007/2024-2025/133443,2025-07-25,1149644.0,6.060563754838412,5.373590915581567,0.2986561582339397,2.300213206113547,174.0,410527.5862068966,5.1647859739235145,2.8004062056395047,-1,-0.007478198883340892,True
Lok Sabha,Odisha,NABA CHARAN MAJHI,MAYURBHANJ (ST),EMF,Payment Success,Construction of community centers and community halls,WS/MP18147/2025-2026/232498,2026-07-17,138.0,2.143014800254095,4.463319681510083,1.1908092186143866,-1.9485110166982678,158.0,190.0126582278481,5.0689042022202315,0.7262674039038038,-1,-0.007461636157090168,True
Lok Sabha,Odisha,ANANTA NAYAK,KEONJHAR(ST),EMF,Payment Success,Construction of community centers and community halls,WS/MP18146/2025-2026/173488,2026-07-20,136.0,2.1367205671564067,4.463319681510083,1.1908092186143866,-1.953796693865776,158.0,190.0126582278481,5.0689042022202315,0.7157417893544734,-1,-0.007461636157090168,True
Lok Sabha,Nagaland,S SUPONGMEREN JAMIR,NAGALAND,Imlichuba,Payment Success,"Purchase of ambulances (Four, three and two wheelers)",WS/MP18391/2026-2027/283790,2026-06-17,9900000.0,6.9956352384656775,5.8633420355944,0.5268381555701809,2.1492239901376,4.0,4725000.0,1.6094379124341003,2.0952380952380953,-1,-0.00745437868863108,True
Rajya Sabha,Odisha,Dr. Sasmit Patra (2022-28) (2022-2028),,EMF,Payment Success,Construction of rooms and halls in school and colleges,WS/MP131/2024-2025/92627,2026-06-24,261.0,2.4183012913197452,4.463319681510083,1.1908092186143866,-1.7173350342130376,158.0,190.0126582278481,5.0689042022202315,1.373592698687629,-1,-0.007422627104134882,True
Lok Sabha,Odisha,ANANTA NAYAK,KEONJHAR(ST),EMF,Payment Success,"Construction of roads, link roads, pathways or any other road with or without drainage system",WS/MP18146/2025-2026/175826,2025-11-02,259.0,2.4149733479708178,4.463319681510083,1.1908092186143866,-1.7201297248292218,158.0,190.0126582278481,5.0689042022202315,1.3630670841382986,-1,-0.007422627104134882,True
Lok Sabha,Odisha,ANANTA NAYAK,KEONJHAR(ST),EMF,Payment Success,Construction of public staircase/ stair ghat for public convenience,WS/MP18146/2025-2026/173925,2026-03-23,260.0,2.416640507338281,4.463319681510083,1.1908092186143866,-1.7187297026078596,158.0,190.0126582278481,5.0689042022202315,1.3683298914129638,-1,-0.007422627104134882,True
Lok Sabha,Odisha,ANANTA NAYAK,KEONJHAR(ST),EMF,Payment Success,"Construction of roads, link roads, pathways or any other road with or without drainage system",WS/MP18146/2025-2026/173918,2026-01-09,260.0,2.416640507338281,4.463319681510083,1.1908092186143866,-1.7187297026078596,158.0,190.0126582278481,5.0689042022202315,1.3683298914129638,-1,-0.007422627104134882,True
Lok Sabha,Odisha,ANANTA NAYAK,KEONJHAR(ST),EMF,Payment Success,"Construction of roads, link roads, pathways or any other road with or without drainage system",WS/MP18146/2025-2026/175827,2025-12-13,259.0,2.4149733479708178,4.463319681510083,1.1908092186143866,-1.7201297248292218,158.0,190.0126582278481,5.0689042022202315,1.3630670841382986,-1,-0.007422627104134882,True
Lok Sabha,Odisha,DHARMENDRA PRADHAN,SAMBALPUR,EMF,Payment In-Progress,Construction of public irrigation facilities,WS/MP18150/2026-2027/272770,2026-08-25,259.0,2.4149733479708178,4.463319681510083,1.1908092186143866,-1.7201297248292218,158.0,190.0126582278481,5.0689042022202315,1.3630670841382986,-1,-0.007422627104134882,True
Lok Sabha,Odisha,ANANTA NAYAK,KEONJHAR(ST),EMF,Payment Success,"Construction of roads, link roads, pathways or any other road with or without drainage system",WS/MP18146/2025-2026/173956,2026-07-18,259.0,2.4149733479708178,4.463319681510083,1.1908092186143866,-1.7201297248292218,158.0,190.0126582278481,5.0689042022202315,1.3630670841382986,-1,-0.007422627104134882,True
Lok Sabha,Odisha,Smt Aparajita Sarangi,BHUBANESWAR,EMF,Payment In-Progress,Construction of public libraries and reading rooms,WS/MP300/2025-2026/157040,2026-08-30,261.0,2.4183012913197452,4.463319681510083,1.1908092186143866,-1.7173350342130376,158.0,190.0126582278481,5.0689042022202315,1.373592698687629,-1,-0.007422627104134882,True
Rajya Sabha,Bihar,Shri Shambhu Sharan Patel (2022-28) (2022-2028),,ASSISTANT ENGINEER BARH,Payment Success,"Construction of roads, link roads, pathways or any other road with or without drainage system",WS/MP001/2023-2024/1216,2023-09-16,1486089.0,6.172045111793182,5.736858468527226,0.41014968640951016,1.061043462145788,119.0,341917.7731092437,4.787491742782046,4.346334460727756,-1,-0.007219760125746544,True
Lok Sabha,Odisha,Smt Aparajita Sarangi,BHUBANESWAR,EMF,Payment Success,Construction of public libraries and reading rooms,WS/MP300/2025-2026/190824,2026-01-22,269.0,2.4313637641589874,4.463319681510083,1.1908092186143866,-1.7063656256503112,158.0,190.0126582278481,5.0689042022202315,1.415695156884951,-1,-0.007202375721082177,True
Lok Sabha,Odisha,ANANTA NAYAK,KEONJHAR(ST),EMF,Payment Success,Construction of community centers and community halls,WS/MP18146/2025-2026/173900,2026-03-23,281.0,2.450249108319361,4.463319681510083,1.1908092186143866,-1.6905063730805767,158.0,190.0126582278481,5.0689042022202315,1.478848844180934,-1,-0.007202375721082177,True
Lok Sabha,Odisha,ANANTA NAYAK,KEONJHAR(ST),EMF,Payment Success,"Construction of roads, link roads, pathways or any other road with or without drainage system",WS/MP18146/2026-2027/177755,2026-08-21,284.0,2.45484486000851,4.463319681510083,1.1908092186143866,-1.686647021290794,158.0,190.0126582278481,5.0689042022202315,1.4946372660049296,-1,-0.007202375721082177,True
Lok Sabha,Odisha,Smt Aparajita Sarangi,BHUBANESWAR,EMF,Payment Success,Construction of public libraries and reading rooms,WS/MP300/2024-2025/157103,2025-10-04,284.0,2.45484486000851,4.463319681510083,1.1908092186143866,-1.686647021290794,158.0,190.0126582278481,5.0689042022202315,1.4946372660049296,-1,-0.007202375721082177,True
Lok Sabha,Odisha,ANANTA NAYAK,KEONJHAR(ST),EMF,Payment Success,Construction of community centers and community halls,WS/MP18146/2026-2027/250774,2026-08-20,140.0,2.1492191126553797,4.463319681510083,1.1908092186143866,-1.9433008517916643,158.0,190.0126582278481,5.0689042022202315,0.7367930184531344,-1,-0.007177317114829385,True
Rajya Sabha,Jharkhand,Shri Pradip Kumar Varma (2024-30) (2024-2030),,SANJEET KUMAR,Payment Success,"Construction of roads, link roads, pathways or any other road with or without drainage system",WS/MP18349/2025-2026/241067,2026-04-10,662530.0,5.821206203837468,5.373590915581567,0.2986561582339397,1.4987646359037414,115.0,145439.4347826087,4.7535901911063645,4.555366988260764,-1,-0.0071079572611199016,True
Lok Sabha,Punjab,DR. RAJ KUMAR CHABBEWAL,HOSHIARPUR(SC),SOLERGY SOLUTIONS,Payment Success,Development of public parks,WS/MP18155/2024-2025/141698,2026-01-05,1760.0,3.245759355967277,4.699928377134102,0.5546092002274752,-2.6219706066368738,6.0,170800.0,1.9459101490553132,0.010304449648711944,-1,-0.007100848910945201,True
Lok Sabha,Uttarakhand,Mala Rajya Laxmi Shah,TEHRI GARHWAL,SAI ENTERPRISES,Payment Success,Construction of footpaths and pedestrian ways,WS/MP478/2024-2025/149449,2024-12-19,1871300.0,6.272143649672686,4.575890061676738,0.7785953606778007,2.1786073661154197,188.0,747351.1808510638,5.241747015059643,2.503909872556852,-1,-0.007091315565943224,True
Lok Sabha,Gujarat,CHANDUBHAI CHHAGANBHAI SHIHORA,SURENDRANAGAR,DEDUCTION ACCOUNT,Payment Success,Construction of boundary walls of existing public and community buildings,WS/MP18326/2026-2027/259245,2026-07-20,4761.0,3.677789391068861,5.406212311570647,0.33663521492486204,-5.134409128550542,3.0,3502.6666666666665,1.3862943611198906,1.3592500951655881,-1,-0.007063907536338565,True
Lok Sabha,Gujarat,CHANDUBHAI CHHAGANBHAI SHIHORA,SURENDRANAGAR,LABOUR CESS MPLADS DUDCTION,Payment Success,"Construction of roads, link roads, pathways or any other road with or without drainage system",WS/MP18326/2025-2026/238401,2026-07-15,4997.0,3.6987962517904314,5.406212311570647,0.33663521492486204,-5.072006682846046,3.0,3663.3333333333335,1.3862943611198906,1.3640582347588717,-1,-0.007063907536338565,True
Lok Sabha,Gujarat,CHANDUBHAI CHHAGANBHAI SHIHORA,SURENDRANAGAR,AMRUT ENTERPRISE,Payment Success,"Construction of roads, link roads, pathways or any other road with or without drainage system",WS/MP18326/2025-2026/238403,2026-05-14,8640.0,3.936564005135266,5.406212311570647,0.33663521492486204,-4.365699847425084,6.0,91933.5,1.9459101490553132,0.09398097537894239,-1,-0.007019719994138085,True
Rajya Sabha,Uttar Pradesh,Smt. Darshana Singh (2022-28) (2022-2028),,RAMJI CONSTRUCTION,Payment Success,Lighting of public spaces,WS/MP203/2025-2026/194799,2025-06-12,5227200.0,6.718269200214933,5.2394868954404945,0.5548947427641531,2.6649780414354463,58.0,2902403.4482758623,4.07753744390572,1.800990142533477,-1,-0.007012511828191181,True
Rajya Sabha,Punjab,Dr. Sandeep Kumar Pathak (2022-28) (2022-2028),,Ranjeet Tile Industries,Payment In-Progress,"Construction of roads, link roads, pathways or any other road with or without drainage system",WS/MP235/2026-2027/301955,2026-08-28,333800.0,5.523487633403238,4.699928377134102,0.5546092002274752,1.4849361603293814,102.0,71823.09803921569,4.634728988229636,4.647529960594904,-1,-0.007011913097100919,True
Lok Sabha,Madhya Pradesh,RAHUL SINGH LODHI,DAMOH,MP STATE AGRO INDUSTRIES DEVELOPMENT CORPORATION LTD DAMOH,Payment Success,Purchase of non-conventional energy system and devices for community use,WS/MP18101/2025-2026/229643,2025-12-12,903120.0,5.95574594091357,5.188665529226982,0.4692888662406491,1.6345591529402121,99.0,215792.202020202,4.605170185988092,4.185137329084078,-1,-0.0070116473486254716,True
Lok Sabha,Odisha,Shri Bhartruhari Mahtab,CUTTACK,DMF FUND NAYAGARH,Payment Success,Construction of buildings for community cultural activities,WS/MP372/2025-2026/186019,2026-08-19,430.0,2.6344772701607315,4.463319681510083,1.1908092186143866,-1.5357979958178138,42.0,215.14285714285714,3.7612001156935624,1.99867197875166,-1,-0.006975888766653893,True
Lok Sabha,Uttar Pradesh,RAKESH RATHOR,SITAPUR,EE EDD I SITAPUR,Payment Success,Lighting of public spaces,WS/MP18241/2025-2026/174147,2026-05-16,161454.0,5.208051498958542,5.2394868954404945,0.5548947427641531,-0.05665109805394795,21.0,22811.904761904763,3.091042453358316,7.077620290157603,-1,-0.006970777286535279,True
Lok Sabha,Uttar Pradesh,Vijay Kumar Dubey,KUSHI NAGAR,MAHI ENTERPRISES,Payment Success,"Construction of roads, link roads, pathways or any other road with or without drainage system",WS/MP812/2025-2026/206833,2025-11-18,898710.0,5.953620057380042,5.2394868954404945,0.5548947427641531,1.2869704953090095,256.0,209535.93359375,5.54907608489522,4.289049541938837,-1,-0.006942374404527052,True
Lok Sabha,Odisha,ANANTA NAYAK,KEONJHAR(ST),EMF,Payment Success,"Construction of roads, link roads, pathways or any other road with or without drainage system",WS/MP18146/2025-2026/174005,2026-06-30,278.0,2.4456042032735974,4.463319681510083,1.1908092186143866,-1.6944070021428612,158.0,190.0126582278481,5.0689042022202315,1.4630604223569381,-1,-0.0069181735938271816,True
Lok Sabha,Madhya Pradesh,ALOK SHARMA,BHOPAL,Babachiya,Payment Success,Construction of buildings for community cultural activities,WS/MP18099/2026-2027/274495,2026-06-12,1750000.0,6.243038296854499,5.188665529226982,0.4692888662406491,2.2467457540039732,4.0,625000.0,1.6094379124341003,2.8,-1,-0.006886239306635122,True
Lok Sabha,Uttar Pradesh,UJJWAL RAMAN SINGH,ALLAHABAD,shivam construction Sures chandra yadav,Payment Success,Installing hand pumps,WS/MP18198/2025-2026/235614,2026-03-11,3405483.0,6.532178844175805,5.2394868954404945,0.5548947427641531,2.3296165004121208,12.0,1409373.5833333333,2.5649493574615367,2.4163096571922646,-1,-0.006884586088745759,True
Lok Sabha,Odisha,SUKANTA KUMAR PANIGRAHI,KANDHAMAL,DMF FUND NAYAGARH,Payment Success,Construction of boundary walls of existing public and community buildings,WS/MP18350/2025-2026/178765,2026-03-17,53.0,1.7323937598229686,4.463319681510083,1.1908092186143866,-2.29333622800199,42.0,215.14285714285714,3.7612001156935624,0.24634794156706508,-1,-0.0068784649369794115,True
Lok Sabha,Jharkhand,DULU MAHATO,DHANBAD,BIRENDRA KUMAR MAHATO,Payment Success,Construction of community centers and community halls,WS/MP18072/2025-2026/200055,2025-10-15,750000.0,5.875061842450624,5.373590915581567,0.2986561582339397,1.6790911991717592,216.0,191238.42592592593,5.37989735354046,3.921805967439327,-1,-0.0067934986949035325,True
Lok Sabha,Odisha,Smt Aparajita Sarangi,BHUBANESWAR,EMF,Payment Success,Construction of public libraries and reading rooms,WS/MP300/2025-2026/157039,2026-05-13,276.0,2.4424797690644486,4.463319681510083,1.1908092186143866,-1.6970307928897823,158.0,190.0126582278481,5.0689042022202315,1.4525348078076077,-1,-0.0066340996291788246,True
Lok Sabha,Uttar Pradesh,RAMASHANKAR RAJBHAR,SALEMPUR,GAURI ENTER PRISES,Payment Success,"Construction of roads, link roads, pathways or any other road with or without drainage system",WS/MP18238/2025-2026/154855,2026-01-17,986813.0,5.99423530222793,5.2394868954404945,0.5548947427641531,1.3601649981899842,53.0,205810.77358490566,3.9889840465642745,4.794758713604941,-1,-0.006604092149355645,True
Rajya Sabha,Bihar,Shri Satish Chandra Dubey (2022-28) (2022-2028),,ASSISTANT ENGINEER BARH,Payment Success,"Construction of roads, link roads, pathways or any other road with or without drainage system",WS/MP052/2023-2024/19505,2023-12-29,1435329.0,6.156951762186789,5.736858468527226,0.41014968640951016,1.0242438494518917,119.0,341917.7731092437,4.787491742782046,4.197877714714199,-1,-0.0065759319363182245,True
Lok Sabha,Punjab,Shri Amar Singh,FATEHGARH SAHIB(SC),SIDHU TRADERS,Payment Success,"Construction of roads, link roads, pathways or any other road with or without drainage system",WS/MP380/2025-2026/209169,2025-08-27,700700.0,5.845532737294021,4.699928377134102,0.5546092002274752,2.065606484151444,4.0,194762.5,1.6094379124341003,3.5977151659071946,-1,-0.006564741921760375,True
Lok Sabha,Punjab,Smt Harsimrat Kaur Badal,BHATINDA,Shri Ram Trading co,Payment Success,"Construction of roads, link roads, pathways or any other road with or without drainage system",WS/MP716/2025-2026/188928,2025-06-16,1504.0,3.1775364999298623,4.699928377134102,0.5546092002274752,-2.7449812887702265,8.0,13287.75,2.1972245773362196,0.11318695791236288,-1,-0.0065455122552978695,True
Rajya Sabha,West Bengal,Shri Derek O' Brien (2023-29) (2023-2029),,WEST BENGAL MEDICAL SERVICES CORPORATION LIMITED,Payment Success,"Purchase of vehicle for mobile dispensaries (Four, three and two wheelers)",WS/MP220/2024-2025/171199,2026-02-07,8788.0,3.9439394644722165,5.595904606090499,0.4383067199146974,-3.7689706010890847,41.0,93199.19512195123,3.7376696182833684,0.0942926598078545,-1,-0.006525866755947907,True
Lok Sabha,Assam,GAURAV GOGOI,JORHAT,Binud Gogoi,Payment Success,Construction of culverts and bridges,WS/MP18024/2025-2026/206717,2026-02-20,3800.0,3.5798978696031036,5.2644782788065365,0.4600527957855902,-3.661711057155578,5.0,16333.0,1.791759469228055,0.2326578093430478,-1,-0.006485696174340472,True
Lok Sabha,Odisha,ANANTA NAYAK,KEONJHAR(ST),EMF,Payment Success,"Construction of roads, link roads, pathways or any other road with or without drainage system",WS/MP18146/2025-2026/173897,2026-01-08,252.0,2.403120521175818,4.463319681510083,1.1908092186143866,-1.7300833148835477,158.0,190.0126582278481,5.0689042022202315,1.3262274332156418,-1,-0.006427793848581387,True
Lok Sabha,Odisha,ANANTA NAYAK,KEONJHAR(ST),EMF,Payment Success,"Construction of roads, link roads, pathways or any other road with or without drainage system",WS/MP18146/2025-2026/175825,2025-11-02,249.0,2.3979400086720375,4.463319681510083,1.1908092186143866,-1.7344337283862317,158.0,190.0126582278481,5.0689042022202315,1.310439011391646,-1,-0.006427793848581387,True
Lok Sabha,Odisha,Smt Aparajita Sarangi,BHUBANESWAR,EMF,Payment Success,Construction of public libraries and reading rooms,WS/MP300/2026-2027/199505,2026-08-06,249.0,2.3979400086720375,4.463319681510083,1.1908092186143866,-1.7344337283862317,158.0,190.0126582278481,5.0689042022202315,1.310439011391646,-1,-0.006427793848581387,True
Lok Sabha,Odisha,ANANTA NAYAK,KEONJHAR(ST),EMF,Payment Success,"Construction of roads, link roads, pathways or any other road with or without drainage system",WS/MP18146/2025-2026/173694,2025-12-19,250.0,2.399673721481038,4.463319681510083,1.1908092186143866,-1.7329778169086418,158.0,190.0126582278481,5.0689042022202315,1.3157018186663114,-1,-0.006427793848581387,True
Lok Sabha,Odisha,ANANTA NAYAK,KEONJHAR(ST),DMFT Fund,Payment Success,Construction of community centers and community halls,WS/MP18146/2025-2026/250838,2026-08-18,88.0,1.9493900066449128,4.463319681510083,1.1908092186143866,-2.111110357199244,16.0,655.5,2.833213344056216,0.13424866514111367,-1,-0.0064227174649420515,True
Lok Sabha,Odisha,ANANTA NAYAK,KEONJHAR(ST),EMF,Payment Success,"Construction of roads, link roads, pathways or any other road with or without drainage system",WS/MP18146/2025-2026/172636,2025-09-25,287.0,2.459392487759231,4.463319681510083,1.1908092186143866,-1.6828280823040667,158.0,190.0126582278481,5.0689042022202315,1.5104256878289255,-1,-0.006392267370332827,True
Lok Sabha,Odisha,SUKANTA KUMAR PANIGRAHI,KANDHAMAL,Block Development Officer Daspalla,Payment Success,Construction of community centers and community halls,WS/MP18350/2025-2026/178757,2026-01-21,179.0,2.255272505103306,4.463319681510083,1.1908092186143866,-1.8542409160856501,29.0,4674.9655172413795,3.4011973816621555,0.038289052473188076,-1,-0.006283966540286623,True
Lok Sabha,Odisha,SAMBIT PATRA,PURI,MEMBER SECY OB AND OC WWB BBSR,Payment Success,Street lights,WS/MP18149/2025-2026/183180,2026-03-09,400.0,2.603144372620182,4.463319681510083,1.1908092186143866,-1.5621102690608846,438.0,2330.735159817352,6.0844994130751715,0.17161967043537715,-1,-0.006249723362740989,True
Lok Sabha,Odisha,SAMBIT PATRA,PURI,MEMBER SECY OB AND OC WWB BBSR,Payment Success,Street lights,WS/MP18149/2025-2026/183179,2026-03-09,400.0,2.603144372620182,4.463319681510083,1.1908092186143866,-1.5621102690608846,438.0,2330.735159817352,6.0844994130751715,0.17161967043537715,-1,-0.006249723362740989,True
Lok Sabha,Odisha,SAMBIT PATRA,PURI,MEMBER SECY OB AND OC WWB BBSR,Payment Success,Street lights,WS/MP18149/2025-2026/183211,2026-03-09,400.0,2.603144372620182,4.463319681510083,1.1908092186143866,-1.5621102690608846,438.0,2330.735159817352,6.0844994130751715,0.17161967043537715,-1,-0.006249723362740989,True
Lok Sabha,Odisha,SAMBIT PATRA,PURI,MEMBER SECY OB AND OC WWB BBSR,Payment Success,Street lights,WS/MP18149/2025-2026/183212,2026-03-09,400.0,2.603144372620182,4.463319681510083,1.1908092186143866,-1.5621102690608846,438.0,2330.735159817352,6.0844994130751715,0.17161967043537715,-1,-0.006249723362740989,True
Lok Sabha,Odisha,SAMBIT PATRA,PURI,MEMBER SECY OB AND OC WWB BBSR,Payment Success,Street lights,WS/MP18149/2025-2026/183234,2026-03-09,400.0,2.603144372620182,4.463319681510083,1.1908092186143866,-1.5621102690608846,438.0,2330.735159817352,6.0844994130751715,0.17161967043537715,-1,-0.006249723362740989,True
Lok Sabha,Odisha,SAMBIT PATRA,PURI,MEMBER SECY OB AND OC WWB BBSR,Payment Success,Street lights,WS/MP18149/2025-2026/183202,2026-03-09,400.0,2.603144372620182,4.463319681510083,1.1908092186143866,-1.5621102690608846,438.0,2330.735159817352,6.0844994130751715,0.17161967043537715,-1,-0.006249723362740989,True
Lok Sabha,Odisha,SAMBIT PATRA,PURI,MEMBER SECY OB AND OC WWB BBSR,Payment Success,Street lights,WS/MP18149/2025-2026/183533,2025-12-26,400.0,2.603144372620182,4.463319681510083,1.1908092186143866,-1.5621102690608846,438.0,2330.735159817352,6.0844994130751715,0.17161967043537715,-1,-0.006249723362740989,True
Lok Sabha,Odisha,SAMBIT PATRA,PURI,MEMBER SECY OB AND OC WWB BBSR,Payment Success,Street lights,WS/MP18149/2025-2026/183216,2026-03-24,400.0,2.603144372620182,4.463319681510083,1.1908092186143866,-1.5621102690608846,438.0,2330.735159817352,6.0844994130751715,0.17161967043537715,-1,-0.006249723362740989,True
Lok Sabha,Odisha,SAMBIT PATRA,PURI,MEMBER SECY OB AND OC WWB BBSR,Payment Success,Street lights,WS/MP18149/2025-2026/183178,2026-03-24,400.0,2.603144372620182,4.463319681510083,1.1908092186143866,-1.5621102690608846,438.0,2330.735159817352,6.0844994130751715,0.17161967043537715,-1,-0.006249723362740989,True
Lok Sabha,Odisha,SAMBIT PATRA,PURI,MEMBER SECY OB AND OC WWB BBSR,Payment Success,Street lights,WS/MP18149/2025-2026/183223,2026-03-24,400.0,2.603144372620182,4.463319681510083,1.1908092186143866,-1.5621102690608846,438.0,2330.735159817352,6.0844994130751715,0.17161967043537715,-1,-0.006249723362740989,True
Lok Sabha,Odisha,SAMBIT PATRA,PURI,MEMBER SECY OB AND OC WWB BBSR,Payment Success,Street lights,WS/MP18149/2025-2026/183240,2026-03-07,400.0,2.603144372620182,4.463319681510083,1.1908092186143866,-1.5621102690608846,438.0,2330.735159817352,6.0844994130751715,0.17161967043537715,-1,-0.006249723362740989,True
Lok Sabha,Odisha,SAMBIT PATRA,PURI,MEMBER SECY OB AND OC WWB BBSR,Payment Success,Street lights,WS/MP18149/2025-2026/183531,2025-12-26,400.0,2.603144372620182,4.463319681510083,1.1908092186143866,-1.5621102690608846,438.0,2330.735159817352,6.0844994130751715,0.17161967043537715,-1,-0.006249723362740989,True
Lok Sabha,Odisha,SAMBIT PATRA,PURI,MEMBER SECY OB AND OC WWB BBSR,Payment Success,Street lights,WS/MP18149/2025-2026/183535,2025-12-26,400.0,2.603144372620182,4.463319681510083,1.1908092186143866,-1.5621102690608846,438.0,2330.735159817352,6.0844994130751715,0.17161967043537715,-1,-0.006249723362740989,True
Lok Sabha,Odisha,SAMBIT PATRA,PURI,MEMBER SECY OB AND OC WWB BBSR,Payment Success,Street lights,WS/MP18149/2025-2026/183532,2025-12-26,400.0,2.603144372620182,4.463319681510083,1.1908092186143866,-1.5621102690608846,438.0,2330.735159817352,6.0844994130751715,0.17161967043537715,-1,-0.006249723362740989,True
Lok Sabha,Odisha,SAMBIT PATRA,PURI,MEMBER SECY OB AND OC WWB BBSR,Payment Success,Street lights,WS/MP18149/2025-2026/183187,2026-03-24,400.0,2.603144372620182,4.463319681510083,1.1908092186143866,-1.5621102690608846,438.0,2330.735159817352,6.0844994130751715,0.17161967043537715,-1,-0.006249723362740989,True
Lok Sabha,Odisha,SAMBIT PATRA,PURI,MEMBER SECY OB AND OC WWB BBSR,Payment Success,Street lights,WS/MP18149/2025-2026/183220,2026-03-24,400.0,2.603144372620182,4.463319681510083,1.1908092186143866,-1.5621102690608846,438.0,2330.735159817352,6.0844994130751715,0.17161967043537715,-1,-0.006249723362740989,True
Lok Sabha,Odisha,SAMBIT PATRA,PURI,MEMBER SECY OB AND OC WWB BBSR,Payment Success,Street lights,WS/MP18149/2025-2026/183189,2026-03-07,400.0,2.603144372620182,4.463319681510083,1.1908092186143866,-1.5621102690608846,438.0,2330.735159817352,6.0844994130751715,0.17161967043537715,-1,-0.006249723362740989,True
Lok Sabha,Odisha,SAMBIT PATRA,PURI,MEMBER SECY OB AND OC WWB BBSR,Payment Success,Street lights,WS/MP18149/2025-2026/183238,2026-03-07,400.0,2.603144372620182,4.463319681510083,1.1908092186143866,-1.5621102690608846,438.0,2330.735159817352,6.0844994130751715,0.17161967043537715,-1,-0.006249723362740989,True
Lok Sabha,Odisha,SAMBIT PATRA,PURI,MEMBER SECY OB AND OC WWB BBSR,Payment Success,Street lights,WS/MP18149/2025-2026/183534,2025-12-26,400.0,2.603144372620182,4.463319681510083,1.1908092186143866,-1.5621102690608846,438.0,2330.735159817352,6.0844994130751715,0.17161967043537715,-1,-0.006249723362740989,True
Lok Sabha,Odisha,SAMBIT PATRA,PURI,MEMBER SECY OB AND OC WWB BBSR,Payment Success,Street lights,WS/MP18149/2025-2026/183239,2026-03-07,400.0,2.603144372620182,4.463319681510083,1.1908092186143866,-1.5621102690608846,438.0,2330.735159817352,6.0844994130751715,0.17161967043537715,-1,-0.006249723362740989,True
Lok Sabha,Odisha,SAMBIT PATRA,PURI,MEMBER SECY OB AND OC WWB BBSR,Payment Success,Street lights,WS/MP18149/2025-2026/183536,2025-12-26,400.0,2.603144372620182,4.463319681510083,1.1908092186143866,-1.5621102690608846,438.0,2330.735159817352,6.0844994130751715,0.17161967043537715,-1,-0.006249723362740989,True
Lok Sabha,Odisha,SAMBIT PATRA,PURI,MEMBER SECY OB AND OC WWB BBSR,Payment Success,Street lights,WS/MP18149/2025-2026/183530,2025-12-26,400.0,2.603144372620182,4.463319681510083,1.1908092186143866,-1.5621102690608846,438.0,2330.735159817352,6.0844994130751715,0.17161967043537715,-1,-0.006249723362740989,True
Lok Sabha,Odisha,SAMBIT PATRA,PURI,MEMBER SECY OB AND OC WWB BBSR,Payment Success,Street lights,WS/MP18149/2025-2026/183524,2025-12-26,400.0,2.603144372620182,4.463319681510083,1.1908092186143866,-1.5621102690608846,438.0,2330.735159817352,6.0844994130751715,0.17161967043537715,-1,-0.006249723362740989,True
Lok Sabha,Odisha,SAMBIT PATRA,PURI,MEMBER SECY OB AND OC WWB BBSR,Payment Success,Street lights,WS/MP18149/2025-2026/183538,2026-01-07,400.0,2.603144372620182,4.463319681510083,1.1908092186143866,-1.5621102690608846,438.0,2330.735159817352,6.0844994130751715,0.17161967043537715,-1,-0.006249723362740989,True
Lok Sabha,Odisha,SAMBIT PATRA,PURI,MEMBER SECY OB AND OC WWB BBSR,Payment Success,Street lights,WS/MP18149/2025-2026/183554,2026-01-01,400.0,2.603144372620182,4.463319681510083,1.1908092186143866,-1.5621102690608846,438.0,2330.735159817352,6.0844994130751715,0.17161967043537715,-1,-0.006249723362740989,True
Lok Sabha,Odisha,SAMBIT PATRA,PURI,MEMBER SECY OB AND OC WWB BBSR,Payment Success,Street lights,WS/MP18149/2025-2026/183177,2026-03-24,400.0,2.603144372620182,4.463319681510083,1.1908092186143866,-1.5621102690608846,438.0,2330.735159817352,6.0844994130751715,0.17161967043537715,-1,-0.006249723362740989,True
Lok Sabha,Odisha,SAMBIT PATRA,PURI,MEMBER SECY OB AND OC WWB BBSR,Payment Success,Street lights,WS/MP18149/2025-2026/183188,2026-03-24,400.0,2.603144372620182,4.463319681510083,1.1908092186143866,-1.5621102690608846,438.0,2330.735159817352,6.0844994130751715,0.17161967043537715,-1,-0.006249723362740989,True
Lok Sabha,Odisha,SAMBIT PATRA,PURI,MEMBER SECY OB AND OC WWB BBSR,Payment Success,Street lights,WS/MP18149/2025-2026/183203,2026-03-24,400.0,2.603144372620182,4.463319681510083,1.1908092186143866,-1.5621102690608846,438.0,2330.735159817352,6.0844994130751715,0.17161967043537715,-1,-0.006249723362740989,True
Lok Sabha,Odisha,SAMBIT PATRA,PURI,MEMBER SECY OB AND OC WWB BBSR,Payment Success,Street lights,WS/MP18149/2025-2026/183242,2026-03-09,400.0,2.603144372620182,4.463319681510083,1.1908092186143866,-1.5621102690608846,438.0,2330.735159817352,6.0844994130751715,0.17161967043537715,-1,-0.006249723362740989,True
Lok Sabha,Odisha,SAMBIT PATRA,PURI,MEMBER SECY OB AND OC WWB BBSR,Payment Success,Street lights,WS/MP18149/2025-2026/183201,2026-03-09,400.0,2.603144372620182,4.463319681510083,1.1908092186143866,-1.5621102690608846,438.0,2330.735159817352,6.0844994130751715,0.17161967043537715,-1,-0.006249723362740989,True
Lok Sabha,Odisha,SAMBIT PATRA,PURI,MEMBER SECY OB AND OC WWB BBSR,Payment Success,Street lights,WS/MP18149/2025-2026/183194,2026-03-09,400.0,2.603144372620182,4.463319681510083,1.1908092186143866,-1.5621102690608846,438.0,2330.735159817352,6.0844994130751715,0.17161967043537715,-1,-0.006249723362740989,True
Lok Sabha,Odisha,SAMBIT PATRA,PURI,MEMBER SECY OB AND OC WWB BBSR,Payment Success,Street lights,WS/MP18149/2025-2026/183243,2026-03-09,400.0,2.603144372620182,4.463319681510083,1.1908092186143866,-1.5621102690608846,438.0,2330.735159817352,6.0844994130751715,0.17161967043537715,-1,-0.006249723362740989,True
Lok Sabha,Odisha,SAMBIT PATRA,PURI,MEMBER SECY OB AND OC WWB BBSR,Payment Success,Street lights,WS/MP18149/2025-2026/183581,2026-01-07,400.0,2.603144372620182,4.463319681510083,1.1908092186143866,-1.5621102690608846,438.0,2330.735159817352,6.0844994130751715,0.17161967043537715,-1,-0.006249723362740989,True
Lok Sabha,Odisha,SAMBIT PATRA,PURI,MEMBER SECY OB AND OC WWB BBSR,Payment Success,Street lights,WS/MP18149/2025-2026/183517,2026-01-01,400.0,2.603144372620182,4.463319681510083,1.1908092186143866,-1.5621102690608846,438.0,2330.735159817352,6.0844994130751715,0.17161967043537715,-1,-0.006249723362740989,True
Lok Sabha,Odisha,SAMBIT PATRA,PURI,MEMBER SECY OB AND OC WWB BBSR,Payment Success,Street lights,WS/MP18149/2025-2026/183509,2026-01-01,400.0,2.603144372620182,4.463319681510083,1.1908092186143866,-1.5621102690608846,438.0,2330.735159817352,6.0844994130751715,0.17161967043537715,-1,-0.006249723362740989,True
Lok Sabha,Odisha,SAMBIT PATRA,PURI,MEMBER SECY OB AND OC WWB BBSR,Payment Success,Street lights,WS/MP18149/2025-2026/183564,2026-01-01,400.0,2.603144372620182,4.463319681510083,1.1908092186143866,-1.5621102690608846,438.0,2330.735159817352,6.0844994130751715,0.17161967043537715,-1,-0.006249723362740989,True
Lok Sabha,Odisha,SAMBIT PATRA,PURI,MEMBER SECY OB AND OC WWB BBSR,Payment Success,Street lights,WS/MP18149/2025-2026/183519,2026-01-01,400.0,2.603144372620182,4.463319681510083,1.1908092186143866,-1.5621102690608846,438.0,2330.735159817352,6.0844994130751715,0.17161967043537715,-1,-0.006249723362740989,True
Lok Sabha,Odisha,SAMBIT PATRA,PURI,MEMBER SECY OB AND OC WWB BBSR,Payment Success,Street lights,WS/MP18149/2025-2026/183512,2026-01-01,400.0,2.603144372620182,4.463319681510083,1.1908092186143866,-1.5621102690608846,438.0,2330.735159817352,6.0844994130751715,0.17161967043537715,-1,-0.006249723362740989,True
Lok Sabha,Odisha,SAMBIT PATRA,PURI,MEMBER SECY OB AND OC WWB BBSR,Payment Success,Street lights,WS/MP18149/2025-2026/183516,2026-01-01,400.0,2.603144372620182,4.463319681510083,1.1908092186143866,-1.5621102690608846,438.0,2330.735159817352,6.0844994130751715,0.17161967043537715,-1,-0.006249723362740989,True
Lok Sabha,Odisha,SAMBIT PATRA,PURI,MEMBER SECY OB AND OC WWB BBSR,Payment Success,Street lights,WS/MP18149/2025-2026/183241,2026-03-24,400.0,2.603144372620182,4.463319681510083,1.1908092186143866,-1.5621102690608846,438.0,2330.735159817352,6.0844994130751715,0.17161967043537715,-1,-0.006249723362740989,True
Lok Sabha,Odisha,SAMBIT PATRA,PURI,MEMBER SECY OB AND OC WWB BBSR,Payment Success,Street lights,WS/MP18149/2025-2026/183226,2026-03-24,400.0,2.603144372620182,4.463319681510083,1.1908092186143866,-1.5621102690608846,438.0,2330.735159817352,6.0844994130751715,0.17161967043537715,-1,-0.006249723362740989,True
Lok Sabha,Odisha,SAMBIT PATRA,PURI,MEMBER SECY OB AND OC WWB BBSR,Payment Success,Street lights,WS/MP18149/2025-2026/183557,2026-01-01,400.0,2.603144372620182,4.463319681510083,1.1908092186143866,-1.5621102690608846,438.0,2330.735159817352,6.0844994130751715,0.17161967043537715,-1,-0.006249723362740989,True
Lok Sabha,Odisha,SAMBIT PATRA,PURI,MEMBER SECY OB AND OC WWB BBSR,Payment Success,Street lights,WS/MP18149/2025-2026/183511,2025-12-26,400.0,2.603144372620182,4.463319681510083,1.1908092186143866,-1.5621102690608846,438.0,2330.735159817352,6.0844994130751715,0.17161967043537715,-1,-0.006249723362740989,True
Lok Sabha,Odisha,SAMBIT PATRA,PURI,MEMBER SECY OB AND OC WWB BBSR,Payment Success,Street lights,WS/MP18149/2025-2026/183518,2025-12-26,400.0,2.603144372620182,4.463319681510083,1.1908092186143866,-1.5621102690608846,438.0,2330.735159817352,6.0844994130751715,0.17161967043537715,-1,-0.006249723362740989,True
Lok Sabha,Odisha,SAMBIT PATRA,PURI,MEMBER SECY OB AND OC WWB BBSR,Payment Success,Street lights,WS/MP18149/2025-2026/183556,2026-01-01,400.0,2.603144372620182,4.463319681510083,1.1908092186143866,-1.5621102690608846,438.0,2330.735159817352,6.0844994130751715,0.17161967043537715,-1,-0.006249723362740989,True
Lok Sabha,Odisha,SAMBIT PATRA,PURI,MEMBER SECY OB AND OC WWB BBSR,Payment Success,Street lights,WS/MP18149/2025-2026/183560,2026-01-07,400.0,2.603144372620182,4.463319681510083,1.1908092186143866,-1.5621102690608846,438.0,2330.735159817352,6.0844994130751715,0.17161967043537715,-1,-0.006249723362740989,True
Lok Sabha,Odisha,SAMBIT PATRA,PURI,MEMBER SECY OB AND OC WWB BBSR,Payment Success,Street lights,WS/MP18149/2025-2026/183559,2026-01-01,400.0,2.603144372620182,4.463319681510083,1.1908092186143866,-1.5621102690608846,438.0,2330.735159817352,6.0844994130751715,0.17161967043537715,-1,-0.006249723362740989,True
Lok Sabha,Odisha,SAMBIT PATRA,PURI,MEMBER SECY OB AND OC WWB BBSR,Payment Success,Street lights,WS/MP18149/2025-2026/183520,2026-01-01,400.0,2.603144372620182,4.463319681510083,1.1908092186143866,-1.5621102690608846,438.0,2330.735159817352,6.0844994130751715,0.17161967043537715,-1,-0.006249723362740989,True
Lok Sabha,Odisha,SAMBIT PATRA,PURI,MEMBER SECY OB AND OC WWB BBSR,Payment Success,Street lights,WS/MP18149/2025-2026/183192,2026-03-24,400.0,2.603144372620182,4.463319681510083,1.1908092186143866,-1.5621102690608846,438.0,2330.735159817352,6.0844994130751715,0.17161967043537715,-1,-0.006249723362740989,True
Lok Sabha,Odisha,SAMBIT PATRA,PURI,MEMBER SECY OB AND OC WWB BBSR,Payment Success,Street lights,WS/MP18149/2025-2026/183195,2026-03-24,400.0,2.603144372620182,4.463319681510083,1.1908092186143866,-1.5621102690608846,438.0,2330.735159817352,6.0844994130751715,0.17161967043537715,-1,-0.006249723362740989,True
Lok Sabha,Odisha,SAMBIT PATRA,PURI,MEMBER SECY OB AND OC WWB BBSR,Payment Success,Street lights,WS/MP18149/2025-2026/183207,2026-03-24,400.0,2.603144372620182,4.463319681510083,1.1908092186143866,-1.5621102690608846,438.0,2330.735159817352,6.0844994130751715,0.17161967043537715,-1,-0.006249723362740989,True
Lok Sabha,Odisha,SAMBIT PATRA,PURI,MEMBER SECY OB AND OC WWB BBSR,Payment Success,Street lights,WS/MP18149/2025-2026/183204,2026-03-24,400.0,2.603144372620182,4.463319681510083,1.1908092186143866,-1.5621102690608846,438.0,2330.735159817352,6.0844994130751715,0.17161967043537715,-1,-0.006249723362740989,True
Lok Sabha,Odisha,SAMBIT PATRA,PURI,MEMBER SECY OB AND OC WWB BBSR,Payment Success,Street lights,WS/MP18149/2025-2026/183206,2026-03-24,400.0,2.603144372620182,4.463319681510083,1.1908092186143866,-1.5621102690608846,438.0,2330.735159817352,6.0844994130751715,0.17161967043537715,-1,-0.006249723362740989,True
Lok Sabha,Odisha,SAMBIT PATRA,PURI,MEMBER SECY OB AND OC WWB BBSR,Payment Success,Street lights,WS/MP18149/2025-2026/183208,2026-03-24,400.0,2.603144372620182,4.463319681510083,1.1908092186143866,-1.5621102690608846,438.0,2330.735159817352,6.0844994130751715,0.17161967043537715,-1,-0.006249723362740989,True
Lok Sabha,Odisha,SAMBIT PATRA,PURI,MEMBER SECY OB AND OC WWB BBSR,Payment Success,Street lights,WS/MP18149/2025-2026/183197,2026-03-24,400.0,2.603144372620182,4.463319681510083,1.1908092186143866,-1.5621102690608846,438.0,2330.735159817352,6.0844994130751715,0.17161967043537715,-1,-0.006249723362740989,True
Lok Sabha,Odisha,SAMBIT PATRA,PURI,MEMBER SECY OB AND OC WWB BBSR,Payment Success,Street lights,WS/MP18149/2025-2026/183228,2026-03-24,400.0,2.603144372620182,4.463319681510083,1.1908092186143866,-1.5621102690608846,438.0,2330.735159817352,6.0844994130751715,0.17161967043537715,-1,-0.006249723362740989,True
Lok Sabha,Odisha,SAMBIT PATRA,PURI,MEMBER SECY OB AND OC WWB BBSR,Payment Success,Street lights,WS/MP18149/2025-2026/183214,2026-03-24,400.0,2.603144372620182,4.463319681510083,1.1908092186143866,-1.5621102690608846,438.0,2330.735159817352,6.0844994130751715,0.17161967043537715,-1,-0.006249723362740989,True
Lok Sabha,Odisha,SAMBIT PATRA,PURI,MEMBER SECY OB AND OC WWB BBSR,Payment Success,Street lights,WS/MP18149/2025-2026/183230,2026-03-24,400.0,2.603144372620182,4.463319681510083,1.1908092186143866,-1.5621102690608846,438.0,2330.735159817352,6.0844994130751715,0.17161967043537715,-1,-0.006249723362740989,True
Lok Sabha,Odisha,SAMBIT PATRA,PURI,MEMBER SECY OB AND OC WWB BBSR,Payment Success,Street lights,WS/MP18149/2025-2026/183191,2026-03-24,400.0,2.603144372620182,4.463319681510083,1.1908092186143866,-1.5621102690608846,438.0,2330.735159817352,6.0844994130751715,0.17161967043537715,-1,-0.006249723362740989,True
Lok Sabha,Odisha,SAMBIT PATRA,PURI,MEMBER SECY OB AND OC WWB BBSR,Payment Success,Street lights,WS/MP18149/2025-2026/183185,2026-02-23,400.0,2.603144372620182,4.463319681510083,1.1908092186143866,-1.5621102690608846,438.0,2330.735159817352,6.0844994130751715,0.17161967043537715,-1,-0.006249723362740989,True
Lok Sabha,Odisha,SAMBIT PATRA,PURI,MEMBER SECY OB AND OC WWB BBSR,Payment Success,Street lights,WS/MP18149/2025-2026/183539,2026-01-07,400.0,2.603144372620182,4.463319681510083,1.1908092186143866,-1.5621102690608846,438.0,2330.735159817352,6.0844994130751715,0.17161967043537715,-1,-0.006249723362740989,True
Lok Sabha,Odisha,SAMBIT PATRA,PURI,MEMBER SECY OB AND OC WWB BBSR,Payment Success,Street lights,WS/MP18149/2025-2026/183233,2026-03-24,400.0,2.603144372620182,4.463319681510083,1.1908092186143866,-1.5621102690608846,438.0,2330.735159817352,6.0844994130751715,0.17161967043537715,-1,-0.006249723362740989,True
Lok Sabha,Odisha,SAMBIT PATRA,PURI,MEMBER SECY OB AND OC WWB BBSR,Payment Success,Street lights,WS/MP18149/2025-2026/183229,2026-03-24,400.0,2.603144372620182,4.463319681510083,1.1908092186143866,-1.5621102690608846,438.0,2330.735159817352,6.0844994130751715,0.17161967043537715,-1,-0.006249723362740989,True
Lok Sabha,Odisha,SAMBIT PATRA,PURI,MEMBER SECY OB AND OC WWB BBSR,Payment Success,Street lights,WS/MP18149/2025-2026/183232,2026-03-24,400.0,2.603144372620182,4.463319681510083,1.1908092186143866,-1.5621102690608846,438.0,2330.735159817352,6.0844994130751715,0.17161967043537715,-1,-0.006249723362740989,True
Lok Sabha,Odisha,SAMBIT PATRA,PURI,MEMBER SECY OB AND OC WWB BBSR,Payment Success,Street lights,WS/MP18149/2025-2026/183528,2026-01-09,400.0,2.603144372620182,4.463319681510083,1.1908092186143866,-1.5621102690608846,438.0,2330.735159817352,6.0844994130751715,0.17161967043537715,-1,-0.006249723362740989,True
Lok Sabha,Odisha,SAMBIT PATRA,PURI,MEMBER SECY OB AND OC WWB BBSR,Payment Success,Street lights,WS/MP18149/2025-2026/183542,2026-01-08,400.0,2.603144372620182,4.463319681510083,1.1908092186143866,-1.5621102690608846,438.0,2330.735159817352,6.0844994130751715,0.17161967043537715,-1,-0.006249723362740989,True
Lok Sabha,Odisha,SAMBIT PATRA,PURI,MEMBER SECY OB AND OC WWB BBSR,Payment Success,Street lights,WS/MP18149/2025-2026/183565,2026-01-01,400.0,2.603144372620182,4.463319681510083,1.1908092186143866,-1.5621102690608846,438.0,2330.735159817352,6.0844994130751715,0.17161967043537715,-1,-0.006249723362740989,True
Lok Sabha,Odisha,SAMBIT PATRA,PURI,MEMBER SECY OB AND OC WWB BBSR,Payment Success,Street lights,WS/MP18149/2025-2026/183553,2026-01-01,400.0,2.603144372620182,4.463319681510083,1.1908092186143866,-1.5621102690608846,438.0,2330.735159817352,6.0844994130751715,0.17161967043537715,-1,-0.006249723362740989,True
Lok Sabha,Odisha,SAMBIT PATRA,PURI,MEMBER SECY OB AND OC WWB BBSR,Payment Success,Street lights,WS/MP18149/2025-2026/183505,2026-01-09,400.0,2.603144372620182,4.463319681510083,1.1908092186143866,-1.5621102690608846,438.0,2330.735159817352,6.0844994130751715,0.17161967043537715,-1,-0.006249723362740989,True
Lok Sabha,Odisha,SAMBIT PATRA,PURI,MEMBER SECY OB AND OC WWB BBSR,Payment Success,Street lights,WS/MP18149/2025-2026/183514,2026-01-09,400.0,2.603144372620182,4.463319681510083,1.1908092186143866,-1.5621102690608846,438.0,2330.735159817352,6.0844994130751715,0.17161967043537715,-1,-0.006249723362740989,True
Lok Sabha,Odisha,SAMBIT PATRA,PURI,MEMBER SECY OB AND OC WWB BBSR,Payment Success,Street lights,WS/MP18149/2025-2026/183548,2026-01-09,400.0,2.603144372620182,4.463319681510083,1.1908092186143866,-1.5621102690608846,438.0,2330.735159817352,6.0844994130751715,0.17161967043537715,-1,-0.006249723362740989,True
Lok Sabha,Odisha,SAMBIT PATRA,PURI,MEMBER SECY OB AND OC WWB BBSR,Payment Success,Street lights,WS/MP18149/2025-2026/183550,2026-01-09,400.0,2.603144372620182,4.463319681510083,1.1908092186143866,-1.5621102690608846,438.0,2330.735159817352,6.0844994130751715,0.17161967043537715,-1,-0.006249723362740989,True
Lok Sabha,Odisha,SAMBIT PATRA,PURI,MEMBER SECY OB AND OC WWB BBSR,Payment Success,Street lights,WS/MP18149/2025-2026/183555,2026-01-01,400.0,2.603144372620182,4.463319681510083,1.1908092186143866,-1.5621102690608846,438.0,2330.735159817352,6.0844994130751715,0.17161967043537715,-1,-0.006249723362740989,True
Lok Sabha,Odisha,SAMBIT PATRA,PURI,MEMBER SECY OB AND OC WWB BBSR,Payment Success,Street lights,WS/MP18149/2025-2026/183537,2026-01-07,400.0,2.603144372620182,4.463319681510083,1.1908092186143866,-1.5621102690608846,438.0,2330.735159817352,6.0844994130751715,0.17161967043537715,-1,-0.006249723362740989,True
Lok Sabha,Odisha,SAMBIT PATRA,PURI,MEMBER SECY OB AND OC WWB BBSR,Payment Success,Street lights,WS/MP18149/2025-2026/183580,2026-01-07,400.0,2.603144372620182,4.463319681510083,1.1908092186143866,-1.5621102690608846,438.0,2330.735159817352,6.0844994130751715,0.17161967043537715,-1,-0.006249723362740989,True
Lok Sabha,Odisha,SAMBIT PATRA,PURI,MEMBER SECY OB AND OC WWB BBSR,Payment Success,Street lights,WS/MP18149/2025-2026/183579,2026-01-07,400.0,2.603144372620182,4.463319681510083,1.1908092186143866,-1.5621102690608846,438.0,2330.735159817352,6.0844994130751715,0.17161967043537715,-1,-0.006249723362740989,True
Lok Sabha,Odisha,SAMBIT PATRA,PURI,MEMBER SECY OB AND OC WWB BBSR,Payment Success,Street lights,WS/MP18149/2025-2026/183506,2026-01-09,400.0,2.603144372620182,4.463319681510083,1.1908092186143866,-1.5621102690608846,438.0,2330.735159817352,6.0844994130751715,0.17161967043537715,-1,-0.006249723362740989,True
Lok Sabha,Odisha,SAMBIT PATRA,PURI,MEMBER SECY OB AND OC WWB BBSR,Payment Success,Street lights,WS/MP18149/2025-2026/183583,2026-01-09,400.0,2.603144372620182,4.463319681510083,1.1908092186143866,-1.5621102690608846,438.0,2330.735159817352,6.0844994130751715,0.17161967043537715,-1,-0.006249723362740989,True
Lok Sabha,Odisha,SAMBIT PATRA,PURI,MEMBER SECY OB AND OC WWB BBSR,Payment Success,Street lights,WS/MP18149/2025-2026/183585,2026-01-09,400.0,2.603144372620182,4.463319681510083,1.1908092186143866,-1.5621102690608846,438.0,2330.735159817352,6.0844994130751715,0.17161967043537715,-1,-0.006249723362740989,True
Lok Sabha,Odisha,SAMBIT PATRA,PURI,MEMBER SECY OB AND OC WWB BBSR,Payment Success,Street lights,WS/MP18149/2025-2026/183521,2026-01-09,400.0,2.603144372620182,4.463319681510083,1.1908092186143866,-1.5621102690608846,438.0,2330.735159817352,6.0844994130751715,0.17161967043537715,-1,-0.006249723362740989,True
Lok Sabha,Odisha,SAMBIT PATRA,PURI,MEMBER SECY OB AND OC WWB BBSR,Payment Success,Street lights,WS/MP18149/2025-2026/183219,2026-03-24,400.0,2.603144372620182,4.463319681510083,1.1908092186143866,-1.5621102690608846,438.0,2330.735159817352,6.0844994130751715,0.17161967043537715,-1,-0.006249723362740989,True
Lok Sabha,Odisha,SAMBIT PATRA,PURI,MEMBER SECY OB AND OC WWB BBSR,Payment Success,Street lights,WS/MP18149/2025-2026/183199,2026-03-24,400.0,2.603144372620182,4.463319681510083,1.1908092186143866,-1.5621102690608846,438.0,2330.735159817352,6.0844994130751715,0.17161967043537715,-1,-0.006249723362740989,True
Lok Sabha,Odisha,SAMBIT PATRA,PURI,MEMBER SECY OB AND OC WWB BBSR,Payment Success,Street lights,WS/MP18149/2025-2026/183198,2026-03-24,400.0,2.603144372620182,4.463319681510083,1.1908092186143866,-1.5621102690608846,438.0,2330.735159817352,6.0844994130751715,0.17161967043537715,-1,-0.006249723362740989,True
Lok Sabha,Odisha,SAMBIT PATRA,PURI,MEMBER SECY OB AND OC WWB BBSR,Payment Success,Street lights,WS/MP18149/2025-2026/183224,2026-03-24,400.0,2.603144372620182,4.463319681510083,1.1908092186143866,-1.5621102690608846,438.0,2330.735159817352,6.0844994130751715,0.17161967043537715,-1,-0.006249723362740989,True
Lok Sabha,Odisha,SAMBIT PATRA,PURI,MEMBER SECY OB AND OC WWB BBSR,Payment Success,Street lights,WS/MP18149/2025-2026/183215,2026-03-24,400.0,2.603144372620182,4.463319681510083,1.1908092186143866,-1.5621102690608846,438.0,2330.735159817352,6.0844994130751715,0.17161967043537715,-1,-0.006249723362740989,True
Lok Sabha,Odisha,SAMBIT PATRA,PURI,MEMBER SECY OB AND OC WWB BBSR,Payment Success,Street lights,WS/MP18149/2025-2026/183213,2026-03-24,400.0,2.603144372620182,4.463319681510083,1.1908092186143866,-1.5621102690608846,438.0,2330.735159817352,6.0844994130751715,0.17161967043537715,-1,-0.006249723362740989,True
Lok Sabha,Odisha,SAMBIT PATRA,PURI,MEMBER SECY OB AND OC WWB BBSR,Payment Success,Street lights,WS/MP18149/2025-2026/183196,2026-03-24,400.0,2.603144372620182,4.463319681510083,1.1908092186143866,-1.5621102690608846,438.0,2330.735159817352,6.0844994130751715,0.17161967043537715,-1,-0.006249723362740989,True
Lok Sabha,Odisha,SAMBIT PATRA,PURI,MEMBER SECY OB AND OC WWB BBSR,Payment Success,Street lights,WS/MP18149/2025-2026/183582,2026-01-07,400.0,2.603144372620182,4.463319681510083,1.1908092186143866,-1.5621102690608846,438.0,2330.735159817352,6.0844994130751715,0.17161967043537715,-1,-0.006249723362740989,True
Lok Sabha,Odisha,SAMBIT PATRA,PURI,MEMBER SECY OB AND OC WWB BBSR,Payment Success,Street lights,WS/MP18149/2025-2026/183575,2026-01-07,400.0,2.603144372620182,4.463319681510083,1.1908092186143866,-1.5621102690608846,438.0,2330.735159817352,6.0844994130751715,0.17161967043537715,-1,-0.006249723362740989,True
Lok Sabha,Odisha,SAMBIT PATRA,PURI,MEMBER SECY OB AND OC WWB BBSR,Payment Success,Street lights,WS/MP18149/2025-2026/183545,2026-01-07,400.0,2.603144372620182,4.463319681510083,1.1908092186143866,-1.5621102690608846,438.0,2330.735159817352,6.0844994130751715,0.17161967043537715,-1,-0.006249723362740989,True
Lok Sabha,Odisha,SAMBIT PATRA,PURI,MEMBER SECY OB AND OC WWB BBSR,Payment Success,Street lights,WS/MP18149/2025-2026/183574,2026-01-07,400.0,2.603144372620182,4.463319681510083,1.1908092186143866,-1.5621102690608846,438.0,2330.735159817352,6.0844994130751715,0.17161967043537715,-1,-0.006249723362740989,True
Lok Sabha,Odisha,SAMBIT PATRA,PURI,MEMBER SECY OB AND OC WWB BBSR,Payment Success,Street lights,WS/MP18149/2025-2026/183547,2026-01-07,400.0,2.603144372620182,4.463319681510083,1.1908092186143866,-1.5621102690608846,438.0,2330.735159817352,6.0844994130751715,0.17161967043537715,-1,-0.006249723362740989,True
Lok Sabha,Odisha,SAMBIT PATRA,PURI,MEMBER SECY OB AND OC WWB BBSR,Payment Success,Street lights,WS/MP18149/2025-2026/183563,2026-01-07,400.0,2.603144372620182,4.463319681510083,1.1908092186143866,-1.5621102690608846,438.0,2330.735159817352,6.0844994130751715,0.17161967043537715,-1,-0.006249723362740989,True
Lok Sabha,Odisha,SAMBIT PATRA,PURI,MEMBER SECY OB AND OC WWB BBSR,Payment Success,Street lights,WS/MP18149/2025-2026/183562,2026-01-07,400.0,2.603144372620182,4.463319681510083,1.1908092186143866,-1.5621102690608846,438.0,2330.735159817352,6.0844994130751715,0.17161967043537715,-1,-0.006249723362740989,True
Lok Sabha,Odisha,SAMBIT PATRA,PURI,MEMBER SECY OB AND OC WWB BBSR,Payment Success,Street lights,WS/MP18149/2025-2026/183561,2026-01-07,400.0,2.603144372620182,4.463319681510083,1.1908092186143866,-1.5621102690608846,438.0,2330.735159817352,6.0844994130751715,0.17161967043537715,-1,-0.006249723362740989,True
Lok Sabha,Odisha,SAMBIT PATRA,PURI,MEMBER SECY OB AND OC WWB BBSR,Payment Success,Street lights,WS/MP18149/2025-2026/183572,2026-01-07,400.0,2.603144372620182,4.463319681510083,1.1908092186143866,-1.5621102690608846,438.0,2330.735159817352,6.0844994130751715,0.17161967043537715,-1,-0.006249723362740989,True
Lok Sabha,Odisha,SAMBIT PATRA,PURI,MEMBER SECY OB AND OC WWB BBSR,Payment Success,Street lights,WS/MP18149/2025-2026/183573,2026-01-07,400.0,2.603144372620182,4.463319681510083,1.1908092186143866,-1.5621102690608846,438.0,2330.735159817352,6.0844994130751715,0.17161967043537715,-1,-0.006249723362740989,True
Lok Sabha,Odisha,SAMBIT PATRA,PURI,MEMBER SECY OB AND OC WWB BBSR,Payment Success,Street lights,WS/MP18149/2025-2026/183566,2026-01-01,400.0,2.603144372620182,4.463319681510083,1.1908092186143866,-1.5621102690608846,438.0,2330.735159817352,6.0844994130751715,0.17161967043537715,-1,-0.006249723362740989,True
Lok Sabha,Odisha,SAMBIT PATRA,PURI,MEMBER SECY OB AND OC WWB BBSR,Payment Success,Street lights,WS/MP18149/2025-2026/183236,2026-03-09,400.0,2.603144372620182,4.463319681510083,1.1908092186143866,-1.5621102690608846,438.0,2330.735159817352,6.0844994130751715,0.17161967043537715,-1,-0.006249723362740989,True
Lok Sabha,Odisha,SAMBIT PATRA,PURI,MEMBER SECY OB AND OC WWB BBSR,Payment Success,Street lights,WS/MP18149/2025-2026/183205,2026-03-09,400.0,2.603144372620182,4.463319681510083,1.1908092186143866,-1.5621102690608846,438.0,2330.735159817352,6.0844994130751715,0.17161967043537715,-1,-0.006249723362740989,True
Lok Sabha,Odisha,SAMBIT PATRA,PURI,MEMBER SECY OB AND OC WWB BBSR,Payment Success,Street lights,WS/MP18149/2025-2026/183527,2026-01-08,400.0,2.603144372620182,4.463319681510083,1.1908092186143866,-1.5621102690608846,438.0,2330.735159817352,6.0844994130751715,0.17161967043537715,-1,-0.006249723362740989,True
Lok Sabha,Odisha,SAMBIT PATRA,PURI,MEMBER SECY OB AND OC WWB BBSR,Payment Success,Street lights,WS/MP18149/2025-2026/183523,2025-12-22,400.0,2.603144372620182,4.463319681510083,1.1908092186143866,-1.5621102690608846,438.0,2330.735159817352,6.0844994130751715,0.17161967043537715,-1,-0.006249723362740989,True
Lok Sabha,Odisha,SAMBIT PATRA,PURI,MEMBER SECY OB AND OC WWB BBSR,Payment Success,Street lights,WS/MP18149/2025-2026/183217,2026-03-09,400.0,2.603144372620182,4.463319681510083,1.1908092186143866,-1.5621102690608846,438.0,2330.735159817352,6.0844994130751715,0.17161967043537715,-1,-0.006249723362740989,True
Lok Sabha,Odisha,SAMBIT PATRA,PURI,MEMBER SECY OB AND OC WWB BBSR,Payment Success,Street lights,WS/MP18149/2025-2026/183522,2026-01-08,400.0,2.603144372620182,4.463319681510083,1.1908092186143866,-1.5621102690608846,438.0,2330.735159817352,6.0844994130751715,0.17161967043537715,-1,-0.006249723362740989,True
Lok Sabha,Odisha,SAMBIT PATRA,PURI,MEMBER SECY OB AND OC WWB BBSR,Payment Success,Street lights,WS/MP18149/2025-2026/183513,2025-12-22,400.0,2.603144372620182,4.463319681510083,1.1908092186143866,-1.5621102690608846,438.0,2330.735159817352,6.0844994130751715,0.17161967043537715,-1,-0.006249723362740989,True
Lok Sabha,Odisha,SAMBIT PATRA,PURI,MEMBER SECY OB AND OC WWB BBSR,Payment Success,Street lights,WS/MP18149/2025-2026/183508,2025-12-22,400.0,2.603144372620182,4.463319681510083,1.1908092186143866,-1.5621102690608846,438.0,2330.735159817352,6.0844994130751715,0.17161967043537715,-1,-0.006249723362740989,True
Lok Sabha,Odisha,SAMBIT PATRA,PURI,MEMBER SECY OB AND OC WWB BBSR,Payment Success,Street lights,WS/MP18149/2025-2026/183577,2025-12-22,400.0,2.603144372620182,4.463319681510083,1.1908092186143866,-1.5621102690608846,438.0,2330.735159817352,6.0844994130751715,0.17161967043537715,-1,-0.006249723362740989,True
Lok Sabha,Odisha,SAMBIT PATRA,PURI,MEMBER SECY OB AND OC WWB BBSR,Payment Success,Street lights,WS/MP18149/2025-2026/183541,2025-12-22,400.0,2.603144372620182,4.463319681510083,1.1908092186143866,-1.5621102690608846,438.0,2330.735159817352,6.0844994130751715,0.17161967043537715,-1,-0.006249723362740989,True
Lok Sabha,Odisha,SAMBIT PATRA,PURI,MEMBER SECY OB AND OC WWB BBSR,Payment Success,Street lights,WS/MP18149/2025-2026/183540,2025-12-22,400.0,2.603144372620182,4.463319681510083,1.1908092186143866,-1.5621102690608846,438.0,2330.735159817352,6.0844994130751715,0.17161967043537715,-1,-0.006249723362740989,True
Lok Sabha,Odisha,SAMBIT PATRA,PURI,MEMBER SECY OB AND OC WWB BBSR,Payment Success,Street lights,WS/MP18149/2025-2026/183578,2025-12-22,400.0,2.603144372620182,4.463319681510083,1.1908092186143866,-1.5621102690608846,438.0,2330.735159817352,6.0844994130751715,0.17161967043537715,-1,-0.006249723362740989,True
Lok Sabha,Odisha,SAMBIT PATRA,PURI,MEMBER SECY OB AND OC WWB BBSR,Payment Success,Street lights,WS/MP18149/2025-2026/183526,2025-12-22,400.0,2.603144372620182,4.463319681510083,1.1908092186143866,-1.5621102690608846,438.0,2330.735159817352,6.0844994130751715,0.17161967043537715,-1,-0.006249723362740989,True
Lok Sabha,Odisha,SAMBIT PATRA,PURI,MEMBER SECY OB AND OC WWB BBSR,Payment Success,Street lights,WS/MP18149/2025-2026/183525,2025-12-22,400.0,2.603144372620182,4.463319681510083,1.1908092186143866,-1.5621102690608846,438.0,2330.735159817352,6.0844994130751715,0.17161967043537715,-1,-0.006249723362740989,True
Lok Sabha,Odisha,SAMBIT PATRA,PURI,MEMBER SECY OB AND OC WWB BBSR,Payment Success,Street lights,WS/MP18149/2025-2026/183510,2026-01-08,400.0,2.603144372620182,4.463319681510083,1.1908092186143866,-1.5621102690608846,438.0,2330.735159817352,6.0844994130751715,0.17161967043537715,-1,-0.006249723362740989,True
Lok Sabha,Odisha,SAMBIT PATRA,PURI,MEMBER SECY OB AND OC WWB BBSR,Payment Success,Street lights,WS/MP18149/2025-2026/183576,2025-12-22,400.0,2.603144372620182,4.463319681510083,1.1908092186143866,-1.5621102690608846,438.0,2330.735159817352,6.0844994130751715,0.17161967043537715,-1,-0.006249723362740989,True
Lok Sabha,Odisha,SAMBIT PATRA,PURI,MEMBER SECY OB AND OC WWB BBSR,Payment Success,Street lights,WS/MP18149/2025-2026/183570,2026-01-08,400.0,2.603144372620182,4.463319681510083,1.1908092186143866,-1.5621102690608846,438.0,2330.735159817352,6.0844994130751715,0.17161967043537715,-1,-0.006249723362740989,True
Lok Sabha,Odisha,SAMBIT PATRA,PURI,MEMBER SECY OB AND OC WWB BBSR,Payment Success,Street lights,WS/MP18149/2025-2026/183552,2026-01-08,400.0,2.603144372620182,4.463319681510083,1.1908092186143866,-1.5621102690608846,438.0,2330.735159817352,6.0844994130751715,0.17161967043537715,-1,-0.006249723362740989,True
Lok Sabha,Odisha,SAMBIT PATRA,PURI,MEMBER SECY OB AND OC WWB BBSR,Payment Success,Street lights,WS/MP18149/2025-2026/183569,2026-01-08,400.0,2.603144372620182,4.463319681510083,1.1908092186143866,-1.5621102690608846,438.0,2330.735159817352,6.0844994130751715,0.17161967043537715,-1,-0.006249723362740989,True
Lok Sabha,Odisha,SAMBIT PATRA,PURI,MEMBER SECY OB AND OC WWB BBSR,Payment Success,Street lights,WS/MP18149/2025-2026/183549,2026-01-08,400.0,2.603144372620182,4.463319681510083,1.1908092186143866,-1.5621102690608846,438.0,2330.735159817352,6.0844994130751715,0.17161967043537715,-1,-0.006249723362740989,True
Lok Sabha,Odisha,SAMBIT PATRA,PURI,MEMBER SECY OB AND OC WWB BBSR,Payment Success,Street lights,WS/MP18149/2025-2026/183551,2026-01-08,400.0,2.603144372620182,4.463319681510083,1.1908092186143866,-1.5621102690608846,438.0,2330.735159817352,6.0844994130751715,0.17161967043537715,-1,-0.006249723362740989,True
Lok Sabha,Odisha,SAMBIT PATRA,PURI,MEMBER SECY OB AND OC WWB BBSR,Payment Success,Street lights,WS/MP18149/2025-2026/183529,2026-01-08,400.0,2.603144372620182,4.463319681510083,1.1908092186143866,-1.5621102690608846,438.0,2330.735159817352,6.0844994130751715,0.17161967043537715,-1,-0.006249723362740989,True
Lok Sabha,Odisha,SAMBIT PATRA,PURI,MEMBER SECY OB AND OC WWB BBSR,Payment Success,Street lights,WS/MP18149/2025-2026/183543,2026-01-08,400.0,2.603144372620182,4.463319681510083,1.1908092186143866,-1.5621102690608846,438.0,2330.735159817352,6.0844994130751715,0.17161967043537715,-1,-0.006249723362740989,True
Lok Sabha,Odisha,SAMBIT PATRA,PURI,MEMBER SECY OB AND OC WWB BBSR,Payment Success,Street lights,WS/MP18149/2025-2026/183544,2026-01-08,400.0,2.603144372620182,4.463319681510083,1.1908092186143866,-1.5621102690608846,438.0,2330.735159817352,6.0844994130751715,0.17161967043537715,-1,-0.006249723362740989,True
Lok Sabha,Odisha,SAMBIT PATRA,PURI,MEMBER SECY OB AND OC WWB BBSR,Payment Success,Street lights,WS/MP18149/2025-2026/183507,2026-01-08,400.0,2.603144372620182,4.463319681510083,1.1908092186143866,-1.5621102690608846,438.0,2330.735159817352,6.0844994130751715,0.17161967043537715,-1,-0.006249723362740989,True
Lok Sabha,Odisha,SAMBIT PATRA,PURI,MEMBER SECY OB AND OC WWB BBSR,Payment Success,Street lights,WS/MP18149/2025-2026/183571,2026-01-08,400.0,2.603144372620182,4.463319681510083,1.1908092186143866,-1.5621102690608846,438.0,2330.735159817352,6.0844994130751715,0.17161967043537715,-1,-0.006249723362740989,True
Lok Sabha,Odisha,SAMBIT PATRA,PURI,MEMBER SECY OB AND OC WWB BBSR,Payment Success,Street lights,WS/MP18149/2025-2026/183515,2026-01-08,400.0,2.603144372620182,4.463319681510083,1.1908092186143866,-1.5621102690608846,438.0,2330.735159817352,6.0844994130751715,0.17161967043537715,-1,-0.006249723362740989,True
Lok Sabha,Odisha,SAMBIT PATRA,PURI,MEMBER SECY OB AND OC WWB BBSR,Payment Success,Street lights,WS/MP18149/2025-2026/183558,2026-01-01,400.0,2.603144372620182,4.463319681510083,1.1908092186143866,-1.5621102690608846,438.0,2330.735159817352,6.0844994130751715,0.17161967043537715,-1,-0.006249723362740989,True
Lok Sabha,Odisha,SAMBIT PATRA,PURI,MEMBER SECY OB AND OC WWB BBSR,Payment Success,Street lights,WS/MP18149/2025-2026/183504,2025-12-22,400.0,2.603144372620182,4.463319681510083,1.1908092186143866,-1.5621102690608846,438.0,2330.735159817352,6.0844994130751715,0.17161967043537715,-1,-0.006249723362740989,True
Lok Sabha,Odisha,SAMBIT PATRA,PURI,MEMBER SECY OB AND OC WWB BBSR,Payment Success,Street lights,WS/MP18149/2025-2026/183546,2026-01-07,400.0,2.603144372620182,4.463319681510083,1.1908092186143866,-1.5621102690608846,438.0,2330.735159817352,6.0844994130751715,0.17161967043537715,-1,-0.006249723362740989,True
Lok Sabha,Odisha,SAMBIT PATRA,PURI,MEMBER SECY OB AND OC WWB BBSR,Payment Success,Street lights,WS/MP18149/2025-2026/183190,2026-03-07,400.0,2.603144372620182,4.463319681510083,1.1908092186143866,-1.5621102690608846,438.0,2330.735159817352,6.0844994130751715,0.17161967043537715,-1,-0.006249723362740989,True
Lok Sabha,Odisha,SAMBIT PATRA,PURI,MEMBER SECY OB AND OC WWB BBSR,Payment Success,Street lights,WS/MP18149/2025-2026/183210,2026-03-09,400.0,2.603144372620182,4.463319681510083,1.1908092186143866,-1.5621102690608846,438.0,2330.735159817352,6.0844994130751715,0.17161967043537715,-1,-0.006249723362740989,True
Lok Sabha,Odisha,SAMBIT PATRA,PURI,MEMBER SECY OB AND OC WWB BBSR,Payment Success,Street lights,WS/MP18149/2025-2026/183186,2026-03-06,400.0,2.603144372620182,4.463319681510083,1.1908092186143866,-1.5621102690608846,438.0,2330.735159817352,6.0844994130751715,0.17161967043537715,-1,-0.006249723362740989,True
Lok Sabha,Odisha,SAMBIT PATRA,PURI,MEMBER SECY OB AND OC WWB BBSR,Payment Success,Street lights,WS/MP18149/2025-2026/183184,2026-03-06,400.0,2.603144372620182,4.463319681510083,1.1908092186143866,-1.5621102690608846,438.0,2330.735159817352,6.0844994130751715,0.17161967043537715,-1,-0.006249723362740989,True
Lok Sabha,Odisha,SAMBIT PATRA,PURI,MEMBER SECY OB AND OC WWB BBSR,Payment Success,Street lights,WS/MP18149/2025-2026/183183,2026-03-06,400.0,2.603144372620182,4.463319681510083,1.1908092186143866,-1.5621102690608846,438.0,2330.735159817352,6.0844994130751715,0.17161967043537715,-1,-0.006249723362740989,True
Lok Sabha,Odisha,SAMBIT PATRA,PURI,MEMBER SECY OB AND OC WWB BBSR,Payment Success,Street lights,WS/MP18149/2025-2026/183225,2026-03-06,400.0,2.603144372620182,4.463319681510083,1.1908092186143866,-1.5621102690608846,438.0,2330.735159817352,6.0844994130751715,0.17161967043537715,-1,-0.006249723362740989,True
Lok Sabha,Odisha,SAMBIT PATRA,PURI,MEMBER SECY OB AND OC WWB BBSR,Payment Success,Street lights,WS/MP18149/2025-2026/183227,2026-03-06,400.0,2.603144372620182,4.463319681510083,1.1908092186143866,-1.5621102690608846,438.0,2330.735159817352,6.0844994130751715,0.17161967043537715,-1,-0.006249723362740989,True
Lok Sabha,Odisha,SAMBIT PATRA,PURI,MEMBER SECY OB AND OC WWB BBSR,Payment Success,Street lights,WS/MP18149/2025-2026/183221,2026-03-06,400.0,2.603144372620182,4.463319681510083,1.1908092186143866,-1.5621102690608846,438.0,2330.735159817352,6.0844994130751715,0.17161967043537715,-1,-0.006249723362740989,True
Lok Sabha,Odisha,SAMBIT PATRA,PURI,MEMBER SECY OB AND OC WWB BBSR,Payment Success,Street lights,WS/MP18149/2025-2026/183222,2026-03-06,400.0,2.603144372620182,4.463319681510083,1.1908092186143866,-1.5621102690608846,438.0,2330.735159817352,6.0844994130751715,0.17161967043537715,-1,-0.006249723362740989,True
Lok Sabha,Odisha,SAMBIT PATRA,PURI,MEMBER SECY OB AND OC WWB BBSR,Payment Success,Street lights,WS/MP18149/2025-2026/183209,2026-03-07,400.0,2.603144372620182,4.463319681510083,1.1908092186143866,-1.5621102690608846,438.0,2330.735159817352,6.0844994130751715,0.17161967043537715,-1,-0.006249723362740989,True
Lok Sabha,Odisha,SAMBIT PATRA,PURI,MEMBER SECY OB AND OC WWB BBSR,Payment Success,Street lights,WS/MP18149/2025-2026/183231,2026-03-07,400.0,2.603144372620182,4.463319681510083,1.1908092186143866,-1.5621102690608846,438.0,2330.735159817352,6.0844994130751715,0.17161967043537715,-1,-0.006249723362740989,True
Lok Sabha,Odisha,SAMBIT PATRA,PURI,MEMBER SECY OB AND OC WWB BBSR,Payment Success,Street lights,WS/MP18149/2025-2026/183193,2026-03-09,400.0,2.603144372620182,4.463319681510083,1.1908092186143866,-1.5621102690608846,438.0,2330.735159817352,6.0844994130751715,0.17161967043537715,-1,-0.006249723362740989,True
Lok Sabha,Odisha,SAMBIT PATRA,PURI,MEMBER SECY OB AND OC WWB BBSR,Payment Success,Street lights,WS/MP18149/2025-2026/183200,2026-03-09,400.0,2.603144372620182,4.463319681510083,1.1908092186143866,-1.5621102690608846,438.0,2330.735159817352,6.0844994130751715,0.17161967043537715,-1,-0.006249723362740989,True
Lok Sabha,Odisha,SAMBIT PATRA,PURI,MEMBER SECY OB AND OC WWB BBSR,Payment Success,Street lights,WS/MP18149/2025-2026/183235,2026-03-07,400.0,2.603144372620182,4.463319681510083,1.1908092186143866,-1.5621102690608846,438.0,2330.735159817352,6.0844994130751715,0.17161967043537715,-1,-0.006249723362740989,True
Lok Sabha,Odisha,SAMBIT PATRA,PURI,MEMBER SECY OB AND OC WWB BBSR,Payment Success,Street lights,WS/MP18149/2025-2026/183218,2026-03-07,400.0,2.603144372620182,4.463319681510083,1.1908092186143866,-1.5621102690608846,438.0,2330.735159817352,6.0844994130751715,0.17161967043537715,-1,-0.006249723362740989,True
Lok Sabha,Odisha,SAMBIT PATRA,PURI,MEMBER SECY OB AND OC WWB BBSR,Payment Success,Street lights,WS/MP18149/2025-2026/183237,2026-03-07,400.0,2.603144372620182,4.463319681510083,1.1908092186143866,-1.5621102690608846,438.0,2330.735159817352,6.0844994130751715,0.17161967043537715,-1,-0.006249723362740989,True
Lok Sabha,Odisha,SAMBIT PATRA,PURI,MEMBER SECY OB AND OC WWB BBSR,Payment Success,Street lights,WS/MP18149/2025-2026/183181,2026-03-06,400.0,2.603144372620182,4.463319681510083,1.1908092186143866,-1.5621102690608846,438.0,2330.735159817352,6.0844994130751715,0.17161967043537715,-1,-0.006249723362740989,True
Lok Sabha,Odisha,SAMBIT PATRA,PURI,MEMBER SECY OB AND OC WWB BBSR,Payment Success,Street lights,WS/MP18149/2025-2026/183182,2026-03-06,400.0,2.603144372620182,4.463319681510083,1.1908092186143866,-1.5621102690608846,438.0,2330.735159817352,6.0844994130751715,0.17161967043537715,-1,-0.006249723362740989,True
Lok Sabha,Odisha,ANANTA NAYAK,KEONJHAR(ST),EMF,Payment Success,Construction of community centers and community halls,WS/MP18146/2025-2026/174002,2026-01-13,132.0,2.123851640967086,4.463319681510083,1.1908092186143866,-1.9646035687103418,158.0,190.0126582278481,5.0689042022202315,0.6946905602558124,-1,-0.006173124335086433,True
Lok Sabha,Telangana,Arvind Dharmapuri,NIZAMABAD,G RAJA REDDY,Payment Success,Providing drains and gutters for public drainage,WS/MP761/2024-2025/146622,2025-07-09,10075.0,4.003288158826075,5.345559125587434,0.33883064020795767,-3.961480478676718,27.0,217710.59259259258,3.332204510175204,0.04627703172373246,-1,-0.006158773735508549,True
Rajya Sabha,Uttar Pradesh,Dr. Dinesh Sharma (2023-26) (2023-2026),,PINK PANTHER ENTERPRIESE,Payment Success,Construction of rooms and halls in school and colleges,WS/MP887/2025-2026/192648,2026-08-08,2989774.0,6.475638506071845,5.2394868954404945,0.5548947427641531,2.2277226929085394,10.0,1172267.5,2.3978952727983707,2.550419592797719,-1,-0.005866705242330239,True
Lok Sabha,Punjab,DR DHARAMVIRA GANDHI,PATIALA,JINDAL PLYWOODS,Payment Success,Setting up of kitchen and pantries,WS/MP18158/2025-2026/201488,2025-10-09,1260.0,3.1007150865730817,4.699928377134102,0.5546092002274752,-2.883495783887278,1.0,1260.0,0.6931471805599453,1.0,-1,-0.005825704433297441,True
Lok Sabha,Karnataka,DR.K.SUDHAKAR,CHIKBALLAPUR,SUNDARESH G,Payment Success,Lighting of public spaces,WS/MP18081/2024-2025/164570,2026-01-09,1894.0,3.2776092143040914,5.330132366384682,0.5548164189387811,-3.699463609974865,10.0,2072.6,2.3978952727983707,0.9138280420727589,-1,-0.005701395904342044,True
Lok Sabha,West Bengal,SAYANI GHOSH,JADAVPUR,M R Enterprise,Payment Success,Street lights,WS/MP18251/2025-2026/269365,2026-07-20,799878.0,5.903024294983473,5.595904606090499,0.4383067199146974,0.7006958254090768,12.0,137443.0,2.5649493574615367,5.819707078570753,-1,-0.0056846115193924796,True
Rajya Sabha,Andhra Pradesh,Shri S Niranjan Reddy (2022-28) (2022-2028),,KUNISETTY KASHI VISWANATHA REDDY,Payment In-Progress,"Construction of rooms and facilities for hospitals, FWC , PHC Centers and ANM centers",WS/MP032/2025-2026/200857,2026-08-28,13000.0,4.113976758289846,5.60773170892532,0.3625772186175567,-4.119825719693308,4.0,494807.5,1.6094379124341003,0.02627284347953497,-1,-0.005683915955035035,True
Lok Sabha,Odisha,SUKANTA KUMAR PANIGRAHI,KANDHAMAL,Block Development Officer Daspalla,Payment Success,Construction of boundary walls of existing public and community buildings,WS/MP18350/2025-2026/178765,2026-03-17,160.0,2.2068258760318495,4.463319681510083,1.1908092186143866,-1.8949247034750594,29.0,4674.9655172413795,3.4011973816621555,0.03422485137268207,-1,-0.0056744501985785956,True
Lok Sabha,Assam,AMARSING TISSO,Diphu (ST),James Phangcho,Payment Success,Construction of community centers and community halls,WS/MP18019/2024-2025/137520,2024-12-24,3000000.0,6.477121399484465,5.2644782788065365,0.4600527957855902,2.6358781683028547,13.0,1338461.1538461538,2.6390573296152584,2.241379954419527,-1,-0.005658393480472146,True
Lok Sabha,Karnataka,DR.K.SUDHAKAR,CHIKBALLAPUR,SUNDARESH G,Payment Success,Lighting of public spaces,WS/MP18081/2025-2026/239409,2026-07-04,2662.0,3.425371166438941,5.330132366384682,0.5548164189387811,-3.433137763999579,10.0,2072.6,2.3978952727983707,1.2843771108752293,-1,-0.005547520343282986,True
Lok Sabha,Karnataka,DR.K.SUDHAKAR,CHIKBALLAPUR,SUNDARESH G,Payment Success,Lighting of public spaces,WS/MP18081/2025-2026/239405,2026-07-04,2662.0,3.425371166438941,5.330132366384682,0.5548164189387811,-3.433137763999579,10.0,2072.6,2.3978952727983707,1.2843771108752293,-1,-0.005547520343282986,True
Lok Sabha,Odisha,ANANTA NAYAK,KEONJHAR(ST),EMF,Payment Success,"Construction of roads, link roads, pathways or any other road with or without drainage system",WS/MP18146/2025-2026/173917,2026-01-09,309.0,2.4913616938342726,4.463319681510083,1.1908092186143866,-1.655981459372947,158.0,190.0126582278481,5.0689042022202315,1.626207447871561,-1,-0.005500126536688632,True
Lok Sabha,Gujarat,CHANDUBHAI CHHAGANBHAI SHIHORA,SURENDRANAGAR,DEDUCTION ACCOUNT,Payment Success,"Construction of roads, link roads, pathways or any other road with or without drainage system",WS/MP18326/2025-2026/238295,2026-02-11,2748.0,3.4391747398434687,5.406212311570647,0.33663521492486204,-5.843231737256682,3.0,3502.6666666666665,1.3862943611198906,0.7845451084887705,-1,-0.005327668879971048,True
Lok Sabha,Gujarat,CHANDUBHAI CHHAGANBHAI SHIHORA,SURENDRANAGAR,MPLADS HOLDING ACCOUNT,Payment Success,"Construction of roads, link roads, pathways or any other road with or without drainage system",WS/MP18326/2025-2026/238339,2026-02-19,14997.0,4.1760333492640225,5.406212311570647,0.33663521492486204,-3.6543383097374518,6.0,7946.0,1.9459101490553132,1.8873647118046817,-1,-0.005286549150629982,True
Lok Sabha,Odisha,ANANTA NAYAK,KEONJHAR(ST),EMF,Payment Success,"Construction of roads, link roads, pathways or any other road with or without drainage system",WS/MP18146/2025-2026/173454,2025-06-26,298.0,2.4756711883244296,4.463319681510083,1.1908092186143866,-1.6691577980043362,158.0,190.0126582278481,5.0689042022202315,1.568316567850243,-1,-0.005216692048631177,True
Lok Sabha,Odisha,ANANTA NAYAK,KEONJHAR(ST),EMF,Payment Success,Construction of community centers and community halls,WS/MP18146/2025-2026/174012,2025-10-31,296.0,2.4727564493172123,4.463319681510083,1.1908092186143866,-1.6716054940430087,158.0,190.0126582278481,5.0689042022202315,1.5577909533009127,-1,-0.005216692048631177,True
Rajya Sabha,Odisha,Smt. Sulata Deo (2022-28) (2022-2028),,EMF,Payment Success,"Construction of roads, link roads, pathways or any other road with or without drainage system",WS/MP138/2025-2026/205452,2025-10-30,293.0,2.4683473304121573,4.463319681510083,1.1908092186143866,-1.6753081181377276,158.0,190.0126582278481,5.0689042022202315,1.5420025314769168,-1,-0.005216692048631177,True
Lok Sabha,Bihar,Dileshwar Kamait,SUPAUL,SANJAY KUMAR,Payment Success,"Construction of roads, link roads, pathways or any other road with or without drainage system",WS/MP422/2025-2026/192687,2025-09-25,1195952.0,6.0777141125606455,5.736858468527226,0.41014968640951016,0.8310518216344451,5.0,244193.4,1.791759469228055,4.897560703933849,-1,-0.005114451177443358,True
Lok Sabha,Assam,GAURAV GOGOI,JORHAT,Binud Gogoi,Payment Success,Construction of community centers and community halls,WS/MP18024/2025-2026/206722,2025-11-26,3980.0,3.599992177584098,5.2644782788065365,0.4600527957855902,-3.6180327920410686,5.0,16333.0,1.791759469228055,0.2436784424171922,-1,-0.005060876872872044,True
Rajya Sabha,Uttar Pradesh,Prof. Ram Gopal Yadav (2020-26) (2020-2026),,MS RAJ KAMAL CONSTRUCTIONS,Payment Success,"Construction of roads, link roads, pathways or any other road with or without drainage system",WS/MP183/2025-2026/178533,2025-05-14,2860062.0,6.456375599650377,5.2394868954404945,0.5548947427641531,2.1930081697081363,75.0,1265558.32,4.330733340286331,2.259921138995791,-1,-0.005059255768592896,True
Lok Sabha,Odisha,BIBHU PRASAD TARAI,JAGATSINGHPUR(SC),EMF,Payment Success,Construction of community centers and community halls,WS/MP18142/2025-2026/217276,2026-06-25,104.0,2.0211892990699383,4.463319681510083,1.1908092186143866,-2.0508158185756935,158.0,190.0126582278481,5.0689042022202315,0.5473319565651855,-1,-0.005035361563544116,True
Lok Sabha,Odisha,SUKANTA KUMAR PANIGRAHI,KANDHAMAL,EMF,Payment Success,Construction of community centers and community halls,WS/MP18350/2025-2026/181395,2026-08-12,144.0,2.161368002234975,4.463319681510083,1.1908092186143866,-1.933098638549033,158.0,190.0126582278481,5.0689042022202315,0.7578442475517954,-1,-0.0050324923145216305,True
Lok Sabha,Gujarat,CHANDUBHAI CHHAGANBHAI SHIHORA,SURENDRANAGAR,MPLADS HOLDING ACCOUNT,Payment Success,"Construction of roads, link roads, pathways or any other road with or without drainage system",WS/MP18326/2025-2026/238337,2026-02-19,14904.0,4.1733319803686495,5.406212311570647,0.33663521492486204,-3.6623629274114404,6.0,7946.0,1.9459101490553132,1.8756607097910898,-1,-0.00500321097654044,True
Rajya Sabha,Punjab,Shri Sant Balbir Singh (2022-28) (2022-2028),,GORIA ENTERPRISES,Payment Success,"Construction of roads, link roads, pathways or any other road with or without drainage system",WS/MP140/2023-2024/15250,2025-08-08,1985.0,3.2979792441593623,4.699928377134102,0.5546092002274752,-2.5278144185125746,2.0,17472.0,1.0986122886681098,0.11361034798534798,-1,-0.004989508478819293,True
Lok Sabha,Odisha,ANANTA NAYAK,KEONJHAR(ST),EMF,Payment Success,Construction of community centers and community halls,WS/MP18146/2025-2026/250836,2026-07-15,130.0,2.1172712956557644,4.463319681510083,1.1908092186143866,-1.9701295129241245,158.0,190.0126582278481,5.0689042022202315,0.6841649457064819,-1,-0.004797720300145691,True
Lok Sabha,Kerala,K RADHAKRISHNAN,ALATHUR(SC),VINUVARNAN S,Payment Success,Setting up of laboratories,WS/MP18337/2025-2026/156943,2025-07-16,2859.0,3.456366033129043,5.501593744247948,0.48467972305758084,-4.219750927925508,1.0,2859.0,0.6931471805599453,1.0,-1,-0.004705094519970809,True
Lok Sabha,Odisha,ANANTA NAYAK,KEONJHAR(ST),EMF,Payment Success,Construction of community centers and community halls,WS/MP18146/2025-2026/173915,2026-01-09,300.0,2.4785664955938436,4.463319681510083,1.1908092186143866,-1.6667264200605352,158.0,190.0126582278481,5.0689042022202315,1.5788421823995735,-1,-0.004650206464183015,True
Lok Sabha,Karnataka,M. MALLESH BABU,KOLAR(SC),KRIDL BHUSIRI ACCOUNT WORKS,Payment Success,Street lights,WS/MP18088/2025-2026/208490,2025-09-09,1770000.0,6.247973511725851,5.330132366384682,0.5548164189387811,1.6543150382909717,355.0,701098.1633802817,5.87493073085203,2.524610806946212,-1,-0.004569806984918268,True
Rajya Sabha,West Bengal,Shri Nagendra Ray (2023-29) (2023-2029),,SAJAL KUMAR KAR,Payment Success,Purchase of books and periodicals for libraries/digitization of library books,WS/MP888/2025-2026/207350,2026-02-21,19596132.0,7.292170378374111,5.595904606090499,0.4383067199146974,3.870042815254435,2.0,16698279.0,1.0986122886681098,1.17354201591673,-1,-0.004492679601747596,True
Lok Sabha,Odisha,SUKANTA KUMAR PANIGRAHI,KANDHAMAL,EMF,Payment Success,Construction of community centers and community halls,WS/MP18350/2025-2026/178835,2026-06-29,108.0,2.037426497940624,4.463319681510083,1.1908092186143866,-2.03718038594982,158.0,190.0126582278481,5.0689042022202315,0.5683831856638465,-1,-0.004469039486299953,True
Lok Sabha,Odisha,Smt Aparajita Sarangi,BHUBANESWAR,EMF,Payment Success,Construction of community centers and community halls,WS/MP300/2024-2025/160881,2025-09-26,106.0,2.0293837776852097,4.463319681510083,1.1908092186143866,-2.0439343815770727,158.0,190.0126582278481,5.0689042022202315,0.5578575711145161,-1,-0.004469039486299953,True
Lok Sabha,Odisha,Smt Aparajita Sarangi,BHUBANESWAR,EMF,Payment Success,Construction of community centers and community halls,WS/MP300/2026-2027/257860,2026-08-21,103.0,2.0170333392987803,4.463319681510083,1.1908092186143866,-2.0543058484698133,158.0,190.0126582278481,5.0689042022202315,0.5420691492905203,-1,-0.004469039486299953,True
Lok Sabha,Uttar Pradesh,UTKARSH VERMA MADHUR,KHERI,Shiv kumar thekedar,Payment Success,Lighting of public spaces,WS/MP18226/2025-2026/259851,2026-07-02,592778.0,5.772892809772781,5.2394868954404945,0.5548947427641531,0.9612740457319489,294.0,117241.88775510204,5.68697535633982,5.0560257204166685,-1,-0.004408911066552945,True
Lok Sabha,Punjab,SARABJEET SINGH KHALSA,FARIDKOT(SC),NS BRICKS IND,Payment Success,Construction of community centers and community halls,WS/MP18152/2024-2025/137615,2026-01-28,1750.0,3.243286146083446,4.699928377134102,0.5546092002274752,-2.626429980702101,4.0,32452.5,1.6094379124341003,0.053924967259841305,-1,-0.00434635827151264,True
Lok Sabha,Kerala,ADV K FRANCIS GEORGE,KOTTAYAM,EXECUTIVE ENGINEER,Payment Success,Improvement of electricity distribution infrastructure,WS/MP18264/2025-2026/207009,2026-01-19,199769.0,5.300530269612207,5.501593744247948,0.48467972305758084,-0.41483780952778626,106.0,28830.83962264151,4.672828834461906,6.929003893563921,-1,-0.004298239051584107,True
Lok Sabha,Odisha,Shri Jual Oram,SUNDARGARH (ST),MEMBER SECY OB AND OC WWB BBSR,Payment Success,Construction of community centers and community halls,WS/MP370/2024-2025/166463,2025-04-22,6000.0,3.7782236267660965,4.463319681510083,1.1908092186143866,-0.5753197439478657,438.0,2330.735159817352,6.0844994130751715,2.5742950565306573,-1,-0.004285616008058768,True
Rajya Sabha,Odisha,Dr. Sasmit Patra (2022-28) (2022-2028),,MEMBER SECY OB AND OC WWB BBSR,Payment Success,"Construction of roads, link roads, pathways or any other road with or without drainage system",WS/MP131/2025-2026/190497,2025-10-23,6000.0,3.7782236267660965,4.463319681510083,1.1908092186143866,-0.5753197439478657,438.0,2330.735159817352,6.0844994130751715,2.5742950565306573,-1,-0.004285616008058768,True
Rajya Sabha,Uttar Pradesh,Shri Kapil Sibal (2022-28) (2022-2028),,J R Group,Payment Success,Construction of footpaths and pedestrian ways,WS/MP189/2026-2027/175050,2026-05-20,1478650.0,6.1698656813262645,5.2394868954404945,0.5548947427641531,1.6766761588894867,73.0,439247.12328767125,4.30406509320417,3.3663282503312018,-1,-0.0042637993602177016,True
Lok Sabha,Uttar Pradesh,CHHOTELAL,ROBERTSGANJ(SC),UP STATE AGRO INDUSTRIAL CORPORATION LTD BICHPAI URMAURA,Payment Success,Installing hand pumps,WS/MP18236/2025-2026/203103,2025-08-26,538000.0,5.730783082904453,5.2394868954404945,0.5548947427641531,0.8853862716676952,310.0,113501.53548387096,5.739792912179234,4.740023980349164,-1,-0.00426326355284834,True
Lok Sabha,Haryana,SATPAL BRAHAMCHARI,SONEPAT,HV Enpterprises,Payment Success,Installation/ Construction of Anti-Pollution structure,WS/MP18067/2025-2026/251799,2026-07-25,2095.0,3.321391278311689,5.128163022969908,0.5620398924688407,-3.2146681558878587,1.0,2095.0,0.6931471805599453,1.0,-1,-0.004224489344809679,True
Lok Sabha,Himachal Pradesh,RAJEEV BHARDWAJ,KANGRA,Mukesh Kumar,Payment In-Progress,"Construction of roads, link roads, pathways or any other road with or without drainage system",WS/MP18069/2025-2026/239779,2026-08-29,582973.0,5.765649186134103,5.0357558139091765,0.3981897135113444,1.8330292005499822,4.0,149845.25,1.6094379124341003,3.8905003662111413,-1,-0.004179365199503793,True
Lok Sabha,Tamil Nadu,Shri vijayakumar Vasanth,KANNIYAKUMARI,T AZHAGESAN,Payment Success,Construction of boundary walls of existing public and community buildings,WS/MP394/2025-2026/197309,2026-04-27,12980.0,4.113308149918387,5.7177282197633845,0.4497060558405531,-3.5677083930883455,5.0,643391.6,1.791759469228055,0.020174338614305815,-1,-0.0040094343831097445,True
Lok Sabha,Tamil Nadu,Shri vijayakumar Vasanth,KANNIYAKUMARI,T AZHAGESAN,Payment Success,Construction of common work sheds/ common covered sitting area,WS/MP394/2025-2026/197308,2026-04-27,12980.0,4.113308149918387,5.7177282197633845,0.4497060558405531,-3.5677083930883455,5.0,643391.6,1.791759469228055,0.020174338614305815,-1,-0.0040094343831097445,True
Rajya Sabha,Tamil Nadu,Shri P. Chidambaram (2022-28) (2022-2028),,M KARTHIKEYAN,Payment Success,Construction of bus-sheds or bus-stops,WS/MP165/2025-2026/160096,2025-09-06,5345356.0,6.727976715709904,5.7177282197633845,0.4497060558405531,2.246464068753192,9.0,2570381.0,2.302585092994046,2.079596760169018,-1,-0.003990829008760133,True
Rajya Sabha,Uttarakhand,Shri Naresh Bansal (2020-26) (2020-2026),,Manju Choudhary,Payment Success,Construction of rooms and halls in school and colleges,WS/MP850/2024-2025/136784,2026-02-23,1982659.0,6.297248244823556,4.575890061676738,0.7785953606778007,2.2108508091395533,32.0,766761.96875,3.4965075614664802,2.585755528840579,-1,-0.003977916565443884,True
Lok Sabha,West Bengal,ADHIKARI SOUMENDU,KANTHI,ALPHATECH SOLUTIONS,Payment Success,"Construction of roads, link roads, pathways or any other road with or without drainage system",WS/MP18252/2025-2026/173909,2026-01-14,1995673.0,6.30008959929391,5.595904606090499,0.4383067199146974,1.6066032328695738,13.0,598225.0,2.6390573296152584,3.3359906389736302,-1,-0.003965363768100416,True
Lok Sabha,Odisha,NABA CHARAN MAJHI,MAYURBHANJ (ST),EMF,Payment Success,Construction of boundary walls of existing public and community buildings,WS/MP18147/2025-2026/232497,2026-03-05,127.0,2.1072099696478683,4.463319681510083,1.1908092186143866,-1.9785786631747444,158.0,190.0126582278481,5.0689042022202315,0.6683765238824861,-1,-0.003948750061744888,True
Lok Sabha,Odisha,BIBHU PRASAD TARAI,JAGATSINGHPUR(SC),EMF,Payment Success,Construction of community centers and community halls,WS/MP18142/2025-2026/185336,2026-03-11,128.0,2.110589710299249,4.463319681510083,1.1908092186143866,-1.9757404749926668,158.0,190.0126582278481,5.0689042022202315,0.6736393311571514,-1,-0.003948750061744888,True
Lok Sabha,Odisha,Shri Bhartruhari Mahtab,CUTTACK,EMF,Payment Success,Construction of boundary walls of existing public and community buildings,WS/MP372/2025-2026/185717,2026-03-25,128.0,2.110589710299249,4.463319681510083,1.1908092186143866,-1.9757404749926668,158.0,190.0126582278481,5.0689042022202315,0.6736393311571514,-1,-0.003948750061744888,True
Lok Sabha,Uttar Pradesh,AKHILESH YADAV,KANNAUJ,MARUTI ENTERPRISES,Payment Success,Installing community drinking water plants,WS/MP18345/2025-2026/216770,2026-07-21,261632.0,5.417692521051422,5.2394868954404945,0.5548947427641531,0.3211521246772208,35.0,42629.68571428571,3.58351893845611,6.137319466850398,-1,-0.0037672021283751134,True
Lok Sabha,Uttar Pradesh,AKHILESH YADAV,KANNAUJ,MARUTI ENTERPRISES,Payment Success,Installing community drinking water plants,WS/MP18345/2025-2026/216795,2026-07-21,261632.0,5.417692521051422,5.2394868954404945,0.5548947427641531,0.3211521246772208,35.0,42629.68571428571,3.58351893845611,6.137319466850398,-1,-0.0037672021283751134,True
Rajya Sabha,Punjab,Shri Sant Balbir Singh (2022-28) (2022-2028),,Sant Avtar Singh Eco Technical Service Centre,Payment Success,"Construction of roads, link roads, pathways or any other road with or without drainage system",WS/MP140/2023-2024/34273,2024-03-28,606000.0,5.782473340823255,4.699928377134102,0.5546092002274752,1.951905888407808,41.0,164987.1463414634,3.7376696182833684,3.673013404000578,-1,-0.003715408154646438,True
Lok Sabha,Maharashtra,AASHTIKAR PATIL NAGESH BAPURAO,HINGOLI,PATHAN FURQAN ABDULLA KHAN,Payment Success,"Construction of roads, link roads, pathways or any other road with or without drainage system",WS/MP18120/2025-2026/169206,2025-10-10,4994258.0,6.698471060913631,5.831568883890033,0.3608432492891356,2.4024342390536697,3.0,2663803.3333333335,1.3862943611198906,1.8748598807970056,-1,-0.003694778918660435,True
Rajya Sabha,Punjab,Dr. Vikramjit Singh Sahney (2022-28) (2022-2028),,SAWHNEY SALES CORPORATION,Payment Success,Purchase of motor boats for flood and cyclone prone areas,WS/MP844/2025-2026/233586,2025-09-23,7878000.0,6.896416031600624,4.699928377134102,0.5546092002274752,3.960424121283282,1.0,7878000.0,0.6931471805599453,1.0,-1,-0.003685376552086339,True
Lok Sabha,Jharkhand,Vishnu Dayal Ram,PALAMU(SC),Ms Rahul International,Payment Success,"Purchase of ambulances (Four, three and two wheelers)",WS/MP437/2025-2026/178453,2025-10-24,5960000.0,6.775246332608432,5.373590915581567,0.2986561582339397,4.693207819036287,1.0,5960000.0,0.6931471805599453,1.0,-1,-0.003685376552086339,True
Rajya Sabha,Punjab,Shri Raghav Chadha (2022-28) (2022-2028),,Brightway Contractor and Developers,Payment Success,"Construction of flood control embankments/ protection walls along riverbanks, hilltops, roadsides",WS/MP234/2025-2026/231145,2025-11-18,21078330.0,7.32383622009904,4.699928377134102,0.5546092002274752,4.731093248883597,1.0,21078330.0,0.6931471805599453,1.0,-1,-0.003685376552086339,True
Rajya Sabha,Punjab,Dr. Vikramjit Singh Sahney (2022-28) (2022-2028),,SUMEET EARTHMOVERS,Payment Success,Purchase of motor boats for flood and cyclone prone areas,WS/MP844/2025-2026/237919,2025-10-16,6884000.0,6.837840924743038,4.699928377134102,0.5546092002274752,3.8548090199947325,1.0,6884000.0,0.6931471805599453,1.0,-1,-0.003685376552086339,True
Rajya Sabha,Karnataka,Smt. Nirmala Sitharaman (2022-28) (2022-2028),,Dharwad Research and Technology Incubator Foundation,Payment Success,Setting up of laboratories,WS/MP092/2024-2025/141524,2025-08-29,31900000.0,7.503790696671428,5.330132366384682,0.5548164189387811,3.9177974120599868,1.0,31900000.0,0.6931471805599453,1.0,-1,-0.003685376552086339,True
Lok Sabha,Gujarat,DINESHBHAI MAKWANA,AHMEDABAD WEST(SC),SOFTHARD INNOVATIONS SOLUTIONS PRIVATE LIMITED,Payment Success,Purchase of hospital equipment,WS/MP18053/2026-2027/256906,2026-07-17,9000000.0,6.954242557694265,5.406212311570647,0.33663521492486204,4.598539242156062,1.0,9000000.0,0.6931471805599453,1.0,-1,-0.003685376552086339,True
Rajya Sabha,Madhya Pradesh,Dr. L. Murugan (2024-30) (2024-2030),,E E M P H AND I D B DIV DAMOH,Payment Success,Development of playfields and sports grounds,WS/MP104/2025-2026/218146,2026-03-24,12000000.0,7.07918128223883,5.188665529226982,0.4692888662406491,4.028469220154907,1.0,12000000.0,0.6931471805599453,1.0,-1,-0.003685376552086339,True
Lok Sabha,Uttar Pradesh,PRAVEEN PATEL,PHULPUR,Roudrantak Infratech,Payment Success,Lighting of public spaces,WS/MP18233/2026-2027/274638,2026-07-01,20786350.0,7.317778256543819,5.2394868954404945,0.5548947427641531,3.745379440343086,1.0,20786350.0,0.6931471805599453,1.0,-1,-0.003685376552086339,True
Lok Sabha,Gujarat,Hasmukh Bhai Soma Bhai Patel,AHMEDABAD EAST,ALPHA EQUIPMENTS,Payment Success,Crematoriums/energy efficient crematoriums or structures on burial/cremation ground,WS/MP585/2025-2026/178906,2026-06-30,7737422.0,6.888596340110048,5.406212311570647,0.33663521492486204,4.403532259304108,1.0,7737422.0,0.6931471805599453,1.0,-1,-0.003685376552086339,True
Rajya Sabha,Karnataka,Shri Jaggesh (2022-28) (2022-2028),,Rakesh N,Payment Success,"Construction of roads, link roads, pathways or any other road with or without drainage system",WS/MP084/2025-2026/190019,2025-10-18,4576635.0,6.660546372449635,5.330132366384682,0.5548164189387811,2.3979355344416224,15.0,2146744.2666666666,2.772588722239781,2.1318957600414694,-1,-0.003665775824798878,True
Lok Sabha,Andhra Pradesh,GM Harish Balayogi,AMALAPURAM(SC),SRI SAI SAMHITA CONSTRUCTIONS,Payment Success,"Construction of roads, link roads, pathways or any other road with or without drainage system",WS/MP18001/2024-2025/163131,2026-01-06,6855994.0,6.836070492189179,5.60773170892532,0.3625772186175567,3.3877991230317757,2.0,5793491.5,1.0986122886681098,1.1833958848476778,-1,-0.003543577013766397,True
Rajya Sabha,Odisha,Dr. Sasmit Patra (2022-28) (2022-2028),,MEMBER SECY OB AND OC WWB BBSR,Payment Success,Construction of community centers and community halls,WS/MP131/2025-2026/152348,2025-09-18,6203.0,3.7926717891415676,4.463319681510083,1.1908092186143866,-0.5631866816994201,438.0,2330.735159817352,6.0844994130751715,2.661392039276611,-1,-0.0034373382665301433,True
Lok Sabha,Karnataka,DR.K.SUDHAKAR,CHIKBALLAPUR,SUNDARESH G,Payment Success,Lighting of public spaces,WS/MP18081/2025-2026/240361,2026-06-18,2040.0,3.3098430047160705,5.330132366384682,0.5548164189387811,-3.641365490828294,10.0,2072.6,2.3978952727983707,0.9842709640065619,-1,-0.003419768097431719,True
Lok Sabha,Karnataka,DR.K.SUDHAKAR,CHIKBALLAPUR,SUNDARESH G,Payment Success,Lighting of public spaces,WS/MP18081/2025-2026/240353,2026-06-18,2040.0,3.3098430047160705,5.330132366384682,0.5548164189387811,-3.641365490828294,10.0,2072.6,2.3978952727983707,0.9842709640065619,-1,-0.003419768097431719,True
Lok Sabha,Karnataka,DR.K.SUDHAKAR,CHIKBALLAPUR,SUNDARESH G,Payment Success,Lighting of public spaces,WS/MP18081/2025-2026/240363,2026-06-18,2040.0,3.3098430047160705,5.330132366384682,0.5548164189387811,-3.641365490828294,10.0,2072.6,2.3978952727983707,0.9842709640065619,-1,-0.003419768097431719,True
Lok Sabha,Karnataka,DR.K.SUDHAKAR,CHIKBALLAPUR,SUNDARESH G,Payment Success,Lighting of public spaces,WS/MP18081/2025-2026/240355,2026-06-18,2040.0,3.3098430047160705,5.330132366384682,0.5548164189387811,-3.641365490828294,10.0,2072.6,2.3978952727983707,0.9842709640065619,-1,-0.003419768097431719,True
Lok Sabha,Karnataka,DR.K.SUDHAKAR,CHIKBALLAPUR,SUNDARESH G,Payment Success,Lighting of public spaces,WS/MP18081/2025-2026/240257,2026-06-18,2040.0,3.3098430047160705,5.330132366384682,0.5548164189387811,-3.641365490828294,10.0,2072.6,2.3978952727983707,0.9842709640065619,-1,-0.003419768097431719,True
Rajya Sabha,Odisha,Dr. Sasmit Patra (2022-28) (2022-2028),,DMF FUND NAYAGARH,Payment Success,Construction of bus-sheds or bus-stops,WS/MP131/2026-2027/273372,2026-08-07,421.0,2.625312450961674,4.463319681510083,1.1908092186143866,-1.5434942909554359,42.0,215.14285714285714,3.7612001156935624,1.956839309428951,-1,-0.0032595450053286568,True
Lok Sabha,Odisha,BIBHU PRASAD TARAI,JAGATSINGHPUR(SC),EMF,Payment In-Progress,Construction of community centers and community halls,WS/MP18142/2025-2026/185341,2026-08-28,163.0,2.214843848047698,4.463319681510083,1.1908092186143866,-1.8881914905552115,158.0,190.0126582278481,5.0689042022202315,0.857837585770435,-1,-0.0032124968979457824,True
Lok Sabha,Odisha,Shri Bhartruhari Mahtab,CUTTACK,DMF FUND NAYAGARH,Payment Success,"Construction of roads, link roads, pathways or any other road with or without drainage system",WS/MP372/2025-2026/186034,2025-12-10,414.0,2.6180480967120925,4.463319681510083,1.1908092186143866,-1.5495946419907043,42.0,215.14285714285714,3.7612001156935624,1.9243027888446216,-1,-0.0032123842155288296,True
Rajya Sabha,Odisha,Smt. Sulata Deo (2022-28) (2022-2028),,EMF,Payment Success,Construction of water tanks,WS/MP138/2025-2026/203489,2026-04-10,122.0,2.089905111439398,4.463319681510083,1.1908092186143866,-1.99311067883096,158.0,190.0126582278481,5.0689042022202315,0.64206248750916,-1,-0.003142824032135838,True
Rajya Sabha,Tamil Nadu,Shri K.R.N. Rajeshkumar (2022-28) (2022-2028),,Ashok Construction,Payment Success,Construction of rooms and halls in school and colleges,WS/MP166/2024-2025/125561,2025-11-13,4595049.0,6.662290241425276,5.7177282197633845,0.4497060558405531,2.1003987146590557,5.0,1963566.8,1.791759469228055,2.3401541521276483,-1,-0.003030693017131436,True
Lok Sabha,Uttar Pradesh,AFZAL ANSARI,GHAZIPUR,UP STATE AGRO,Payment Success,Installing hand pumps,WS/MP18390/2025-2026/176193,2025-12-18,931327.0,5.969102660039314,5.2394868954404945,0.5548947427641531,1.3148723683419872,85.0,194854.17647058822,4.454347296253507,4.779610151905453,-1,-0.0029422813330494124,True
Rajya Sabha,Uttar Pradesh,Shri Ramji (2020-26) (2020-2026),,SHRI SAI ELECTRICAL SUPPLIERS CONTRACTOR,Payment Success,Lighting of public spaces,WS/MP198/2024-2025/135729,2024-10-22,3113000.0,6.493179260192445,5.2394868954404945,0.5548947427641531,2.2593336503907144,48.0,1481119.1666666667,3.8918202981106265,2.1017890187769046,-1,-0.0029097146727734557,True
Rajya Sabha,Uttar Pradesh,Shri Ramji (2020-26) (2020-2026),,SHRI SAI ELECTRICAL SUPPLIERS CONTRACTOR,Payment Success,Lighting of public spaces,WS/MP198/2025-2026/208989,2025-07-15,3112993.0,6.493178283621994,5.2394868954404945,0.5548947427641531,2.259331890470542,48.0,1481119.1666666667,3.8918202981106265,2.101784292621064,-1,-0.0029097146727734557,True
Lok Sabha,Madhya Pradesh,BHARTI PARDHI,BALAGHAT,GRAM PANCHYAT BAMHANI,Payment Success,Construction of community centers and community halls,WS/MP18098/2025-2026/180445,2025-12-28,4765.0,3.678154038010437,5.188665529226982,0.4692888662406491,-3.2187243292534484,19.0,78913.15789473684,2.995732273553991,0.06038283256077634,-1,-0.0027637820125419044,True
Lok Sabha,Uttar Pradesh,SANATAN PANDEY,BALLIA,ARVIND KUMAR PANDEY,Payment Success,"Construction of roads, link roads, pathways or any other road with or without drainage system",WS/MP18205/2025-2026/232452,2026-04-08,1248879.0,6.096520710718789,5.2394868954404945,0.5548947427641531,1.5444979907523817,156.0,355597.108974359,5.056245805348308,3.512061736390699,-1,-0.0027368104093300483,True
Rajya Sabha,Odisha,Dr. Sasmit Patra (2022-28) (2022-2028),,EMF,Payment Success,Construction of community centers and community halls,WS/MP131/2025-2026/152348,2025-09-18,114.0,2.060697840353612,4.463319681510083,1.1908092186143866,-2.0176379252019374,158.0,190.0126582278481,5.0689042022202315,0.599960029311838,-1,-0.0027326849830314748,True
Rajya Sabha,Uttar Pradesh,Prof. Ram Gopal Yadav (2020-26) (2020-2026),,Pradeep Kumar,Payment Success,"Construction of roads, link roads, pathways or any other road with or without drainage system",WS/MP183/2025-2026/217034,2025-12-29,3234288.0,6.509778823701978,5.2394868954404945,0.5548947427641531,2.2892484472526267,42.0,1623768.857142857,3.7612001156935624,1.9918401475509095,-1,-0.00272366090627163,True
Lok Sabha,Odisha,Shri Jual Oram,SUNDARGARH (ST),EMF,Payment Success,Construction of community centers and community halls,WS/MP370/2024-2025/145561,2026-02-19,152.0,2.184691430817599,4.463319681510083,1.1908092186143866,-1.913512437654684,158.0,190.0126582278481,5.0689042022202315,0.7999467057491173,-1,-0.002674442169914082,True
Rajya Sabha,Andhra Pradesh,Shri Ryaga Krishnaiah (2024-28) (2024-2028),,SRI NELCO ENTERPRISES,Payment Success,"Construction of roads, link roads, pathways or any other road with or without drainage system",WS/MP18427/2025-2026/257942,2026-03-26,2495106.0,6.397089174613979,5.60773170892532,0.3625772186175567,2.1770740828625157,31.0,1027314.7741935484,3.4657359027997265,2.428764836910558,-1,-0.0026446335943942634,True
Rajya Sabha,Andhra Pradesh,Shri Ryaga Krishnaiah (2024-28) (2024-2028),,SRI NELCO ENTERPRISES,Payment Success,"Construction of roads, link roads, pathways or any other road with or without drainage system",WS/MP18427/2025-2026/267359,2026-04-06,2495818.0,6.3972130865586605,5.60773170892532,0.3625772186175567,2.1774158361175995,31.0,1027314.7741935484,3.4657359027997265,2.42945790588794,-1,-0.0026446335943942634,True
Rajya Sabha,Andhra Pradesh,Shri Ryaga Krishnaiah (2024-28) (2024-2028),,SRI NELCO ENTERPRISES,Payment Success,Construction of community centers and community halls,WS/MP18427/2026-2027/281262,2026-07-06,2492434.0,6.396623841202585,5.60773170892532,0.3625772186175567,2.175790677873178,31.0,1027314.7741935484,3.4657359027997265,2.4261638814224042,-1,-0.0026446335943942634,True
Lok Sabha,Bihar,RAJ BHUSHAN CHOUDHARY,MUZAFFARPUR,ASST ENG BOCHAHA LAEO MUZ,Payment Success,"Construction of roads, link roads, pathways or any other road with or without drainage system",WS/MP18040/2025-2026/198757,2026-05-21,14410.0,4.158694118177861,5.736858468527226,0.41014968640951016,-3.8477765621735993,14.0,898491.4285714285,2.70805020110221,0.016037993843649036,-1,-0.002597554749570241,True
Lok Sabha,Odisha,DHARMENDRA PRADHAN,SAMBALPUR,EMF,Payment In-Progress,Construction of public irrigation facilities,WS/MP18150/2026-2027/272840,2026-08-21,117.0,2.0718820073061255,4.463319681510083,1.1908092186143866,-2.0082458523344404,158.0,190.0126582278481,5.0689042022202315,0.6157484511358337,-1,-0.0025782084716980957,True
Lok Sabha,Odisha,Shri Bhartruhari Mahtab,CUTTACK,EMF,Payment Success,Construction of community centers and community halls,WS/MP372/2025-2026/186032,2026-08-05,119.0,2.0791812460476247,4.463319681510083,1.1908092186143866,-2.0021162065209888,158.0,190.0126582278481,5.0689042022202315,0.6262740656851642,-1,-0.0025782084716980957,True
Lok Sabha,Odisha,BALABHADRA MAJHI,NABARANGPUR(ST),EMF,Payment Success,Construction of boundary walls of existing public and community buildings,WS/MP18148/2025-2026/198393,2026-08-24,120.0,2.0827853703164503,4.463319681510083,1.1908092186143866,-1.9990895888122182,158.0,190.0126582278481,5.0689042022202315,0.6315368729598294,-1,-0.0025782084716980957,True
Lok Sabha,Jammu And Kashmir,MIAN ALTAF AHMAD,ANANTNAG,MASRAT SIDIQ GILKAR,Payment Success,Construction of community centers and community halls,WS/MP18070/2025-2026/166162,2026-04-07,6894000.0,6.838471342067932,5.368253220391357,0.4197357532673082,3.502723106697725,1.0,6894000.0,0.6931471805599453,1.0,-1,-0.002555676542662755,True
Lok Sabha,Jammu And Kashmir,Jitendra Singh,UDHAMPUR,Vikram Enterprises,Payment Success,"Purchase of ambulances (Four, three and two wheelers)",WS/MP600/2025-2026/203045,2025-09-15,7850000.0,6.8948697120693865,5.368253220391357,0.4197357532673082,3.6370894778310814,1.0,7850000.0,0.6931471805599453,1.0,-1,-0.002555676542662755,True
Lok Sabha,Uttar Pradesh,RAMBHUAL NISHAD,SULTANPUR,Triloki Nath Tripathi,Payment Success,Street lights,WS/MP18242/2025-2026/216762,2025-12-31,14430350.0,7.159276894884846,5.2394868954404945,0.5548947427641531,3.459737228507714,1.0,14430350.0,0.6931471805599453,1.0,-1,-0.002555676542662755,True
Lok Sabha,Gujarat,PARSHOTTAMBHAI RUPALA,RAJKOT,global devlopmant,Payment Success,Construction of community centers and community halls,WS/MP18056/2025-2026/206247,2026-08-14,13728.0,4.137638905022756,5.406212311570647,0.33663521492486204,-3.768391868423628,4.0,377852.0,1.6094379124341003,0.036331685421805364,-1,-0.0025137285746980043,True
Rajya Sabha,Jharkhand,Shri Aditya Prasad (2022-28) (2022-2028),,PARMANAND PASWAN,Payment Success,Construction of community centers and community halls,WS/MP081/2024-2025/133877,2024-08-23,1087500.0,6.036429664977739,5.373590915581567,0.2986561582339397,2.2194042584481544,193.0,384344.55958549224,5.267858159063328,2.829492373126984,-1,-0.002497276573402152,True
Rajya Sabha,Jharkhand,Shri Aditya Prasad (2022-28) (2022-2028),,PARMANAND PASWAN,Payment Success,Construction of community centers and community halls,WS/MP081/2023-2024/1793,2024-01-04,1087500.0,6.036429664977739,5.373590915581567,0.2986561582339397,2.2194042584481544,193.0,384344.55958549224,5.267858159063328,2.829492373126984,-1,-0.002497276573402152,True
Rajya Sabha,Jharkhand,Shri Aditya Prasad (2022-28) (2022-2028),,PARMANAND PASWAN,Payment Success,Construction of community centers and community halls,WS/MP081/2024-2025/133859,2024-08-22,1087500.0,6.036429664977739,5.373590915581567,0.2986561582339397,2.2194042584481544,193.0,384344.55958549224,5.267858159063328,2.829492373126984,-1,-0.002497276573402152,True
Rajya Sabha,Jharkhand,Shri Aditya Prasad (2022-28) (2022-2028),,PARMANAND PASWAN,Payment Success,Development of public parks,WS/MP081/2024-2025/133865,2024-08-23,1087500.0,6.036429664977739,5.373590915581567,0.2986561582339397,2.2194042584481544,193.0,384344.55958549224,5.267858159063328,2.829492373126984,-1,-0.002497276573402152,True
Rajya Sabha,Jharkhand,Shri Aditya Prasad (2022-28) (2022-2028),,PARMANAND PASWAN,Payment Success,Construction of community centers and community halls,WS/MP081/2023-2024/1798,2023-10-26,1087500.0,6.036429664977739,5.373590915581567,0.2986561582339397,2.2194042584481544,193.0,384344.55958549224,5.267858159063328,2.829492373126984,-1,-0.002497276573402152,True
Rajya Sabha,Jharkhand,Shri Aditya Prasad (2022-28) (2022-2028),,PARMANAND PASWAN,Payment Success,Construction of community centers and community halls,WS/MP081/2024-2025/133884,2024-08-23,1087500.0,6.036429664977739,5.373590915581567,0.2986561582339397,2.2194042584481544,193.0,384344.55958549224,5.267858159063328,2.829492373126984,-1,-0.002497276573402152,True
Rajya Sabha,Jharkhand,Shri Aditya Prasad (2022-28) (2022-2028),,PARMANAND PASWAN,Payment Success,Construction of community centers and community halls,WS/MP081/2023-2024/1800,2023-10-26,1087500.0,6.036429664977739,5.373590915581567,0.2986561582339397,2.2194042584481544,193.0,384344.55958549224,5.267858159063328,2.829492373126984,-1,-0.002497276573402152,True
Rajya Sabha,Jharkhand,Shri Aditya Prasad (2022-28) (2022-2028),,PARMANAND PASWAN,Payment Success,Construction of community centers and community halls,WS/MP081/2024-2025/133882,2024-08-23,1087500.0,6.036429664977739,5.373590915581567,0.2986561582339397,2.2194042584481544,193.0,384344.55958549224,5.267858159063328,2.829492373126984,-1,-0.002497276573402152,True
Rajya Sabha,Jharkhand,Shri Aditya Prasad (2022-28) (2022-2028),,PARMANAND PASWAN,Payment Success,Construction of community centers and community halls,WS/MP081/2024-2025/133873,2024-08-23,1087500.0,6.036429664977739,5.373590915581567,0.2986561582339397,2.2194042584481544,193.0,384344.55958549224,5.267858159063328,2.829492373126984,-1,-0.002497276573402152,True
Rajya Sabha,Jharkhand,Shri Aditya Prasad (2022-28) (2022-2028),,PARMANAND PASWAN,Payment Success,Construction of community centers and community halls,WS/MP081/2023-2024/1784,2023-10-26,1087500.0,6.036429664977739,5.373590915581567,0.2986561582339397,2.2194042584481544,193.0,384344.55958549224,5.267858159063328,2.829492373126984,-1,-0.002497276573402152,True
Rajya Sabha,Jharkhand,Shri Aditya Prasad (2022-28) (2022-2028),,PARMANAND PASWAN,Payment Success,Construction of community centers and community halls,WS/MP081/2023-2024/1774,2023-10-26,1087500.0,6.036429664977739,5.373590915581567,0.2986561582339397,2.2194042584481544,193.0,384344.55958549224,5.267858159063328,2.829492373126984,-1,-0.002497276573402152,True
Rajya Sabha,Jharkhand,Shri Aditya Prasad (2022-28) (2022-2028),,PARMANAND PASWAN,Payment Success,"Construction of roads, link roads, pathways or any other road with or without drainage system",WS/MP081/2024-2025/136014,2024-08-23,1087500.0,6.036429664977739,5.373590915581567,0.2986561582339397,2.2194042584481544,193.0,384344.55958549224,5.267858159063328,2.829492373126984,-1,-0.002497276573402152,True
Rajya Sabha,Jharkhand,Shri Aditya Prasad (2022-28) (2022-2028),,PARMANAND PASWAN,Payment Success,"Construction of roads, link roads, pathways or any other road with or without drainage system",WS/MP081/2024-2025/136013,2024-08-30,1087500.0,6.036429664977739,5.373590915581567,0.2986561582339397,2.2194042584481544,193.0,384344.55958549224,5.267858159063328,2.829492373126984,-1,-0.002497276573402152,True
Rajya Sabha,Jharkhand,Shri Aditya Prasad (2022-28) (2022-2028),,PARMANAND PASWAN,Payment Success,Construction of community centers and community halls,WS/MP081/2023-2024/1794,2023-10-26,1087500.0,6.036429664977739,5.373590915581567,0.2986561582339397,2.2194042584481544,193.0,384344.55958549224,5.267858159063328,2.829492373126984,-1,-0.002497276573402152,True
Rajya Sabha,Jharkhand,Shri Aditya Prasad (2022-28) (2022-2028),,PARMANAND PASWAN,Payment Success,Construction of community centers and community halls,WS/MP081/2023-2024/1802,2023-10-26,1087500.0,6.036429664977739,5.373590915581567,0.2986561582339397,2.2194042584481544,193.0,384344.55958549224,5.267858159063328,2.829492373126984,-1,-0.002497276573402152,True
Rajya Sabha,Jharkhand,Shri Aditya Prasad (2022-28) (2022-2028),,PARMANAND PASWAN,Payment Success,Construction of community centers and community halls,WS/MP081/2023-2024/1790,2023-10-26,1087500.0,6.036429664977739,5.373590915581567,0.2986561582339397,2.2194042584481544,193.0,384344.55958549224,5.267858159063328,2.829492373126984,-1,-0.002497276573402152,True
Rajya Sabha,Jharkhand,Shri Aditya Prasad (2022-28) (2022-2028),,PARMANAND PASWAN,Payment Success,Construction of community centers and community halls,WS/MP081/2023-2024/1801,2023-10-26,1087500.0,6.036429664977739,5.373590915581567,0.2986561582339397,2.2194042584481544,193.0,384344.55958549224,5.267858159063328,2.829492373126984,-1,-0.002497276573402152,True
Lok Sabha,Uttar Pradesh,Ashok Kumar Rawat,MISRIKH(SC),SHREE VISHNU TRADERS,Payment Success,Lighting of public spaces,WS/MP507/2024-2025/170558,2025-03-01,4980000.0,6.697229429967436,5.2394868954404945,0.5548947427641531,2.627061354492821,28.0,2834420.6785714286,3.367295829986474,1.7569727872963308,-1,-0.002496117163192091,True
Rajya Sabha,Jharkhand,Shri Aditya Prasad (2022-28) (2022-2028),,Junior Engineer Zila Parishad Prashant Kumar,Payment Success,Setting up of Early Warning Systems for effective disaster mitigation,WS/MP081/2025-2026/228768,2026-06-11,25000.0,4.397957380103888,5.373590915581567,0.2986561582339397,-3.2667450798501796,308.0,401692.1266233766,5.733341276897746,0.062236718977167815,-1,-0.0024656548133225042,True
Rajya Sabha,Jharkhand,Shri Aditya Prasad (2022-28) (2022-2028),,Junior Engineer Zila Parishad Prashant Kumar,Payment Success,"Construction of roads, link roads, pathways or any other road with or without drainage system",WS/MP081/2025-2026/221247,2026-06-11,25000.0,4.397957380103888,5.373590915581567,0.2986561582339397,-3.2667450798501796,308.0,401692.1266233766,5.733341276897746,0.062236718977167815,-1,-0.0024656548133225042,True
Lok Sabha,Odisha,BIBHU PRASAD TARAI,JAGATSINGHPUR(SC),BDONIMAPADA MISCAC,Payment Success,Construction of community centers and community halls,WS/MP18142/2025-2026/217276,2026-06-25,211.0,2.326335860928751,4.463319681510083,1.1908092186143866,-1.7945643913203029,3.0,2528.3333333333335,1.3862943611198906,0.08345418589321028,-1,-0.002463809729842392,True
Lok Sabha,Odisha,Smt Aparajita Sarangi,BHUBANESWAR,EMF,Payment Success,Construction of public libraries and reading rooms,WS/MP300/2024-2025/157080,2026-01-16,111.0,2.0492180226701815,4.463319681510083,1.1908092186143866,-2.0272782752294494,158.0,190.0126582278481,5.0689042022202315,0.5841716074878422,-1,-0.002450498488883013,True
Lok Sabha,Odisha,Shri Jual Oram,SUNDARGARH (ST),EMF,Payment Success,Construction of community centers and community halls,WS/MP370/2024-2025/145537,2026-05-21,158.0,2.2013971243204513,4.463319681510083,1.1908092186143866,-1.8994835795960514,158.0,190.0126582278481,5.0689042022202315,0.8315235493971088,-1,-0.0024407015805784082,True
Rajya Sabha,Punjab,Dr. Ashok Kumar Mittal (2022-28) (2022-2028),,GUPTA STEEL CEMENT STORE,Payment Success,Construction of community centers and community halls,WS/MP843/2026-2027/273842,2026-07-28,293494.0,5.467600706977479,4.699928377134102,0.5546092002274752,1.3841680403579921,8.0,59268.125,2.1972245773362196,4.951970388805113,-1,-0.0022186091421692034,True
Lok Sabha,Uttar Pradesh,RAMESH AWASTHI,KANPUR,VISHWANATH ENTERPRISES,Payment Success,Fitting of Sitting RCC Benches in Public Places,WS/MP18224/2025-2026/198384,2025-09-24,4021222.0,6.604358157903715,5.2394868954404945,0.5548947427641531,2.4596939874835546,14.0,1977308.7142857143,2.70805020110221,2.0336844575393638,-1,-0.0021826321083210365,True
Lok Sabha,Tamil Nadu,V S Matheswaran,NAMAKKAL,Hindusthan Power Technology,Payment Success,Purchase of furniture and fixtures for educational purposes,WS/MP18394/2025-2026/209301,2026-02-12,1498600.0,6.1756860180621205,5.7177282197633845,0.4497060558405531,1.0183491913240068,98.0,360865.3367346939,4.59511985013459,4.152795648260786,-1,-0.0021420740482862577,True
Lok Sabha,Odisha,Smt Aparajita Sarangi,BHUBANESWAR,EMF,Payment Success,Construction of public libraries and reading rooms,WS/MP300/2025-2026/157042,2026-04-10,173.0,2.2405492482826,4.463319681510083,1.1908092186143866,-1.8666049930431983,158.0,190.0126582278481,5.0689042022202315,0.9104656585170875,-1,-0.002125477415334087,True
Lok Sabha,Odisha,ANANTA NAYAK,KEONJHAR(ST),EMF,Payment Success,Construction of buildings for community cultural activities,WS/MP18146/2025-2026/166137,2026-05-30,173.0,2.2405492482826,4.463319681510083,1.1908092186143866,-1.8666049930431983,158.0,190.0126582278481,5.0689042022202315,0.9104656585170875,-1,-0.002125477415334087,True
Lok Sabha,Uttar Pradesh,SANATAN PANDEY,BALLIA,ARVIND KUMAR PANDEY,Payment Success,"Construction of roads, link roads, pathways or any other road with or without drainage system",WS/MP18205/2025-2026/245145,2026-02-07,1235610.0,6.091881765943784,5.2394868954404945,0.5548947427641531,1.536137946193487,156.0,355597.108974359,5.056245805348308,3.4747470348221983,-1,-0.0021140795654491784,True
Rajya Sabha,Uttar Pradesh,Smt. Darshana Singh (2022-28) (2022-2028),,RAMJI CONSTRUCTION,Payment Success,Street lights,WS/MP203/2026-2027/284964,2026-07-07,4989600.0,6.6980658180830055,5.2394868954404945,0.5548947427641531,2.6285686459683233,58.0,2902403.4482758623,4.07753744390572,1.7191269542365006,-1,-0.0021077007766313605,True
Rajya Sabha,Uttar Pradesh,Shri Brij Lal (2020-26) (2020-2026),,ADITI CONSTRUCTIONS,Payment Success,Development of public parks,WS/MP196/2025-2026/214383,2025-09-26,3836534.0,6.583939164543146,5.2394868954404945,0.5548947427641531,2.4228960296242783,3.0,1915022.0,1.3862943611198906,2.0033889950089345,-1,-0.002078294644341283,True
Lok Sabha,Tamil Nadu,DURAI VAIKO,TIRUCHIRAPPALLI,C S R CONSTRUCTION,Payment Success,Construction of community centers and community halls,WS/MP18312/2026-2027/157891,2026-05-20,4799465.0,6.681192919426739,5.7177282197633845,0.4497060558405531,2.142432122383869,3.0,2342692.0,1.3862943611198906,2.048696542268467,-1,-0.002035255001849201,True
Lok Sabha,Haryana,SATPAL BRAHAMCHARI,SONEPAT,Mahadev Construction co,Payment In-Progress,Construction of community centers and community halls,WS/MP18067/2026-2027/277792,2026-08-26,1108127.0,6.044589928698344,5.128163022969908,0.5620398924688407,1.630537116685615,10.0,265878.3,2.3978952727983707,4.1677978232898285,-1,-0.0019916103856723044,True
Lok Sabha,Uttar Pradesh,UJJWAL RAMAN SINGH,ALLAHABAD,MS VIDYARTHI CONSTRUCTION,Payment Success,Lighting of public spaces,WS/MP18198/2025-2026/220369,2025-12-11,3239577.0,6.510488441006697,5.2394868954404945,0.5548947427641531,2.2905272795248246,13.0,1412277.1538461538,2.6390573296152584,2.29386773777189,-1,-0.0019658724298775576,True
Lok Sabha,Odisha,SUKANTA KUMAR PANIGRAHI,KANDHAMAL,MEMBER SECY OB AND OC WWB BBSR,Payment Success,Construction of community centers and community halls,WS/MP18350/2025-2026/178758,2026-02-03,500.0,2.699837725867246,4.463319681510083,1.1908092186143866,-1.4809105674331333,438.0,2330.735159817352,6.0844994130751715,0.21452458804422142,-1,-0.0019294403421707962,True
Lok Sabha,Odisha,BALABHADRA MAJHI,NABARANGPUR(ST),MEMBER SECY OB AND OC WWB BBSR,Payment Success,Construction of community centers and community halls,WS/MP18148/2025-2026/170300,2026-08-24,500.0,2.699837725867246,4.463319681510083,1.1908092186143866,-1.4809105674331333,438.0,2330.735159817352,6.0844994130751715,0.21452458804422142,-1,-0.0019294403421707962,True
Lok Sabha,Odisha,ANANTA NAYAK,KEONJHAR(ST),EMF,Payment Success,"Construction of roads, link roads, pathways or any other road with or without drainage system",WS/MP18146/2025-2026/173899,2026-01-13,213.0,2.330413773349191,4.463319681510083,1.1908092186143866,-1.7911399028659853,158.0,190.0126582278481,5.0689042022202315,1.1209779495036973,-1,-0.0018878641886895808,True
Rajya Sabha,Odisha,Shri Subhasish Khuntia (2024-30) (2024-2030),,DMF FUND NAYAGARH,Payment Success,Construction of community centers and community halls,WS/MP18283/2025-2026/238246,2026-07-09,407.0,2.61066016308988,4.463319681510083,1.1908092186143866,-1.555798770667848,42.0,215.14285714285714,3.7612001156935624,1.8917662682602923,-1,-0.0017949737166920166,True
Lok Sabha,Odisha,ANANTA NAYAK,KEONJHAR(ST),EMF,Payment Success,"Construction of roads, link roads, pathways or any other road with or without drainage system",WS/MP18146/2025-2026/173778,2025-12-04,215.0,2.3344537511509307,4.463319681510083,1.1908092186143866,-1.7877472705798156,158.0,190.0126582278481,5.0689042022202315,1.1315035640530278,-1,-0.001606058671405508,True
Lok Sabha,Odisha,Shri Bhartruhari Mahtab,CUTTACK,EMF,Payment Success,Construction of buildings for community cultural activities,WS/MP372/2025-2026/186019,2026-08-19,215.0,2.3344537511509307,4.463319681510083,1.1908092186143866,-1.7877472705798156,158.0,190.0126582278481,5.0689042022202315,1.1315035640530278,-1,-0.001606058671405508,True
Rajya Sabha,Karnataka,Smt. Sudha Murty (2024-30) (2024-2030),,Nirmithi kendra vijayapur,Payment Success,"Construction of rooms and facilities for hospitals, FWC , PHC Centers and ANM centers",WS/MP18363/2024-2025/147448,2025-03-12,12411000.0,7.09380681060788,5.330132366384682,0.5548164189387811,3.178843278640973,8.0,8484375.0,2.1972245773362196,1.4628066298342541,-1,-0.0015776420540016822,True
Rajya Sabha,Odisha,Dr. Sasmit Patra (2022-28) (2022-2028),,EMF,Payment Success,Construction of bus-sheds or bus-stops,WS/MP131/2026-2027/273372,2026-08-07,210.0,2.3242824552976926,4.463319681510083,1.1908092186143866,-1.7962887696665235,158.0,190.0126582278481,5.0689042022202315,1.1051895276797015,-1,-0.0015702561718816677,True
Rajya Sabha,Uttar Pradesh,Shri Ramji Lal Suman (2024-30) (2024-2030),,ASHOK KUMAR,Payment Success,"Construction of roads, link roads, pathways or any other road with or without drainage system",WS/MP18281/2024-2025/146041,2025-02-13,1784160.0,6.251434041888024,5.2394868954404945,0.5548947427641531,1.8236740564645026,69.0,608454.768115942,4.248495242049359,2.9322804150661623,-1,-0.0015345859468862688,True
Rajya Sabha,Himachal Pradesh,Dr. Sikander Kumar (2022-28) (2022-2028),,RIYA ENTERPRISES,Payment Success,Purchase of books and periodicals for libraries/digitization of library books,WS/MP078/2024-2025/173939,2025-03-02,1999100.0,6.300834736406559,5.0357558139091765,0.3981897135113444,3.1770758499549747,17.0,932861.3182352941,2.8903717578961645,2.142976625702225,-1,-0.0013779902753818796,True
Rajya Sabha,Bihar,Shri Akhilesh Prasad Singh (2024-30) (2024-2030),,AE  KURTHA,Payment Success,"Construction of roads, link roads, pathways or any other road with or without drainage system",WS/MP044/2025-2026/232455,2026-03-16,983920.0,5.992960229893337,5.736858468527226,0.41014968640951016,0.6244104770822845,107.0,199363.29906542055,4.68213122712422,4.935311587501014,-1,-0.0013479245719405508,True
Rajya Sabha,Bihar,Shri Akhilesh Prasad Singh (2024-30) (2024-2030),,AE  KURTHA,Payment Success,Construction of public staircase/ stair ghat for public convenience,WS/MP044/2025-2026/232457,2026-05-14,988599.0,5.995020606124758,5.736858468527226,0.41014968640951016,0.6294339509497331,107.0,199363.29906542055,4.68213122712422,4.958781303451413,-1,-0.0013479245719405508,True
Rajya Sabha,Kerala,Smt. P. T. Usha (2022-28) (2022-2028),,DISTRICT NIRMITHI KENDRA,Payment Success,"Construction of rooms and facilities for hospitals, FWC , PHC Centers and ANM centers",WS/MP842/2024-2025/144267,2026-01-21,3000000.0,6.477121399484465,5.501593744247948,0.48467972305758084,2.012726360992458,6.0,1134166.6666666667,1.9459101490553132,2.6451138868479056,-1,-0.0013460658237782752,True
Lok Sabha,Madhya Pradesh,Ganesh Singh,SATNA,SAI KRIPA ENGINEERS ASSOCIATES SATNA,Payment Success,Improvement of electricity distribution infrastructure,WS/MP642/2026-2027/199917,2026-06-21,799256.0,5.902686448569701,5.188665529226982,0.4692888662406491,1.521495545084107,14.0,158582.42857142858,2.70805020110221,5.040003531286568,-1,-0.0012788305583878445,True
Lok Sabha,Odisha,ANANTA NAYAK,KEONJHAR(ST),EMF,Payment Success,Construction of community centers and community halls,WS/MP18146/2025-2026/157689,2026-02-26,116.0,2.0681858617461617,4.463319681510083,1.1908092186143866,-2.011349746310223,158.0,190.0126582278481,5.0689042022202315,0.6104856438611684,-1,-0.0012396013534681227,True
Lok Sabha,Jammu And Kashmir,ABDUL RASHID SHEIKH,BARAMULLAH,Zubair Fayaz Wani,Payment Success,Street lights,WS/MP18379/2025-2026/247612,2026-01-20,7000.0,3.8451600776519457,5.368253220391357,0.4197357532673082,-3.6286952704966047,2.0,4500.0,1.0986122886681098,1.5555555555555556,-1,-0.0012297751702766702,True
Lok Sabha,Gujarat,DR. HEMANG JOSHI,VADODARA,wapcos ltd,Payment Success,Construction of community centers and community halls,WS/MP18058/2025-2026/182501,2025-10-17,7357.0,3.8667597834951084,5.406212311570647,0.33663521492486204,-4.573058491278604,3.0,21289.0,1.3862943611198906,0.3455775283010005,-1,-0.0010593920771865273,True
Lok Sabha,Odisha,Smt Aparajita Sarangi,BHUBANESWAR,EMF,Payment Success,Construction of public libraries and reading rooms,WS/MP300/2024-2025/157044,2026-06-23,209.0,2.322219294733919,4.463319681510083,1.1908092186143866,-1.7980213398646063,158.0,190.0126582278481,5.0689042022202315,1.0999267204050363,-1,-0.0010488146822723587,True
Rajya Sabha,Bihar,Shri Akhilesh Prasad Singh (2024-30) (2024-2030),,AE  KURTHA,Payment Success,Construction of community centers and community halls,WS/MP044/2025-2026/232456,2026-08-10,996971.0,5.9986829613043815,5.736858468527226,0.41014968640951016,0.6383632645661457,107.0,199363.29906542055,4.68213122712422,5.000774990550525,-1,-0.0010401206794367068,True
Rajya Sabha,Jharkhand,Shri Aditya Prasad (2022-28) (2022-2028),,Junior Engineer Zila Parishad Ranchi Sunny Choudhary,Payment Success,"Construction of roads, link roads, pathways or any other road with or without drainage system",WS/MP081/2024-2025/180239,2025-04-05,1117500.0,6.048247920434209,5.373590915581567,0.2986561582339397,2.2589757025005914,35.0,375942.85714285716,3.58351893845611,2.9725262197902413,-1,-0.0010331437752009176,True
Rajya Sabha,Jharkhand,Shri Aditya Prasad (2022-28) (2022-2028),,Junior Engineer Zila Parishad Ranchi Sunny Choudhary,Payment Success,"Construction of roads, link roads, pathways or any other road with or without drainage system",WS/MP081/2024-2025/180240,2025-04-05,1117500.0,6.048247920434209,5.373590915581567,0.2986561582339397,2.2589757025005914,35.0,375942.85714285716,3.58351893845611,2.9725262197902413,-1,-0.0010331437752009176,True
Lok Sabha,Odisha,Shri Bhartruhari Mahtab,CUTTACK,DMF FUND NAYAGARH,Payment Success,Construction of rooms and halls in school and colleges,WS/MP372/2025-2026/186025,2026-05-27,392.0,2.5943925503754266,4.463319681510083,1.1908092186143866,-1.5694597437776987,42.0,215.14285714285714,3.7612001156935624,1.8220451527224435,-1,-0.0009765115570978811,True
Rajya Sabha,Uttar Pradesh,Shri Naveen Jain (2024-30) (2024-2030),,SAI ENTERPRISES,Payment Success,Purchase of furniture and fixtures for educational purposes,WS/MP18347/2025-2026/211071,2025-09-02,2009075.0,6.302996365696148,5.2394868954404945,0.5548947427641531,1.9165967674479794,188.0,747351.1808510638,5.241747015059643,2.6882609561305815,-1,-0.0009711686735754954,True
Rajya Sabha,Himachal Pradesh,Dr. Sikander Kumar (2022-28) (2022-2028),,RIYA ENTERPRISES,Payment Success,Purchase of books and periodicals for libraries/digitization of library books,WS/MP078/2025-2026/256243,2026-05-05,1995200.0,6.299986653804061,5.0357558139091765,0.3981897135113444,3.174946004372026,17.0,932861.3182352941,2.8903717578961645,2.138795939973528,-1,-0.0009558861284474363,True
Lok Sabha,Odisha,SUKANTA KUMAR PANIGRAHI,KANDHAMAL,DMF FUND NAYAGARH,Payment Success,Construction of community centers and community halls,WS/MP18350/2025-2026/178759,2026-03-28,84.0,1.9294189257142926,4.463319681510083,1.1908092186143866,-2.1278813735958573,42.0,215.14285714285714,3.7612001156935624,0.3904382470119522,-1,-0.0009541532793051477,True
Lok Sabha,Uttarakhand,Ajay Tamta,ALMORA(SC),DMF ALMORA,Payment Success,Construction of footpaths and pedestrian ways,WS/MP477/2025-2026/252849,2026-05-22,1126.0,3.0519239160461065,4.575890061676738,0.7785953606778007,-1.9573275447004377,2.0,605.5,1.0986122886681098,1.8596201486374897,-1,-0.0009485849099093446,True
Rajya Sabha,Kerala,Smt. P. T. Usha (2022-28) (2022-2028),,MOHANDAS P,Payment Success,Construction of buildings for crèches and anganwadies,WS/MP842/2025-2026/204512,2026-07-13,3000.0,3.477265995424853,5.501593744247948,0.48467972305758084,-4.176629746449289,1.0,3000.0,0.6931471805599453,1.0,-1,-0.0008918579831996842,True
Rajya Sabha,Karnataka,Shri G.C. Chandrashekhar (2024-30) (2024-2030),,SUNDARESH,Payment Success,"Construction of roads, link roads, pathways or any other road with or without drainage system",WS/MP086/2025-2026/155279,2026-07-31,2496.0,3.397418542351348,5.330132366384682,0.5548164189387811,-3.483519517555213,2.0,2419.5,1.0986122886681098,1.0316181029138252,-1,-0.0008523204668564599,True
Lok Sabha,Odisha,BALABHADRA MAJHI,NABARANGPUR(ST),DISTRICT MINERAL FUND,Payment Success,Construction of community centers and community halls,WS/MP18148/2025-2026/170300,2026-08-24,91.0,1.9637878273455553,4.463319681510083,1.1908092186143866,-2.099019570131442,14.0,287.0,2.70805020110221,0.3170731707317073,-1,-0.0007521423634516688,True
Lok Sabha,Himachal Pradesh,Anurag Singh Thakur,HAMIRPUR_HP,SANJEEV KUMAR,Payment Success,"Construction of roads, link roads, pathways or any other road with or without drainage system",WS/MP432/2025-2026/246719,2026-03-02,5950.0,3.7745899502647946,5.0357558139091765,0.3981897135113444,-3.1672487280574897,18.0,238311.11111111112,2.9444389791664403,0.024967362924281984,-1,-0.0007053819397180305,True
Rajya Sabha,Odisha,Dr. Sasmit Patra (2022-28) (2022-2028),,B D O BARGAON,Payment Success,"Construction of roads, link roads, pathways or any other road with or without drainage system",WS/MP131/2025-2026/195654,2025-09-26,1610.0,3.207095540419218,4.463319681510083,1.1908092186143866,-1.0549331676761746,7.0,677.4285714285714,2.0794415416798357,2.3766343315056937,-1,-0.0006637916455057846,True
Rajya Sabha,Himachal Pradesh,Dr. Sikander Kumar (2022-28) (2022-2028),,BLOCK DEVELOPMENT OFFICE TOTU RAJYA SABHA,Payment Success,"Construction of roads, link roads, pathways or any other road with or without drainage system",WS/MP078/2023-2024/106264,2024-03-06,1000000.0,6.0000004342942646,5.0357558139091765,0.3981897135113444,2.421570893637906,5.0,340000.0,1.791759469228055,2.9411764705882355,-1,-0.0005030170120446931,True
Lok Sabha,Odisha,Smt Aparajita Sarangi,BHUBANESWAR,EMF,Payment In-Progress,Construction of community centers and community halls,WS/MP300/2025-2026/226393,2026-08-25,232.0,2.367355921026019,4.463319681510083,1.1908092186143866,-1.7601171772275213,158.0,190.0126582278481,5.0689042022202315,1.2209712877223369,-1,-0.0004965818438786851,True
Rajya Sabha,Odisha,Smt. Sulata Deo (2022-28) (2022-2028),,EMF,Payment Success,"Construction of roads, link roads, pathways or any other road with or without drainage system",WS/MP138/2025-2026/205451,2025-11-03,232.0,2.367355921026019,4.463319681510083,1.1908092186143866,-1.7601171772275213,158.0,190.0126582278481,5.0689042022202315,1.2209712877223369,-1,-0.0004965818438786851,True
Lok Sabha,Himachal Pradesh,Suresh Kumar Kashyap,SHIMLA (SC),GP Sarahan,Payment Success,Street lights,WS/MP598/2024-2025/157372,2025-07-16,5000.0,3.699056854547668,5.0357558139091765,0.3981897135113444,-3.356939956017789,8.0,113750.0,2.1972245773362196,0.04395604395604396,-1,-0.0004787793431786369,True
Rajya Sabha,Uttar Pradesh,Dr. Radha Mohan Das Agrawal (2022-28) (2022-2028),,MS Jitendra Kumar Yadav,Payment In-Progress,"Construction of roads, link roads, pathways or any other road with or without drainage system",WS/MP182/2025-2026/266258,2026-08-27,3293539.0,6.517662942310335,5.2394868954404945,0.5548947427641531,2.3034567610115273,24.0,1565064.0416666667,3.2188758248682006,2.1044116485435618,-1,-0.0004559728811291963,True
Rajya Sabha,West Bengal,Shri Nagendra Ray (2023-29) (2023-2029),,SAJAL KUMAR KAR,Payment Success,Purchase of books for public libraries/ digitization of library books,WS/MP888/2025-2026/140058,2025-04-24,13800426.0,7.13989252414579,5.595904606090499,0.4383067199146974,3.5226197726463777,2.0,16698279.0,1.0986122886681098,0.8264579840832699,-1,-0.0004054748705668576,True
Lok Sabha,Jharkhand,Sanjay Seth,RANCHI,AMIT KUMAR JUNIOR ENGINEER,Payment Success,Construction of common work sheds/ common covered sitting area,WS/MP435/2025-2026/226770,2025-10-07,1078800.0,6.032941340352489,5.373590915581567,0.2986561582339397,2.2077241891474677,194.0,368875.6443298969,5.272999558563747,2.9245628346099095,-1,-0.00038347101787350457,True
Rajya Sabha,Jharkhand,Shri Aditya Prasad (2022-28) (2022-2028),,Junior Engineer Zila Parishad Prashant Kumar,Payment Success,"Construction of roads, link roads, pathways or any other road with or without drainage system",WS/MP081/2025-2026/228765,2025-10-11,1068375.0,6.028724123467047,5.373590915581567,0.2986561582339397,2.1936035464981396,308.0,401692.1266233766,5.733341276897746,2.6596861854892664,-1,-0.000339324279597486,True
Lok Sabha,Gujarat,CHANDUBHAI CHHAGANBHAI SHIHORA,SURENDRANAGAR,LABOUR CESS MPLADS DUDCTION,Payment Success,"Construction of roads, link roads, pathways or any other road with or without drainage system",WS/MP18326/2025-2026/238405,2026-03-30,2999.0,3.4771212547196626,5.406212311570647,0.33663521492486204,-5.730508786139807,3.0,3663.3333333333335,1.3862943611198906,0.8186533212010919,-1,-0.0002509564792583241,True
Lok Sabha,Gujarat,CHANDUBHAI CHHAGANBHAI SHIHORA,SURENDRANAGAR,LABOUR CESS MPLADS DUDCTION,Payment Success,"Construction of roads, link roads, pathways or any other road with or without drainage system",WS/MP18326/2025-2026/238403,2026-05-14,2994.0,3.4763968267253302,5.406212311570647,0.33663521492486204,-5.732660753498581,3.0,3663.3333333333335,1.3862943611198906,0.8172884440400363,-1,-0.0002509564792583241,True
Lok Sabha,Tamil Nadu,MANI. A.,DHARAMAPURI,AYODHYA ENTERPRISES,Payment Success,Purchase of furniture and fixtures for educational purposes,WS/MP18175/2025-2026/171235,2025-07-04,2500000.0,6.397940182389796,5.7177282197633845,0.4497060558405531,1.5125701639819278,16.0,785942.0625,2.833213344056216,3.1808960472833836,-1,-0.0002461922174077369,True
Rajya Sabha,Uttar Pradesh,Shri Mithlesh Kumar (2022-28) (2022-2028),,SHRI GURU KRIPA NARSINGH ASSOCIATES,Payment Success,Lighting of public spaces,WS/MP190/2026-2027/282964,2026-07-01,2745600.0,6.438637424346934,5.2394868954404945,0.5548947427641531,2.1610414309081225,133.0,1279451.2030075188,4.897839799950911,2.1459200581828406,-1,-0.00021837730482265894,True
Rajya Sabha,Bihar,Shri Shambhu Sharan Patel (2022-28) (2022-2028),,ASSISTANT ENGINEER BARH,Payment Success,"Construction of roads, link roads, pathways or any other road with or without drainage system",WS/MP001/2025-2026/230398,2025-12-16,1385183.0,6.141507466452472,5.736858468527226,0.41014968640951016,0.9865885829819416,119.0,341917.7731092437,4.787491742782046,4.051216722090167,-1,-0.00021758920251302438,True
Lok Sabha,Uttar Pradesh,Prof SP Singh Baghel,AGRA(SC),SAI ENTERPRISES,Payment Success,"Construction of roads, link roads, pathways or any other road with or without drainage system",WS/MP494/2025-2026/226479,2025-10-09,1999602.0,6.300943779652101,5.2394868954404945,0.5548947427641531,1.9128977126798223,188.0,747351.1808510638,5.241747015059643,2.6755855228901972,-1,-0.000127372918329538,True
Rajya Sabha,Tamil Nadu,Shri K.R.N. Rajeshkumar (2022-28) (2022-2028),,MOOKAMBIKA CONSTRUCTION,Payment Success,Setting up of farmers’ training and assistance centers,WS/MP166/2024-2025/178253,2026-03-04,11075348.0,7.044357420347575,5.7177282197633845,0.4497060558405531,2.949991852132313,3.0,7262439.0,1.3862943611198906,1.5250176972226548,-1,-0.0001066333348529458,True
Lok Sabha,Himachal Pradesh,Anurag Singh Thakur,HAMIRPUR_HP,SAGAR SHARMA,Payment Success,"Construction of roads, link roads, pathways or any other road with or without drainage system",WS/MP432/2025-2026/246719,2026-03-02,2975.0,3.473632926873841,5.0357558139091765,0.3981897135113444,-3.9230618823879553,1.0,2975.0,0.6931471805599453,1.0,-1,-4.8169476430048874e-05,True
