house,state,work_category,work_title,mp_name,constituency,recommended_date,sanction_date,sanction_amount,work_status,delay_days,delay_days_cleaned,delay_days_filled,log_amount,cat_amount_diff,anomaly_prediction,anomaly_score,is_anomaly
Rajya Sabha,Tamil Nadu,Normal/Others,WS/MP163/2026-2027/70361-Construction of bus-sheds or bus-stops,Shri R. Girirajan (2022-28) (2022-2028),,2023-12-27,2026-07-31,14600000.0,Physical Inspection,947,947,947,7.164352885530634,1.63103797931909,-1,-0.13826859185649687,True
Rajya Sabha,Uttar Pradesh,Normal/Others,WS/MP188/2026-2027/179557-Construction of stadiums,Shri Jayant Chaudhary (2022-28) (2022-2028),,2025-03-06,2026-07-09,19933000.0,Vendor Identification,490,490,490,7.299572688546207,1.7662577823346632,-1,-0.12193886105924434,True
Lok Sabha,West Bengal,Normal/Others,WS/MP243/2025-2026/141110-Construction of rooms and halls in school and colleges,Kakoli Ghosh Dastidar,BARASAT,2024-09-15,2025-11-25,11000000.0,Work partially Completed,436,436,436,7.04139272463954,1.5080778184279957,-1,-0.10525655024659564,True
Rajya Sabha,Tamil Nadu,Normal/Others,WS/MP166/2026-2027/134188-Construction of community centers and community halls,Shri K.R.N. Rajeshkumar (2022-28) (2022-2028),,2024-08-02,2026-08-25,5000000.0,Work partially Completed,753,753,753,6.698970091194907,1.165655184983363,-1,-0.10388259257918575,True
Lok Sabha,Assam,Normal/Others,WS/MP18019/2026-2027/139500-Construction of community centers and community halls,AMARSING TISSO,Diphu (ST),2024-09-06,2026-07-31,5000000.0,Physical Inspection,693,693,693,6.698970091194907,1.165655184983363,-1,-0.10285374990791041,True
Rajya Sabha,Uttar Pradesh,Normal/Others,WS/MP188/2025-2026/112671-Development of playground,Shri Jayant Chaudhary (2022-28) (2022-2028),,2024-02-23,2025-06-27,8416000.0,Work partially Completed,490,490,490,6.9251057784130925,1.3917908722015486,-1,-0.10251111161271531,True
Lok Sabha,Tamil Nadu,Normal/Others,WS/MP391/2025-2026/146422-Construction of buildings for sports facilities,Thiru Dayanidhi Maran,CHENNAI CENTRAL,2024-10-09,2025-12-06,10000000.0,Work Completed,423,423,423,7.000000043429446,1.466685137217902,-1,-0.10182629849685865,True
Rajya Sabha,Gujarat,Normal/Others,"WS/MP892/2025-2026/141881-Construction of rooms and facilities for hospitals, FWC , PHC Centers and ANM centers",Shri S. Jaishankar (2023-29) (2023-2029),,2024-09-20,2025-09-24,17704600.0,Sanction,369,369,369,7.248086143720458,1.7147712375089137,-1,-0.09670984458695042,True
Rajya Sabha,Gujarat,Normal/Others,"WS/MP892/2025-2026/141882-Construction of rooms and facilities for hospitals, FWC , PHC Centers and ANM centers",Shri S. Jaishankar (2023-29) (2023-2029),,2024-09-20,2025-09-24,17704600.0,Sanction,369,369,369,7.248086143720458,1.7147712375089137,-1,-0.09670984458695042,True
Rajya Sabha,Gujarat,Normal/Others,"WS/MP892/2025-2026/141883-Construction of rooms and facilities for hospitals, FWC , PHC Centers and ANM centers",Shri S. Jaishankar (2023-29) (2023-2029),,2024-09-20,2025-09-24,17704600.0,Sanction,369,369,369,7.248086143720458,1.7147712375089137,-1,-0.09670984458695042,True
Rajya Sabha,Gujarat,Normal/Others,"WS/MP892/2025-2026/141884-Construction of rooms and facilities for hospitals, FWC , PHC Centers and ANM centers",Shri S. Jaishankar (2023-29) (2023-2029),,2024-09-20,2025-09-24,17704600.0,Sanction,369,369,369,7.248086143720458,1.7147712375089137,-1,-0.09670984458695042,True
Rajya Sabha,West Bengal,Normal/Others,WS/MP18382/2026-2027/220474-Construction of culverts and bridges,Smt. Mamata Thakur (2024-30) (2024-2030),,2025-07-20,2026-07-20,13628575.0,Vendor Identification,365,365,365,7.134450480365111,1.6011355741535676,-1,-0.09636997692169247,True
Rajya Sabha,Puducherry,Normal/Others,WS/MP139/2026-2027/134712-Purchase of vans and buses for educational institutions,Shri S. Selvaganabathy (2021-27) (2021-2027),,2024-08-05,2026-06-23,4028000.0,Work partially Completed,687,687,687,6.605089569700455,1.0717746634889114,-1,-0.09297971846709197,True
Lok Sabha,Andhra Pradesh,Normal/Others,WS/MP18008/2026-2027/166546-Construction of community centers and community halls,Dr Chandra Sekhar Pemmasani,GUNTUR,2025-01-19,2026-07-09,5000000.0,Vendor Identification,536,536,536,6.698970091194907,1.165655184983363,-1,-0.09297971846709197,True
Lok Sabha,Tamil Nadu,Normal/Others,"WS/MP459/2025-2026/149089-Construction of rooms and facilities for hospitals, FWC , PHC Centers and ANM centers",T Sumathy (A) Thamizhachi Thangapandian,CHENNAI SOUTH,2024-10-23,2025-10-14,12000000.0,Work Completed,356,356,356,7.07918128223883,1.545866376027286,-1,-0.09297971846709197,True
Rajya Sabha,Kerala,Normal/Others,WS/MP094/2025-2026/178989-Construction of community centers and community halls,Dr. V. Sivadasan (2021-27) (2021-2027),,2025-03-04,2026-02-11,30000000.0,Sanction,344,344,344,7.477121269196145,1.943806362984601,-1,-0.09223341350702619,True
Rajya Sabha,Kerala,Normal/Others,WS/MP094/2025-2026/178990-Construction of rooms and halls in school and colleges,Dr. V. Sivadasan (2021-27) (2021-2027),,2025-03-04,2026-02-11,18600000.0,Sanction,344,344,344,7.269512967567081,1.7361980613555374,-1,-0.09189556451447123,True
Lok Sabha,Tamil Nadu,Normal/Others,WS/MP745/2025-2026/144827-Construction of community centers and community halls,K Subbarayan,TIRUPPUR,2024-09-30,2026-02-20,5295000.0,Work Completed,508,508,508,6.723866046463228,1.1905511402516842,-1,-0.09162789105996894,True
Rajya Sabha,Puducherry,Normal/Others,"WS/MP139/2025-2026/136799-Construction of rooms and facilities for hospitals, FWC , PHC Centers and ANM centers",Shri S. Selvaganabathy (2021-27) (2021-2027),,2024-08-23,2026-01-12,5300000.0,Sanction,507,507,507,6.724275951543136,1.1909610453315924,-1,-0.09061561990079303,True
Lok Sabha,Maharashtra,Normal/Others,WS/MP18307/2025-2026/143526-Construction of rooms and halls in school and colleges,Piyush Vedprakash Goyal,MUMBAI NORTH,2024-09-25,2026-03-25,4500000.0,Sanction,546,546,546,6.653212610285218,1.119897704073674,-1,-0.08926805402608773,True
Rajya Sabha,Assam,Normal/Others,WS/MP071/2026-2027/168285-Forest conservation infrastructure,Shri Pabitra Margherita (2022-28) (2022-2028),,2025-01-23,2026-07-13,4500000.0,Sanction,536,536,536,6.653212610285218,1.119897704073674,-1,-0.08893154227968536,True
Lok Sabha,West Bengal,Normal/Others,WS/MP827/2025-2026/152381-Construction of community centers and community halls,Shatrughan Sinha,ASANSOL,2024-11-14,2026-02-06,6000000.0,Sanction,449,449,449,6.7781513227660515,1.2448364165545076,-1,-0.08758701212924247,True
Lok Sabha,West Bengal,Normal/Others,WS/MP827/2025-2026/152382-Construction of community centers and community halls,Shatrughan Sinha,ASANSOL,2024-11-14,2026-02-06,6000000.0,Sanction,449,449,449,6.7781513227660515,1.2448364165545076,-1,-0.08758701212924247,True
Rajya Sabha,Uttar Pradesh,Normal/Others,WS/MP188/2025-2026/180182-Development of playfields and sports grounds,Shri Jayant Chaudhary (2022-28) (2022-2028),,2025-03-08,2026-01-13,25400000.0,Sanction,311,311,311,7.404833733718146,1.871518827506602,-1,-0.08666642553619386,True
Rajya Sabha,Kerala,Normal/Others,"WS/MP18405/2026-2027/156771-Construction of roads, link roads, pathways or any other road with or without drainage system",Shri P. P. Suneer (2024-30) (2024-2030),,2025-01-05,2026-08-11,4000000.0,Sanction,583,583,583,6.6020600999015695,1.0687451936900256,-1,-0.08658020527892696,True
Lok Sabha,Tamil Nadu,Normal/Others,WS/MP18312/2026-2027/157891-Construction of community centers and community halls,DURAI VAIKO,TIRUCHIRAPPALLI,2024-12-10,2026-05-13,4800000.0,Physical Inspection,519,519,519,6.681241327853595,1.147926421642051,-1,-0.08590975719359017,True
Rajya Sabha,Tamil Nadu,Normal/Others,WS/MP014/2026-2027/64502-Construction of water tanks,Shri Ilaiyaraaja (2022-28) (2022-2028),,2023-12-18,2026-05-19,3500000.0,Physical Inspection,883,883,883,6.5440681684343955,1.0107532622228517,-1,-0.08557475989073071,True
Rajya Sabha,Tamil Nadu,Normal/Others,WS/MP014/2025-2026/64503-Construction of public libraries and reading rooms,Shri Ilaiyaraaja (2022-28) (2022-2028),,2023-12-18,2026-01-05,3500000.0,Work Completed,749,749,749,6.5440681684343955,1.0107532622228517,-1,-0.08557475989073071,True
Rajya Sabha,Tamil Nadu,Normal/Others,WS/MP166/2026-2027/181930-Construction of bus-sheds or bus-stops,Shri K.R.N. Rajeshkumar (2022-28) (2022-2028),,2025-03-17,2026-07-27,5000000.0,Physical Inspection,497,497,497,6.698970091194907,1.165655184983363,-1,-0.0852399136568589,True
Rajya Sabha,Puducherry,Normal/Others,"WS/MP139/2025-2026/141429-Construction of roads, link roads, pathways or any other road with or without drainage system",Shri S. Selvaganabathy (2021-27) (2021-2027),,2024-09-17,2025-12-11,5400000.0,Work Completed,450,450,450,6.732393840247865,1.1990789340363213,-1,-0.08490521842384902,True
Rajya Sabha,Uttar Pradesh,Normal/Others,"WS/MP181/2026-2027/207135-Construction of roads, link roads, pathways or any other road with or without drainage system",Dr. Laxmikant Bajpayee (2022-28) (2022-2028),,2025-06-07,2026-08-05,7309500.0,Vendor Identification,424,424,424,6.8638877298520455,1.3305728236405017,-1,-0.08457067412360653,True
Lok Sabha,Tamil Nadu,Normal/Others,WS/MP459/2025-2026/195871-Construction of community centers and community halls,T Sumathy (A) Thamizhachi Thangapandian,CHENNAI SOUTH,2025-05-02,2026-02-19,16000000.0,Work partially Completed,293,293,293,7.204120009799329,1.6708051035877851,-1,-0.08432222914257337,True
Rajya Sabha,Tamil Nadu,Normal/Others,WS/MP166/2024-2025/112318-Construction of community centers and community halls,Shri K.R.N. Rajeshkumar (2022-28) (2022-2028),,2024-02-23,2025-02-04,9998142.0,Physical Inspection,347,347,347,6.999919344025572,1.466604437814028,-1,-0.08416694892739895,True
Rajya Sabha,Maharashtra,Normal/Others,"WS/MP113/2026-2027/225159-Purchase of smart boards, visual display units and projectors",Shri Imran Pratapgarhi (2022-28) (2022-2028),,2025-08-05,2026-05-18,18000000.0,Work partially Completed,286,286,286,7.255272529230776,1.7219576230192324,-1,-0.0836538170930673,True
Lok Sabha,Puducherry,Normal/Others,WS/MP710/2026-2027/216502-Street lights,Vaithilingam Ve,Puducherry,2025-07-09,2026-08-28,7500000.0,Sanction,415,415,415,6.875061321297627,1.3417464150860834,-1,-0.08356794613899632,True
Rajya Sabha,Kerala,Normal/Others,"WS/MP099/2024-2025/132664-Construction of rooms and facilities for hospitals, FWC , PHC Centers and ANM centers",Dr. John Brittas (2021-27) (2021-2027),,2024-06-20,2025-03-29,15000000.0,Sanction,282,282,282,7.176091288008646,1.642776381797102,-1,-0.08258314533983124,True
Rajya Sabha,Tamil Nadu,Normal/Others,WS/MP163/2025-2026/70364-Construction of public libraries and reading rooms,Shri R. Girirajan (2022-28) (2022-2028),,2023-12-27,2025-07-02,3950000.0,Work Completed,553,553,553,6.596597205574416,1.0632822993628723,-1,-0.08223308442588317,True
Lok Sabha,Tamil Nadu,Normal/Others,WS/MP459/2025-2026/184578-Construction of buildings for sports facilities,T Sumathy (A) Thamizhachi Thangapandian,CHENNAI SOUTH,2025-03-20,2026-02-19,10000000.0,Time Estimation,336,336,336,7.000000043429446,1.466685137217902,-1,-0.08198542264863407,True
Lok Sabha,Tamil Nadu,Normal/Others,WS/MP393/2025-2026/148981-Construction of bus-sheds or bus-stops,Shri Karti P Chidambaram,SIVAGANGA,2024-10-22,2025-09-06,10000000.0,Vendor Identification,319,319,319,7.000000043429446,1.466685137217902,-1,-0.08065341359794886,True
Rajya Sabha,Madhya Pradesh,Normal/Others,WS/MP104/2025-2026/218146-Development of playfields and sports grounds,Dr. L. Murugan (2024-30) (2024-2030),,2025-07-16,2026-03-17,20000000.0,Vendor Identification,244,244,244,7.301030017378705,1.7677151111671607,-1,-0.08052860518871618,True
Rajya Sabha,West Bengal,Normal/Others,WS/MP888/2025-2026/207351-Purchase of furniture and fixtures for educational purposes,Shri Nagendra Ray (2023-29) (2023-2029),,2025-06-07,2026-02-21,19950000.0,Vendor Identification,259,259,259,7.299942921791914,1.7666280155803697,-1,-0.08047926082227119,True
Rajya Sabha,West Bengal,Normal/Others,WS/MP888/2025-2026/207350-Purchase of books and periodicals for libraries/digitization of library books,Shri Nagendra Ray (2023-29) (2023-2029),,2025-06-07,2026-02-21,19596140.0,Work partially Completed,259,259,259,7.292170555672109,1.758855649460565,-1,-0.08047926082227119,True
Lok Sabha,West Bengal,Normal/Others,"WS/MP18249/2025-2026/153601-Construction of rooms and facilities for hospitals, FWC , PHC Centers and ANM centers",PARTHA BHOWMICK,BARRACKPUR,2024-11-21,2025-08-18,20000000.0,Vendor Identification,270,270,270,7.301030017378705,1.7677151111671607,-1,-0.07996868225312959,True
Lok Sabha,West Bengal,Normal/Others,"WS/MP18249/2025-2026/153603-Construction of rooms and facilities for hospitals, FWC , PHC Centers and ANM centers",PARTHA BHOWMICK,BARRACKPUR,2024-11-21,2025-08-18,20000000.0,Vendor Identification,270,270,270,7.301030017378705,1.7677151111671607,-1,-0.07996868225312959,True
Lok Sabha,Tamil Nadu,Normal/Others,WS/MP755/2026-2027/179976-Construction of community centers and community halls,Thalikkottai Rajuthevar Baalu,SRIPERUMBUDUR,2025-03-07,2026-05-27,5000000.0,Physical Inspection,446,446,446,6.698970091194907,1.165655184983363,-1,-0.0795705753414877,True
Lok Sabha,Tamil Nadu,Normal/Others,WS/MP866/2026-2027/213686-Purchase of hospital equipment,Kalanidhi Veeraswamy,CHENNAI NORTH,2025-07-01,2026-05-13,9977320.0,Physical Inspection,316,316,316,6.99901394498429,1.4656990387727458,-1,-0.07832817276416415,True
Lok Sabha,Tamil Nadu,Normal/Others,WS/MP756/2026-2027/171038-Construction of rooms and halls in school and colleges,Thirumaa Valavan Thol,CHIDAMBARAM(SC),2025-01-31,2026-05-15,4500000.0,Work partially Completed,469,469,469,6.653212610285218,1.119897704073674,-1,-0.0782429193030797,True
Lok Sabha,Tamil Nadu,Normal/Others,WS/MP18174/2025-2026/184631-Development of public parks,GANAPATHY RAJKUMAR P,COIMBATORE,2025-03-20,2025-11-13,20000000.0,Work partially Completed,238,238,238,7.301030017378705,1.7677151111671607,-1,-0.07820375780388744,True
Rajya Sabha,West Bengal,Normal/Others,WS/MP888/2025-2026/140127-Purchase of furniture and fixtures for educational purposes,Shri Nagendra Ray (2023-29) (2023-2029),,2024-09-09,2025-07-21,9975000.0,Physical Inspection,315,315,315,6.998912947897078,1.465598041685534,-1,-0.07766516560506487,True
Rajya Sabha,Tamil Nadu,Normal/Others,WS/MP18435/2026-2027/255473-Construction of culverts and bridges,Smt. Rajathi (2025-31) (2025-2031),,2025-12-24,2026-08-05,15000000.0,Work partially Completed,224,224,224,7.176091288008646,1.642776381797102,-1,-0.07749171837264401,True
Rajya Sabha,West Bengal,Normal/Others,WS/MP888/2025-2026/140058-Purchase of books for public libraries/ digitization of library books,Shri Nagendra Ray (2023-29) (2023-2029),,2024-09-09,2025-04-24,13800426.0,Physical Inspection,227,227,227,7.13989252414579,1.6065776179342457,-1,-0.07649856295907476,True
Rajya Sabha,Tamil Nadu,Normal/Others,WS/MP166/2024-2025/129056-Construction of public irrigation facilities,Shri K.R.N. Rajeshkumar (2022-28) (2022-2028),,2024-03-15,2024-12-27,10000000.0,Physical Inspection,287,287,287,7.000000043429446,1.466685137217902,-1,-0.07601026207410944,True
Rajya Sabha,Telangana,Normal/Others,WS/MP846/2026-2027/196064-Construction of community centers and community halls,Shri Damodar Rao Divakonda (2022-28) (2022-2028),,2025-05-02,2026-07-14,5000000.0,Work partially Completed,438,438,438,6.698970091194907,1.165655184983363,-1,-0.07526443691966611,True
Rajya Sabha,Tamil Nadu,Normal/Others,WS/MP18437/2026-2027/242262-Construction of boundary walls of existing public and community buildings,Shri S.R. Sivalingam (2025-31) (2025-2031),,2025-10-15,2026-05-14,11500000.0,Vendor Identification,211,211,211,7.060697878118348,1.5273829719068042,-1,-0.07517644454102745,True
Rajya Sabha,West Bengal,Normal/Others,"WS/MP888/2025-2026/150711-Construction of roads, link roads, pathways or any other road with or without drainage system",Shri Nagendra Ray (2023-29) (2023-2029),,2024-11-04,2025-10-29,8617886.0,Work partially Completed,359,359,359,6.9354007952062595,1.4020858889947156,-1,-0.0749832135132219,True
Rajya Sabha,Maharashtra,Normal/Others,"WS/MP116/2026-2027/174241-Construction of roads, link roads, pathways or any other road with or without drainage system",Shri Sanjay Raut (2022-28) (2022-2028),,2025-02-07,2026-08-18,3500000.0,Vendor Identification,557,557,557,6.5440681684343955,1.0107532622228517,-1,-0.07460419235661675,True
Lok Sabha,Tamil Nadu,Normal/Others,WS/MP745/2025-2026/141315-Construction of community centers and community halls,K Subbarayan,TIRUPPUR,2024-09-16,2025-10-15,6000000.0,Physical Inspection,394,394,394,6.7781513227660515,1.2448364165545076,-1,-0.07432322253165324,True
Rajya Sabha,Telangana,Normal/Others,"WS/MP168/2026-2027/258872-Construction of roads, link roads, pathways or any other road with or without drainage system",Shri B. Parthasaradhi Reddy (2022-28) (2022-2028),,2026-01-13,2026-06-18,29495741.0,Sanction,156,156,156,7.469759325829876,1.936444419618332,-1,-0.07324715323882858,True
Lok Sabha,Maharashtra,Normal/Others,WS/MP18120/2025-2026/174636-Construction of culverts and bridges,AASHTIKAR PATIL NAGESH BAPURAO,HINGOLI,2025-02-09,2026-02-06,7938332.0,Physical Inspection,362,362,362,6.899729312891773,1.3664144066802288,-1,-0.07300502538993647,True
Lok Sabha,Tamil Nadu,Normal/Others,WS/MP743/2026-2027/190860-Construction of community centers and community halls,Ganesan Selvam,KANCHEEPURAM(SC),2025-04-12,2026-08-19,4000000.0,Physical Inspection,494,494,494,6.6020600999015695,1.0687451936900256,-1,-0.07295618442233032,True
Rajya Sabha,Karnataka,Normal/Others,WS/MP092/2026-2027/275442-Purchase of hospital equipment,Smt. Nirmala Sitharaman (2022-28) (2022-2028),,2026-03-23,2026-08-04,44000000.0,Sanction,134,134,134,7.643452686356516,2.1101377801449726,-1,-0.07238773065846216,True
Lok Sabha,Uttar Pradesh,Normal/Others,WS/MP18242/2025-2026/216762-Street lights,RAMBHUAL NISHAD,SULTANPUR,2025-07-10,2025-12-11,24641199.0,Work partially Completed,154,154,154,7.391661853682659,1.858346947471115,-1,-0.07225973757031656,True
Lok Sabha,Uttar Pradesh,Normal/Others,WS/MP18233/2025-2026/180308-Lighting of public spaces,PRAVEEN PATEL,PHULPUR,2025-03-12,2025-08-12,20609400.0,Physical Inspection,153,153,153,7.314065369451456,1.7807504632399125,-1,-0.07225973757031656,True
Rajya Sabha,Tamil Nadu,Normal/Others,WS/MP165/2025-2026/160096-Construction of bus-sheds or bus-stops,Shri P. Chidambaram (2022-28) (2022-2028),,2024-12-19,2025-09-06,10000000.0,Vendor Identification,261,261,261,7.000000043429446,1.466685137217902,-1,-0.07221038533365742,True
Rajya Sabha,Madhya Pradesh,Normal/Others,WS/MP106/2025-2026/31155-Purchase Books for Library,Shri Vivek K. Tankha (2022-28) (2022-2028),,2023-10-04,2025-10-09,50000.0,Physical Inspection,736,736,736,4.698978690138799,-0.834336216072745,-1,-0.07215435581437513,True
Rajya Sabha,Odisha,Normal/Others,WS/MP134/2025-2026/239327-Setting up of laboratories,Shri Ashwini Vaishnaw (2024-30) (2024-2030),,2025-10-01,2026-02-03,49500000.0,Work partially Completed,125,125,125,7.694605207707195,2.161290301495651,-1,-0.07207824801399965,True
Lok Sabha,Tripura,Normal/Others,WS/MP18197/2025-2026/194520-Installing community drinking water plants,BIPLAB KUMAR DEB,TRIPURA WEST,2025-04-26,2025-11-04,11322689.0,Physical Inspection,192,192,192,7.053949617079369,1.5206347108678253,-1,-0.07197801279540816,True
Rajya Sabha,Kerala,Normal/Others,WS/MP096/2026-2027/145613-Purchase of furniture and fixtures for educational purposes,Shri Abdul Wahab (2021-27) (2021-2027),,2024-10-05,2026-08-04,49000.0,Physical Inspection,668,668,668,4.690204943090767,-0.843109963120777,-1,-0.0718255615899922,True
Rajya Sabha,Tamil Nadu,Normal/Others,WS/MP014/2025-2026/64653-Construction of buildings for crèches and anganwadies,Shri Ilaiyaraaja (2022-28) (2022-2028),,2023-12-18,2025-11-14,3000000.0,Work Completed,697,697,697,6.477121399484465,0.9438064932729215,-1,-0.07164045150833331,True
Lok Sabha,Jammu And Kashmir,Normal/Others,WS/MP18070/2025-2026/166162-Construction of community centers and community halls,MIAN ALTAF AHMAD,ANANTNAG,2025-01-17,2025-06-04,15000000.0,Vendor Identification,138,138,138,7.176091288008646,1.642776381797102,-1,-0.07149474518479493,True
Lok Sabha,Kerala,Normal/Others,"WS/MP18337/2026-2027/183604-Construction of rooms and facilities for hospitals, FWC , PHC Centers and ANM centers",K RADHAKRISHNAN,ALATHUR(SC),2025-03-18,2026-05-14,5170000.0,Sanction,422,422,422,6.713490627096736,1.1801757208851917,-1,-0.0713118890320944,True
Rajya Sabha,Gujarat,Normal/Others,"WS/MP892/2025-2026/196877-Construction of rooms and facilities for hospitals, FWC , PHC Centers and ANM centers",Shri S. Jaishankar (2023-29) (2023-2029),,2025-05-05,2025-09-24,15080100.0,Sanction,142,142,142,7.178404250260266,1.6450893440487224,-1,-0.07116624841567232,True
Rajya Sabha,Punjab,Normal/Others,"WS/MP844/2024-2025/127389-Retrofitting, preservation or conservation of heritage and archaeological monuments and buildings",Dr. Vikramjit Singh Sahney (2022-28) (2022-2028),,2024-03-13,2024-08-07,15060806.0,Physical Inspection,147,147,147,7.177848243196488,1.644533336984944,-1,-0.07116624841567232,True
Rajya Sabha,Puducherry,Normal/Others,"WS/MP139/2026-2027/103181-Construction of roads, link roads, pathways or any other road with or without drainage system",Shri S. Selvaganabathy (2021-27) (2021-2027),,2024-02-12,2026-08-21,2930185.0,Physical Inspection,921,921,921,6.4668951890263875,0.9335802828148436,-1,-0.07098347472302036,True
Rajya Sabha,Kerala,Normal/Others,"WS/MP095/2025-2026/243539-Construction of roads, link roads, pathways or any other road with or without drainage system",Shri A. A. Rahim (2022-28) (2022-2028),,2025-10-24,2026-02-03,14000000.0,Work partially Completed,102,102,102,7.146128066699271,1.6128131604877272,-1,-0.0709530353275366,True
Rajya Sabha,Karnataka,Normal/Others,WS/MP092/2024-2025/141524-Setting up of laboratories,Smt. Nirmala Sitharaman (2022-28) (2022-2028),,2024-09-18,2025-01-20,31900000.0,Physical Inspection,124,124,124,7.503790696671428,1.9704757904598837,-1,-0.07076409767127023,True
Rajya Sabha,Maharashtra,Normal/Others,WS/MP18292/2026-2027/145087-Street lights,Dr. Ajeet Madhavrao Gopchade (2024-30) (2024-2030),,2024-10-01,2026-06-18,2999000.0,Physical Inspection,625,625,625,6.476976610572601,0.9436617043610571,-1,-0.07065520851429441,True
Lok Sabha,Tamil Nadu,Normal/Others,WS/MP458/2025-2026/150048-Construction of community centers and community halls,Kanimozhi Karunanidhi,THOOTHUKKUDI,2024-11-02,2026-02-23,3999840.0,Physical Inspection,478,478,478,6.6020427277791915,1.0687278215676477,-1,-0.07065520851429441,True
Lok Sabha,Delhi,Normal/Others,WS/MP880/2025-2026/211190-Providing CCTV camera system for security of public areas,Manoj Tiwari,NORTH EAST DELHI,2025-06-22,2025-12-05,25217575.0,Vendor Identification,166,166,166,7.401703338366384,1.8683884321548403,-1,-0.07061701109826546,True
Rajya Sabha,Madhya Pradesh,Normal/Others,WS/MP103/2025-2026/232298-Construction of common work sheds/ common covered sitting area,Dr. Kavita Patidar (2022-28) (2022-2028),,2025-09-09,2025-12-19,15300000.0,Vendor Identification,101,101,101,7.184691459202858,1.651376552991314,-1,-0.0704788907369247,True
Rajya Sabha,West Bengal,Normal/Others,WS/MP888/2025-2026/145089-Lighting of public spaces,Shri Nagendra Ray (2023-29) (2023-2029),,2024-10-01,2025-10-29,5280444.0,Vendor Identification,393,393,393,6.722670523462004,1.1893556172504605,-1,-0.07037575538363772,True
Lok Sabha,Maharashtra,Normal/Others,"WS/MP18308/2025-2026/145431-Construction of roads, link roads, pathways or any other road with or without drainage system",RAVINDRA DATTARAM WAIKAR,MUMBAI NORTH WEST,2024-10-08,2026-01-20,4000000.0,Vendor Identification,469,469,469,6.6020600999015695,1.0687451936900256,-1,-0.07032709033912987,True
Rajya Sabha,Puducherry,Normal/Others,WS/MP139/2025-2026/190119-Setting up of laboratories,Shri S. Selvaganabathy (2021-27) (2021-2027),,2025-04-09,2025-09-13,11810000.0,Work partially Completed,157,157,157,7.072249934386966,1.5389350281754224,-1,-0.06996095715766826,True
Lok Sabha,Tamil Nadu,Normal/Others,WS/MP017/2026-2027/160023-Construction of road under bridge,S. Jagathrakshakan,ARAKKONAM,2024-12-19,2026-06-15,3389297.0,Physical Inspection,543,543,543,6.5301097553425125,0.9967948491309686,-1,-0.06967129782248838,True
Rajya Sabha,Kerala,Normal/Others,WS/MP094/2025-2026/159371-Construction of buildings for community cultural activities,Dr. V. Sivadasan (2021-27) (2021-2027),,2024-12-17,2026-01-09,5500000.0,Sanction,388,388,388,6.74036276845687,1.207047862245326,-1,-0.0693922225844249,True
Rajya Sabha,Uttar Pradesh,Normal/Others,WS/MP188/2024-2025/42013-Construction of buildings for sports facilities,Shri Jayant Chaudhary (2022-28) (2022-2028),,2023-10-30,2024-11-21,5305000.0,Work Completed,388,388,388,6.724685470102475,1.1913705638909313,-1,-0.0693922225844249,True
Lok Sabha,Uttar Pradesh,Normal/Others,WS/MP18241/2025-2026/174147-Lighting of public spaces,RAKESH RATHOR,SITAPUR,2025-02-07,2025-06-27,11402495.0,Vendor Identification,140,140,140,7.05699992856233,1.5236850223507865,-1,-0.06887091514387678,True
Lok Sabha,West Bengal,Normal/Others,WS/MP18353/2025-2026/242169-Construction of community centers and community halls,RACHNA BANERJEE,HOOGHLY,2025-10-14,2026-02-18,11717344.0,Sanction,127,127,127,7.068829217273116,1.535514311061572,-1,-0.06840217518697089,True
Rajya Sabha,Odisha,Normal/Others,WS/MP134/2025-2026/232164-Development of public parks,Shri Ashwini Vaishnaw (2024-30) (2024-2030),,2025-09-08,2026-03-19,11100000.0,Sanction,192,192,192,7.045323017912285,1.512008111700741,-1,-0.06837029302893871,True
Rajya Sabha,Puducherry,Normal/Others,WS/MP139/2026-2027/197313-Construction of community centers and community halls,Shri S. Selvaganabathy (2021-27) (2021-2027),,2025-05-07,2026-08-28,3700000.0,Sanction,478,478,478,6.568201841443866,1.034886935232322,-1,-0.0683614862566676,True
Rajya Sabha,Uttar Pradesh,Normal/Others,WS/MP201/2025-2026/162408-Lighting of public spaces,Smt. Sangeeta Yadav (2022-28) (2022-2028),,2024-12-30,2025-04-03,19044000.0,Physical Inspection,94,94,94,7.279758195607266,1.7464432893957218,-1,-0.06831334072756934,True
Rajya Sabha,Kerala,Normal/Others,WS/MP094/2025-2026/215265-Construction of rooms and halls in school and colleges,Dr. V. Sivadasan (2021-27) (2021-2027),,2025-07-05,2026-01-09,10000000.0,Sanction,188,188,188,7.000000043429446,1.466685137217902,-1,-0.06804320524973839,True
Rajya Sabha,West Bengal,Normal/Others,"WS/MP888/2026-2027/251789-Construction of roads, link roads, pathways or any other road with or without drainage system",Shri Nagendra Ray (2023-29) (2023-2029),,2025-12-01,2026-08-19,9850044.0,Vendor Identification,261,261,261,6.9934382145795455,1.4601233083680016,-1,-0.0679472789240062,True
Lok Sabha,West Bengal,Normal/Others,WS/MP18277/2025-2026/149810-Construction of community centers and community halls,AZAD KIRTI JHA,BARDHAMAN-DURGAPUR,2024-10-29,2025-05-21,10000000.0,Vendor Identification,204,204,204,7.000000043429446,1.466685137217902,-1,-0.06771626497267969,True
Lok Sabha,Tamil Nadu,Normal/Others,WS/MP866/2025-2026/164830-Purchase of hospital equipment,Kalanidhi Veeraswamy,CHENNAI NORTH,2025-01-11,2025-07-25,10000000.0,Work Completed,195,195,195,7.000000043429446,1.466685137217902,-1,-0.0674572343545492,True
Rajya Sabha,Karnataka,Normal/Others,WS/MP092/2025-2026/164730-Setting up of farmers’ training and assistance centers,Smt. Nirmala Sitharaman (2022-28) (2022-2028),,2025-01-10,2026-02-19,5000000.0,Work Completed,405,405,405,6.698970091194907,1.165655184983363,-1,-0.06705403576179725,True
Rajya Sabha,Tamil Nadu,Normal/Others,"WS/MP162/2023-2024/65656-Construction of rooms and facilities for hospitals, FWC , PHC Centers and ANM centers",Shri S. Kalyanasundaram (2022-28) (2022-2028),,2023-12-19,2023-12-21,39955654.0,Physical Inspection,2,2,2,7.601578254525864,2.0682633483143205,-1,-0.06701536867624991,True
Rajya Sabha,Tamil Nadu,Normal/Others,WS/MP166/2024-2025/178253-Setting up of farmers’ training and assistance centers,Shri K.R.N. Rajeshkumar (2022-28) (2022-2028),,2025-02-28,2025-02-28,21787317.0,Physical Inspection,0,0,0,7.3382037722614415,1.8048888660498976,-1,-0.06701536867624991,True
Rajya Sabha,Karnataka,Normal/Others,WS/MP092/2026-2027/305015-Construction of community centers and community halls,Smt. Nirmala Sitharaman (2022-28) (2022-2028),,2026-08-18,2026-08-18,20000000.0,Vendor Identification,0,0,0,7.301030017378705,1.7677151111671607,-1,-0.06701536867624991,True
Rajya Sabha,Karnataka,Normal/Others,WS/MP092/2026-2027/305016-Construction of community centers and community halls,Smt. Nirmala Sitharaman (2022-28) (2022-2028),,2026-08-18,2026-08-18,20000000.0,Vendor Identification,0,0,0,7.301030017378705,1.7677151111671607,-1,-0.06701536867624991,True
Lok Sabha,Maharashtra,Normal/Others,WS/MP18376/2026-2027/197851-Construction of footpaths and pedestrian ways,ANIL YESHWANT DESAI,MUMBAI SOUTH CENTRAL,2025-05-13,2026-08-18,4000000.0,Vendor Identification,462,462,462,6.6020600999015695,1.0687451936900256,-1,-0.06694931857660769,True
Lok Sabha,Maharashtra,Normal/Others,WS/MP18376/2026-2027/197882-Construction of footpaths and pedestrian ways,ANIL YESHWANT DESAI,MUMBAI SOUTH CENTRAL,2025-05-13,2026-08-18,4000000.0,Vendor Identification,462,462,462,6.6020600999015695,1.0687451936900256,-1,-0.06694931857660769,True
Lok Sabha,Maharashtra,Normal/Others,WS/MP18376/2026-2027/197901-Construction of footpaths and pedestrian ways,ANIL YESHWANT DESAI,MUMBAI SOUTH CENTRAL,2025-05-13,2026-08-18,4000000.0,Vendor Identification,462,462,462,6.6020600999015695,1.0687451936900256,-1,-0.06694931857660769,True
Lok Sabha,Maharashtra,Normal/Others,WS/MP672/2025-2026/226219-Purchase of furniture and fixtures for educational purposes,Nitin Jairam Gadkari,NAGPUR,2025-08-10,2026-03-30,9998850.0,Physical Inspection,232,232,232,6.99995009669703,1.4666351904854862,-1,-0.06668899344590595,True
Rajya Sabha,Punjab,Normal/Others,WS/MP235/2025-2026/205908-Providing CCTV camera system for security of public areas,Dr. Sandeep Kumar Pathak (2022-28) (2022-2028),,2025-06-02,2025-06-03,19523289.0,Physical Inspection,1,1,1,7.290553005361818,1.7572380991502738,-1,-0.06668889190808869,True
Rajya Sabha,Uttar Pradesh,Normal/Others,WS/MP195/2026-2027/299885-Lighting of public spaces,Shri B.L. Verma (2020-26) (2020-2026),,2026-07-31,2026-08-05,15255000.0,Vendor Identification,5,5,5,7.183412240447417,1.6500973342358733,-1,-0.06603637998518153,True
Lok Sabha,Uttar Pradesh,Normal/Others,WS/MP18207/2024-2025/156029-Lighting of public spaces,TANUJ PUNIA,BARABANKI(SC),2024-11-29,2025-03-05,11953957.0,Physical Inspection,96,96,96,7.077511725615089,1.5441968194035454,-1,-0.06602700102886883,True
Lok Sabha,Maharashtra,Normal/Others,"WS/MP18369/2026-2027/229482-Construction of roads, link roads, pathways or any other road with or without drainage system",Sanjay Uttamrao Deshmukh,YAVATMAL-WASHIM,2025-08-27,2026-06-19,980.87,Physical Inspection,296,296,296,2.9920539908215398,-2.541260915390004,-1,-0.06586077402939705,True
Lok Sabha,West Bengal,Normal/Others,WS/MP18250/2026-2027/139022-Construction of water tanks,SK NURUL ISLAM,BASIRHAT,2024-09-05,2026-07-08,2765000.0,Sanction,671,671,671,6.441695292709217,0.9083803864976732,-1,-0.06564234821765136,True
Rajya Sabha,Uttar Pradesh,Normal/Others,WS/MP196/2025-2026/211500-Forest conservation infrastructure,Shri Brij Lal (2020-26) (2020-2026),,2025-06-23,2025-06-26,13788600.0,Vendor Identification,3,3,3,7.139520204623873,1.6062052984123287,-1,-0.0653844564376932,True
Rajya Sabha,Kerala,Normal/Others,WS/MP095/2025-2026/243541-Construction of rooms and halls in school and colleges,Shri A. A. Rahim (2022-28) (2022-2028),,2025-10-24,2025-12-31,15000000.0,Sanction,68,68,68,7.176091288008646,1.642776381797102,-1,-0.06530787508375957,True
Lok Sabha,Uttar Pradesh,Normal/Others,WS/MP18201/2024-2025/141045-Street lights,NEERAJ MAURYA,AONLA,2024-09-15,2024-11-23,46470400.0,Physical Inspection,69,69,69,7.667176420086698,2.1338615138751544,-1,-0.06530787508375957,True
Lok Sabha,Maharashtra,Normal/Others,"WS/MP18120/2025-2026/169210-Construction of roads, link roads, pathways or any other road with or without drainage system",AASHTIKAR PATIL NAGESH BAPURAO,HINGOLI,2025-01-27,2026-02-20,4974167.0,Physical Inspection,389,389,389,6.696720449257365,1.1634055430458208,-1,-0.06481995923465755,True
Lok Sabha,Maharashtra,Normal/Others,"WS/MP18120/2025-2026/169208-Construction of roads, link roads, pathways or any other road with or without drainage system",AASHTIKAR PATIL NAGESH BAPURAO,HINGOLI,2025-01-27,2026-02-20,4978547.0,Physical Inspection,389,389,389,6.6971026986762245,1.1637877924646807,-1,-0.06481995923465755,True
Rajya Sabha,Uttar Pradesh,Normal/Others,WS/MP201/2023-2024/35268-Lighting of public spaces,Smt. Sangeeta Yadav (2022-28) (2022-2028),,2023-10-10,2023-12-20,13392000.0,Work Completed,71,71,71,7.12684547307858,1.5935305668670363,-1,-0.06470489404529423,True
Rajya Sabha,Uttar Pradesh,Normal/Others,WS/MP198/2024-2025/135729-Lighting of public spaces,Shri Ramji (2020-26) (2020-2026),,2024-08-14,2024-10-15,14150000.0,Physical Inspection,62,62,62,7.150756470552498,1.6174415643409539,-1,-0.06465660843518972,True
Rajya Sabha,Maharashtra,Normal/Others,"WS/MP116/2025-2026/136774-Construction of roads, link roads, pathways or any other road with or without drainage system",Shri Sanjay Raut (2022-28) (2022-2028),,2025-01-03,2026-01-29,4900000.0,Work partially Completed,391,391,391,6.690196168660032,1.156881262448488,-1,-0.06449447249918805,True
Rajya Sabha,Maharashtra,Normal/Others,"WS/MP116/2025-2026/136776-Construction of roads, link roads, pathways or any other road with or without drainage system",Shri Sanjay Raut (2022-28) (2022-2028),,2025-01-03,2026-01-29,4900000.0,Work partially Completed,391,391,391,6.690196168660032,1.156881262448488,-1,-0.06449447249918805,True
Rajya Sabha,Uttar Pradesh,Normal/Others,WS/MP198/2024-2025/158166-Lighting of public spaces,Shri Ramji (2020-26) (2020-2026),,2024-12-12,2025-02-13,16979991.0,Physical Inspection,63,63,63,7.229937481293288,1.6966225750817445,-1,-0.0643794591991429,True
Lok Sabha,Tripura,Normal/Others,WS/MP18197/2025-2026/177536-Construction of buildings for sports facilities,BIPLAB KUMAR DEB,TRIPURA WEST,2025-02-25,2025-05-27,11517641.0,Vendor Identification,91,91,91,7.061363575336375,1.5280486691248312,-1,-0.06410097779742685,True
Rajya Sabha,West Bengal,Normal/Others,"WS/MP18299/2024-2025/171164-Purchase of vehicle for mobile dispensaries (Four, three and two wheelers)",Smt. Sagarika Ghose (2024-30) (2024-2030),,2025-02-04,2025-02-11,49000000.0,Vendor Identification,7,7,7,7.690196088891666,2.156881182680122,-1,-0.06408237234727954,True
Rajya Sabha,Puducherry,Normal/Others,"WS/MP139/2025-2026/103180-Construction of roads, link roads, pathways or any other road with or without drainage system",Shri S. Selvaganabathy (2021-27) (2021-2027),,2024-02-12,2025-12-05,2683495.0,Work Completed,662,662,662,6.428700952267279,0.8953860460557355,-1,-0.06401452904608085,True
Lok Sabha,Nagaland,Normal/Others,WS/MP18391/2025-2026/193451-Tree plantation for community,S SUPONGMEREN JAMIR,NAGALAND,2025-04-22,2025-04-29,15000000.0,Physical Inspection,7,7,7,7.176091288008646,1.642776381797102,-1,-0.06375721823091862,True
Lok Sabha,Jammu And Kashmir,Normal/Others,"WS/MP18070/2025-2026/201278-Construction of rooms and facilities for hospitals, FWC , PHC Centers and ANM centers",MIAN ALTAF AHMAD,ANANTNAG,2025-05-20,2025-05-28,20000000.0,Sanction,8,8,8,7.301030017378705,1.7677151111671607,-1,-0.06375721823091862,True
Lok Sabha,Madhya Pradesh,Normal/Others,WS/	 MP443/2024-2025/138721-Construction of common work sheds/ common covered sitting area,Rodmal Nagar,RAJGARH,2024-09-03,2024-11-12,16177075.0,Work Completed,70,70,70,7.208900025816238,1.675585119604694,-1,-0.06372902971088523,True
Rajya Sabha,Punjab,Normal/Others,"WS/MP234/2025-2026/231145-Construction of flood control embankments/ protection walls along riverbanks, hilltops, roadsides",Shri Raghav Chadha (2022-28) (2022-2028),,2025-09-03,2025-11-17,27500000.0,Vendor Identification,75,75,75,7.439332709622789,1.9060178034112454,-1,-0.06358291346727063,True
Rajya Sabha,Telangana,Normal/Others,WS/MP846/2026-2027/204606-Construction of boundary walls of existing public and community buildings,Shri Damodar Rao Divakonda (2022-28) (2022-2028),,2025-05-29,2026-08-17,4000000.0,Sanction,445,445,445,6.6020600999015695,1.0687451936900256,-1,-0.06336648754975205,True
Rajya Sabha,Kerala,Normal/Others,WS/MP102/2024-2025/143819-Development of playfields and sports grounds,Smt. Jebi Mather Hisham (2022-28) (2022-2028),,2024-09-26,2024-12-10,15380000.0,Sanction,75,75,75,7.186956363703024,1.6536414574914797,-1,-0.0632579845848047,True
Lok Sabha,Karnataka,Normal/Others,WS/MP18085/2026-2027/263517-Construction of additional rooms and halls in the existing public and community building,RADHAKRISHNA,GULBARGA(SC),2026-02-09,2026-06-23,10000000.0,Sanction,134,134,134,7.000000043429446,1.466685137217902,-1,-0.06323439173863721,True
Rajya Sabha,West Bengal,Normal/Others,"WS/MP888/2025-2026/150710-Construction of roads, link roads, pathways or any other road with or without drainage system",Shri Nagendra Ray (2023-29) (2023-2029),,2024-11-04,2025-10-29,6496210.68,Work partially Completed,359,359,359,6.812660168012385,1.2793452618008407,-1,-0.06319399269696246,True
Lok Sabha,Tamil Nadu,Normal/Others,WS/MP391/2025-2026/211751-Development of playground,Thiru Dayanidhi Maran,CHENNAI CENTRAL,2025-06-27,2025-12-06,10000000.0,Work Completed,162,162,162,7.000000043429446,1.466685137217902,-1,-0.06310800498836977,True
Lok Sabha,Tamil Nadu,Normal/Others,WS/MP745/2026-2027/202605-Construction of community centers and community halls,K Subbarayan,TIRUPPUR,2025-05-22,2026-05-15,6000000.0,Physical Inspection,358,358,358,6.7781513227660515,1.2448364165545076,-1,-0.06286923920058618,True
Lok Sabha,West Bengal,Normal/Others,WS/MP18255/2026-2027/257051-Construction of stadiums,KARTICK CHANDRA PAUL,RAIGANJ,2026-01-04,2026-05-15,10000000.0,Work partially Completed,131,131,131,7.000000043429446,1.466685137217902,-1,-0.06286145453483061,True
Lok Sabha,Tamil Nadu,Normal/Others,WS/MP755/2025-2026/156753-Construction of buildings for crèches and anganwadies,Thalikkottai Rajuthevar Baalu,SRIPERUMBUDUR,2024-12-03,2026-02-27,3708000.0,Work Completed,451,451,451,6.5691398425960905,1.0358249363845466,-1,-0.06271697146644162,True
Rajya Sabha,Puducherry,Normal/Others,"WS/MP139/2025-2026/152306-Construction of roads, link roads, pathways or any other road with or without drainage system",Shri S. Selvaganabathy (2021-27) (2021-2027),,2024-11-13,2025-04-07,10000000.0,Sanction,145,145,145,7.000000043429446,1.466685137217902,-1,-0.06267713382029916,True
Lok Sabha,Uttar Pradesh,Normal/Others,WS/MP18242/2025-2026/156951-Lighting of public spaces,RAMBHUAL NISHAD,SULTANPUR,2024-12-04,2025-04-28,10098000.0,Work Completed,145,145,145,7.0042354093674355,1.4709205031558916,-1,-0.06267713382029916,True
Lok Sabha,Karnataka,Normal/Others,WS/MP341/2025-2026/156772-Development of public parks,Shri LS Tejasvi Surya,BANGALORE SOUTH,2024-12-07,2025-12-20,5490893.0,Physical Inspection,378,378,378,6.739643059870472,1.2063281536589283,-1,-0.0625446321536931,True
Rajya Sabha,Odisha,Normal/Others,WS/MP134/2025-2026/239492-Construction of rooms and halls in school and colleges,Shri Ashwini Vaishnaw (2024-30) (2024-2030),,2025-10-03,2026-03-18,10000000.0,Sanction,166,166,166,7.000000043429446,1.466685137217902,-1,-0.062458721980931164,True
Rajya Sabha,West Bengal,Normal/Others,"WS/MP218/2024-2025/171165-Purchase of vehicle for mobile dispensaries (Four, three and two wheelers)",Ms. Dola Sen (2023-29) (2023-2029),,2025-02-01,2025-02-11,67500000.0,Vendor Identification,10,10,10,7.829303779265017,2.2959888730534734,-1,-0.06213364577926439,True
Rajya Sabha,West Bengal,Normal/Others,"WS/MP217/2024-2025/171179-Purchase of vehicle for mobile dispensaries (Four, three and two wheelers)",Shri Mohammed Nadimul Haque (2024-30) (2024-2030),,2025-02-01,2025-02-11,44848000.0,Vendor Identification,10,10,10,7.651743090099909,2.1184281838883647,-1,-0.06213364577926439,True
Rajya Sabha,West Bengal,Normal/Others,"WS/MP220/2024-2025/171199-Purchase of vehicle for mobile dispensaries (Four, three and two wheelers)",Shri Derek O' Brien (2023-29) (2023-2029),,2025-02-01,2025-02-11,73500000.0,Vendor Identification,10,10,10,7.866287344992963,2.332972438781419,-1,-0.06213364577926439,True
Rajya Sabha,West Bengal,Normal/Others,"WS/MP893/2024-2025/171163-Purchase of vehicle for mobile dispensaries (Four, three and two wheelers)",Shri Samirul Islam (2023-29) (2023-2029),,2025-01-31,2025-02-11,72500000.0,Vendor Identification,11,11,11,7.860338012561263,2.327023106349719,-1,-0.06213364577926439,True
Lok Sabha,Uttar Pradesh,Normal/Others,WS/MP492/2025-2026/194809-Lighting of public spaces,Shri Arun Kumar Sagar,SHAHJAHANPUR(SC),2025-04-27,2025-05-09,40095000.0,Physical Inspection,12,12,12,7.603090228643855,2.069775322432311,-1,-0.06213364577926439,True
Lok Sabha,Uttar Pradesh,Normal/Others,WS/MP18207/2025-2026/258118-Lighting of public spaces,TANUJ PUNIA,BARABANKI(SC),2026-01-08,2026-03-13,12206893.0,Physical Inspection,64,64,64,7.0866051733421,1.5532902671305564,-1,-0.06210552076081988,True
Rajya Sabha,Tamil Nadu,Normal/Others,"WS/MP162/2026-2027/282944-Construction of rooms and facilities for hospitals, FWC , PHC Centers and ANM centers",Shri S. Kalyanasundaram (2022-28) (2022-2028),,2026-05-23,2026-08-10,15000000.0,Sanction,79,79,79,7.176091288008646,1.642776381797102,-1,-0.0620269879499008,True
Lok Sabha,Tamil Nadu,Normal/Others,WS/MP458/2026-2027/150074-Construction of water tanks,Kanimozhi Karunanidhi,THOOTHUKKUDI,2024-11-02,2026-05-21,3000000.0,Vendor Identification,565,565,565,6.477121399484465,0.9438064932729215,-1,-0.061847759485321396,True
Rajya Sabha,Uttar Pradesh,Normal/Others,WS/MP188/2024-2025/87442-Construction of stadiums,Shri Jayant Chaudhary (2022-28) (2022-2028),,2024-01-23,2024-08-21,9495000.0,Vendor Identification,211,211,211,6.977495014812316,1.4441801086007722,-1,-0.061809471305659835,True
Rajya Sabha,Karnataka,Normal/Others,WS/MP18421/2025-2026/248277-Construction of buildings for training institutions,Shri Ajay Makan (2024-30) (2024-2030),,2025-11-14,2025-11-26,19950000.0,Work partially Completed,12,12,12,7.299942921791914,1.7666280155803697,-1,-0.06180937045251478,True
Lok Sabha,Uttar Pradesh,Normal/Others,WS/MP18210/2026-2027/295272-Lighting of public spaces,VIRENDRA SINGH,CHANDAULI,2026-07-15,2026-07-27,14493600.0,Work partially Completed,12,12,12,7.161176301284491,1.627861395072947,-1,-0.06180937045251478,True
Rajya Sabha,Nagaland,Normal/Others,"WS/MP233/2024-2025/133818-Construction of flood control embankments/ protection walls along riverbanks, hilltops, roadsides",Smt. S. Phangnon Konyak (2022-28) (2022-2028),,2024-07-20,2024-07-31,25000000.0,Physical Inspection,11,11,11,7.397940026043816,1.8646251198322723,-1,-0.06180937045251478,True
Rajya Sabha,Uttar Pradesh,Normal/Others,WS/MP18368/2024-2025/147850-Lighting of public spaces,Smt. Sadhna Singh (2024-30) (2024-2030),,2024-10-17,2024-10-29,18042779.0,Physical Inspection,12,12,12,7.2563034536960895,1.7229885474845457,-1,-0.06180937045251478,True
Rajya Sabha,Punjab,Normal/Others,"WS/MP844/2024-2025/152844-Retrofitting, preservation or conservation of heritage and archaeological monuments and buildings",Dr. Vikramjit Singh Sahney (2022-28) (2022-2028),,2024-11-16,2024-11-28,13402656.0,Work partially Completed,12,12,12,7.127190903294046,1.5938759970825025,-1,-0.06180937045251478,True
Lok Sabha,Uttar Pradesh,Normal/Others,WS/MP18210/2024-2025/154376-Lighting of public spaces,VIRENDRA SINGH,CHANDAULI,2024-11-24,2024-12-09,13176000.0,Physical Inspection,15,15,15,7.119783619122723,1.586468712911179,-1,-0.061153593293093444,True
Rajya Sabha,Karnataka,Normal/Others,"WS/MP18363/2024-2025/147448-Construction of rooms and facilities for hospitals, FWC , PHC Centers and ANM centers",Smt. Sudha Murty (2024-30) (2024-2030),,2024-10-15,2024-10-30,16548000.0,Work partially Completed,15,15,15,7.218745538468004,1.6854306322564598,-1,-0.061153593293093444,True
Lok Sabha,Andhra Pradesh,Normal/Others,"WS/MP18001/2024-2025/163131-Construction of roads, link roads, pathways or any other road with or without drainage system",GM Harish Balayogi,AMALAPURAM(SC),2025-01-02,2025-01-10,11586983.0,Physical Inspection,8,8,8,7.0639704072654,1.5306555010538565,-1,-0.06109408514642389,True
Lok Sabha,West Bengal,Normal/Others,"WS/MP18254/2026-2027/208657-Construction of Government office buildings (Post office, Police station, Police chauki, etc.)",JUNE MALIAH,MEDINIPUR,2025-06-13,2026-06-22,5500000.0,Work partially Completed,374,374,374,6.74036276845687,1.207047862245326,-1,-0.060923791351039425,True
Lok Sabha,Uttar Pradesh,Normal/Others,WS/MP18212/2025-2026/259219-Lighting of public spaces,ANAND BHADAURIYA,DHAURAHRA,2026-01-14,2026-03-25,12533850.0,Work partially Completed,70,70,70,7.098084527585715,1.5647696213741709,-1,-0.06070348198778652,True
Lok Sabha,West Bengal,Normal/Others,WS/MP18273/2025-2026/220280-Construction of buildings for community cultural activities,ISHA KHAN CHOUDHURY,MALDAHA DAKSHIN,2025-07-19,2025-11-07,10000000.0,Sanction,111,111,111,7.000000043429446,1.466685137217902,-1,-0.06069486419877912,True
Lok Sabha,Meghalaya,Normal/Others,WS/MP18309/2024-2025/155216-Providing supply pipelines for drinking water,SALENG A SANGMA,TURA,2024-11-26,2025-03-17,10000000.0,Work partially Completed,111,111,111,7.000000043429446,1.466685137217902,-1,-0.06069486419877912,True
Rajya Sabha,Punjab,Normal/Others,WS/MP235/2025-2026/237803-Creation of new ponds,Dr. Sandeep Kumar Pathak (2022-28) (2022-2028),,2025-09-25,2025-10-09,14940000.0,Work partially Completed,14,14,14,7.174350626548621,1.6410357203370776,-1,-0.06050607259490848,True
Rajya Sabha,Punjab,Normal/Others,WS/MP235/2025-2026/237804-Creation of new ponds,Dr. Sandeep Kumar Pathak (2022-28) (2022-2028),,2025-09-25,2025-10-09,19341000.0,Work partially Completed,14,14,14,7.286478947385371,1.753164041173827,-1,-0.06050607259490848,True
Rajya Sabha,Chhattisgarh,Normal/Others,WS/MP176/2024-2025/149419-Construction of public libraries and reading rooms,Shri Rajeev Shukla (2022-28) (2022-2028),,2024-10-25,2024-12-20,30000000.0,Physical Inspection,56,56,56,7.477121269196145,1.943806362984601,-1,-0.06047129440728083,True
Rajya Sabha,Karnataka,Normal/Others,WS/MP18363/2025-2026/253465-Construction of shelters for animals,Smt. Sudha Murty (2024-30) (2024-2030),,2025-12-11,2026-02-04,14255000.0,Vendor Identification,55,55,55,7.153967252111594,1.6206523459000497,-1,-0.06043623352904581,True
Rajya Sabha,Karnataka,Normal/Others,WS/MP18363/2025-2026/253468-Construction of buildings for sports facilities,Smt. Sudha Murty (2024-30) (2024-2030),,2025-12-11,2026-02-04,20000000.0,Vendor Identification,55,55,55,7.301030017378705,1.7677151111671607,-1,-0.06043623352904581,True
Rajya Sabha,Karnataka,Normal/Others,"WS/MP18296/2024-2025/155197-Construction of roads, link roads, pathways or any other road with or without drainage system",Dr. Syed Naseer Hussain (2024-30) (2024-2030),,2024-11-26,2025-03-14,10000000.0,Work partially Completed,108,108,108,7.000000043429446,1.466685137217902,-1,-0.060371237698974456,True
Rajya Sabha,Puducherry,Normal/Others,WS/MP139/2025-2026/158705-Construction of public libraries and reading rooms,Shri S. Selvaganabathy (2021-27) (2021-2027),,2024-12-14,2025-04-07,10500000.0,Physical Inspection,114,114,114,7.021189340431316,1.4878744342197718,-1,-0.060185046696776046,True
Lok Sabha,Uttar Pradesh,Normal/Others,WS/MP507/2025-2026/196288-Lighting of public spaces,Ashok Kumar Rawat,MISRIKH(SC),2025-05-03,2025-06-26,47472048.0,Work partially Completed,54,54,54,7.676437977245825,2.143123071034281,-1,-0.06011272366025022,True
Lok Sabha,Uttar Pradesh,Normal/Others,WS/MP18207/2025-2026/238655-Lighting of public spaces,TANUJ PUNIA,BARABANKI(SC),2025-09-27,2025-12-11,12600000.0,Physical Inspection,75,75,75,7.100370579585378,1.567055673373834,-1,-0.06011162081060495,True
Rajya Sabha,Odisha,Normal/Others,"WS/MP134/2026-2027/211659-Purchase of ambulances (Four, three and two wheelers)",Shri Ashwini Vaishnaw (2024-30) (2024-2030),,2025-06-24,2026-06-22,5569600.0,Physical Inspection,363,363,363,6.74582408391609,1.212509177704546,-1,-0.05995304004112556,True
Rajya Sabha,Karnataka,Normal/Others,WS/MP092/2025-2026/164731-Setting up of farmers’ training and assistance centers,Smt. Nirmala Sitharaman (2022-28) (2022-2028),,2025-01-10,2026-01-28,5000000.0,Work Completed,383,383,383,6.698970091194907,1.165655184983363,-1,-0.05995304004112556,True
Rajya Sabha,Uttar Pradesh,Normal/Others,WS/MP196/2026-2027/280061-Construction of buildings for community cultural activities,Shri Brij Lal (2020-26) (2020-2026),,2026-05-09,2026-07-06,13780000.0,Sanction,58,58,58,7.1392492490878965,1.6059343428763526,-1,-0.059824388943666595,True
Rajya Sabha,Uttar Pradesh,Normal/Others,WS/MP201/2024-2025/155278-Lighting of public spaces,Smt. Sangeeta Yadav (2022-28) (2022-2028),,2024-11-27,2025-01-24,18216000.0,Physical Inspection,58,58,58,7.260453041448461,1.7271381352369168,-1,-0.059824388943666595,True
Lok Sabha,Uttar Pradesh,Normal/Others,WS/MP18233/2026-2027/274638-Lighting of public spaces,PRAVEEN PATEL,PHULPUR,2026-03-16,2026-05-13,20792000.0,Work partially Completed,58,58,58,7.317896287380532,1.7845813811689881,-1,-0.059824388943666595,True
Lok Sabha,Uttar Pradesh,Normal/Others,WS/MP507/2026-2027/290535-Lighting of public spaces,Ashok Kumar Rawat,MISRIKH(SC),2026-06-30,2026-08-19,49740000.0,Vendor Identification,50,50,50,7.696705789665209,2.1633908834536655,-1,-0.05978935968011656,True
Lok Sabha,Meghalaya,Normal/Others,WS/MP18309/2024-2025/155212-Providing supply pipelines for drinking water,SALENG A SANGMA,TURA,2024-11-26,2025-03-10,10000000.0,Physical Inspection,104,104,104,7.000000043429446,1.466685137217902,-1,-0.059618717173568814,True
Lok Sabha,Uttar Pradesh,Normal/Others,WS/MP817/2025-2026/229416-Lighting of public spaces,Smt Anupriya Patel,MIRZAPUR,2025-08-26,2025-09-11,22131000.0,Vendor Identification,16,16,16,7.345001057801849,1.8116861515903055,-1,-0.059583829110611775,True
Lok Sabha,Uttar Pradesh,Normal/Others,WS/MP817/2025-2026/229418-Lighting of public spaces,Smt Anupriya Patel,MIRZAPUR,2025-08-26,2025-09-11,19747300.0,Work partially Completed,16,16,16,7.295507745992522,1.7621928397809778,-1,-0.059583829110611775,True
Lok Sabha,Uttar Pradesh,Normal/Others,"WS/MP791/2025-2026/252126-Construction of roads, link roads, pathways or any other road with or without drainage system",Jagdambika Pal,DOMARIYAGANJ,2025-12-05,2026-02-28,11500000.0,Vendor Identification,85,85,85,7.060697878118348,1.5273829719068042,-1,-0.05934780840556331,True
Rajya Sabha,Uttar Pradesh,Normal/Others,WS/MP196/2025-2026/201325-Forest conservation infrastructure,Shri Brij Lal (2020-26) (2020-2026),,2025-05-20,2025-07-03,15758410.0,Sanction,44,44,44,7.19751242325992,1.6641975170483763,-1,-0.059323880237422855,True
Rajya Sabha,Uttar Pradesh,Normal/Others,WS/MP190/2024-2025/135992-Lighting of public spaces,Shri Mithlesh Kumar (2022-28) (2022-2028),,2024-08-17,2024-09-04,31590000.0,Physical Inspection,18,18,18,7.4995496396529955,1.9662347334414516,-1,-0.059260703638560064,True
Lok Sabha,Uttar Pradesh,Normal/Others,WS/MP507/2024-2025/170558-Lighting of public spaces,Ashok Kumar Rawat,MISRIKH(SC),2025-01-30,2025-02-17,28310620.0,Physical Inspection,18,18,18,7.451949395819193,1.9186344896076495,-1,-0.059260703638560064,True
Lok Sabha,Madhya Pradesh,Normal/Others,WS/MP18104/2026-2027/153167-Installation of multi-gym equipment,DARSHAN SINGH CHOUDHARY,HOSHANGABAD,2024-12-19,2026-06-19,49300.0,Sanction,547,547,547,4.692855728406588,-0.8404591778049557,-1,-0.0591175808747163,True
Lok Sabha,Madhya Pradesh,Normal/Others,WS/MP18104/2026-2027/152595-Installation of multi-gym equipment,DARSHAN SINGH CHOUDHARY,HOSHANGABAD,2024-12-19,2026-06-19,49300.0,Sanction,547,547,547,4.692855728406588,-0.8404591778049557,-1,-0.0591175808747163,True
Rajya Sabha,Uttar Pradesh,Normal/Others,WS/MP188/2026-2027/220191-Construction of stadiums,Shri Jayant Chaudhary (2022-28) (2022-2028),,2025-07-19,2026-04-09,9000000.0,Sanction,264,264,264,6.954242557694265,1.420927651482721,-1,-0.05904755130467021,True
Lok Sabha,Uttar Pradesh,Normal/Others,WS/MP18241/2025-2026/210661-Lighting of public spaces,RAKESH RATHOR,SITAPUR,2025-06-20,2025-07-08,13383520.0,Work partially Completed,18,18,18,7.126570384710206,1.5932554784986621,-1,-0.05893772388182439,True
Rajya Sabha,Uttar Pradesh,Normal/Others,WS/MP190/2024-2025/144137-Lighting of public spaces,Shri Mithlesh Kumar (2022-28) (2022-2028),,2024-09-28,2024-10-15,17739000.0,Physical Inspection,17,17,17,7.248929158201235,1.7156142519896909,-1,-0.05893772388182439,True
Rajya Sabha,Tamil Nadu,Normal/Others,WS/MP165/2023-2024/96112-Construction of public libraries and reading rooms,Shri P. Chidambaram (2022-28) (2022-2028),,2024-02-03,2024-02-20,20000000.0,Work partially Completed,17,17,17,7.301030017378705,1.7677151111671607,-1,-0.05893772388182439,True
Rajya Sabha,Uttar Pradesh,Normal/Others,WS/MP203/2024-2025/162204-Installation of multi-gym equipment,Smt. Darshana Singh (2022-28) (2022-2028),,2024-12-29,2025-02-28,11838120.0,Physical Inspection,61,61,61,7.07328277467653,1.539967868464986,-1,-0.058855124308908935,True
Rajya Sabha,Uttar Pradesh,Normal/Others,WS/MP196/2025-2026/201343-Forest conservation infrastructure,Shri Brij Lal (2020-26) (2020-2026),,2025-05-20,2026-02-19,8394000.0,Vendor Identification,275,275,275,6.923969016614149,1.390654110402605,-1,-0.05867678219397665,True
Lok Sabha,West Bengal,Normal/Others,WS/MP484/2025-2026/210691-Construction of rooms and halls in school and colleges,Mala Roy,KOLKATA DAKSHIN,2025-08-14,2025-08-27,12000000.0,Sanction,13,13,13,7.07918128223883,1.545866376027286,-1,-0.0585077178427863,True
Rajya Sabha,Puducherry,Normal/Others,WS/MP139/2025-2026/145291-Construction of community centers and community halls,Shri S. Selvaganabathy (2021-27) (2021-2027),,2024-10-03,2025-09-13,6000000.0,Sanction,345,345,345,6.7781513227660515,1.2448364165545076,-1,-0.05827112823861025,True
Rajya Sabha,Delhi,Normal/Others,WS/MP879/2025-2026/240350-Construction of community centers and community halls,Shri Narain Dass Gupta (2024-30) (2024-2030),,2025-10-07,2026-03-16,9749611.0,Work partially Completed,160,160,160,6.988987332661418,1.4556724264498744,-1,-0.05825262954722754,True
Rajya Sabha,Kerala,Normal/Others,WS/MP099/2025-2026/229253-Purchase of hospital equipment,Dr. John Brittas (2021-27) (2021-2027),,2025-10-15,2026-02-10,10000000.0,Time Estimation,118,118,118,7.000000043429446,1.466685137217902,-1,-0.057818891041710896,True
Lok Sabha,Gujarat,Normal/Others,WS/MP585/2025-2026/178906-Crematoriums/energy efficient crematoriums or structures on burial/cremation ground,Hasmukh Bhai Soma Bhai Patel,AHMEDABAD EAST,2025-03-04,2025-08-30,9424000.0,Physical Inspection,179,179,179,6.974235323526903,1.4409204173153594,-1,-0.05754088378686484,True
Lok Sabha,Tamil Nadu,Normal/Others,WS/MP755/2025-2026/241554-Construction of community centers and community halls,Thalikkottai Rajuthevar Baalu,SRIPERUMBUDUR,2025-11-05,2026-02-12,10000000.0,Work partially Completed,99,99,99,7.000000043429446,1.466685137217902,-1,-0.05722763577538459,True
Rajya Sabha,Uttar Pradesh,Normal/Others,WS/MP18368/2026-2027/296403-Lighting of public spaces,Smt. Sadhna Singh (2024-30) (2024-2030),,2026-07-18,2026-08-12,23047200.0,Vendor Identification,25,25,25,7.3626181894190985,1.8293032832075546,-1,-0.05701357047702038,True
Lok Sabha,Uttar Pradesh,Normal/Others,WS/MP492/2026-2027/282269-Lighting of public spaces,Shri Arun Kumar Sagar,SHAHJAHANPUR(SC),2026-05-20,2026-06-15,31200000.0,Work partially Completed,26,26,26,7.494154607938137,1.9608397017265933,-1,-0.05701357047702038,True
Lok Sabha,Uttar Pradesh,Normal/Others,WS/MP18210/2025-2026/244721-Lighting of public spaces,VIRENDRA SINGH,CHANDAULI,2025-10-29,2025-11-14,11642400.0,Physical Inspection,16,16,16,7.066042553640499,1.5327276474289553,-1,-0.05693611737607984,True
Rajya Sabha,Uttar Pradesh,Normal/Others,WS/MP18368/2025-2026/241282-Lighting of public spaces,Smt. Sadhna Singh (2024-30) (2024-2030),,2025-10-10,2025-11-14,28512000.0,Physical Inspection,35,35,35,7.45502769758877,1.9217127913772263,-1,-0.056931271929686056,True
Rajya Sabha,Maharashtra,Normal/Others,"WS/MP113/2025-2026/174294-Purchase of smart boards, visual display units and projectors",Shri Imran Pratapgarhi (2022-28) (2022-2028),,2025-02-07,2025-05-15,9999175.0,Vendor Identification,97,97,97,6.999964212660233,1.466649306448689,-1,-0.05690557284245912,True
Rajya Sabha,Uttar Pradesh,Normal/Others,WS/MP182/2023-2024/15726-Construction of rooms and halls in school and colleges,Dr. Radha Mohan Das Agrawal (2022-28) (2022-2028),,2023-09-03,2023-10-21,11898309.0,Physical Inspection,48,48,48,7.075485279897025,1.5421703736854813,-1,-0.0568188646630563,True
Rajya Sabha,Uttar Pradesh,Normal/Others,WS/MP182/2023-2024/15725-Construction of rooms and halls in school and colleges,Dr. Radha Mohan Das Agrawal (2022-28) (2022-2028),,2023-09-03,2023-10-21,11907185.0,Physical Inspection,48,48,48,7.075809137715405,1.542494231503861,-1,-0.0568188646630563,True
Rajya Sabha,Odisha,Normal/Others,WS/MP131/2023-2024/92625-Construction of rooms and halls in school and colleges,Dr. Sasmit Patra (2022-28) (2022-2028),,2024-01-31,2024-03-15,12500000.0,Sanction,44,44,44,7.096910047751614,1.5635951415400697,-1,-0.05667712905615596,True
Rajya Sabha,Uttar Pradesh,Normal/Others,WS/MP203/2023-2024/10748-Construction of bus-sheds or bus-stops,Smt. Darshana Singh (2022-28) (2022-2028),,2023-08-18,2023-09-27,14529277.0,Physical Inspection,40,40,40,7.162244033540509,1.6289291273289654,-1,-0.056638623463923565,True
Lok Sabha,Kerala,Normal/Others,WS/MP352/2025-2026/157751-Construction of community centers and community halls,Shri Hibi Eden,ERNAKULAM,2024-12-10,2025-09-22,7896000.0,Sanction,286,286,286,6.897407194663411,1.3640922884518671,-1,-0.056637037894783804,True
Rajya Sabha,Uttar Pradesh,Normal/Others,WS/MP195/2025-2026/254630-Lighting of public spaces,Shri B.L. Verma (2020-26) (2020-2026),,2025-12-18,2026-01-07,36803188.0,Physical Inspection,20,20,20,7.565885451964207,2.0325705457526633,-1,-0.05661418590507672,True
Lok Sabha,Uttar Pradesh,Normal/Others,WS/MP18201/2025-2026/194865-Lighting of public spaces,NEERAJ MAURYA,AONLA,2025-04-28,2025-06-02,21030400.0,Physical Inspection,35,35,35,7.322847553733725,1.789532647522181,-1,-0.05660934264376538,True
Lok Sabha,Uttar Pradesh,Normal/Others,WS/MP492/2026-2027/294027-Construction of bus-sheds or bus-stops,Shri Arun Kumar Sagar,SHAHJAHANPUR(SC),2026-07-10,2026-08-14,14533200.0,Vendor Identification,35,35,35,7.162361280060523,1.629046373848979,-1,-0.05660934264376538,True
Rajya Sabha,Tamil Nadu,Normal/Others,"WS/MP165/2023-2024/95942-Construction of rooms and facilities for hospitals, FWC , PHC Centers and ANM centers",Shri P. Chidambaram (2022-28) (2022-2028),,2024-02-03,2024-02-20,12466239.0,Physical Inspection,17,17,17,7.0957354836720015,1.5624205774604576,-1,-0.05629239961094812,True
Rajya Sabha,Uttar Pradesh,Normal/Others,WS/MP203/2025-2026/217604-Installation of multi-gym equipment,Smt. Darshana Singh (2022-28) (2022-2028),,2025-07-12,2025-07-30,12640000.0,Physical Inspection,18,18,18,7.101747108305106,1.568432202093562,-1,-0.05629239961094812,True
Lok Sabha,Gujarat,Normal/Others,"WS/MP582/2026-2027/149091-Purchase of prosthetics, wheel chairs, tricycles (manual or motorized), elect scooties, hearing aids",Prabhubhai Nagarbhai Vasava,BARDOLI(ST),2024-10-23,2026-08-25,75000.0,Sanction,671,671,671,4.8750670539461884,-0.6582478522653554,-1,-0.056205602411994016,True
Rajya Sabha,Uttar Pradesh,Normal/Others,WS/MP203/2026-2027/284964-Street lights,Smt. Darshana Singh (2022-28) (2022-2028),,2026-05-30,2026-06-27,28512000.0,Work partially Completed,28,28,28,7.45502769758877,1.9217127913772263,-1,-0.056140019476920155,True
Rajya Sabha,Punjab,Normal/Others,WS/MP141/2025-2026/210474-Construction of community centers and community halls,Shri Harbhajan Singh (2022-28) (2022-2028),,2025-06-19,2025-07-30,12000000.0,Work partially Completed,41,41,41,7.07918128223883,1.545866376027286,-1,-0.05603364482294282,True
Rajya Sabha,Karnataka,Normal/Others,WS/MP18421/2026-2027/290263-Construction of buildings for sports facilities,Shri Ajay Makan (2024-30) (2024-2030),,2026-06-29,2026-07-27,19900000.0,Work partially Completed,28,28,28,7.2988530982335496,1.7655381920220057,-1,-0.05581844701090777,True
Rajya Sabha,Uttar Pradesh,Normal/Others,WS/MP198/2025-2026/208989-Lighting of public spaces,Shri Ramji (2020-26) (2020-2026),,2025-06-16,2025-07-15,16979964.0,Physical Inspection,29,29,29,7.22993679071815,1.6966218845066061,-1,-0.05581844701090777,True
Lok Sabha,Nagaland,Normal/Others,"WS/MP18391/2024-2025/140271-Purchase of ambulances (Four, three and two wheelers)",S SUPONGMEREN JAMIR,NAGALAND,2024-09-11,2024-10-10,16912380.0,Physical Inspection,29,29,29,7.228204753805226,1.6948898475936822,-1,-0.05581844701090777,True
Rajya Sabha,Uttar Pradesh,Normal/Others,WS/MP198/2025-2026/204743-Lighting of public spaces,Shri Ramji (2020-26) (2020-2026),,2025-06-16,2025-07-15,16979964.0,Physical Inspection,29,29,29,7.22993679071815,1.6966218845066061,-1,-0.05581844701090777,True
Rajya Sabha,Uttar Pradesh,Normal/Others,WS/MP201/2023-2024/61648-Lighting of public spaces,Smt. Sangeeta Yadav (2022-28) (2022-2028),,2023-12-13,2024-01-18,15128000.0,Physical Inspection,36,36,36,7.179781544544973,1.646466638333429,-1,-0.055805396151840325,True
Lok Sabha,Uttar Pradesh,Normal/Others,"WS/MP18198/2025-2026/214766-Construction of roads, link roads, pathways or any other road with or without drainage system",UJJWAL RAMAN SINGH,ALLAHABAD,2025-07-04,2025-08-12,16757000.0,Work partially Completed,39,39,39,7.224196295577436,1.6908813893658925,-1,-0.05576796895356384,True
Lok Sabha,Karnataka,Normal/Others,WS/MP18355/2025-2026/158349-Construction of rooms and halls in school and colleges,SHOBHA KARANDLAJE,BANGALORE NORTH,2024-12-12,2025-12-20,5000000.0,Physical Inspection,373,373,373,6.698970091194907,1.165655184983363,-1,-0.05576159730201047,True
Lok Sabha,Lakshadweep,Normal/Others,WS/MP18279/2025-2026/216827-Purchase of hospital equipment,MUHAMMED HAMDULLAH SAYEED,LAKSHADWEEP(ST),2025-07-10,2025-08-06,45000000.0,Work partially Completed,27,27,27,7.653212523426332,2.1198976172147885,-1,-0.05554469226560832,True
Rajya Sabha,Andhra Pradesh,Normal/Others,WS/MP18427/2025-2026/208561-Construction of community centers and community halls,Shri Ryaga Krishnaiah (2024-28) (2024-2028),,2025-06-13,2026-01-01,9000000.0,Sanction,202,202,202,6.954242557694265,1.420927651482721,-1,-0.05544884536910122,True
Lok Sabha,Uttar Pradesh,Normal/Others,WS/MP492/2024-2025/134984-Lighting of public spaces,Shri Arun Kumar Sagar,SHAHJAHANPUR(SC),2024-08-07,2024-08-28,37908000.0,Physical Inspection,21,21,21,7.578730883409313,2.045415977197769,-1,-0.05542977149380435,True
Rajya Sabha,Karnataka,Normal/Others,"WS/MP833/2025-2026/16125-Construction of roads, link roads, pathways or any other road with or without drainage system",Shri Jairam Ramesh (2022-28) (2022-2028),,2023-09-04,2025-08-29,2500000.0,Work Completed,725,725,725,6.397940182389796,0.864625276178252,-1,-0.05525856031417031,True
Lok Sabha,Tamil Nadu,Normal/Others,WS/MP391/2025-2026/166886-Construction of buildings for sports facilities,Thiru Dayanidhi Maran,CHENNAI CENTRAL,2025-01-20,2026-01-22,5000000.0,Work Completed,367,367,367,6.698970091194907,1.165655184983363,-1,-0.05511893861138195,True
Rajya Sabha,Uttar Pradesh,Normal/Others,WS/MP18368/2024-2025/176174-Lighting of public spaces,Smt. Sadhna Singh (2024-30) (2024-2030),,2025-02-17,2025-03-10,16529999.0,Physical Inspection,21,21,21,7.218272853571447,1.6849579473599032,-1,-0.05510851931826233,True
Rajya Sabha,Uttar Pradesh,Normal/Others,WS/MP203/2025-2026/194799-Lighting of public spaces,Smt. Darshana Singh (2022-28) (2022-2028),,2025-04-27,2025-06-03,24235200.0,Physical Inspection,37,37,37,7.38444662599106,1.8511317197795165,-1,-0.05509608579364533,True
Rajya Sabha,Uttar Pradesh,Normal/Others,WS/MP18368/2025-2026/211538-Lighting of public spaces,Smt. Sadhna Singh (2024-30) (2024-2030),,2025-06-23,2025-07-30,18770400.0,Physical Inspection,37,37,37,7.273473550736796,1.740158644525252,-1,-0.05509608579364533,True
Lok Sabha,Manipur,Normal/Others,WS/MP18370/2026-2027/282656-Installing hand pumps,ALFRED KANNGAM S ARTHUR,OUTER MANIPUR(ST),2026-05-21,2026-07-22,10000000.0,Vendor Identification,62,62,62,7.000000043429446,1.466685137217902,-1,-0.05485278110889824,True
Rajya Sabha,Delhi,Normal/Others,WS/MP879/2025-2026/213910-Street lights,Shri Narain Dass Gupta (2024-30) (2024-2030),,2025-07-01,2026-01-09,8911351.0,Physical Inspection,192,192,192,6.949943598716544,1.4166286925050002,-1,-0.054806468689487464,True
Rajya Sabha,Nagaland,Normal/Others,"WS/MP233/2025-2026/202323-Construction of roads, link roads, pathways or any other road with or without drainage system",Smt. S. Phangnon Konyak (2022-28) (2022-2028),,2025-05-21,2025-06-20,21000000.0,Physical Inspection,30,30,30,7.322219315414609,1.7889044092030648,-1,-0.0547496124270298,True
Rajya Sabha,Uttar Pradesh,Normal/Others,WS/MP187/2025-2026/194547-Lighting of public spaces,Shri Javed Ali Khan (2022-28) (2022-2028),,2025-04-26,2025-05-28,29889000.0,Physical Inspection,32,32,32,7.475511399567955,1.9421964933564109,-1,-0.05468303889389592,True
Rajya Sabha,Goa,Normal/Others,WS/MP885/2026-2027/149806-Purchase of vans and buses for educational institutions,Shri Sadanand Mhalu Shet Tanavade (2023-29) (2023-2029),,2024-10-29,2026-07-01,2620712.0,Work partially Completed,610,610,610,6.418419463014134,0.8851045568025899,-1,-0.054653872486896904,True
Rajya Sabha,West Bengal,Normal/Others,WS/MP18382/2026-2027/221599-Construction of culverts and bridges,Smt. Mamata Thakur (2024-30) (2024-2030),,2025-07-23,2026-07-20,4871269.0,Vendor Identification,362,362,362,6.6876422018896475,1.1543272956781037,-1,-0.05447685941143088,True
Lok Sabha,Kerala,Normal/Others,WS/MP353/2025-2026/183379-Construction of rooms and halls in school and colleges,Adv Dean Kuriakose,IDUKKI,2025-03-18,2025-09-20,8676888.0,Physical Inspection,186,186,186,6.938364041730263,1.405049135518719,-1,-0.05443951131649083,True
Lok Sabha,Uttar Pradesh,Normal/Others,WS/MP507/2025-2026/180315-Lighting of public spaces,Ashok Kumar Rawat,MISRIKH(SC),2025-03-08,2025-04-09,20304037.0,Physical Inspection,32,32,32,7.307582417554751,1.774267511343207,-1,-0.054362123461774825,True
Rajya Sabha,Uttar Pradesh,Normal/Others,WS/MP201/2023-2024/73283-Lighting of public spaces,Smt. Sangeeta Yadav (2022-28) (2022-2028),,2024-01-02,2024-02-02,14923480.0,Physical Inspection,31,31,31,7.173870136994665,1.6405552307831215,-1,-0.054362123461774825,True
Rajya Sabha,Uttar Pradesh,Normal/Others,WS/MP190/2025-2026/191376-Lighting of public spaces,Shri Mithlesh Kumar (2022-28) (2022-2028),,2025-04-15,2025-05-09,36450000.0,Physical Inspection,24,24,24,7.561697544568794,2.0283826383572503,-1,-0.05432938257190101,True
Rajya Sabha,Uttar Pradesh,Normal/Others,WS/MP197/2024-2025/149134-Lighting of public spaces,Shri Neeraj Shekhar (2020-26) (2020-2026),,2024-10-23,2024-11-18,12150000.0,Physical Inspection,26,26,26,7.084576313678731,1.5512614074671873,-1,-0.05405457958433779,True
Rajya Sabha,Uttar Pradesh,Normal/Others,WS/MP203/2024-2025/136216-Lighting of public spaces,Smt. Darshana Singh (2022-28) (2022-2028),,2024-08-18,2024-09-13,12932000.0,Physical Inspection,26,26,26,7.11166572952245,1.578350823310906,-1,-0.05405457958433779,True
Rajya Sabha,Jammu And Kashmir,Normal/Others,WS/MP839/2024-2025/147849-Lighting of public spaces,Shri Gulam Ali (2022-28) (2022-2028),,2024-10-17,2024-11-09,20496000.0,Physical Inspection,23,23,23,7.311669133589842,1.7783542273782977,-1,-0.05400862662316097,True
Rajya Sabha,Uttar Pradesh,Normal/Others,WS/MP187/2026-2027/283439-Lighting of public spaces,Shri Javed Ali Khan (2022-28) (2022-2028),,2026-05-24,2026-06-15,20716800.0,Work partially Completed,22,22,22,7.316322694349855,1.7830077881383115,-1,-0.05400862662316097,True
Rajya Sabha,Uttar Pradesh,Normal/Others,WS/MP190/2026-2027/282964-Lighting of public spaces,Shri Mithlesh Kumar (2022-28) (2022-2028),,2026-05-22,2026-06-15,24960000.0,Work partially Completed,24,24,24,7.397244598410005,1.863929692198461,-1,-0.05400862662316097,True
Rajya Sabha,Jammu And Kashmir,Normal/Others,WS/MP839/2024-2025/134187-Lighting of public spaces,Shri Gulam Ali (2022-28) (2022-2028),,2024-07-25,2024-08-17,19925990.0,Physical Inspection,23,23,23,7.299419929823682,1.7661050236121385,-1,-0.05400862662316097,True
Rajya Sabha,Uttar Pradesh,Normal/Others,WS/MP187/2024-2025/145576-Lighting of public spaces,Shri Javed Ali Khan (2022-28) (2022-2028),,2024-10-04,2024-10-28,14999000.0,Physical Inspection,24,24,24,7.176062334079974,1.6427474278684304,-1,-0.05400862662316097,True
Rajya Sabha,Jammu And Kashmir,Normal/Others,WS/MP839/2025-2026/191381-Lighting of public spaces,Shri Gulam Ali (2022-28) (2022-2028),,2025-04-15,2025-05-09,21870000.0,Physical Inspection,24,24,24,7.339848802895638,1.806533896684094,-1,-0.05400862662316097,True
Lok Sabha,Andhra Pradesh,Normal/Others,WS/MP18012/2026-2027/277368-Construction of community centers and community halls,Bhupathiraju Srinivasa varma,NARASAPURAM,2026-04-09,2026-05-14,12000000.0,Sanction,35,35,35,7.07918128223883,1.545866376027286,-1,-0.053972622119360714,True
Lok Sabha,Uttar Pradesh,Normal/Others,WS/MP18210/2025-2026/212736-Lighting of public spaces,VIRENDRA SINGH,CHANDAULI,2025-06-26,2025-07-31,12830000.0,Physical Inspection,35,35,35,7.108226690224848,1.5749117840133042,-1,-0.053972622119360714,True
Rajya Sabha,Andhra Pradesh,Normal/Others,"WS/MP032/2025-2026/200857-Construction of rooms and facilities for hospitals, FWC , PHC Centers and ANM centers",Shri S Niranjan Reddy (2022-28) (2022-2028),,2025-05-19,2025-05-27,10000000.0,Work partially Completed,8,8,8,7.000000043429446,1.466685137217902,-1,-0.053937467676490325,True
Rajya Sabha,Andhra Pradesh,Normal/Others,WS/MP18428/2025-2026/234748-Construction of community centers and community halls,Shri Masthan Rao Yadav Beedha (2024-28) (2024-2028),,2025-09-17,2025-09-25,10000000.0,Sanction,8,8,8,7.000000043429446,1.466685137217902,-1,-0.053937467676490325,True
Lok Sabha,Manipur,Normal/Others,WS/MP18370/2025-2026/275361-Installing hand pumps,ALFRED KANNGAM S ARTHUR,OUTER MANIPUR(ST),2026-03-22,2026-03-30,10000000.0,Vendor Identification,8,8,8,7.000000043429446,1.466685137217902,-1,-0.053937467676490325,True
Rajya Sabha,Karnataka,Normal/Others,WS/MP092/2025-2026/164733-Setting up of farmers’ training and assistance centers,Smt. Nirmala Sitharaman (2022-28) (2022-2028),,2025-01-10,2026-01-02,5000000.0,Work Completed,357,357,357,6.698970091194907,1.165655184983363,-1,-0.0538353591796259,True
Rajya Sabha,Puducherry,Normal/Others,WS/MP139/2025-2026/132774-Purchase of hospital equipment,Shri S. Selvaganabathy (2021-27) (2021-2027),,2024-06-26,2025-07-29,4223476.0,Work partially Completed,398,398,398,6.625670133465915,1.0923552272543713,-1,-0.053732553891327695,True
Lok Sabha,West Bengal,Normal/Others,"WS/MP481/2026-2027/215774-Construction of roads, link roads, pathways or any other road with or without drainage system",Khalilur Rahaman,JANGIPUR,2025-07-07,2026-08-25,3942000.0,Sanction,414,414,414,6.595716730114512,1.0624018239029684,-1,-0.053685002434836426,True
Rajya Sabha,Bihar,Normal/Others,WS/MP18300/2026-2027/148913-Installing hand pumps,Dr. Bhim Singh (2024-30) (2024-2030),,2024-10-21,2026-08-11,83000.0,Sanction,659,659,659,4.919083324808191,-0.6142315814033532,-1,-0.05343037649382021,True
Lok Sabha,Uttar Pradesh,Normal/Others,WS/MP18222/2025-2026/270346-Lighting of public spaces,BABU SINGH KUSHWAHA,JAUNPUR,2026-02-25,2026-03-25,11570000.0,Sanction,28,28,28,7.063333396488004,1.5300184902764604,-1,-0.05318464897419517,True
Rajya Sabha,Jammu And Kashmir,Normal/Others,WS/MP839/2025-2026/222781-Lighting of public spaces,Shri Gulam Ali (2022-28) (2022-2028),,2025-07-27,2025-08-25,12505000.0,Physical Inspection,29,29,29,7.097083730796187,1.5637688245846428,-1,-0.05318464897419517,True
Rajya Sabha,West Bengal,Normal/Others,"WS/MP888/2025-2026/179982-Construction of roads, link roads, pathways or any other road with or without drainage system",Shri Nagendra Ray (2023-29) (2023-2029),,2025-03-07,2025-10-29,8245381.0,Sanction,236,236,236,6.916210780859741,1.382895874648197,-1,-0.05315661014998885,True
Lok Sabha,Tamil Nadu,Normal/Others,WS/MP458/2025-2026/149732-Construction of community centers and community halls,Kanimozhi Karunanidhi,THOOTHUKKUDI,2024-11-02,2025-12-16,4000000.0,Work partially Completed,409,409,409,6.6020600999015695,1.0687451936900256,-1,-0.05304421622704225,True
Lok Sabha,Uttar Pradesh,Normal/Others,WS/MP18242/2025-2026/240691-Street lights,RAMBHUAL NISHAD,SULTANPUR,2025-10-07,2025-12-11,9992262.0,Physical Inspection,65,65,65,6.999663856305388,1.4663489500938445,-1,-0.05297650010100996,True
Rajya Sabha,Uttar Pradesh,Normal/Others,WS/MP203/2024-2025/155319-Lighting of public spaces,Smt. Darshana Singh (2022-28) (2022-2028),,2024-11-27,2024-12-09,10980000.0,Physical Inspection,12,12,12,7.040602379667303,1.5072874734557589,-1,-0.05233601663319787,True
Lok Sabha,Tamil Nadu,Normal/Others,WS/MP459/2025-2026/169434-Construction of toilet blocks,T Sumathy (A) Thamizhachi Thangapandian,CHENNAI SOUTH,2025-01-28,2026-02-19,4170000.0,Time Estimation,387,387,387,6.6201361591211025,1.0868212529095587,-1,-0.05213156446684064,True
Rajya Sabha,Tamil Nadu,Normal/Others,WS/MP162/2023-2024/61773-Construction of stadiums,Shri S. Kalyanasundaram (2022-28) (2022-2028),,2023-12-14,2024-02-28,10976847.0,Physical Inspection,76,76,76,7.040477650430348,1.507162744218804,-1,-0.052089864458599755,True
Lok Sabha,Telangana,Normal/Others,WS/MP18192/2025-2026/198279-Construction of rooms and halls in school and colleges,DR.MALLU RAVI,NAGARKURNOOL(SC),2025-05-09,2025-05-21,10000000.0,Work Completed,12,12,12,7.000000043429446,1.466685137217902,-1,-0.052016159604453716,True
Lok Sabha,Telangana,Normal/Others,WS/MP18192/2025-2026/196895-Construction of rooms and halls in school and colleges,DR.MALLU RAVI,NAGARKURNOOL(SC),2025-05-05,2025-05-15,10000000.0,Work partially Completed,10,10,10,7.000000043429446,1.466685137217902,-1,-0.052016159604453716,True
Rajya Sabha,Puducherry,Normal/Others,WS/MP139/2025-2026/54580-Construction of boundary walls of existing public and community buildings,Shri S. Selvaganabathy (2021-27) (2021-2027),,2023-11-29,2025-07-29,2517322.0,Work partially Completed,608,608,608,6.40093894384305,0.8676240376315061,-1,-0.05178101175616667,True
Rajya Sabha,Rajasthan,,WS/MP146/2025-2026/24466-Construction of rooms and halls in school and colleges,Shri Mukul Wasnik (2022-28) (2022-2028),,2023-08-16,2025-05-27,2500000.0,Work Completed,650,650,650,6.397940182389796,0.8604473988681018,-1,-0.05178101175616667,True
Rajya Sabha,Telangana,Normal/Others,WS/MP846/2026-2027/151566-Construction of boundary walls of existing public and community buildings,Shri Damodar Rao Divakonda (2022-28) (2022-2028),,2024-11-12,2026-07-24,2500000.0,Work partially Completed,619,619,619,6.397940182389796,0.864625276178252,-1,-0.05178101175616667,True
Rajya Sabha,Himachal Pradesh,Normal/Others,WS/MP078/2025-2026/172640-Street lights,Dr. Sikander Kumar (2022-28) (2022-2028),,2025-02-04,2025-12-12,15000.0,Vendor Identification,311,311,311,4.1761202110560856,-1.3571946951554583,-1,-0.05171561218556098,True
Lok Sabha,Tamil Nadu,Normal/Others,WS/MP866/2025-2026/254851-Purchase of hospital equipment,Kalanidhi Veeraswamy,CHENNAI NORTH,2025-12-30,2026-01-08,10000000.0,Work Completed,9,9,9,7.000000043429446,1.466685137217902,-1,-0.05169644681710206,True
Rajya Sabha,Uttar Pradesh,Normal/Others,WS/MP203/2023-2024/57459-Street lights,Smt. Darshana Singh (2022-28) (2022-2028),,2023-12-06,2023-12-21,10980000.0,Physical Inspection,15,15,15,7.040602379667303,1.5072874734557589,-1,-0.05168888270315075,True
Rajya Sabha,Karnataka,Normal/Others,WS/MP18363/2024-2025/147432-Construction of public libraries and reading rooms,Smt. Sudha Murty (2024-30) (2024-2030),,2024-10-15,2024-10-30,10770000.0,Work partially Completed,15,15,15,7.032215743622444,1.4989008374109005,-1,-0.05168888270315075,True
Rajya Sabha,Maharashtra,Trust and Society,WS/MP112/2025-2026/146711-Construction of rooms and halls in school and colleges,Shri Dhananjay Bhimrao Mahadik (2022-28) (2022-2028),,2024-10-10,2026-03-12,4951333.0,Physical Inspection,518,518,518,6.694722223335001,0.7664990220698469,-1,-0.05154654181659679,True
Rajya Sabha,Maharashtra,Trust and Society,WS/MP18290/2025-2026/145117-Construction of rooms and halls in school and colleges,Shri Chandrakant Damodar Handore (2024-30) (2024-2030),,2024-10-07,2026-03-12,4948358.0,Physical Inspection,521,521,521,6.694461199862342,0.7662379985971883,-1,-0.05154654181659679,True
Lok Sabha,Gujarat,Normal/Others,WS/MP18053/2026-2027/256906-Purchase of hospital equipment,DINESHBHAI MAKWANA,AHMEDABAD WEST(SC),2026-01-03,2026-05-19,9000000.0,Physical Inspection,136,136,136,6.954242557694265,1.420927651482721,-1,-0.05140965680556264,True
Lok Sabha,Uttar Pradesh,Normal/Others,WS/MP817/2025-2026/229414-Lighting of public spaces,Smt Anupriya Patel,MIRZAPUR,2025-08-26,2025-09-17,11576000.0,Vendor Identification,22,22,22,7.06355855562778,1.530243649416236,-1,-0.051381516166437824,True
Lok Sabha,Tamil Nadu,Normal/Others,WS/MP866/2024-2025/152256-Construction of rooms and halls in school and colleges,Kalanidhi Veeraswamy,CHENNAI NORTH,2024-11-13,2025-01-13,10000000.0,Time Estimation,61,61,61,7.000000043429446,1.466685137217902,-1,-0.0513630216160571,True
Rajya Sabha,Telangana,Normal/Others,WS/MP846/2026-2027/214852-Construction of rooms and halls in school and colleges,Shri Damodar Rao Divakonda (2022-28) (2022-2028),,2025-07-05,2026-08-01,4000000.0,Work partially Completed,392,392,392,6.6020600999015695,1.0687451936900256,-1,-0.05117270251171557,True
Lok Sabha,West Bengal,Normal/Others,WS/MP243/2025-2026/141109-Lighting of public spaces,Kakoli Ghosh Dastidar,BARASAT,2024-09-15,2025-06-25,6803986.0,Physical Inspection,283,283,283,6.832763475158982,1.2994485689474384,-1,-0.051119946854179754,True
Lok Sabha,Tripura,Normal/Others,WS/MP18197/2025-2026/180904-Construction of community centers and community halls,BIPLAB KUMAR DEB,TRIPURA WEST,2025-03-11,2025-12-30,6683300.0,Vendor Identification,294,294,294,6.824991021155908,1.291676114944364,-1,-0.05086684855272494,True
Lok Sabha,Manipur,Normal/Others,WS/MP18370/2025-2026/229508-Installing tube-wells and borewells,ALFRED KANNGAM S ARTHUR,OUTER MANIPUR(ST),2025-08-27,2025-11-18,10000000.0,Work partially Completed,83,83,83,7.000000043429446,1.466685137217902,-1,-0.050695929973045395,True
Lok Sabha,Gujarat,Normal/Others,WS/MP18325/2025-2026/228446-Construction of community centers and community halls,NIMUBEN JAYANTIBHAI BAMBHANIYA,BHAVNAGAR,2025-08-22,2025-11-08,11000000.0,Sanction,78,78,78,7.04139272463954,1.5080778184279957,-1,-0.05062494481660729,True
Lok Sabha,Gujarat,Normal/Others,WS/MP18325/2025-2026/228447-Construction of community centers and community halls,NIMUBEN JAYANTIBHAI BAMBHANIYA,BHAVNAGAR,2025-08-22,2025-11-08,11000000.0,Work partially Completed,78,78,78,7.04139272463954,1.5080778184279957,-1,-0.05062494481660729,True
Lok Sabha,Nagaland,Normal/Others,"WS/MP18391/2024-2025/140274-Construction of flood control embankments/ protection walls along riverbanks, hilltops, roadsides",S SUPONGMEREN JAMIR,NAGALAND,2024-09-11,2024-11-29,11000000.0,Physical Inspection,79,79,79,7.04139272463954,1.5080778184279957,-1,-0.05055875711111846,True
Rajya Sabha,Uttar Pradesh,Normal/Others,WS/MP196/2025-2026/135002-Construction of rooms and halls in school and colleges,Shri Brij Lal (2020-26) (2020-2026),,2024-08-07,2025-12-12,2975000.0,Sanction,492,492,492,6.473487116045883,0.9401722098343388,-1,-0.050270110701824855,True
Lok Sabha,West Bengal,Normal/Others,WS/MP823/2025-2026/211150-Construction of community centers and community halls,Ms Mahua Moitra,KRISHNANAGAR,2025-06-22,2026-02-12,7910400.0,Sanction,235,235,235,6.89819849963839,1.3648835934268462,-1,-0.050108943204551726,True
Rajya Sabha,Andhra Pradesh,Normal/Others,WS/MP18430/2025-2026/244639-Setting up of laboratories,Shri Paka Venkata Satyanarayana (2025-28) (2025-2028),,2025-10-30,2026-01-24,10000000.0,Sanction,86,86,86,7.000000043429446,1.466685137217902,-1,-0.05005783903670902,True
Lok Sabha,Uttar Pradesh,Normal/Others,WS/MP18210/2025-2026/216110-Lighting of public spaces,VIRENDRA SINGH,CHANDAULI,2025-07-08,2025-08-25,10763500.0,Physical Inspection,48,48,48,7.031953555501059,1.4986386492895152,-1,-0.05002367176960354,True
Lok Sabha,Uttar Pradesh,Normal/Others,"WS/MP18198/2025-2026/254284-Construction of roads, link roads, pathways or any other road with or without drainage system",UJJWAL RAMAN SINGH,ALLAHABAD,2025-12-16,2026-02-20,9900000.0,Vendor Identification,66,66,66,6.9956352384656775,1.4623203322541336,-1,-0.04998693664738785,True
Rajya Sabha,Tamil Nadu,Normal/Others,WS/MP166/2025-2026/188748-Lighting of public spaces,Shri K.R.N. Rajeshkumar (2022-28) (2022-2028),,2025-04-02,2025-05-22,10000000.0,Work partially Completed,50,50,50,7.000000043429446,1.466685137217902,-1,-0.04977096532921799,True
Rajya Sabha,Punjab,Normal/Others,WS/MP843/2025-2026/259140-Crematoriums/energy efficient crematoriums or structures on burial/cremation ground,Dr. Ashok Kumar Mittal (2022-28) (2022-2028),,2026-01-14,2026-03-13,9998224.0,Sanction,58,58,58,6.999922905887157,1.4666079996756132,-1,-0.04976737014703014,True
Lok Sabha,West Bengal,Normal/Others,WS/MP484/2024-2025/150090-Construction of rooms and halls in school and colleges,Mala Roy,KOLKATA DAKSHIN,2024-10-30,2024-12-17,10000000.0,Vendor Identification,48,48,48,7.000000043429446,1.466685137217902,-1,-0.049704857506261635,True
Lok Sabha,Kerala,Trust and Society,WS/MP352/2025-2026/138758-Construction of public libraries and reading rooms,Shri Hibi Eden,ERNAKULAM,2024-09-04,2026-01-07,5000000.0,Sanction,490,490,490,6.698970091194907,0.7707468899297529,-1,-0.049631695667387565,True
Lok Sabha,Tripura,Normal/Others,WS/MP18197/2025-2026/221826-Construction of community centers and community halls,BIPLAB KUMAR DEB,TRIPURA WEST,2025-07-24,2025-09-06,10000000.0,Vendor Identification,44,44,44,7.000000043429446,1.466685137217902,-1,-0.049564534551320816,True
Rajya Sabha,Punjab,Normal/Others,WS/MP844/2025-2026/233586-Purchase of motor boats for flood and cyclone prone areas,Dr. Vikramjit Singh Sahney (2022-28) (2022-2028),,2025-09-13,2025-09-20,9908000.0,Physical Inspection,7,7,7,6.995986041746506,1.4626711355349622,-1,-0.04946249060442143,True
Rajya Sabha,Maharashtra,Normal/Others,WS/MP18290/2025-2026/141353-Construction of public libraries and reading rooms,Shri Chandrakant Damodar Handore (2024-30) (2024-2030),,2024-09-16,2025-08-26,4966790.0,Physical Inspection,344,344,344,6.69607588549222,1.1627609792806766,-1,-0.049294955394759477,True
Rajya Sabha,Kerala,Normal/Others,"WS/MP18329/2025-2026/156800-Construction of roads, link roads, pathways or any other road with or without drainage system",Shri Haris Beeran (2024-30) (2024-2030),,2024-12-03,2026-01-16,3654632.0,Physical Inspection,409,409,409,6.56284377142318,1.0295288652116366,-1,-0.04921161460852097,True
Rajya Sabha,Uttar Pradesh,Normal/Others,WS/MP187/2025-2026/194545-Lighting of public spaces,Shri Javed Ali Khan (2022-28) (2022-2028),,2025-04-26,2025-05-14,10187979.0,Physical Inspection,18,18,18,7.008088083729921,1.4747731775183768,-1,-0.049183639631653286,True
Rajya Sabha,Nagaland,Normal/Others,WS/MP233/2023-2024/56790-Construction of rooms and halls in school and colleges,Smt. S. Phangnon Konyak (2022-28) (2022-2028),,2023-12-05,2023-12-22,10000000.0,Physical Inspection,17,17,17,7.000000043429446,1.466685137217902,-1,-0.049183639631653286,True
Lok Sabha,West Bengal,Normal/Others,WS/MP18254/2025-2026/208639-Construction of culverts and bridges,JUNE MALIAH,MEDINIPUR,2025-06-13,2026-03-02,7285644.0,Sanction,262,262,262,6.862468006008674,1.3291530997971304,-1,-0.04910557132559035,True
Lok Sabha,Tamil Nadu,Normal/Others,WS/MP18265/2026-2027/222988-Construction of community centers and community halls,M.K. VISHNUPRASAD,CUDDALORE,2025-07-29,2026-08-06,4500000.0,Work partially Completed,373,373,373,6.653212610285218,1.119897704073674,-1,-0.04894039736286471,True
Rajya Sabha,Tamil Nadu,Normal/Others,WS/MP166/2025-2026/258718-Construction of boundary walls of existing public and community buildings,Shri K.R.N. Rajeshkumar (2022-28) (2022-2028),,2026-01-12,2026-02-23,10000000.0,Time Estimation,42,42,42,7.000000043429446,1.466685137217902,-1,-0.048927463803630555,True
Rajya Sabha,Nagaland,Normal/Others,"WS/MP233/2026-2027/297499-Construction of flood control embankments/ protection walls along riverbanks, hilltops, roadsides",Smt. S. Phangnon Konyak (2022-28) (2022-2028),,2026-07-21,2026-07-24,9500000.0,Work partially Completed,3,3,3,6.977723651004054,1.4444087447925105,-1,-0.04855444291621791,True
Rajya Sabha,Madhya Pradesh,Normal/Others,WS/MP106/2024-2025/16198-Purchase of books for public libraries/ digitization of library books,Shri Vivek K. Tankha (2022-28) (2022-2028),,2023-09-04,2024-12-19,50000.0,Vendor Identification,472,472,472,4.698978690138799,-0.834336216072745,-1,-0.04840593054632747,True
Rajya Sabha,Delhi,Normal/Others,WS/MP878/2026-2027/266838-Construction of boundary walls of existing public and community buildings,Shri Sanjay Singh (2024-30) (2024-2030),,2026-02-06,2026-08-04,7967760.0,Sanction,179,179,179,6.901336298566007,1.3680213923544633,-1,-0.04839381759358319,True
Lok Sabha,Maharashtra,Normal/Others,"WS/MP18308/2025-2026/145427-Construction of roads, link roads, pathways or any other road with or without drainage system",RAVINDRA DATTARAM WAIKAR,MUMBAI NORTH WEST,2024-10-08,2026-01-20,3000000.0,Vendor Identification,469,469,469,6.477121399484465,0.9438064932729215,-1,-0.048358714345641984,True
Lok Sabha,Jammu And Kashmir,Normal/Others,"WS/MP18260/2026-2027/298136-Construction of roads, link roads, pathways or any other road with or without drainage system",AGA SYED RUHULLAH MEHDI,SRINAGAR,2026-07-22,2026-07-23,3.5,Sanction,1,1,1,0.6532125137753437,-4.8801023924362,-1,-0.04829002583897646,True
Rajya Sabha,Karnataka,Normal/Others,WS/MP838/2025-2026/216511-Construction of boundary walls of existing public and community buildings,Dr. Dharmasthala Veerendra Heggade (2022-28) (2022-2028),,2025-07-09,2026-01-09,7650000.0,Sanction,184,184,184,6.883661491924134,1.3503465857125905,-1,-0.04818887427266705,True
Rajya Sabha,Maharashtra,Normal/Others,"WS/MP18290/2024-2025/142742-Construction of roads, link roads, pathways or any other road with or without drainage system",Shri Chandrakant Damodar Handore (2024-30) (2024-2030),,2024-09-23,2025-03-19,8000000.0,Vendor Identification,177,177,177,6.903090041278751,1.369775135067207,-1,-0.04807573832248768,True
Lok Sabha,Tamil Nadu,Normal/Others,WS/MP866/2025-2026/213688-Construction of boundary walls of existing public and community buildings,Kalanidhi Veeraswamy,CHENNAI NORTH,2025-07-01,2026-02-19,7500000.0,Work partially Completed,233,233,233,6.875061321297627,1.3417464150860834,-1,-0.047562143917274535,True
Lok Sabha,Tamil Nadu,Normal/Others,WS/MP18180/2025-2026/184783-Construction of rooms and halls in school and colleges,ARUN NEHRU,PERAMBALUR,2025-03-20,2025-10-15,7200000.0,Work partially Completed,209,209,209,6.857332556749943,1.3240176505383987,-1,-0.047505363856806926,True
Lok Sabha,Nagaland,Normal/Others,"WS/MP18391/2026-2027/283805-Construction of roads, link roads, pathways or any other road with or without drainage system",S SUPONGMEREN JAMIR,NAGALAND,2026-05-26,2026-08-06,9800000.0,Work partially Completed,72,72,72,6.991226120008256,1.457911213796712,-1,-0.047478089596409756,True
Lok Sabha,Uttar Pradesh,Normal/Others,WS/MP18241/2025-2026/174146-Lighting of public spaces,RAKESH RATHOR,SITAPUR,2025-02-07,2025-06-27,8244881.0,Vendor Identification,140,140,140,6.916184444441959,1.3828695382304153,-1,-0.047451543179566236,True
Rajya Sabha,Uttar Pradesh,Normal/Others,WS/MP196/2025-2026/208469-Purchase of books and periodicals for libraries/digitization of library books,Shri Brij Lal (2020-26) (2020-2026),,2025-06-13,2025-12-31,7500000.0,Vendor Identification,201,201,201,6.875061321297627,1.3417464150860834,-1,-0.047346745489468156,True
Lok Sabha,Uttar Pradesh,Normal/Others,WS/MP18210/2025-2026/195532-Lighting of public spaces,VIRENDRA SINGH,CHANDAULI,2025-04-30,2025-05-01,9026089.0,Physical Inspection,1,1,1,6.955499659597212,1.4221847533856682,-1,-0.047078076191406026,True
Lok Sabha,West Bengal,Normal/Others,WS/MP858/2025-2026/157697-Crematoriums/energy efficient crematoriums or structures on burial/cremation ground,Asit Kumar Mal,BOLPUR(SC),2024-12-10,2025-09-25,5832150.0,Sanction,289,289,289,6.765828759757418,1.232513853545874,-1,-0.04704600051363472,True
Lok Sabha,Uttar Pradesh,Normal/Others,WS/MP815/2026-2027/263826-Street lights,Ram Shiromani,SHRAWASTI,2026-02-04,2026-08-18,2610.0,Sanction,195,195,195,3.4168068718229443,-2.1165080343885996,-1,-0.04703594568519631,True
Rajya Sabha,Maharashtra,Normal/Others,"WS/MP112/2026-2027/146631-Construction of roads, link roads, pathways or any other road with or without drainage system",Shri Dhananjay Bhimrao Mahadik (2022-28) (2022-2028),,2024-10-10,2026-05-20,2500000.0,Physical Inspection,587,587,587,6.397940182389796,0.864625276178252,-1,-0.04700201452751296,True
Lok Sabha,Maharashtra,Normal/Others,WS/MP664/2026-2027/146583-Construction of community centers and community halls,Arvind Ganpat Sawant,MUMBAI SOUTH,2024-10-09,2026-05-18,2500000.0,Vendor Identification,586,586,586,6.397940182389796,0.864625276178252,-1,-0.04700201452751296,True
Lok Sabha,Tamil Nadu,Normal/Others,WS/MP755/2026-2027/152826-Crematoriums/energy efficient crematoriums or structures on burial/cremation ground,Thalikkottai Rajuthevar Baalu,SRIPERUMBUDUR,2024-11-16,2026-06-22,2500000.0,Physical Inspection,583,583,583,6.397940182389796,0.864625276178252,-1,-0.04700201452751296,True
Lok Sabha,Haryana,Normal/Others,"WS/MP18063/2025-2026/246454-Construction of roads, link roads, pathways or any other road with or without drainage system",MANOHAR LAL,KARNAL,2025-12-16,2025-12-19,9386764.0,Vendor Identification,3,3,3,6.972515945331417,1.4392010391198733,-1,-0.04696511846293239,True
Rajya Sabha,Maharashtra,Normal/Others,"WS/MP18290/2025-2026/224958-Construction of roads, link roads, pathways or any other road with or without drainage system",Shri Chandrakant Damodar Handore (2024-30) (2024-2030),,2025-09-01,2026-03-16,7500000.0,Vendor Identification,196,196,196,6.875061321297627,1.3417464150860834,-1,-0.04671167454058989,True
Lok Sabha,Uttar Pradesh,Normal/Others,WS/MP18233/2025-2026/218164-Lighting of public spaces,PRAVEEN PATEL,PHULPUR,2025-07-14,2025-08-23,10471626.0,Physical Inspection,40,40,40,7.0200141642219585,1.4866992580104146,-1,-0.046598452008236424,True
Rajya Sabha,Uttar Pradesh,Normal/Others,WS/MP201/2026-2027/285918-Lighting of public spaces,Smt. Sangeeta Yadav (2022-28) (2022-2028),,2026-06-15,2026-07-14,10732800.0,Work partially Completed,29,29,29,7.030713077054201,1.497398170842657,-1,-0.04642405435198638,True
Lok Sabha,Manipur,Normal/Others,WS/MP18370/2024-2025/155524-Development of playground,ALFRED KANNGAM S ARTHUR,OUTER MANIPUR(ST),2024-11-28,2024-12-27,11000000.0,Vendor Identification,29,29,29,7.04139272463954,1.5080778184279957,-1,-0.04642405435198638,True
Rajya Sabha,Maharashtra,Normal/Others,"WS/MP18290/2025-2026/224957-Construction of roads, link roads, pathways or any other road with or without drainage system",Shri Chandrakant Damodar Handore (2024-30) (2024-2030),,2025-09-01,2026-03-16,7000000.0,Vendor Identification,196,196,196,6.845098102056321,1.311783195844777,-1,-0.04607717624045937,True
Rajya Sabha,Maharashtra,Normal/Others,"WS/MP18290/2025-2026/224955-Construction of roads, link roads, pathways or any other road with or without drainage system",Shri Chandrakant Damodar Handore (2024-30) (2024-2030),,2025-09-01,2026-03-16,7000000.0,Vendor Identification,196,196,196,6.845098102056321,1.311783195844777,-1,-0.04607717624045937,True
Rajya Sabha,Maharashtra,Normal/Others,"WS/MP18290/2025-2026/224956-Construction of roads, link roads, pathways or any other road with or without drainage system",Shri Chandrakant Damodar Handore (2024-30) (2024-2030),,2025-09-01,2026-03-16,7000000.0,Vendor Identification,196,196,196,6.845098102056321,1.311783195844777,-1,-0.04607717624045937,True
Rajya Sabha,Maharashtra,Normal/Others,"WS/MP116/2025-2026/174233-Construction of roads, link roads, pathways or any other road with or without drainage system",Shri Sanjay Raut (2022-28) (2022-2028),,2025-02-07,2026-03-31,3500000.0,Sanction,417,417,417,6.5440681684343955,1.0107532622228517,-1,-0.046033588499639455,True
Rajya Sabha,Maharashtra,Normal/Others,"WS/MP116/2025-2026/174184-Construction of roads, link roads, pathways or any other road with or without drainage system",Shri Sanjay Raut (2022-28) (2022-2028),,2025-02-07,2026-03-31,3500000.0,Sanction,417,417,417,6.5440681684343955,1.0107532622228517,-1,-0.046033588499639455,True
Rajya Sabha,Maharashtra,Normal/Others,"WS/MP116/2025-2026/174221-Construction of roads, link roads, pathways or any other road with or without drainage system",Shri Sanjay Raut (2022-28) (2022-2028),,2025-02-07,2026-03-31,3500000.0,Sanction,417,417,417,6.5440681684343955,1.0107532622228517,-1,-0.046033588499639455,True
Rajya Sabha,Maharashtra,Normal/Others,"WS/MP116/2025-2026/174225-Construction of roads, link roads, pathways or any other road with or without drainage system",Shri Sanjay Raut (2022-28) (2022-2028),,2025-02-07,2026-03-31,3500000.0,Sanction,417,417,417,6.5440681684343955,1.0107532622228517,-1,-0.046033588499639455,True
Rajya Sabha,Maharashtra,Normal/Others,"WS/MP116/2025-2026/174229-Construction of roads, link roads, pathways or any other road with or without drainage system",Shri Sanjay Raut (2022-28) (2022-2028),,2025-02-07,2026-03-31,3500000.0,Sanction,417,417,417,6.5440681684343955,1.0107532622228517,-1,-0.046033588499639455,True
Rajya Sabha,Maharashtra,Normal/Others,WS/MP116/2025-2026/174222-Construction of public toilets and bathrooms,Shri Sanjay Raut (2022-28) (2022-2028),,2025-02-07,2026-03-31,3500000.0,Sanction,417,417,417,6.5440681684343955,1.0107532622228517,-1,-0.046033588499639455,True
Lok Sabha,Tamil Nadu,Normal/Others,WS/MP458/2025-2026/149728-Construction of rooms and halls in school and colleges,Kanimozhi Karunanidhi,THOOTHUKKUDI,2024-11-02,2025-11-28,3600000.0,Physical Inspection,391,391,391,6.556302621404627,1.022987715193083,-1,-0.04601486534649912,True
Lok Sabha,Uttar Pradesh,Normal/Others,WS/MP18200/2025-2026/203486-Setting up public non-conventional energy plants,KISHORI LAL,AMETHI,2025-05-25,2025-11-13,7908440.0,Physical Inspection,172,172,172,6.898090878968193,1.3647759727566493,-1,-0.04596597541392622,True
Lok Sabha,Kerala,Normal/Others,WS/MP632/2026-2027/134591-Purchase of furniture and fixtures for educational purposes,Anto Antony,PATHANAMTHITTA,2024-09-20,2026-07-09,96734.0,Sanction,657,657,657,4.985583635993023,-0.5477312702185211,-1,-0.045948808089054105,True
Rajya Sabha,Karnataka,Normal/Others,"WS/MP838/2026-2027/228293-Construction of roads, link roads, pathways or any other road with or without drainage system",Dr. Dharmasthala Veerendra Heggade (2022-28) (2022-2028),,2025-08-22,2026-07-15,5000000.0,Sanction,327,327,327,6.698970091194907,1.165655184983363,-1,-0.04594674329593651,True
Rajya Sabha,Karnataka,Normal/Others,"WS/MP838/2026-2027/228289-Construction of roads, link roads, pathways or any other road with or without drainage system",Dr. Dharmasthala Veerendra Heggade (2022-28) (2022-2028),,2025-08-22,2026-07-15,5000000.0,Time Estimation,327,327,327,6.698970091194907,1.165655184983363,-1,-0.04594674329593651,True
Rajya Sabha,Karnataka,Normal/Others,"WS/MP838/2026-2027/228294-Construction of roads, link roads, pathways or any other road with or without drainage system",Dr. Dharmasthala Veerendra Heggade (2022-28) (2022-2028),,2025-08-22,2026-07-15,5000000.0,Sanction,327,327,327,6.698970091194907,1.165655184983363,-1,-0.04594674329593651,True
Rajya Sabha,Karnataka,Normal/Others,"WS/MP838/2026-2027/228288-Construction of roads, link roads, pathways or any other road with or without drainage system",Dr. Dharmasthala Veerendra Heggade (2022-28) (2022-2028),,2025-08-22,2026-07-15,5000000.0,Vendor Identification,327,327,327,6.698970091194907,1.165655184983363,-1,-0.04594674329593651,True
Rajya Sabha,Karnataka,Normal/Others,"WS/MP833/2025-2026/177983-Construction of roads, link roads, pathways or any other road with or without drainage system",Shri Jairam Ramesh (2022-28) (2022-2028),,2025-02-28,2026-01-21,5000000.0,Work partially Completed,327,327,327,6.698970091194907,1.165655184983363,-1,-0.04594674329593651,True
Rajya Sabha,Kerala,Normal/Others,"WS/MP102/2025-2026/229641-Construction of rooms and facilities for hospitals, FWC , PHC Centers and ANM centers",Smt. Jebi Mather Hisham (2022-28) (2022-2028),,2025-08-27,2025-09-23,10000000.0,Sanction,27,27,27,7.000000043429446,1.466685137217902,-1,-0.045519912373136795,True
Lok Sabha,Uttar Pradesh,Normal/Others,WS/MP18242/2024-2025/156952-Lighting of public spaces,RAMBHUAL NISHAD,SULTANPUR,2024-12-04,2024-12-31,10074960.0,Physical Inspection,27,27,27,7.003243373669963,1.469928467458419,-1,-0.045519912373136795,True
Rajya Sabha,Uttar Pradesh,Normal/Others,"WS/MP183/2024-2025/133372-Construction of roads, link roads, pathways or any other road with or without drainage system",Prof. Ram Gopal Yadav (2020-26) (2020-2026),,2024-07-11,2024-10-17,9100000.0,Work partially Completed,98,98,98,6.959041440045759,1.425726533834215,-1,-0.045435817433727155,True
Rajya Sabha,Chhattisgarh,Normal/Others,"WS/MP225/2025-2026/140121-Purchase of ambulances (Four, three and two wheelers)",Smt. Ranjeet Ranjan (2022-28) (2022-2028),,2024-09-09,2026-02-18,2700000.0,Vendor Identification,527,527,527,6.431363925008766,0.8980490187972219,-1,-0.04539769405961558,True
Lok Sabha,Chhattisgarh,Normal/Others,WS/MP18278/2025-2026/224839-Purchase of books and periodicals for libraries/digitization of library books,KAMLESH JANGDE,JANJGIR CHAMPA(SC),2025-08-04,2026-01-22,10000.0,Physical Inspection,171,171,171,4.000043427276863,-1.5332714789346813,-1,-0.04518026949040843,True
Lok Sabha,Chhattisgarh,Normal/Others,WS/MP18278/2025-2026/224835-Purchase of books and periodicals for libraries/digitization of library books,KAMLESH JANGDE,JANJGIR CHAMPA(SC),2025-08-04,2026-01-22,10000.0,Physical Inspection,171,171,171,4.000043427276863,-1.5332714789346813,-1,-0.04518026949040843,True
Lok Sabha,Chhattisgarh,Normal/Others,WS/MP18278/2025-2026/224862-Purchase of books and periodicals for libraries/digitization of library books,KAMLESH JANGDE,JANJGIR CHAMPA(SC),2025-08-04,2026-01-22,10000.0,Physical Inspection,171,171,171,4.000043427276863,-1.5332714789346813,-1,-0.04518026949040843,True
Lok Sabha,Chhattisgarh,Normal/Others,WS/MP18278/2025-2026/224865-Purchase of books and periodicals for libraries/digitization of library books,KAMLESH JANGDE,JANJGIR CHAMPA(SC),2025-08-04,2026-01-22,10000.0,Physical Inspection,171,171,171,4.000043427276863,-1.5332714789346813,-1,-0.04518026949040843,True
Lok Sabha,Chhattisgarh,Normal/Others,WS/MP18278/2025-2026/224837-Purchase of books and periodicals for libraries/digitization of library books,KAMLESH JANGDE,JANJGIR CHAMPA(SC),2025-08-04,2026-01-22,10000.0,Physical Inspection,171,171,171,4.000043427276863,-1.5332714789346813,-1,-0.04518026949040843,True
Lok Sabha,Chhattisgarh,Normal/Others,WS/MP18278/2025-2026/224863-Purchase of books and periodicals for libraries/digitization of library books,KAMLESH JANGDE,JANJGIR CHAMPA(SC),2025-08-04,2026-01-22,10000.0,Physical Inspection,171,171,171,4.000043427276863,-1.5332714789346813,-1,-0.04518026949040843,True
Lok Sabha,Chhattisgarh,Normal/Others,WS/MP18278/2025-2026/224861-Purchase of books and periodicals for libraries/digitization of library books,KAMLESH JANGDE,JANJGIR CHAMPA(SC),2025-08-04,2026-01-22,10000.0,Physical Inspection,171,171,171,4.000043427276863,-1.5332714789346813,-1,-0.04518026949040843,True
Lok Sabha,Chhattisgarh,Normal/Others,WS/MP18278/2025-2026/224872-Purchase of books and periodicals for libraries/digitization of library books,KAMLESH JANGDE,JANJGIR CHAMPA(SC),2025-08-04,2026-01-22,10000.0,Physical Inspection,171,171,171,4.000043427276863,-1.5332714789346813,-1,-0.04518026949040843,True
Lok Sabha,Chhattisgarh,Normal/Others,WS/MP18278/2025-2026/224838-Purchase of books and periodicals for libraries/digitization of library books,KAMLESH JANGDE,JANJGIR CHAMPA(SC),2025-08-04,2026-01-22,10000.0,Physical Inspection,171,171,171,4.000043427276863,-1.5332714789346813,-1,-0.04518026949040843,True
Lok Sabha,Chhattisgarh,Normal/Others,WS/MP18278/2025-2026/224840-Purchase of books and periodicals for libraries/digitization of library books,KAMLESH JANGDE,JANJGIR CHAMPA(SC),2025-08-04,2026-01-22,10000.0,Physical Inspection,171,171,171,4.000043427276863,-1.5332714789346813,-1,-0.04518026949040843,True
Lok Sabha,Chhattisgarh,Normal/Others,WS/MP18278/2025-2026/224836-Purchase of books and periodicals for libraries/digitization of library books,KAMLESH JANGDE,JANJGIR CHAMPA(SC),2025-08-04,2026-01-22,10000.0,Physical Inspection,171,171,171,4.000043427276863,-1.5332714789346813,-1,-0.04518026949040843,True
Lok Sabha,Chhattisgarh,Normal/Others,WS/MP18278/2025-2026/224873-Purchase of books and periodicals for libraries/digitization of library books,KAMLESH JANGDE,JANJGIR CHAMPA(SC),2025-08-04,2026-01-22,10000.0,Physical Inspection,171,171,171,4.000043427276863,-1.5332714789346813,-1,-0.04518026949040843,True
Lok Sabha,Chhattisgarh,Normal/Others,WS/MP18278/2025-2026/224864-Purchase of books and periodicals for libraries/digitization of library books,KAMLESH JANGDE,JANJGIR CHAMPA(SC),2025-08-04,2026-01-22,10000.0,Physical Inspection,171,171,171,4.000043427276863,-1.5332714789346813,-1,-0.04518026949040843,True
Lok Sabha,Chhattisgarh,Normal/Others,WS/MP18278/2025-2026/224871-Purchase of books and periodicals for libraries/digitization of library books,KAMLESH JANGDE,JANJGIR CHAMPA(SC),2025-08-04,2026-01-22,10000.0,Physical Inspection,171,171,171,4.000043427276863,-1.5332714789346813,-1,-0.04518026949040843,True
Lok Sabha,Chhattisgarh,Normal/Others,WS/MP18278/2025-2026/224857-Purchase of books and periodicals for libraries/digitization of library books,KAMLESH JANGDE,JANJGIR CHAMPA(SC),2025-08-04,2026-01-22,10000.0,Physical Inspection,171,171,171,4.000043427276863,-1.5332714789346813,-1,-0.04518026949040843,True
Lok Sabha,Chhattisgarh,Normal/Others,WS/MP18278/2025-2026/224858-Purchase of books and periodicals for libraries/digitization of library books,KAMLESH JANGDE,JANJGIR CHAMPA(SC),2025-08-04,2026-01-22,10000.0,Physical Inspection,171,171,171,4.000043427276863,-1.5332714789346813,-1,-0.04518026949040843,True
Lok Sabha,Chhattisgarh,Normal/Others,WS/MP18278/2025-2026/224849-Purchase of books and periodicals for libraries/digitization of library books,KAMLESH JANGDE,JANJGIR CHAMPA(SC),2025-08-04,2026-01-22,10000.0,Physical Inspection,171,171,171,4.000043427276863,-1.5332714789346813,-1,-0.04518026949040843,True
Lok Sabha,Chhattisgarh,Normal/Others,WS/MP18278/2025-2026/224850-Purchase of books and periodicals for libraries/digitization of library books,KAMLESH JANGDE,JANJGIR CHAMPA(SC),2025-08-04,2026-01-22,10000.0,Physical Inspection,171,171,171,4.000043427276863,-1.5332714789346813,-1,-0.04518026949040843,True
Lok Sabha,Chhattisgarh,Normal/Others,WS/MP18278/2025-2026/224851-Purchase of books and periodicals for libraries/digitization of library books,KAMLESH JANGDE,JANJGIR CHAMPA(SC),2025-08-04,2026-01-22,10000.0,Physical Inspection,171,171,171,4.000043427276863,-1.5332714789346813,-1,-0.04518026949040843,True
Lok Sabha,Chhattisgarh,Normal/Others,WS/MP18278/2025-2026/224853-Purchase of books and periodicals for libraries/digitization of library books,KAMLESH JANGDE,JANJGIR CHAMPA(SC),2025-08-04,2026-01-22,10000.0,Physical Inspection,171,171,171,4.000043427276863,-1.5332714789346813,-1,-0.04518026949040843,True
Lok Sabha,Chhattisgarh,Normal/Others,WS/MP18278/2025-2026/224852-Purchase of books and periodicals for libraries/digitization of library books,KAMLESH JANGDE,JANJGIR CHAMPA(SC),2025-08-04,2026-01-22,10000.0,Physical Inspection,171,171,171,4.000043427276863,-1.5332714789346813,-1,-0.04518026949040843,True
Lok Sabha,Chhattisgarh,Normal/Others,WS/MP18278/2025-2026/224860-Purchase of books and periodicals for libraries/digitization of library books,KAMLESH JANGDE,JANJGIR CHAMPA(SC),2025-08-04,2026-01-22,10000.0,Physical Inspection,171,171,171,4.000043427276863,-1.5332714789346813,-1,-0.04518026949040843,True
Lok Sabha,Chhattisgarh,Normal/Others,WS/MP18278/2025-2026/224859-Purchase of books and periodicals for libraries/digitization of library books,KAMLESH JANGDE,JANJGIR CHAMPA(SC),2025-08-04,2026-01-22,10000.0,Physical Inspection,171,171,171,4.000043427276863,-1.5332714789346813,-1,-0.04518026949040843,True
Lok Sabha,Chhattisgarh,Normal/Others,WS/MP18278/2025-2026/224854-Purchase of books and periodicals for libraries/digitization of library books,KAMLESH JANGDE,JANJGIR CHAMPA(SC),2025-08-04,2026-01-22,10000.0,Physical Inspection,171,171,171,4.000043427276863,-1.5332714789346813,-1,-0.04518026949040843,True
Lok Sabha,Chhattisgarh,Normal/Others,WS/MP18278/2025-2026/224870-Purchase of books and periodicals for libraries/digitization of library books,KAMLESH JANGDE,JANJGIR CHAMPA(SC),2025-08-04,2026-01-22,10000.0,Physical Inspection,171,171,171,4.000043427276863,-1.5332714789346813,-1,-0.04518026949040843,True
Lok Sabha,Chhattisgarh,Normal/Others,WS/MP18278/2025-2026/224869-Purchase of books and periodicals for libraries/digitization of library books,KAMLESH JANGDE,JANJGIR CHAMPA(SC),2025-08-04,2026-01-22,10000.0,Physical Inspection,171,171,171,4.000043427276863,-1.5332714789346813,-1,-0.04518026949040843,True
Lok Sabha,Chhattisgarh,Normal/Others,WS/MP18278/2025-2026/224856-Purchase of books and periodicals for libraries/digitization of library books,KAMLESH JANGDE,JANJGIR CHAMPA(SC),2025-08-04,2026-01-22,10000.0,Physical Inspection,171,171,171,4.000043427276863,-1.5332714789346813,-1,-0.04518026949040843,True
Lok Sabha,Chhattisgarh,Normal/Others,WS/MP18278/2025-2026/224867-Purchase of books and periodicals for libraries/digitization of library books,KAMLESH JANGDE,JANJGIR CHAMPA(SC),2025-08-04,2026-01-22,10000.0,Physical Inspection,171,171,171,4.000043427276863,-1.5332714789346813,-1,-0.04518026949040843,True
Lok Sabha,Chhattisgarh,Normal/Others,WS/MP18278/2025-2026/224855-Purchase of books and periodicals for libraries/digitization of library books,KAMLESH JANGDE,JANJGIR CHAMPA(SC),2025-08-04,2026-01-22,10000.0,Physical Inspection,171,171,171,4.000043427276863,-1.5332714789346813,-1,-0.04518026949040843,True
Lok Sabha,Chhattisgarh,Normal/Others,WS/MP18278/2025-2026/224866-Purchase of books and periodicals for libraries/digitization of library books,KAMLESH JANGDE,JANJGIR CHAMPA(SC),2025-08-04,2026-01-22,10000.0,Physical Inspection,171,171,171,4.000043427276863,-1.5332714789346813,-1,-0.04518026949040843,True
Lok Sabha,Chhattisgarh,Normal/Others,WS/MP18278/2025-2026/224868-Purchase of books and periodicals for libraries/digitization of library books,KAMLESH JANGDE,JANJGIR CHAMPA(SC),2025-08-04,2026-01-22,10000.0,Physical Inspection,171,171,171,4.000043427276863,-1.5332714789346813,-1,-0.04518026949040843,True
Lok Sabha,Chhattisgarh,Normal/Others,WS/MP18278/2025-2026/224877-Purchase of books and periodicals for libraries/digitization of library books,KAMLESH JANGDE,JANJGIR CHAMPA(SC),2025-08-04,2026-01-22,10000.0,Physical Inspection,171,171,171,4.000043427276863,-1.5332714789346813,-1,-0.04518026949040843,True
Lok Sabha,Chhattisgarh,Normal/Others,WS/MP18278/2025-2026/224875-Purchase of books and periodicals for libraries/digitization of library books,KAMLESH JANGDE,JANJGIR CHAMPA(SC),2025-08-04,2026-01-22,10000.0,Physical Inspection,171,171,171,4.000043427276863,-1.5332714789346813,-1,-0.04518026949040843,True
Lok Sabha,Chhattisgarh,Normal/Others,WS/MP18278/2025-2026/224881-Purchase of books and periodicals for libraries/digitization of library books,KAMLESH JANGDE,JANJGIR CHAMPA(SC),2025-08-04,2026-01-22,10000.0,Physical Inspection,171,171,171,4.000043427276863,-1.5332714789346813,-1,-0.04518026949040843,True
Lok Sabha,Chhattisgarh,Normal/Others,WS/MP18278/2025-2026/224882-Purchase of books and periodicals for libraries/digitization of library books,KAMLESH JANGDE,JANJGIR CHAMPA(SC),2025-08-04,2026-01-22,10000.0,Physical Inspection,171,171,171,4.000043427276863,-1.5332714789346813,-1,-0.04518026949040843,True
Lok Sabha,Chhattisgarh,Normal/Others,WS/MP18278/2025-2026/224884-Purchase of books and periodicals for libraries/digitization of library books,KAMLESH JANGDE,JANJGIR CHAMPA(SC),2025-08-04,2026-01-22,10000.0,Physical Inspection,171,171,171,4.000043427276863,-1.5332714789346813,-1,-0.04518026949040843,True
Lok Sabha,Chhattisgarh,Normal/Others,WS/MP18278/2025-2026/224883-Purchase of books and periodicals for libraries/digitization of library books,KAMLESH JANGDE,JANJGIR CHAMPA(SC),2025-08-04,2026-01-22,10000.0,Physical Inspection,171,171,171,4.000043427276863,-1.5332714789346813,-1,-0.04518026949040843,True
Lok Sabha,Chhattisgarh,Normal/Others,WS/MP18278/2025-2026/224886-Purchase of books and periodicals for libraries/digitization of library books,KAMLESH JANGDE,JANJGIR CHAMPA(SC),2025-08-04,2026-01-22,10000.0,Physical Inspection,171,171,171,4.000043427276863,-1.5332714789346813,-1,-0.04518026949040843,True
Lok Sabha,Chhattisgarh,Normal/Others,WS/MP18278/2025-2026/224885-Purchase of books and periodicals for libraries/digitization of library books,KAMLESH JANGDE,JANJGIR CHAMPA(SC),2025-08-04,2026-01-22,10000.0,Physical Inspection,171,171,171,4.000043427276863,-1.5332714789346813,-1,-0.04518026949040843,True
Lok Sabha,Chhattisgarh,Normal/Others,WS/MP18278/2025-2026/224878-Purchase of books and periodicals for libraries/digitization of library books,KAMLESH JANGDE,JANJGIR CHAMPA(SC),2025-08-04,2026-01-22,10000.0,Physical Inspection,171,171,171,4.000043427276863,-1.5332714789346813,-1,-0.04518026949040843,True
Lok Sabha,Chhattisgarh,Normal/Others,WS/MP18278/2025-2026/224880-Purchase of books and periodicals for libraries/digitization of library books,KAMLESH JANGDE,JANJGIR CHAMPA(SC),2025-08-04,2026-01-22,10000.0,Physical Inspection,171,171,171,4.000043427276863,-1.5332714789346813,-1,-0.04518026949040843,True
Lok Sabha,Chhattisgarh,Normal/Others,WS/MP18278/2025-2026/224876-Purchase of books and periodicals for libraries/digitization of library books,KAMLESH JANGDE,JANJGIR CHAMPA(SC),2025-08-04,2026-01-22,10000.0,Physical Inspection,171,171,171,4.000043427276863,-1.5332714789346813,-1,-0.04518026949040843,True
Lok Sabha,Chhattisgarh,Normal/Others,WS/MP18278/2025-2026/224874-Purchase of books and periodicals for libraries/digitization of library books,KAMLESH JANGDE,JANJGIR CHAMPA(SC),2025-08-04,2026-01-22,10000.0,Physical Inspection,171,171,171,4.000043427276863,-1.5332714789346813,-1,-0.04518026949040843,True
Lok Sabha,Chhattisgarh,Normal/Others,WS/MP18278/2025-2026/224879-Purchase of books and periodicals for libraries/digitization of library books,KAMLESH JANGDE,JANJGIR CHAMPA(SC),2025-08-04,2026-01-22,10000.0,Physical Inspection,171,171,171,4.000043427276863,-1.5332714789346813,-1,-0.04518026949040843,True
Lok Sabha,Chhattisgarh,Normal/Others,WS/MP18278/2025-2026/224848-Purchase of books and periodicals for libraries/digitization of library books,KAMLESH JANGDE,JANJGIR CHAMPA(SC),2025-08-04,2026-01-22,10000.0,Physical Inspection,171,171,171,4.000043427276863,-1.5332714789346813,-1,-0.04518026949040843,True
Lok Sabha,Chhattisgarh,Normal/Others,WS/MP18278/2025-2026/224887-Purchase of books and periodicals for libraries/digitization of library books,KAMLESH JANGDE,JANJGIR CHAMPA(SC),2025-08-04,2026-01-22,10000.0,Physical Inspection,171,171,171,4.000043427276863,-1.5332714789346813,-1,-0.04518026949040843,True
Lok Sabha,Chhattisgarh,Normal/Others,WS/MP18278/2025-2026/224842-Purchase of books and periodicals for libraries/digitization of library books,KAMLESH JANGDE,JANJGIR CHAMPA(SC),2025-08-04,2026-01-22,10000.0,Physical Inspection,171,171,171,4.000043427276863,-1.5332714789346813,-1,-0.04518026949040843,True
Lok Sabha,Chhattisgarh,Normal/Others,WS/MP18278/2025-2026/224846-Purchase of books and periodicals for libraries/digitization of library books,KAMLESH JANGDE,JANJGIR CHAMPA(SC),2025-08-04,2026-01-22,10000.0,Physical Inspection,171,171,171,4.000043427276863,-1.5332714789346813,-1,-0.04518026949040843,True
Lok Sabha,Chhattisgarh,Normal/Others,WS/MP18278/2025-2026/224841-Purchase of books and periodicals for libraries/digitization of library books,KAMLESH JANGDE,JANJGIR CHAMPA(SC),2025-08-04,2026-01-22,10000.0,Physical Inspection,171,171,171,4.000043427276863,-1.5332714789346813,-1,-0.04518026949040843,True
Lok Sabha,Chhattisgarh,Normal/Others,WS/MP18278/2025-2026/224893-Purchase of books and periodicals for libraries/digitization of library books,KAMLESH JANGDE,JANJGIR CHAMPA(SC),2025-08-04,2026-01-22,10000.0,Physical Inspection,171,171,171,4.000043427276863,-1.5332714789346813,-1,-0.04518026949040843,True
Lok Sabha,Chhattisgarh,Normal/Others,WS/MP18278/2025-2026/224892-Purchase of books and periodicals for libraries/digitization of library books,KAMLESH JANGDE,JANJGIR CHAMPA(SC),2025-08-04,2026-01-22,10000.0,Physical Inspection,171,171,171,4.000043427276863,-1.5332714789346813,-1,-0.04518026949040843,True
Lok Sabha,Chhattisgarh,Normal/Others,WS/MP18278/2025-2026/224889-Purchase of books and periodicals for libraries/digitization of library books,KAMLESH JANGDE,JANJGIR CHAMPA(SC),2025-08-04,2026-01-22,10000.0,Physical Inspection,171,171,171,4.000043427276863,-1.5332714789346813,-1,-0.04518026949040843,True
Lok Sabha,Chhattisgarh,Normal/Others,WS/MP18278/2025-2026/224888-Purchase of books and periodicals for libraries/digitization of library books,KAMLESH JANGDE,JANJGIR CHAMPA(SC),2025-08-04,2026-01-22,10000.0,Physical Inspection,171,171,171,4.000043427276863,-1.5332714789346813,-1,-0.04518026949040843,True
Lok Sabha,Chhattisgarh,Normal/Others,WS/MP18278/2025-2026/224891-Purchase of books and periodicals for libraries/digitization of library books,KAMLESH JANGDE,JANJGIR CHAMPA(SC),2025-08-04,2026-01-22,10000.0,Physical Inspection,171,171,171,4.000043427276863,-1.5332714789346813,-1,-0.04518026949040843,True
Lok Sabha,Chhattisgarh,Normal/Others,WS/MP18278/2025-2026/224890-Purchase of books and periodicals for libraries/digitization of library books,KAMLESH JANGDE,JANJGIR CHAMPA(SC),2025-08-04,2026-01-22,10000.0,Physical Inspection,171,171,171,4.000043427276863,-1.5332714789346813,-1,-0.04518026949040843,True
Lok Sabha,Chhattisgarh,Normal/Others,WS/MP18278/2025-2026/224847-Purchase of books and periodicals for libraries/digitization of library books,KAMLESH JANGDE,JANJGIR CHAMPA(SC),2025-08-04,2026-01-22,10000.0,Physical Inspection,171,171,171,4.000043427276863,-1.5332714789346813,-1,-0.04518026949040843,True
Lok Sabha,Chhattisgarh,Normal/Others,WS/MP18278/2025-2026/224845-Purchase of books and periodicals for libraries/digitization of library books,KAMLESH JANGDE,JANJGIR CHAMPA(SC),2025-08-04,2026-01-22,10000.0,Physical Inspection,171,171,171,4.000043427276863,-1.5332714789346813,-1,-0.04518026949040843,True
Lok Sabha,Chhattisgarh,Normal/Others,WS/MP18278/2025-2026/224844-Purchase of books and periodicals for libraries/digitization of library books,KAMLESH JANGDE,JANJGIR CHAMPA(SC),2025-08-04,2026-01-22,10000.0,Physical Inspection,171,171,171,4.000043427276863,-1.5332714789346813,-1,-0.04518026949040843,True
Lok Sabha,Chhattisgarh,Normal/Others,WS/MP18278/2025-2026/224843-Purchase of books and periodicals for libraries/digitization of library books,KAMLESH JANGDE,JANJGIR CHAMPA(SC),2025-08-04,2026-01-22,10000.0,Physical Inspection,171,171,171,4.000043427276863,-1.5332714789346813,-1,-0.04518026949040843,True
Lok Sabha,Uttar Pradesh,Normal/Others,WS/MP18380/2026-2027/275951-Lighting of public spaces,VINOD KUMAR BIND,BHADOHI,2026-03-25,2026-07-27,8621382.0,Sanction,124,124,124,6.935576938805095,1.4022620325935513,-1,-0.045178315457210405,True
Lok Sabha,Uttar Pradesh,Normal/Others,WS/MP792/2025-2026/225857-Lighting of public spaces,Jai Prakash,HARDOI (SC),2025-08-08,2025-08-13,9227740.0,Physical Inspection,5,5,5,6.965095396441888,1.4317804902303441,-1,-0.04510962896539439,True
Lok Sabha,Maharashtra,Normal/Others,WS/MP18376/2026-2027/197886-Construction of footpaths and pedestrian ways,ANIL YESHWANT DESAI,MUMBAI SOUTH CENTRAL,2025-05-13,2026-08-18,3000000.0,Sanction,462,462,462,6.477121399484465,0.9438064932729215,-1,-0.045082972578280534,True
Lok Sabha,Maharashtra,Normal/Others,WS/MP18376/2026-2027/197903-Construction of footpaths and pedestrian ways,ANIL YESHWANT DESAI,MUMBAI SOUTH CENTRAL,2025-05-13,2026-08-17,3000000.0,Vendor Identification,461,461,461,6.477121399484465,0.9438064932729215,-1,-0.045082972578280534,True
Lok Sabha,Nagaland,Normal/Others,"WS/MP18391/2025-2026/193462-Construction of roads, link roads, pathways or any other road with or without drainage system",S SUPONGMEREN JAMIR,NAGALAND,2025-04-22,2025-06-24,9400000.0,Work partially Completed,63,63,63,6.973127899801237,1.439812993589693,-1,-0.04499731970849552,True
Rajya Sabha,Karnataka,Normal/Others,WS/MP18363/2025-2026/253467-Construction of shelters for animals,Smt. Sudha Murty (2024-30) (2024-2030),,2025-12-11,2026-02-04,9745000.0,Vendor Identification,55,55,55,6.988781888019516,1.4554669818079722,-1,-0.04490198756186081,True
Lok Sabha,West Bengal,Normal/Others,WS/MP827/2025-2026/194318-Street lights,Shatrughan Sinha,ASANSOL,2025-04-25,2025-05-23,9976028.0,Work Completed,28,28,28,6.998957702952611,1.4656427967410668,-1,-0.04483952912401079,True
Rajya Sabha,Karnataka,Normal/Others,"WS/MP18296/2025-2026/226487-Construction of roads, link roads, pathways or any other road with or without drainage system",Dr. Syed Naseer Hussain (2024-30) (2024-2030),,2025-08-12,2026-01-22,8100000.0,Work partially Completed,163,163,163,6.90848507249525,1.3751701662837057,-1,-0.0447458453063887,True
Rajya Sabha,Nagaland,Normal/Others,WS/MP233/2023-2024/56789-Construction of additional rooms and halls in the existing public and community building,Smt. S. Phangnon Konyak (2022-28) (2022-2028),,2023-12-05,2024-01-06,10500000.0,Vendor Identification,32,32,32,7.021189340431316,1.4878744342197718,-1,-0.04467038242596988,True
Rajya Sabha,Nagaland,Normal/Others,"WS/MP233/2025-2026/225208-Construction of roads, link roads, pathways or any other road with or without drainage system",Smt. S. Phangnon Konyak (2022-28) (2022-2028),,2025-08-05,2025-09-05,10000000.0,Physical Inspection,31,31,31,7.000000043429446,1.466685137217902,-1,-0.04467038242596988,True
Lok Sabha,Telangana,Normal/Others,WS/MP18192/2025-2026/204089-Construction of rooms and halls in school and colleges,DR.MALLU RAVI,NAGARKURNOOL(SC),2025-05-27,2025-06-27,10000000.0,Sanction,31,31,31,7.000000043429446,1.466685137217902,-1,-0.04467038242596988,True
Rajya Sabha,Punjab,Normal/Others,WS/MP234/2025-2026/269867-Construction of stadiums,Shri Raghav Chadha (2022-28) (2022-2028),,2026-02-20,2026-03-16,10000000.0,Vendor Identification,24,24,24,7.000000043429446,1.466685137217902,-1,-0.04432170203266672,True
Lok Sabha,Uttar Pradesh,Normal/Others,WS/MP18207/2025-2026/195449-Lighting of public spaces,TANUJ PUNIA,BARABANKI(SC),2025-04-29,2025-06-18,9866200.0,Physical Inspection,50,50,50,6.994149958916682,1.4608350527051384,-1,-0.04430695920007233,True
Rajya Sabha,Uttar Pradesh,Normal/Others,WS/MP198/2025-2026/176271-Lighting of public spaces,Shri Ramji (2020-26) (2020-2026),,2025-02-25,2025-04-15,9904980.0,Physical Inspection,49,49,49,6.995853646800051,1.4625387405885073,-1,-0.04424136248851107,True
Lok Sabha,Uttar Pradesh,Normal/Others,WS/MP18241/2026-2027/305611-Lighting of public spaces,RAKESH RATHOR,SITAPUR,2026-08-19,2026-08-25,9051870.0,Sanction,6,6,6,6.9567383561104235,1.4234234498988796,-1,-0.044160262475249845,True
Rajya Sabha,Kerala,Normal/Others,WS/MP101/2025-2026/152126-Construction of buildings for crèches and anganwadies,Shri Sandosh Kumar P (2022-28) (2022-2028),,2024-11-12,2026-03-06,2900000.0,Sanction,479,479,479,6.462398147655648,0.9290832414441041,-1,-0.044131638177591914,True
Lok Sabha,West Bengal,Normal/Others,WS/MP18244/2026-2027/218581-Lighting of public spaces,MANOJ TIGGA,ALIPURDUARS(ST),2025-07-15,2026-06-12,4610640.0,Sanction,332,332,332,6.663761307908249,1.1304464016967053,-1,-0.0440092075425631,True
Rajya Sabha,Kerala,Normal/Others,WS/MP099/2024-2025/132665-Purchase of hospital equipment,Dr. John Brittas (2021-27) (2021-2027),,2024-06-20,2024-08-12,9918300.0,Physical Inspection,53,53,53,6.996437284097807,1.463122377886263,-1,-0.043990722921604775,True
Rajya Sabha,Maharashtra,Normal/Others,"WS/MP18290/2024-2025/142743-Construction of roads, link roads, pathways or any other road with or without drainage system",Shri Chandrakant Damodar Handore (2024-30) (2024-2030),,2024-09-23,2025-03-19,7000000.0,Vendor Identification,177,177,177,6.845098102056321,1.311783195844777,-1,-0.043637660304018944,True
Rajya Sabha,Telangana,Normal/Others,WS/MP846/2026-2027/273995-Construction of community centers and community halls,Shri Damodar Rao Divakonda (2022-28) (2022-2028),,2026-03-12,2026-08-18,8000000.0,Sanction,159,159,159,6.903090041278751,1.369775135067207,-1,-0.04357365312858563,True
Rajya Sabha,Uttar Pradesh,Normal/Others,"WS/MP887/2025-2026/207251-Purchase of ambulances (Four, three and two wheelers)",Dr. Dinesh Sharma (2023-26) (2023-2026),,2025-06-07,2025-12-10,6778953.0,Vendor Identification,186,186,186,6.831162686924054,1.2978477807125097,-1,-0.043434098921291686,True
Lok Sabha,Uttar Pradesh,Normal/Others,"WS/MP18217/2024-2025/136140-Construction of roads, link roads, pathways or any other road with or without drainage system",AKSHAYA YADAV,FIROZABAD,2024-08-17,2024-10-17,9511630.0,Physical Inspection,61,61,61,6.978254993653077,1.444940087441533,-1,-0.04340197580690919,True
Rajya Sabha,Punjab,Normal/Others,WS/MP844/2025-2026/244101-Purchase of training equipment,Dr. Vikramjit Singh Sahney (2022-28) (2022-2028),,2025-10-27,2026-02-11,8476000.0,Sanction,107,107,107,6.928190999276895,1.394876093065351,-1,-0.04323125364575853,True
Lok Sabha,Uttar Pradesh,Normal/Others,"WS/MP18230/2026-2027/277142-Construction of roads, link roads, pathways or any other road with or without drainage system",R.K. CHAUDHARY,MOHANLALGANJ(SC),2026-03-31,2026-08-27,7687625.0,Sanction,149,149,149,6.885792246917624,1.3524773407060797,-1,-0.0431544709904822,True
Rajya Sabha,Karnataka,Normal/Others,WS/MP18363/2024-2025/147459-Construction of public libraries and reading rooms,Smt. Sudha Murty (2024-30) (2024-2030),,2024-10-15,2025-03-13,8102000.0,Work partially Completed,149,149,149,6.908592292450933,1.3752773862393894,-1,-0.042838754433294324,True
Lok Sabha,Tamil Nadu,Normal/Others,WS/MP18186/2026-2027/212286-Construction of rooms and halls in school and colleges,Sasikanth Senthil,TIRUVALLUR(SC),2025-07-09,2026-07-21,4000000.0,Vendor Identification,377,377,377,6.6020600999015695,1.0687451936900256,-1,-0.04260108328003087,True
Lok Sabha,Kerala,Normal/Others,"WS/MP18095/2025-2026/147281-Construction of roads, link roads, pathways or any other road with or without drainage system",K. C VENUGOPAL,ALAPPUZHA,2024-10-22,2026-02-11,2884733.0,Physical Inspection,477,477,477,6.460105773242824,0.9267908670312801,-1,-0.04255227718205257,True
Rajya Sabha,Tamil Nadu,Normal/Others,WS/MP014/2025-2026/222174-Construction of community centers and community halls,Shri Ilaiyaraaja (2022-28) (2022-2028),,2025-07-25,2026-03-13,6700000.0,Physical Inspection,231,231,231,6.8260748675208935,1.2927599613093497,-1,-0.042496032690034435,True
Lok Sabha,West Bengal,Normal/Others,WS/MP823/2024-2025/137367-Construction of bus-sheds or bus-stops,Ms Mahua Moitra,KRISHNANAGAR,2024-09-05,2024-12-11,8800000.0,Vendor Identification,97,97,97,6.944482721501812,1.411167815290268,-1,-0.042367313055226785,True
Rajya Sabha,Maharashtra,Normal/Others,WS/MP108/2026-2027/177383-Construction of public toilets and bathrooms,Dr. Anil Sukhdeorao Bonde (2022-28) (2022-2028),,2025-03-01,2026-05-22,3000000.0,Work partially Completed,447,447,447,6.477121399484465,0.9438064932729215,-1,-0.04223883072845147,True
Rajya Sabha,Tamil Nadu,Normal/Others,WS/MP162/2026-2027/202580-Construction of rooms and halls in school and colleges,Shri S. Kalyanasundaram (2022-28) (2022-2028),,2025-05-22,2026-08-11,2998664.0,Physical Inspection,446,446,446,6.476927950661872,0.9436130444503279,-1,-0.04223883072845147,True
Rajya Sabha,Puducherry,Normal/Others,WS/MP139/2025-2026/190728-Construction of rooms and halls in school and colleges,Shri S. Selvaganabathy (2021-27) (2021-2027),,2025-04-12,2026-01-12,5267000.0,Sanction,275,275,275,6.721563400813232,1.1882484946016882,-1,-0.04223352271237346,True
Rajya Sabha,Puducherry,Normal/Others,"WS/MP139/2026-2027/190730-Construction of roads, link roads, pathways or any other road with or without drainage system",Shri S. Selvaganabathy (2021-27) (2021-2027),,2025-04-12,2026-05-14,3500000.0,Physical Inspection,397,397,397,6.5440681684343955,1.0107532622228517,-1,-0.042220208644170754,True
Rajya Sabha,Punjab,Normal/Others,WS/MP844/2025-2026/221107-Setting up of laboratories,Dr. Vikramjit Singh Sahney (2022-28) (2022-2028),,2025-07-22,2025-07-29,8762800.0,Vendor Identification,7,7,7,6.9426429491366415,1.4093280429250976,-1,-0.041950063506807744,True
Lok Sabha,Uttar Pradesh,Normal/Others,WS/MP792/2025-2026/225863-Lighting of public spaces,Jai Prakash,HARDOI (SC),2025-08-08,2025-10-04,9581750.0,Vendor Identification,57,57,57,6.9814448807017255,1.4481299744901817,-1,-0.04182425855569705,True
Lok Sabha,Telangana,Normal/Others,WS/MP18388/2025-2026/250877-Purchase of vans and buses for educational institutions,VAMSI KRISHNA GADDAM,PEDDAPALLE,2025-12-15,2025-12-16,8000000.0,Work partially Completed,1,1,1,6.903090041278751,1.369775135067207,-1,-0.041700242959581635,True
Lok Sabha,Tamil Nadu,Normal/Others,WS/MP751/2026-2027/210680-Construction of community centers and community halls,S Venkatesan,MADURAI,2025-06-20,2026-06-29,4000000.0,Physical Inspection,374,374,374,6.6020600999015695,1.0687451936900256,-1,-0.04165510898961566,True
Lok Sabha,West Bengal,Normal/Others,WS/MP18250/2025-2026/142039-Construction of water tanks,SK NURUL ISLAM,BASIRHAT,2024-09-20,2026-02-27,2660000.0,Vendor Identification,525,525,525,6.424881799899638,0.8915668936880943,-1,-0.04120744072187987,True
Rajya Sabha,Maharashtra,Normal/Others,"WS/MP18287/2026-2027/146919-Construction of roads, link roads, pathways or any other road with or without drainage system",Shri Ashokrao Shankarrao Chavan (2024-30) (2024-2030),,2024-12-15,2026-06-19,2491000.0,Physical Inspection,551,551,551,6.3963739018819075,0.8630589956703636,-1,-0.04120674635006705,True
Rajya Sabha,West Bengal,Normal/Others,WS/MP18382/2026-2027/220346-Construction of culverts and bridges,Smt. Mamata Thakur (2024-30) (2024-2030),,2025-07-20,2026-07-20,4045011.0,Vendor Identification,365,365,365,6.606919814335448,1.0736049081239045,-1,-0.04102517023662855,True
Lok Sabha,Tamil Nadu,Normal/Others,WS/MP458/2026-2027/211369-Construction of community centers and community halls,Kanimozhi Karunanidhi,THOOTHUKKUDI,2025-07-02,2026-07-03,4000000.0,Work partially Completed,366,366,366,6.6020600999015695,1.0687451936900256,-1,-0.04102517023662855,True
Rajya Sabha,Tamil Nadu,Normal/Others,"WS/MP165/2023-2024/95943-Construction of rooms and facilities for hospitals, FWC , PHC Centers and ANM centers",Shri P. Chidambaram (2022-28) (2022-2028),,2024-02-03,2024-02-15,8952413.0,Physical Inspection,12,12,12,6.951940157720261,1.4186252515087174,-1,-0.04100496956276678,True
Lok Sabha,Uttar Pradesh,Normal/Others,WS/MP18242/2024-2025/156949-Street lights,RAMBHUAL NISHAD,SULTANPUR,2024-12-04,2025-01-01,9851072.0,Physical Inspection,28,28,28,6.993483537360496,1.4601686311489521,-1,-0.04067118616374599,True
Rajya Sabha,Madhya Pradesh,Normal/Others,WS/MP107/2025-2026/108001-Lighting of public spaces,Smt. Sumitra Balmik (2022-28) (2022-2028),,2024-02-18,2026-02-02,100000.0,Sanction,715,715,715,5.000004342923105,-0.5333105632884392,-1,-0.040507045479249326,True
Rajya Sabha,Himachal Pradesh,Normal/Others,"WS/MP078/2025-2026/48498-Construction of roads, link roads, pathways or any other road with or without drainage system",Dr. Sikander Kumar (2022-28) (2022-2028),,2023-11-10,2025-11-18,100000.0,Vendor Identification,739,739,739,5.000004342923105,-0.5333105632884392,-1,-0.040507045479249326,True
Lok Sabha,Jharkhand,Normal/Others,"WS/MP437/2025-2026/178453-Purchase of ambulances (Four, three and two wheelers)",Vishnu Dayal Ram,PALAMU(SC),2025-03-01,2025-10-06,6000000.0,Physical Inspection,219,219,219,6.7781513227660515,1.2448364165545076,-1,-0.040398930054275306,True
Lok Sabha,Uttar Pradesh,Normal/Others,WS/MP18207/2026-2027/274517-Lighting of public spaces,TANUJ PUNIA,BARABANKI(SC),2026-03-16,2026-06-12,9030000.0,Physical Inspection,88,88,88,6.95568779840813,1.4223728921965861,-1,-0.04024173229698691,True
Rajya Sabha,Maharashtra,Normal/Others,"WS/MP18290/2025-2026/229726-Construction of roads, link roads, pathways or any other road with or without drainage system",Shri Chandrakant Damodar Handore (2024-30) (2024-2030),,2025-08-28,2026-03-28,6500000.0,Vendor Identification,212,212,212,6.8129134234573865,1.2795985172458426,-1,-0.040074916357435986,True
Lok Sabha,Nagaland,Normal/Others,"WS/MP18391/2025-2026/193452-Purchase of ambulances (Four, three and two wheelers)",S SUPONGMEREN JAMIR,NAGALAND,2025-04-22,2025-04-29,8500000.0,Physical Inspection,7,7,7,6.929418976807758,1.3961040705962144,-1,-0.04006115362910445,True
Lok Sabha,Tamil Nadu,Normal/Others,WS/MP745/2025-2026/138568-Construction of rooms and halls in school and colleges,K Subbarayan,TIRUPPUR,2024-09-03,2025-10-30,3245416.0,Physical Inspection,422,422,422,6.511270506733841,0.9779556005222974,-1,-0.040034688926504414,True
Lok Sabha,Nagaland,Normal/Others,"WS/MP18391/2026-2027/283790-Purchase of ambulances (Four, three and two wheelers)",S SUPONGMEREN JAMIR,NAGALAND,2026-05-26,2026-06-16,9900000.0,Work partially Completed,21,21,21,6.9956352384656775,1.4623203322541336,-1,-0.039976345345175246,True
Lok Sabha,Uttar Pradesh,Normal/Others,WS/MP18242/2024-2025/145618-Lighting of public spaces,RAMBHUAL NISHAD,SULTANPUR,2024-10-05,2024-10-26,9852234.0,Physical Inspection,21,21,21,6.993534762280551,1.4602198560690072,-1,-0.039976345345175246,True
Lok Sabha,Uttar Pradesh,Normal/Others,WS/MP492/2024-2025/134981-Construction of bus-sheds or bus-stops,Shri Arun Kumar Sagar,SHAHJAHANPUR(SC),2024-08-07,2024-08-28,9900000.0,Physical Inspection,21,21,21,6.9956352384656775,1.4623203322541336,-1,-0.039976345345175246,True
Rajya Sabha,Uttar Pradesh,Normal/Others,WS/MP196/2026-2027/285043-Development of public parks,Shri Brij Lal (2020-26) (2020-2026),,2026-06-15,2026-08-07,9366000.0,Sanction,53,53,53,6.971554199815318,1.4382392936037744,-1,-0.03993923385626341,True
Lok Sabha,West Bengal,Normal/Others,WS/MP243/2025-2026/190727-Construction of community centers and community halls,Kakoli Ghosh Dastidar,BARASAT,2025-04-12,2025-12-02,6000000.0,Physical Inspection,234,234,234,6.7781513227660515,1.2448364165545076,-1,-0.039816744365127055,True
Lok Sabha,Rajasthan,Normal/Others,WS/MP719/2025-2026/151460-Construction of community centers and community halls,Bhagirath Chaudhary,AJMER,2024-11-08,2025-08-22,5100000.0,Vendor Identification,287,287,287,6.707570261253709,1.174255355042165,-1,-0.0397802636340181,True
Lok Sabha,Odisha,Normal/Others,WS/MP18145/2026-2027/230528-Construction of rooms and halls in school and colleges,BAIJAYANT PANDA,KENDRAPARA,2025-08-31,2026-06-29,5100000.0,Sanction,302,302,302,6.707570261253709,1.174255355042165,-1,-0.0397802636340181,True
Rajya Sabha,Karnataka,Normal/Others,WS/MP833/2025-2026/16089-Construction of community centers and community halls,Shri Jairam Ramesh (2022-28) (2022-2028),,2023-09-04,2026-02-16,2000000.0,Work partially Completed,896,896,896,6.301030212811168,0.7677153065996238,-1,-0.039763397759574826,True
Rajya Sabha,Uttar Pradesh,Normal/Others,WS/MP195/2025-2026/77745-Construction of additional rooms and halls in the existing public and community building,Shri B.L. Verma (2020-26) (2020-2026),,2024-01-08,2025-12-12,2000000.0,Vendor Identification,704,704,704,6.301030212811168,0.7677153065996238,-1,-0.039763397759574826,True
Lok Sabha,West Bengal,Normal/Others,WS/MP827/2025-2026/244989-Renovation of ponds and lakes,Shatrughan Sinha,ASANSOL,2025-10-30,2026-01-20,9122000.0,Sanction,82,82,82,6.960090115514485,1.4267752093029413,-1,-0.039686690229885135,True
Rajya Sabha,Karnataka,Normal/Others,WS/MP838/2024-2025/94330-Setting up of farmers’ training and assistance centers,Dr. Dharmasthala Veerendra Heggade (2022-28) (2022-2028),,2024-02-02,2024-10-16,14400.0,Physical Inspection,257,257,257,4.15839265038712,-1.3749222558244236,-1,-0.0395689137544335,True
Rajya Sabha,Karnataka,Normal/Others,WS/MP838/2024-2025/94264-Setting up of farmers’ training and assistance centers,Dr. Dharmasthala Veerendra Heggade (2022-28) (2022-2028),,2024-02-02,2024-10-16,14400.0,Physical Inspection,257,257,257,4.15839265038712,-1.3749222558244236,-1,-0.0395689137544335,True
Rajya Sabha,Kerala,Normal/Others,WS/MP18329/2025-2026/136775-Construction of community centers and community halls,Shri Haris Beeran (2024-30) (2024-2030),,2024-08-23,2025-04-24,5500000.0,Work partially Completed,244,244,244,6.74036276845687,1.207047862245326,-1,-0.03950253297522732,True
Rajya Sabha,Uttar Pradesh,Normal/Others,WS/MP198/2024-2025/176270-Lighting of public spaces,Shri Ramji (2020-26) (2020-2026),,2025-02-25,2025-03-29,9759968.0,Physical Inspection,32,32,32,6.989448438245552,1.4561335320340083,-1,-0.03924581135802108,True
Rajya Sabha,Madhya Pradesh,Normal/Others,WS/MP106/2026-2027/1654-Installing hand pumps,Shri Vivek K. Tankha (2022-28) (2022-2028),,2023-06-26,2026-05-19,114000.0,Sanction,1058,1058,1058,5.056908660920483,-0.4764062452910611,-1,-0.03918278372769435,True
Rajya Sabha,Madhya Pradesh,Normal/Others,WS/MP106/2026-2027/1739-Installing hand pumps,Shri Vivek K. Tankha (2022-28) (2022-2028),,2023-06-28,2026-05-19,114000.0,Sanction,1056,1056,1056,5.056908660920483,-0.4764062452910611,-1,-0.03918278372769435,True
Rajya Sabha,Madhya Pradesh,Normal/Others,WS/MP106/2026-2027/1655-Installing hand pumps,Shri Vivek K. Tankha (2022-28) (2022-2028),,2023-06-26,2026-05-19,114000.0,Sanction,1058,1058,1058,5.056908660920483,-0.4764062452910611,-1,-0.03918278372769435,True
Rajya Sabha,Madhya Pradesh,Normal/Others,WS/MP106/2026-2027/1735-Installing hand pumps,Shri Vivek K. Tankha (2022-28) (2022-2028),,2023-06-28,2026-05-19,114000.0,Sanction,1056,1056,1056,5.056908660920483,-0.4764062452910611,-1,-0.03918278372769435,True
Rajya Sabha,Madhya Pradesh,Normal/Others,WS/MP106/2026-2027/1736-Installing hand pumps,Shri Vivek K. Tankha (2022-28) (2022-2028),,2023-06-28,2026-05-19,114000.0,Sanction,1056,1056,1056,5.056908660920483,-0.4764062452910611,-1,-0.03918278372769435,True
Rajya Sabha,Madhya Pradesh,Normal/Others,WS/MP106/2026-2027/1653-Installing hand pumps,Shri Vivek K. Tankha (2022-28) (2022-2028),,2023-06-26,2026-05-19,114000.0,Sanction,1058,1058,1058,5.056908660920483,-0.4764062452910611,-1,-0.03918278372769435,True
Rajya Sabha,Madhya Pradesh,Normal/Others,WS/MP106/2026-2027/1737-Installing hand pumps,Shri Vivek K. Tankha (2022-28) (2022-2028),,2023-06-28,2026-05-19,114000.0,Sanction,1056,1056,1056,5.056908660920483,-0.4764062452910611,-1,-0.03918278372769435,True
Lok Sabha,Jammu And Kashmir,Normal/Others,WS/MP18070/2026-2027/243925-Installing community drinking water plants,MIAN ALTAF AHMAD,ANANTNAG,2025-10-25,2026-08-21,5000000.0,Time Estimation,300,300,300,6.698970091194907,1.165655184983363,-1,-0.03915201544465552,True
Lok Sabha,Bihar,Normal/Others,WS/MP18033/2025-2026/169445-Construction of rooms and halls in school and colleges,JITAN RAM MANJHI,GAYA (SC),2025-01-28,2025-11-20,4999800.0,Sanction,296,296,296,6.69895271907166,1.1656378128601164,-1,-0.03915201544465552,True
Lok Sabha,West Bengal,Normal/Others,WS/MP18353/2026-2027/242147-Providing CCTV camera system for security of public areas,RACHNA BANERJEE,HOOGHLY,2025-10-14,2026-07-02,5391008.0,Sanction,261,261,261,6.731670056860555,1.1983551506490109,-1,-0.03914188496188664,True
Lok Sabha,Gujarat,Normal/Others,WS/MP18053/2026-2027/276201-Purchase of hospital equipment,DINESHBHAI MAKWANA,AHMEDABAD WEST(SC),2026-03-27,2026-04-02,8000000.0,Physical Inspection,6,6,6,6.903090041278751,1.369775135067207,-1,-0.03911861397762162,True
Rajya Sabha,West Bengal,Normal/Others,WS/MP888/2025-2026/183657-Construction of additional rooms and halls in the existing public and community building,Shri Nagendra Ray (2023-29) (2023-2029),,2025-03-18,2025-09-01,6763570.0,Vendor Identification,167,167,167,6.83017605335484,1.2968611471432965,-1,-0.039071810114742145,True
Lok Sabha,Uttar Pradesh,Repair and Renovation,"WS/MP18198/2025-2026/193991-Construction of roads, link roads, pathways or any other road with or without drainage system",UJJWAL RAMAN SINGH,ALLAHABAD,2025-04-23,2025-07-15,9860000.0,Work Completed,83,83,83,6.993876958987302,1.3631483335952073,-1,-0.03905748141253074,True
Rajya Sabha,Uttar Pradesh,Normal/Others,"WS/MP183/2025-2026/181183-Construction of roads, link roads, pathways or any other road with or without drainage system",Prof. Ram Gopal Yadav (2020-26) (2020-2026),,2025-03-12,2025-06-11,8500000.0,Work Completed,91,91,91,6.929418976807758,1.3961040705962144,-1,-0.038998230130142364,True
Rajya Sabha,Assam,Normal/Others,WS/MP071/2025-2026/157666-Construction of community centers and community halls,Shri Pabitra Margherita (2022-28) (2022-2028),,2024-12-09,2025-09-26,5000000.0,Vendor Identification,291,291,291,6.698970091194907,1.165655184983363,-1,-0.038838103818139236,True
Lok Sabha,Tamil Nadu,Normal/Others,WS/MP756/2025-2026/171034-Construction of community centers and community halls,Thirumaa Valavan Thol,CHIDAMBARAM(SC),2025-01-31,2025-12-05,5000000.0,Work partially Completed,308,308,308,6.698970091194907,1.165655184983363,-1,-0.038838103818139236,True
Lok Sabha,Tripura,Normal/Others,WS/MP18196/2025-2026/174721-Construction of common work sheds/ common covered sitting area,KRITI DEVI DEBBARMAN,TRIPURA EAST(ST),2025-02-09,2025-09-26,5807060.0,Vendor Identification,229,229,229,6.763956388083308,1.2306414818717641,-1,-0.03882797790377068,True
Rajya Sabha,Delhi,Normal/Others,"WS/MP18442/2026-2027/253006-Purchase of IT systems, including hardware and software for educational purposes",Dr. Meenakshi Jain (2025-31) (2025-2031),,2025-12-09,2026-08-31,5281500.0,Sanction,265,265,265,6.72275736635524,1.1894424601436961,-1,-0.03865992738232649,True
Rajya Sabha,Uttar Pradesh,Normal/Others,WS/MP202/2026-2027/11814-Lighting of public spaces,Smt. Seema Dwivedi (2020-26) (2020-2026),,2023-08-21,2026-08-25,113000.0,Sanction,1100,1100,1100,5.0530822867804135,-0.4802326194311304,-1,-0.0386016133439977,True
Rajya Sabha,Bihar,Normal/Others,WS/MP042/2025-2026/150373-Construction of rooms and halls in school and colleges,Prof. Manoj Kumar Jha (2024-30) (2024-2030),,2024-11-02,2025-05-27,5990899.0,Sanction,206,206,206,6.7774920704148265,1.2441771642032826,-1,-0.038504694127642014,True
Rajya Sabha,Karnataka,Normal/Others,"WS/MP18363/2024-2025/147435-Construction of rooms and facilities for hospitals, FWC , PHC Centers and ANM centers",Smt. Sudha Murty (2024-30) (2024-2030),,2024-10-15,2024-10-30,8580000.0,Work partially Completed,15,15,15,6.933487338465775,1.400172432254231,-1,-0.03841848726482988,True
Rajya Sabha,Karnataka,Normal/Others,"WS/MP18296/2025-2026/199843-Construction of roads, link roads, pathways or any other road with or without drainage system",Dr. Syed Naseer Hussain (2024-30) (2024-2030),,2025-05-15,2025-07-24,8700000.0,Work partially Completed,70,70,70,6.939519302537522,1.406204396325978,-1,-0.03841568154084718,True
Lok Sabha,Uttar Pradesh,Normal/Others,WS/MP792/2024-2025/136732-Lighting of public spaces,Jai Prakash,HARDOI (SC),2024-08-22,2024-11-04,8602500.0,Work Completed,74,74,74,6.934624731777648,1.4013098255661038,-1,-0.03837912972961299,True
Lok Sabha,West Bengal,Normal/Others,"WS/MP499/2025-2026/198336-Purchase of prosthetics, wheel chairs, tricycles (manual or motorized), elect scooties, hearing aids",Smt Satabdi Roy (Banerjee),BIRBHUM,2025-05-09,2025-08-13,8100000.0,Physical Inspection,96,96,96,6.90848507249525,1.3751701662837057,-1,-0.03834372575064393,True
Lok Sabha,Goa,Normal/Others,"WS/MP571/2025-2026/156862-Purchase of prosthetics, wheel chairs, tricycles (manual or motorized), elect scooties, hearing aids",Shripad Yesso Naik,NORTH GOA,2024-12-04,2026-03-31,66200.0,Work partially Completed,482,482,482,4.820864549729757,-0.7124503564817868,-1,-0.038333728211948914,True
Lok Sabha,Tamil Nadu,Normal/Others,WS/MP18186/2026-2027/222921-Construction of rooms and halls in school and colleges,Sasikanth Senthil,TIRUVALLUR(SC),2025-07-29,2026-08-25,3400000.0,Physical Inspection,392,392,392,6.5314790447759075,0.9981641385643636,-1,-0.038132442497056385,True
Rajya Sabha,Uttar Pradesh,Normal/Others,WS/MP201/2025-2026/238287-Lighting of public spaces,Smt. Sangeeta Yadav (2022-28) (2022-2028),,2025-09-26,2025-12-29,8058000.0,Work partially Completed,94,94,94,6.90622731694842,1.372912410736876,-1,-0.03780869879883719,True
Rajya Sabha,Uttar Pradesh,Normal/Others,WS/MP201/2025-2026/238283-Lighting of public spaces,Smt. Sangeeta Yadav (2022-28) (2022-2028),,2025-09-26,2025-12-29,8058000.0,Vendor Identification,94,94,94,6.90622731694842,1.372912410736876,-1,-0.03780869879883719,True
Lok Sabha,Delhi,Normal/Others,"WS/MP18400/2026-2027/275288-Patrolling Vehicles to government institution for Public Conveniences, Safety and Security",Kamaljeet Sehrawat,WEST DELHI,2026-03-22,2026-05-20,9000000.0,Sanction,59,59,59,6.954242557694265,1.420927651482721,-1,-0.03778529179977019,True
Lok Sabha,West Bengal,Normal/Others,WS/MP858/2025-2026/137433-Street lights,Asit Kumar Mal,BOLPUR(SC),2024-08-28,2026-01-30,2651990.0,Sanction,520,520,520,6.423572045880183,0.8902571396686394,-1,-0.037752015114248416,True
Rajya Sabha,Odisha,Normal/Others,WS/MP138/2025-2026/23246-Construction of community centers and community halls,Smt. Sulata Deo (2022-28) (2022-2028),,2023-09-19,2025-05-08,100000.0,Sanction,597,597,597,5.000004342923105,-0.5333105632884392,-1,-0.03768144203339385,True
Rajya Sabha,Odisha,Normal/Others,WS/MP138/2025-2026/23248-Installing tube-wells and borewells,Smt. Sulata Deo (2022-28) (2022-2028),,2023-09-19,2025-05-08,100000.0,Sanction,597,597,597,5.000004342923105,-0.5333105632884392,-1,-0.03768144203339385,True
Rajya Sabha,Odisha,Normal/Others,WS/MP138/2025-2026/23247-Construction of community centers and community halls,Smt. Sulata Deo (2022-28) (2022-2028),,2023-09-19,2025-05-08,100000.0,Sanction,597,597,597,5.000004342923105,-0.5333105632884392,-1,-0.03768144203339385,True
Rajya Sabha,Uttar Pradesh,Normal/Others,"WS/MP189/2025-2026/135466-Construction of roads, link roads, pathways or any other road with or without drainage system",Shri Kapil Sibal (2022-28) (2022-2028),,2024-08-12,2026-01-26,2499400.0,Work partially Completed,532,532,532,6.397835939246159,0.8645210330346149,-1,-0.03754047748785372,True
Lok Sabha,Kerala,Normal/Others,WS/MP343/2025-2026/199166-Construction of buildings for sports facilities,Dr Shashi Tharoor,THIRUVANANTHAPURAM,2025-05-13,2026-02-19,5000000.0,Sanction,282,282,282,6.698970091194907,1.165655184983363,-1,-0.03751890445278683,True
Lok Sabha,Tamil Nadu,Normal/Others,WS/MP758/2025-2026/199393-Construction of public libraries and reading rooms,Smt S Jothimani,KARUR,2025-05-14,2026-02-20,5000000.0,Work partially Completed,282,282,282,6.698970091194907,1.165655184983363,-1,-0.03751890445278683,True
Rajya Sabha,Punjab,Normal/Others,"WS/MP141/2023-2024/77717-Construction of roads, link roads, pathways or any other road with or without drainage system",Shri Harbhajan Singh (2022-28) (2022-2028),,2024-01-08,2024-03-01,9000000.0,Work partially Completed,53,53,53,6.954242557694265,1.420927651482721,-1,-0.037475529139016195,True
Lok Sabha,Gujarat,Normal/Others,WS/MP18053/2026-2027/276199-Purchase of hospital equipment,DINESHBHAI MAKWANA,AHMEDABAD WEST(SC),2026-03-27,2026-05-19,9000000.0,Sanction,53,53,53,6.954242557694265,1.420927651482721,-1,-0.037475529139016195,True
Lok Sabha,Uttar Pradesh,Normal/Others,WS/MP18198/2025-2026/235614-Installing hand pumps,UJJWAL RAMAN SINGH,ALLAHABAD,2025-09-20,2025-11-14,8699002.0,Work partially Completed,55,55,55,6.939469480617437,1.4061545744058934,-1,-0.03743805961746116,True
Lok Sabha,Jammu And Kashmir,Normal/Others,WS/MP331/2025-2026/250159-Purchase of other aids / devices required for P/ M/ V/ H impaired for differently abled persons,Shri Jugal Kishore Sharma,JAMMU,2025-11-24,2025-12-02,8448.0,Physical Inspection,8,8,8,3.926805310111606,-1.6065095960999378,-1,-0.03714191865840999,True
Lok Sabha,Nagaland,Normal/Others,"WS/MP18391/2025-2026/193464-Construction of flood control embankments/ protection walls along riverbanks, hilltops, roadsides",S SUPONGMEREN JAMIR,NAGALAND,2025-04-22,2025-06-02,9000000.0,Physical Inspection,41,41,41,6.954242557694265,1.420927651482721,-1,-0.03695962567824518,True
Rajya Sabha,Uttar Pradesh,Normal/Others,WS/MP203/2023-2024/14681-Lighting of public spaces,Smt. Darshana Singh (2022-28) (2022-2028),,2023-08-31,2023-09-16,8784000.0,Physical Inspection,16,16,16,6.943692376547554,1.4103774703360097,-1,-0.036898421643217216,True
Lok Sabha,Kerala,Normal/Others,"WS/MP352/2025-2026/169147-Construction of Government office buildings (Post office, Police station, Police chauki, etc.)",Shri Hibi Eden,ERNAKULAM,2025-01-27,2025-09-22,5209800.0,Sanction,238,238,238,6.716821134767381,1.1835062285558369,-1,-0.036680999100016876,True
Lok Sabha,Madhya Pradesh,Normal/Others,WS/	 MP644/2025-2026/221011-Installation of multi-gym equipment,Janardan Mishra,REWA,2025-07-22,2026-02-17,5694490.0,Vendor Identification,210,210,210,6.755454910896156,1.2221400046846123,-1,-0.036625096002935176,True
Lok Sabha,Karnataka,Normal/Others,WS/MP18085/2026-2027/266942-Construction of additional rooms and halls in the existing public and community building,RADHAKRISHNA,GULBARGA(SC),2026-02-09,2026-06-23,6600000.0,Sanction,134,134,134,6.819544001344058,1.286229095132514,-1,-0.0363296753990997,True
Lok Sabha,Karnataka,Normal/Others,WS/MP18085/2026-2027/266944-Construction of additional rooms and halls in the existing public and community building,RADHAKRISHNA,GULBARGA(SC),2026-02-09,2026-06-23,6600000.0,Sanction,134,134,134,6.819544001344058,1.286229095132514,-1,-0.0363296753990997,True
Rajya Sabha,Uttar Pradesh,Normal/Others,"WS/MP196/2025-2026/227627-Construction of rooms and facilities for hospitals, FWC , PHC Centers and ANM centers",Shri Brij Lal (2020-26) (2020-2026),,2025-08-19,2025-12-19,6950000.0,Vendor Identification,122,122,122,6.841984867078524,1.3086699608669798,-1,-0.03605380446841322,True
Lok Sabha,Maharashtra,Normal/Others,WS/MP18323/2026-2027/144120-Construction of community centers and community halls,DR KALGE SHIVAJI BANDAPPA,LATUR(SC),2024-09-27,2026-05-22,1991059.0,Physical Inspection,602,602,602,6.2990843475594485,0.7657694413479046,-1,-0.03604885515562839,True
Lok Sabha,Andhra Pradesh,Normal/Others,WS/MP18009/2024-2025/154261-Construction of community centers and community halls,B K PARTHASARATHI,HINDUPUR,2024-11-23,2024-12-03,7963254.0,Physical Inspection,10,10,10,6.901090622962187,1.3677757167506428,-1,-0.03598601059111983,True
Lok Sabha,Gujarat,Normal/Others,WS/MP18053/2025-2026/215505-Purchase of hospital equipment,DINESHBHAI MAKWANA,AHMEDABAD WEST(SC),2025-07-07,2025-07-19,8000000.0,Physical Inspection,12,12,12,6.903090041278751,1.369775135067207,-1,-0.03598601059111983,True
Lok Sabha,West Bengal,Normal/Others,WS/MP867/2025-2026/207494-Construction of community centers and community halls,Sudip Bandyopadhyay,KOLKATA UTTAR,2025-06-09,2025-06-19,8000000.0,Vendor Identification,10,10,10,6.903090041278751,1.369775135067207,-1,-0.03598601059111983,True
Lok Sabha,West Bengal,Normal/Others,WS/MP18249/2025-2026/187617-Providing CCTV camera system for security of public areas,PARTHA BHOWMICK,BARRACKPUR,2025-03-28,2026-03-07,4150000.0,Time Estimation,344,344,344,6.618048201361352,1.0847332951498085,-1,-0.03590385903423021,True
Lok Sabha,West Bengal,Normal/Others,WS/MP18249/2025-2026/187616-Providing CCTV camera system for security of public areas,PARTHA BHOWMICK,BARRACKPUR,2025-03-28,2026-03-07,4150000.0,Work Completed,344,344,344,6.618048201361352,1.0847332951498085,-1,-0.03590385903423021,True
Rajya Sabha,Tamil Nadu,Normal/Others,WS/MP163/2025-2026/231559-Development of public parks,Shri R. Girirajan (2022-28) (2022-2028),,2025-09-05,2025-09-06,7500000.0,Work partially Completed,1,1,1,6.875061321297627,1.3417464150860834,-1,-0.035866266781183875,True
Rajya Sabha,Madhya Pradesh,Normal/Others,WS/MP106/2025-2026/115378-Installing tube-wells and borewells,Shri Vivek K. Tankha (2022-28) (2022-2028),,2024-02-26,2026-02-02,120000.0,Sanction,707,707,707,5.079184865153228,-0.454130041058316,-1,-0.035810633915132395,True
Rajya Sabha,Madhya Pradesh,Normal/Others,WS/MP106/2025-2026/115376-Installing tube-wells and borewells,Shri Vivek K. Tankha (2022-28) (2022-2028),,2024-02-26,2026-02-02,120000.0,Sanction,707,707,707,5.079184865153228,-0.454130041058316,-1,-0.035810633915132395,True
Rajya Sabha,Uttar Pradesh,Normal/Others,"WS/MP183/2025-2026/217034-Construction of roads, link roads, pathways or any other road with or without drainage system",Prof. Ram Gopal Yadav (2020-26) (2020-2026),,2025-07-11,2025-09-12,8000000.0,Work Completed,63,63,63,6.903090041278751,1.369775135067207,-1,-0.03570071274622433,True
Rajya Sabha,Gujarat,Normal/Others,WS/MP891/2026-2027/190082-Construction of common work sheds/ common covered sitting area,Shri Kesridevsinh Jhala (2023-29) (2023-2029),,2025-04-08,2026-08-07,2611000.0,Sanction,486,486,486,6.416807038155537,0.883492131943993,-1,-0.03565365841404222,True
Lok Sabha,Puducherry,Normal/Others,"WS/MP710/2025-2026/149937-Construction of roads, link roads, pathways or any other road with or without drainage system",Vaithilingam Ve,Puducherry,2024-10-29,2026-01-05,3000000.0,Work partially Completed,433,433,433,6.477121399484465,0.9438064932729215,-1,-0.035647228583254975,True
Lok Sabha,Puducherry,Normal/Others,WS/MP710/2026-2027/210790-Construction of buildings for community cultural activities,Vaithilingam Ve,Puducherry,2025-06-20,2026-08-28,3000000.0,Sanction,434,434,434,6.477121399484465,0.9438064932729215,-1,-0.035647228583254975,True
Lok Sabha,West Bengal,Normal/Others,WS/MP829/2025-2026/169875-Construction of buildings for multi-gym,Smt Sajda Ahmed,ULUBERIA,2025-01-29,2026-02-13,3500000.0,Sanction,380,380,380,6.5440681684343955,1.0107532622228517,-1,-0.03562878205845699,True
Rajya Sabha,Gujarat,Normal/Others,WS/MP18288/2025-2026/174591-Purchase of hospital equipment,Dr. Parmar Jashvantsinh Salamsinh (2024-30) (2024-2030),,2025-02-09,2026-03-07,3340000.0,Physical Inspection,391,391,391,6.523746596839833,0.9904316906282888,-1,-0.03562878205845699,True
Rajya Sabha,Uttar Pradesh,Normal/Others,WS/MP190/2025-2026/199173-Lighting of public spaces,Shri Mithlesh Kumar (2022-28) (2022-2028),,2025-05-13,2025-06-20,9234000.0,Physical Inspection,38,38,38,6.965389917247228,1.4320750110356837,-1,-0.03562349936681697,True
Rajya Sabha,Tamil Nadu,Normal/Others,WS/MP162/2025-2026/142704-Construction of community centers and community halls,Shri S. Kalyanasundaram (2022-28) (2022-2028),,2024-09-24,2025-06-24,5000000.0,Work partially Completed,273,273,273,6.698970091194907,1.165655184983363,-1,-0.03548305478518399,True
Rajya Sabha,Madhya Pradesh,Normal/Others,WS/MP106/2025-2026/1632-Installing tube-wells and borewells,Shri Vivek K. Tankha (2022-28) (2022-2028),,2023-06-25,2026-01-29,123000.0,Sanction,949,949,949,5.089908642274492,-0.4434062639370522,-1,-0.035357530976686924,True
Rajya Sabha,Gujarat,Normal/Others,"WS/MP892/2024-2025/80292-Construction of roads, link roads, pathways or any other road with or without drainage system",Shri S. Jaishankar (2023-29) (2023-2029),,2024-01-11,2024-11-18,4562815.0,Physical Inspection,312,312,312,6.659232955777728,1.1259180495661845,-1,-0.03535704764560954,True
Rajya Sabha,Punjab,Normal/Others,WS/MP843/2024-2025/151554-Purchase of mobile sanitation equipment,Dr. Ashok Kumar Mittal (2022-28) (2022-2028),,2024-11-09,2024-12-04,8987658.0,Physical Inspection,25,25,25,6.953646586529945,1.4203316803184007,-1,-0.03534570025873407,True
Rajya Sabha,Goa,Normal/Others,WS/MP885/2026-2027/187996-Purchase of vans and buses for educational institutions,Shri Sadanand Mhalu Shet Tanavade (2023-29) (2023-2029),,2025-04-11,2026-07-01,2777362.0,Work partially Completed,446,446,446,6.443632645538577,0.9103177393270334,-1,-0.035232789485243776,True
Lok Sabha,Uttar Pradesh,Normal/Others,WS/MP492/2025-2026/189846-Construction of bus-sheds or bus-stops,Shri Arun Kumar Sagar,SHAHJAHANPUR(SC),2025-04-07,2025-05-09,9240000.0,Physical Inspection,32,32,32,6.965672018221672,1.432357112010128,-1,-0.03522174819992241,True
Rajya Sabha,Madhya Pradesh,Normal/Others,WS/MP106/2025-2026/122855-Installing tube-wells and borewells,Shri Vivek K. Tankha (2022-28) (2022-2028),,2024-03-07,2026-02-02,120000.0,Sanction,697,697,697,5.079184865153228,-0.454130041058316,-1,-0.0351859651738482,True
Rajya Sabha,West Bengal,Normal/Others,"WS/MP18299/2026-2027/262895-Construction of roads, link roads, pathways or any other road with or without drainage system",Smt. Sagarika Ghose (2024-30) (2024-2030),,2026-01-29,2026-05-29,7000000.0,Sanction,120,120,120,6.845098102056321,1.311783195844777,-1,-0.03516299276165369,True
Lok Sabha,Uttar Pradesh,Normal/Others,WS/MP18230/2025-2026/166818-Lighting of public spaces,R.K. CHAUDHARY,MOHANLALGANJ(SC),2025-02-15,2025-06-15,7019025.0,Vendor Identification,120,120,120,6.846276851136478,1.3129619449249343,-1,-0.03516299276165369,True
Lok Sabha,West Bengal,Normal/Others,WS/MP18246/2026-2027/203855-Providing CCTV camera system for security of public areas,PATHAN YUSUF,BAHARAMPUR,2025-05-26,2026-05-19,3808000.0,Sanction,358,358,358,6.580697053760343,1.0473821475487988,-1,-0.03500427729450184,True
Lok Sabha,Jammu And Kashmir,Normal/Others,WS/MP18379/2025-2026/253274-Construction of public toilets and bathrooms,ABDUL RASHID SHEIKH,BARAMULLAH,2025-12-09,2026-01-01,2.46,Sanction,23,23,23,0.5390760987927766,-4.994238807418768,-1,-0.034913146860326316,True
Lok Sabha,Tamil Nadu,Normal/Others,WS/MP394/2025-2026/197304-Construction of rooms and halls in school and colleges,Shri vijayakumar Vasanth,KANNIYAKUMARI,2025-05-07,2025-12-06,5440000.0,Work partially Completed,213,213,213,6.735598979531717,1.2022840733201727,-1,-0.0347505778425351,True
Rajya Sabha,Tamil Nadu,Normal/Others,WS/MP165/2025-2026/254200-Construction of rooms and halls in school and colleges,Shri P. Chidambaram (2022-28) (2022-2028),,2025-12-24,2026-01-08,7700000.0,Work partially Completed,15,15,15,6.886490781574359,1.3531758753628154,-1,-0.03466483633025674,True
Lok Sabha,West Bengal,Normal/Others,WS/MP827/2025-2026/189521-Lighting of public spaces,Shatrughan Sinha,ASANSOL,2025-04-07,2025-05-28,8194000.0,Vendor Identification,51,51,51,6.913496012618643,1.3801811064070995,-1,-0.034662207242528,True
Lok Sabha,Tamil Nadu,Normal/Others,WS/MP18384/2026-2027/210453-Construction of bus-sheds or bus-stops,SELVARAJ V,NAGAPATTINAM(SC),2025-06-19,2026-05-29,4000000.0,Work partially Completed,344,344,344,6.6020600999015695,1.0687451936900256,-1,-0.034343033139081935,True
Lok Sabha,West Bengal,Normal/Others,WS/MP18254/2024-2025/156804-Construction of culverts and bridges,JUNE MALIAH,MEDINIPUR,2024-12-03,2025-03-12,7429927.0,Sanction,99,99,99,6.870984605233764,1.3376696990222205,-1,-0.034213965163150784,True
Lok Sabha,Andaman And Nicobar Islands,Normal/Others,WS/MP18275/2025-2026/274686-Security gates in streets/public place for safety purpose,BISHNU PADA RAY,ANDAMAN AND NICOBAR ISLANDS,2026-03-17,2026-03-18,7041042.0,Vendor Identification,1,1,1,6.8476369965843675,1.3143220903728237,-1,-0.03420356942243996,True
Lok Sabha,West Bengal,Normal/Others,WS/MP827/2025-2026/194319-Lighting of public spaces,Shatrughan Sinha,ASANSOL,2025-04-25,2025-05-23,9231040.0,Work Completed,28,28,28,6.965250679905937,1.4319357736943932,-1,-0.03418684720199083,True
Rajya Sabha,Karnataka,Normal/Others,WS/MP092/2025-2026/164734-Setting up of farmers’ training and assistance centers,Smt. Nirmala Sitharaman (2022-28) (2022-2028),,2025-01-10,2025-09-12,5000000.0,Work Completed,245,245,245,6.698970091194907,1.165655184983363,-1,-0.03418256669910558,True
Rajya Sabha,Assam,Normal/Others,WS/MP073/2026-2027/243464-Construction of buildings for community cultural activities,Shri Birendra Prasad Baishya (2025-31) (2025-2031),,2025-10-23,2026-06-29,5000000.0,Sanction,249,249,249,6.698970091194907,1.165655184983363,-1,-0.03413632332216099,True
Lok Sabha,Tripura,Normal/Others,WS/MP18197/2026-2027/221829-Installation of multi-gym equipment,BIPLAB KUMAR DEB,TRIPURA WEST,2025-07-24,2026-07-14,3750000.0,Sanction,355,355,355,6.574031383539565,1.0407164773280213,-1,-0.03406857584199385,True
Lok Sabha,Karnataka,Normal/Others,"WS/MP18076/2025-2026/201010-Purchase of IT systems, including hardware and software for educational purposes",DR C N MANJUNATH,BANGALORE RURAL,2025-05-19,2026-02-10,5000000.0,Work partially Completed,267,267,267,6.698970091194907,1.165655184983363,-1,-0.03396940596979092,True
Lok Sabha,Rajasthan,Normal/Others,WS/MP18165/2026-2027/218095-Construction of community centers and community halls,MANJU SHARMA,JAIPUR,2025-07-14,2026-04-09,5000000.0,Work partially Completed,269,269,269,6.698970091194907,1.165655184983363,-1,-0.03396940596979092,True
Lok Sabha,Tamil Nadu,Normal/Others,WS/MP756/2025-2026/170954-Construction of community centers and community halls,Thirumaa Valavan Thol,CHIDAMBARAM(SC),2025-01-31,2025-10-29,5000000.0,Work Completed,271,271,271,6.698970091194907,1.165655184983363,-1,-0.03396940596979092,True
Lok Sabha,Uttar Pradesh,Normal/Others,WS/MP18200/2025-2026/228661-Lighting of public spaces,KISHORI LAL,AMETHI,2025-08-24,2025-08-26,7200000.0,Work partially Completed,2,2,2,6.857332556749943,1.3240176505383987,-1,-0.03392916749519981,True
Lok Sabha,Maharashtra,Normal/Others,"WS/MP18361/2025-2026/218988-Construction of roads, link roads, pathways or any other road with or without drainage system",SANJAY DINA PATIL,MUMBAI NORTH EAST,2025-07-16,2026-03-25,5000000.0,Sanction,252,252,252,6.698970091194907,1.165655184983363,-1,-0.033824673551259954,True
Lok Sabha,Uttar Pradesh,Normal/Others,WS/MP18200/2025-2026/189870-Setting up public non-conventional energy plants,KISHORI LAL,AMETHI,2025-04-08,2025-08-26,6447168.0,Physical Inspection,140,140,140,6.809369054545753,1.2760541483342092,-1,-0.033762444711197825,True
Lok Sabha,Tamil Nadu,Normal/Others,"WS/MP459/2025-2026/149088-Construction of roads, link roads, pathways or any other road with or without drainage system",T Sumathy (A) Thamizhachi Thangapandian,CHENNAI SOUTH,2024-10-23,2025-10-13,3686000.0,Work Completed,355,355,355,6.566555448705742,1.0332405424941982,-1,-0.03375695662221412,True
Lok Sabha,West Bengal,Normal/Others,WS/MP249/2026-2027/282367-Lighting of public spaces,Shri Deepak (Dev) Adhikari,GHATAL,2026-07-18,2026-08-27,8737551.0,Sanction,40,40,40,6.941389773388457,1.4080748671769134,-1,-0.03373485163553103,True
Rajya Sabha,Karnataka,Normal/Others,WS/MP084/2025-2026/151227-Purchase of hospital equipment,Shri Jaggesh (2022-28) (2022-2028),,2024-11-07,2025-07-31,4990500.0,Physical Inspection,266,266,266,6.698144146948738,1.1648292407371938,-1,-0.03365783147124357,True
Lok Sabha,Tamil Nadu,Normal/Others,WS/MP18180/2025-2026/204508-Construction of rooms and halls in school and colleges,ARUN NEHRU,PERAMBALUR,2025-06-09,2026-02-09,4881560.0,Physical Inspection,245,245,245,6.688558720626,1.1552438144144563,-1,-0.03355936599954834,True
Lok Sabha,Maharashtra,Normal/Others,"WS/MP18120/2025-2026/169206-Construction of roads, link roads, pathways or any other road with or without drainage system",AASHTIKAR PATIL NAGESH BAPURAO,HINGOLI,2025-01-27,2025-10-10,4994258.0,Physical Inspection,256,256,256,6.698471060913631,1.1651561547020872,-1,-0.033513164320640776,True
Rajya Sabha,Uttar Pradesh,Normal/Others,WS/MP196/2025-2026/241204-Setting up of farmers’ training and assistance centers,Shri Brij Lal (2020-26) (2020-2026),,2025-10-09,2025-12-08,7696000.0,Sanction,60,60,60,6.886265115460948,1.3529502092494043,-1,-0.03341199120702021,True
Rajya Sabha,Andhra Pradesh,Normal/Others,WS/MP840/2024-2025/105499-Construction of public libraries and reading rooms,Shri V. Vijayendra Prasad (2022-28) (2022-2028),,2024-02-15,2024-07-27,6500000.0,Work Completed,163,163,163,6.8129134234573865,1.2795985172458426,-1,-0.03328524469161587,True
Lok Sabha,West Bengal,Normal/Others,WS/MP18247/2024-2025/145107-Street lights,ARUP CHAKRABORTY,BANKURA,2024-10-02,2024-12-10,7600000.0,Sanction,69,69,69,6.880813649424798,1.3474987432132544,-1,-0.03305784613533502,True
Lok Sabha,Uttar Pradesh,Normal/Others,WS/MP18198/2026-2027/268853-Installing hand pumps,UJJWAL RAMAN SINGH,ALLAHABAD,2026-02-17,2026-04-01,7759136.0,Work partially Completed,43,43,43,6.8898134201009436,1.3564985138893997,-1,-0.03290261600208777,True
Lok Sabha,Uttar Pradesh,Normal/Others,WS/MP792/2024-2025/176431-Lighting of public spaces,Jai Prakash,HARDOI (SC),2025-02-19,2025-03-30,8594232.0,Vendor Identification,39,39,39,6.934207123753582,1.4008922175420384,-1,-0.03289214214714442,True
Lok Sabha,Tamil Nadu,Repair and Renovation,WS/MP459/2025-2026/169435-Development of public parks,T Sumathy (A) Thamizhachi Thangapandian,CHENNAI SOUTH,2025-01-28,2026-02-19,3525000.0,Time Estimation,387,387,387,6.5471592445315085,0.9164306191394136,-1,-0.03282294186844614,True
Lok Sabha,Tamil Nadu,Normal/Others,WS/MP394/2025-2026/197305-Construction of rooms and halls in school and colleges,Shri vijayakumar Vasanth,KANNIYAKUMARI,2025-05-07,2025-11-26,5440000.0,Work partially Completed,203,203,203,6.735598979531717,1.2022840733201727,-1,-0.032707431689554145,True
Lok Sabha,Kerala,Normal/Others,WS/MP352/2025-2026/194213-Development of playfields and sports grounds,Shri Hibi Eden,ERNAKULAM,2025-04-24,2025-11-13,5400000.0,Sanction,203,203,203,6.732393840247865,1.1990789340363213,-1,-0.032707431689554145,True
Rajya Sabha,Uttar Pradesh,Normal/Others,"WS/MP182/2025-2026/190032-Construction of roads, link roads, pathways or any other road with or without drainage system",Dr. Radha Mohan Das Agrawal (2022-28) (2022-2028),,2025-04-09,2025-04-15,7268000.0,Physical Inspection,6,6,6,6.861414978390324,1.3281000721787803,-1,-0.03268378481962997,True
Lok Sabha,Andhra Pradesh,Normal/Others,WS/MP18009/2024-2025/157138-Construction of community centers and community halls,B K PARTHASARATHI,HINDUPUR,2024-12-06,2025-01-18,8000000.0,Vendor Identification,43,43,43,6.903090041278751,1.369775135067207,-1,-0.03259152257869802,True
Lok Sabha,Uttar Pradesh,Normal/Others,WS/MP792/2025-2026/225860-Lighting of public spaces,Jai Prakash,HARDOI (SC),2025-08-08,2025-08-13,6968560.0,Work partially Completed,5,5,5,6.843143106034777,1.309828199823233,-1,-0.032582067867222064,True
Lok Sabha,Maharashtra,Normal/Others,"WS/MP18307/2025-2026/143603-Construction of roads, link roads, pathways or any other road with or without drainage system",Piyush Vedprakash Goyal,MUMBAI NORTH,2024-09-25,2026-01-30,2500000.0,Work partially Completed,492,492,492,6.397940182389796,0.864625276178252,-1,-0.032546431475201754,True
Rajya Sabha,Uttar Pradesh,Normal/Others,"WS/MP183/2025-2026/194332-Construction of roads, link roads, pathways or any other road with or without drainage system",Prof. Ram Gopal Yadav (2020-26) (2020-2026),,2025-04-25,2025-05-28,8997000.0,Work partially Completed,33,33,33,6.95409776875022,1.420782862538676,-1,-0.03246368538926492,True
Rajya Sabha,Maharashtra,Normal/Others,"WS/MP18290/2025-2026/176899-Construction of roads, link roads, pathways or any other road with or without drainage system",Shri Chandrakant Damodar Handore (2024-30) (2024-2030),,2025-02-21,2025-08-06,6200000.0,Vendor Identification,166,166,166,6.792391759545746,1.2590768533342018,-1,-0.03235186781384625,True
Rajya Sabha,Maharashtra,Normal/Others,"WS/MP18290/2025-2026/176897-Construction of roads, link roads, pathways or any other road with or without drainage system",Shri Chandrakant Damodar Handore (2024-30) (2024-2030),,2025-02-21,2025-08-06,6200000.0,Vendor Identification,166,166,166,6.792391759545746,1.2590768533342018,-1,-0.03235186781384625,True
Rajya Sabha,Karnataka,Normal/Others,WS/MP092/2025-2026/164729-Setting up of farmers’ training and assistance centers,Smt. Nirmala Sitharaman (2022-28) (2022-2028),,2025-01-10,2025-09-15,4786000.0,Work Completed,248,248,248,6.679972785020093,1.1466578788085489,-1,-0.03231464992945943,True
Lok Sabha,Haryana,Normal/Others,WS/MP18065/2026-2027/152353-Construction of veterinary hospitals and dispensaries,DEEPENDER SINGH HOODA,ROHTAK,2024-11-14,2026-06-19,2100000.0,Vendor Identification,582,582,582,6.322219501540766,0.788904595329222,-1,-0.03230063849577569,True
Lok Sabha,West Bengal,Normal/Others,"WS/MP18244/2025-2026/195301-Construction of roads, link roads, pathways or any other road with or without drainage system",MANOJ TIGGA,ALIPURDUARS(ST),2025-04-29,2026-01-14,4813790.0,Sanction,260,260,260,6.6824872306176335,1.1491723244060896,-1,-0.03226853153386133,True
Lok Sabha,Uttar Pradesh,Normal/Others,WS/MP792/2025-2026/225865-Lighting of public spaces,Jai Prakash,HARDOI (SC),2025-08-08,2025-09-15,8710700.0,Vendor Identification,38,38,38,6.940053106578438,1.4067382003668945,-1,-0.0322418241309701,True
Lok Sabha,Kerala,Normal/Others,WS/MP348/2025-2026/149704-Construction of additional rooms and halls in the existing public and community building,Shri Benny Behanan,CHALAKUDY,2024-10-28,2025-11-06,3500000.0,Sanction,374,374,374,6.5440681684343955,1.0107532622228517,-1,-0.032200967153888094,True
Lok Sabha,West Bengal,Normal/Others,WS/MP823/2025-2026/205552-Construction of community centers and community halls,Ms Mahua Moitra,KRISHNANAGAR,2025-05-31,2026-01-20,5199735.0,Sanction,234,234,234,6.715981294278307,1.182666388066763,-1,-0.03200382165279936,True
Lok Sabha,West Bengal,Normal/Others,WS/MP18244/2026-2027/218578-Street lights,MANOJ TIGGA,ALIPURDUARS(ST),2025-07-15,2026-06-12,4113486.0,Sanction,332,332,332,6.614210129128007,1.080895222916463,-1,-0.031997341307455796,True
Rajya Sabha,Puducherry,Normal/Others,WS/MP139/2025-2026/136374-Purchase of training equipment,Shri S. Selvaganabathy (2021-27) (2021-2027),,2024-08-19,2025-10-15,3000000.0,Physical Inspection,422,422,422,6.477121399484465,0.9438064932729215,-1,-0.031908537092335765,True
Lok Sabha,Kerala,Normal/Others,"WS/MP18097/2026-2027/186295-Purchase of prosthetics, wheel chairs, tricycles (manual or motorized), elect scooties, hearing aids",SHAFI PARAMBIL,VADAKARA,2025-03-25,2026-08-07,80000.0,Sanction,500,500,500,4.903095415639038,-0.6302194905725056,-1,-0.031832700891060606,True
Lok Sabha,Tamil Nadu,Normal/Others,WS/MP18384/2026-2027/210459-Construction of bus-sheds or bus-stops,SELVARAJ V,NAGAPATTINAM(SC),2025-06-19,2026-05-22,4000000.0,Physical Inspection,337,337,337,6.6020600999015695,1.0687451936900256,-1,-0.03168665612296939,True
Rajya Sabha,Karnataka,Normal/Others,WS/MP092/2025-2026/164735-Setting up of farmers’ training and assistance centers,Smt. Nirmala Sitharaman (2022-28) (2022-2028),,2025-01-10,2025-08-20,5000000.0,Work Completed,222,222,222,6.698970091194907,1.165655184983363,-1,-0.03164705673570534,True
Lok Sabha,West Bengal,Normal/Others,WS/MP249/2026-2027/282365-Street lights,Shri Deepak (Dev) Adhikari,GHATAL,2026-07-18,2026-08-27,8400000.0,Sanction,40,40,40,6.924279337763602,1.3909644315520584,-1,-0.03155751797668982,True
Rajya Sabha,Rajasthan,Normal/Others,WS/MP146/2025-2026/196007-Providing drains and gutters for public drainage,Shri Mukul Wasnik (2022-28) (2022-2028),,2025-05-03,2025-12-26,5000000.0,Vendor Identification,237,237,237,6.698970091194907,1.165655184983363,-1,-0.03138258554574114,True
Lok Sabha,Goa,Normal/Others,"WS/MP18052/2025-2026/188247-Purchase of ambulances (Four, three and two wheelers)",CAPTAIN VIRIATO FERNANDES,SOUTH GOA,2025-04-03,2025-11-28,5000000.0,Vendor Identification,239,239,239,6.698970091194907,1.165655184983363,-1,-0.03138258554574114,True
Lok Sabha,Tamil Nadu,Normal/Others,WS/MP740/2026-2027/140337-Construction of community centers and community halls,Andimuthu Raja,NILGIRIS(SC),2024-09-11,2026-07-15,1695000.0,Sanction,672,672,672,6.229169958759958,0.6958550525484144,-1,-0.03122322686802692,True
Lok Sabha,Uttar Pradesh,Normal/Others,WS/MP18230/2025-2026/161482-Lighting of public spaces,R.K. CHAUDHARY,MOHANLALGANJ(SC),2024-12-28,2025-06-15,5714566.0,Vendor Identification,169,169,169,6.7569833289334245,1.2236684227218806,-1,-0.03079904365436814,True
Rajya Sabha,Goa,Normal/Others,WS/MP885/2024-2025/106744-Construction of rooms and halls in school and colleges,Shri Sadanand Mhalu Shet Tanavade (2023-29) (2023-2029),,2024-02-16,2025-01-14,4008840.0,Sanction,333,333,333,6.603018831458304,1.0697039252467597,-1,-0.03075544094858884,True
Rajya Sabha,Assam,Normal/Others,WS/MP831/2026-2027/244806-Construction of public irrigation facilities,Shri Rwngwra Narzary (2022-28) (2022-2028),,2025-10-30,2026-08-18,4500000.0,Vendor Identification,292,292,292,6.653212610285218,1.119897704073674,-1,-0.03058934017622983,True
Rajya Sabha,Puducherry,Normal/Others,WS/MP139/2025-2026/146687-Providing drains and gutters for public drainage,Shri S. Selvaganabathy (2021-27) (2021-2027),,2024-10-10,2025-07-29,4500000.0,Sanction,292,292,292,6.653212610285218,1.119897704073674,-1,-0.03058934017622983,True
Lok Sabha,Karnataka,Normal/Others,WS/MP18355/2026-2027/158360-Installing community drinking water plants,SHOBHA KARANDLAJE,BANGALORE NORTH,2024-12-12,2026-07-21,2000000.0,Work partially Completed,586,586,586,6.301030212811168,0.7677153065996238,-1,-0.03044514526507125,True
Lok Sabha,Maharashtra,Normal/Others,WS/MP664/2026-2027/146584-Construction of community centers and community halls,Arvind Ganpat Sawant,MUMBAI SOUTH,2024-10-09,2026-05-18,2000000.0,Vendor Identification,586,586,586,6.301030212811168,0.7677153065996238,-1,-0.03044514526507125,True
Lok Sabha,Maharashtra,Normal/Others,WS/MP664/2026-2027/146582-Providing supply pipelines for drinking water,Arvind Ganpat Sawant,MUMBAI SOUTH,2024-10-09,2026-05-18,2000000.0,Vendor Identification,586,586,586,6.301030212811168,0.7677153065996238,-1,-0.03044514526507125,True
Lok Sabha,West Bengal,Repair and Renovation,WS/MP858/2025-2026/264647-Construction of stadiums,Asit Kumar Mal,BOLPUR(SC),2026-02-02,2026-03-10,8983692.0,Sanction,36,36,36,6.953454902349123,1.3227262769570283,-1,-0.030443452478067234,True
Rajya Sabha,Uttar Pradesh,Normal/Others,"WS/MP183/2023-2024/119974-Construction of roads, link roads, pathways or any other road with or without drainage system",Prof. Ram Gopal Yadav (2020-26) (2020-2026),,2024-03-04,2024-03-12,6990753.0,Physical Inspection,8,8,8,6.844524019862912,1.3112091136513682,-1,-0.03040836827096427,True
Rajya Sabha,Andhra Pradesh,Normal/Others,WS/MP032/2025-2026/190649-Construction of rooms and halls in school and colleges,Shri S Niranjan Reddy (2022-28) (2022-2028),,2025-04-11,2025-05-06,8000000.0,Work partially Completed,25,25,25,6.903090041278751,1.369775135067207,-1,-0.030367436760208255,True
Lok Sabha,Manipur,Normal/Others,WS/MP18371/2025-2026/237932-Construction of community centers and community halls,ANGOMCHA BIMOL AKOIJAM,INNER MANIPUR,2025-09-25,2025-10-20,8100000.0,Work partially Completed,25,25,25,6.90848507249525,1.3751701662837057,-1,-0.030367436760208255,True
Rajya Sabha,Maharashtra,Normal/Others,"WS/MP116/2025-2026/174213-Construction of roads, link roads, pathways or any other road with or without drainage system",Shri Sanjay Raut (2022-28) (2022-2028),,2025-02-07,2026-03-31,3000000.0,Sanction,417,417,417,6.477121399484465,0.9438064932729215,-1,-0.030356711644573986,True
Rajya Sabha,Maharashtra,Normal/Others,"WS/MP116/2025-2026/174188-Construction of roads, link roads, pathways or any other road with or without drainage system",Shri Sanjay Raut (2022-28) (2022-2028),,2025-02-07,2026-03-31,3000000.0,Sanction,417,417,417,6.477121399484465,0.9438064932729215,-1,-0.030356711644573986,True
Rajya Sabha,Maharashtra,Normal/Others,"WS/MP116/2025-2026/174231-Construction of roads, link roads, pathways or any other road with or without drainage system",Shri Sanjay Raut (2022-28) (2022-2028),,2025-02-07,2026-03-31,3000000.0,Sanction,417,417,417,6.477121399484465,0.9438064932729215,-1,-0.030356711644573986,True
Rajya Sabha,Maharashtra,Normal/Others,"WS/MP116/2025-2026/174228-Construction of roads, link roads, pathways or any other road with or without drainage system",Shri Sanjay Raut (2022-28) (2022-2028),,2025-02-07,2026-03-31,3000000.0,Sanction,417,417,417,6.477121399484465,0.9438064932729215,-1,-0.030356711644573986,True
Rajya Sabha,Bihar,Normal/Others,WS/MP001/2025-2026/196983-Construction of community centers and community halls,Shri Shambhu Sharan Patel (2022-28) (2022-2028),,2025-05-07,2025-07-15,7499800.0,Sanction,69,69,69,6.875049739958569,1.341734833747025,-1,-0.03030840570906168,True
Lok Sabha,Tamil Nadu,Normal/Others,WS/MP458/2025-2026/149731-Construction of community centers and community halls,Kanimozhi Karunanidhi,THOOTHUKKUDI,2024-11-02,2025-09-29,4000000.0,Physical Inspection,331,331,331,6.6020600999015695,1.0687451936900256,-1,-0.030135330516777303,True
Rajya Sabha,Karnataka,Normal/Others,"WS/MP833/2024-2025/92741-Construction of roads, link roads, pathways or any other road with or without drainage system",Shri Jairam Ramesh (2022-28) (2022-2028),,2024-02-21,2024-09-24,5000000.0,Work Completed,216,216,216,6.698970091194907,1.165655184983363,-1,-0.030095820336893064,True
Lok Sabha,Jammu And Kashmir,Normal/Others,"WS/MP600/2025-2026/203045-Purchase of ambulances (Four, three and two wheelers)",Jitendra Singh,UDHAMPUR,2025-05-23,2025-06-18,8000000.0,Work Completed,26,26,26,6.903090041278751,1.369775135067207,-1,-0.030057486590683413,True
Lok Sabha,Tamil Nadu,Normal/Others,WS/MP747/2026-2027/178049-Construction of community centers and community halls,Manickam Tagore B,VIRUDHUNAGAR,2025-03-24,2026-05-13,2999494.0,Physical Inspection,415,415,415,6.477048142328076,0.9437332361165325,-1,-0.030046766311602524,True
Rajya Sabha,Andhra Pradesh,Normal/Others,WS/MP840/2025-2026/189537-Purchase of non-conventional energy system and devices for community use,Shri V. Vijayendra Prasad (2022-28) (2022-2028),,2025-04-07,2025-10-31,5000000.0,Physical Inspection,207,207,207,6.698970091194907,1.165655184983363,-1,-0.030040447970792417,True
Lok Sabha,Tamil Nadu,Normal/Others,WS/MP18180/2026-2027/231211-Construction of rooms and halls in school and colleges,ARUN NEHRU,PERAMBALUR,2025-09-11,2026-08-28,3650000.0,Physical Inspection,351,351,351,6.562292983441248,1.028978077229704,-1,-0.030028468948455678,True
Lok Sabha,Tamil Nadu,Normal/Others,WS/MP743/2025-2026/191328-Purchase of books and periodicals for libraries/digitization of library books,Ganesan Selvam,KANCHEEPURAM(SC),2025-04-21,2025-06-18,10000.0,Physical Inspection,58,58,58,4.000043427276863,-1.5332714789346813,-1,-0.029909752602765627,True
Lok Sabha,Tamil Nadu,Normal/Others,WS/MP743/2025-2026/191358-Purchase of books and periodicals for libraries/digitization of library books,Ganesan Selvam,KANCHEEPURAM(SC),2025-04-21,2025-06-18,10000.0,Physical Inspection,58,58,58,4.000043427276863,-1.5332714789346813,-1,-0.029909752602765627,True
Lok Sabha,Tamil Nadu,Normal/Others,WS/MP743/2025-2026/191357-Purchase of books and periodicals for libraries/digitization of library books,Ganesan Selvam,KANCHEEPURAM(SC),2025-04-21,2025-06-18,10000.0,Physical Inspection,58,58,58,4.000043427276863,-1.5332714789346813,-1,-0.029909752602765627,True
Lok Sabha,Tamil Nadu,Normal/Others,WS/MP743/2025-2026/191356-Purchase of books and periodicals for libraries/digitization of library books,Ganesan Selvam,KANCHEEPURAM(SC),2025-04-21,2025-06-18,10000.0,Physical Inspection,58,58,58,4.000043427276863,-1.5332714789346813,-1,-0.029909752602765627,True
Lok Sabha,Tamil Nadu,Normal/Others,WS/MP743/2025-2026/191355-Purchase of books and periodicals for libraries/digitization of library books,Ganesan Selvam,KANCHEEPURAM(SC),2025-04-21,2025-06-18,10000.0,Physical Inspection,58,58,58,4.000043427276863,-1.5332714789346813,-1,-0.029909752602765627,True
Lok Sabha,Tamil Nadu,Normal/Others,WS/MP743/2025-2026/191354-Purchase of books and periodicals for libraries/digitization of library books,Ganesan Selvam,KANCHEEPURAM(SC),2025-04-21,2025-06-18,10000.0,Physical Inspection,58,58,58,4.000043427276863,-1.5332714789346813,-1,-0.029909752602765627,True
Lok Sabha,Tamil Nadu,Normal/Others,WS/MP743/2025-2026/191351-Purchase of books and periodicals for libraries/digitization of library books,Ganesan Selvam,KANCHEEPURAM(SC),2025-04-21,2025-06-18,10000.0,Physical Inspection,58,58,58,4.000043427276863,-1.5332714789346813,-1,-0.029909752602765627,True
Lok Sabha,Tamil Nadu,Normal/Others,WS/MP743/2025-2026/191348-Purchase of books and periodicals for libraries/digitization of library books,Ganesan Selvam,KANCHEEPURAM(SC),2025-04-21,2025-06-18,10000.0,Physical Inspection,58,58,58,4.000043427276863,-1.5332714789346813,-1,-0.029909752602765627,True
Lok Sabha,Tamil Nadu,Normal/Others,WS/MP743/2025-2026/191795-Purchase of books and periodicals for libraries/digitization of library books,Ganesan Selvam,KANCHEEPURAM(SC),2025-04-21,2025-06-18,10000.0,Physical Inspection,58,58,58,4.000043427276863,-1.5332714789346813,-1,-0.029909752602765627,True
Lok Sabha,Tamil Nadu,Normal/Others,WS/MP743/2025-2026/191794-Purchase of books and periodicals for libraries/digitization of library books,Ganesan Selvam,KANCHEEPURAM(SC),2025-04-21,2025-06-18,10000.0,Physical Inspection,58,58,58,4.000043427276863,-1.5332714789346813,-1,-0.029909752602765627,True
Lok Sabha,Tamil Nadu,Normal/Others,WS/MP743/2025-2026/191791-Purchase of books and periodicals for libraries/digitization of library books,Ganesan Selvam,KANCHEEPURAM(SC),2025-04-21,2025-06-18,10000.0,Physical Inspection,58,58,58,4.000043427276863,-1.5332714789346813,-1,-0.029909752602765627,True
Lok Sabha,Tamil Nadu,Normal/Others,WS/MP743/2025-2026/191793-Purchase of books and periodicals for libraries/digitization of library books,Ganesan Selvam,KANCHEEPURAM(SC),2025-04-21,2025-06-18,10000.0,Physical Inspection,58,58,58,4.000043427276863,-1.5332714789346813,-1,-0.029909752602765627,True
Lok Sabha,Tamil Nadu,Normal/Others,WS/MP743/2025-2026/191375-Purchase of books and periodicals for libraries/digitization of library books,Ganesan Selvam,KANCHEEPURAM(SC),2025-04-21,2025-06-18,10000.0,Physical Inspection,58,58,58,4.000043427276863,-1.5332714789346813,-1,-0.029909752602765627,True
Lok Sabha,Tamil Nadu,Normal/Others,WS/MP743/2025-2026/191920-Purchase of books and periodicals for libraries/digitization of library books,Ganesan Selvam,KANCHEEPURAM(SC),2025-04-21,2025-06-18,10000.0,Physical Inspection,58,58,58,4.000043427276863,-1.5332714789346813,-1,-0.029909752602765627,True
Lok Sabha,Tamil Nadu,Normal/Others,WS/MP743/2025-2026/191922-Purchase of books and periodicals for libraries/digitization of library books,Ganesan Selvam,KANCHEEPURAM(SC),2025-04-21,2025-06-18,10000.0,Physical Inspection,58,58,58,4.000043427276863,-1.5332714789346813,-1,-0.029909752602765627,True
Lok Sabha,Tamil Nadu,Normal/Others,WS/MP743/2025-2026/191921-Purchase of books and periodicals for libraries/digitization of library books,Ganesan Selvam,KANCHEEPURAM(SC),2025-04-21,2025-06-18,10000.0,Physical Inspection,58,58,58,4.000043427276863,-1.5332714789346813,-1,-0.029909752602765627,True
Lok Sabha,Tamil Nadu,Normal/Others,WS/MP743/2025-2026/191373-Purchase of books and periodicals for libraries/digitization of library books,Ganesan Selvam,KANCHEEPURAM(SC),2025-04-21,2025-06-18,10000.0,Physical Inspection,58,58,58,4.000043427276863,-1.5332714789346813,-1,-0.029909752602765627,True
Lok Sabha,Tamil Nadu,Normal/Others,WS/MP743/2025-2026/191372-Purchase of books and periodicals for libraries/digitization of library books,Ganesan Selvam,KANCHEEPURAM(SC),2025-04-21,2025-06-18,10000.0,Physical Inspection,58,58,58,4.000043427276863,-1.5332714789346813,-1,-0.029909752602765627,True
Lok Sabha,Tamil Nadu,Normal/Others,WS/MP743/2025-2026/191370-Purchase of books and periodicals for libraries/digitization of library books,Ganesan Selvam,KANCHEEPURAM(SC),2025-04-21,2025-06-18,10000.0,Physical Inspection,58,58,58,4.000043427276863,-1.5332714789346813,-1,-0.029909752602765627,True
Lok Sabha,Tamil Nadu,Normal/Others,WS/MP743/2025-2026/191369-Purchase of books and periodicals for libraries/digitization of library books,Ganesan Selvam,KANCHEEPURAM(SC),2025-04-21,2025-06-18,10000.0,Physical Inspection,58,58,58,4.000043427276863,-1.5332714789346813,-1,-0.029909752602765627,True
Lok Sabha,Tamil Nadu,Normal/Others,WS/MP743/2025-2026/191368-Purchase of books and periodicals for libraries/digitization of library books,Ganesan Selvam,KANCHEEPURAM(SC),2025-04-21,2025-06-18,10000.0,Physical Inspection,58,58,58,4.000043427276863,-1.5332714789346813,-1,-0.029909752602765627,True
Lok Sabha,Tamil Nadu,Normal/Others,WS/MP743/2025-2026/191367-Purchase of books and periodicals for libraries/digitization of library books,Ganesan Selvam,KANCHEEPURAM(SC),2025-04-21,2025-06-18,10000.0,Physical Inspection,58,58,58,4.000043427276863,-1.5332714789346813,-1,-0.029909752602765627,True
Lok Sabha,Tamil Nadu,Normal/Others,WS/MP743/2025-2026/191924-Purchase of books and periodicals for libraries/digitization of library books,Ganesan Selvam,KANCHEEPURAM(SC),2025-04-21,2025-06-18,10000.0,Physical Inspection,58,58,58,4.000043427276863,-1.5332714789346813,-1,-0.029909752602765627,True
Lok Sabha,Tamil Nadu,Normal/Others,WS/MP743/2025-2026/191923-Purchase of books and periodicals for libraries/digitization of library books,Ganesan Selvam,KANCHEEPURAM(SC),2025-04-21,2025-06-18,10000.0,Physical Inspection,58,58,58,4.000043427276863,-1.5332714789346813,-1,-0.029909752602765627,True
Lok Sabha,Tamil Nadu,Normal/Others,WS/MP743/2025-2026/191800-Purchase of books and periodicals for libraries/digitization of library books,Ganesan Selvam,KANCHEEPURAM(SC),2025-04-21,2025-06-18,10000.0,Physical Inspection,58,58,58,4.000043427276863,-1.5332714789346813,-1,-0.029909752602765627,True
Lok Sabha,Tamil Nadu,Normal/Others,WS/MP743/2025-2026/191377-Purchase of books and periodicals for libraries/digitization of library books,Ganesan Selvam,KANCHEEPURAM(SC),2025-04-21,2025-06-18,10000.0,Physical Inspection,58,58,58,4.000043427276863,-1.5332714789346813,-1,-0.029909752602765627,True
Lok Sabha,Tamil Nadu,Normal/Others,WS/MP743/2025-2026/191374-Purchase of books and periodicals for libraries/digitization of library books,Ganesan Selvam,KANCHEEPURAM(SC),2025-04-21,2025-06-18,10000.0,Physical Inspection,58,58,58,4.000043427276863,-1.5332714789346813,-1,-0.029909752602765627,True
Lok Sabha,Tamil Nadu,Normal/Others,WS/MP743/2025-2026/191378-Purchase of books and periodicals for libraries/digitization of library books,Ganesan Selvam,KANCHEEPURAM(SC),2025-04-21,2025-06-18,10000.0,Physical Inspection,58,58,58,4.000043427276863,-1.5332714789346813,-1,-0.029909752602765627,True
Lok Sabha,Tamil Nadu,Normal/Others,WS/MP743/2025-2026/191798-Purchase of books and periodicals for libraries/digitization of library books,Ganesan Selvam,KANCHEEPURAM(SC),2025-04-21,2025-06-18,10000.0,Physical Inspection,58,58,58,4.000043427276863,-1.5332714789346813,-1,-0.029909752602765627,True
Lok Sabha,Tamil Nadu,Normal/Others,WS/MP743/2025-2026/191797-Purchase of books and periodicals for libraries/digitization of library books,Ganesan Selvam,KANCHEEPURAM(SC),2025-04-21,2025-06-18,10000.0,Physical Inspection,58,58,58,4.000043427276863,-1.5332714789346813,-1,-0.029909752602765627,True
Lok Sabha,Tamil Nadu,Normal/Others,WS/MP743/2025-2026/191325-Purchase of books and periodicals for libraries/digitization of library books,Ganesan Selvam,KANCHEEPURAM(SC),2025-04-21,2025-06-18,10000.0,Physical Inspection,58,58,58,4.000043427276863,-1.5332714789346813,-1,-0.029909752602765627,True
Lok Sabha,Tamil Nadu,Normal/Others,WS/MP743/2025-2026/191799-Purchase of books and periodicals for libraries/digitization of library books,Ganesan Selvam,KANCHEEPURAM(SC),2025-04-21,2025-06-18,10000.0,Physical Inspection,58,58,58,4.000043427276863,-1.5332714789346813,-1,-0.029909752602765627,True
Lok Sabha,Tamil Nadu,Normal/Others,WS/MP743/2025-2026/191321-Purchase of books and periodicals for libraries/digitization of library books,Ganesan Selvam,KANCHEEPURAM(SC),2025-04-21,2025-06-18,10000.0,Physical Inspection,58,58,58,4.000043427276863,-1.5332714789346813,-1,-0.029909752602765627,True
Lok Sabha,Tamil Nadu,Normal/Others,WS/MP743/2025-2026/191931-Purchase of books and periodicals for libraries/digitization of library books,Ganesan Selvam,KANCHEEPURAM(SC),2025-04-21,2025-06-18,10000.0,Physical Inspection,58,58,58,4.000043427276863,-1.5332714789346813,-1,-0.029909752602765627,True
Lok Sabha,Tamil Nadu,Normal/Others,WS/MP743/2025-2026/191319-Purchase of books and periodicals for libraries/digitization of library books,Ganesan Selvam,KANCHEEPURAM(SC),2025-04-21,2025-06-18,10000.0,Physical Inspection,58,58,58,4.000043427276863,-1.5332714789346813,-1,-0.029909752602765627,True
Lok Sabha,Tamil Nadu,Normal/Others,WS/MP743/2025-2026/191320-Purchase of books and periodicals for libraries/digitization of library books,Ganesan Selvam,KANCHEEPURAM(SC),2025-04-21,2025-06-18,10000.0,Physical Inspection,58,58,58,4.000043427276863,-1.5332714789346813,-1,-0.029909752602765627,True
Lok Sabha,Tamil Nadu,Normal/Others,WS/MP743/2025-2026/191930-Purchase of books and periodicals for libraries/digitization of library books,Ganesan Selvam,KANCHEEPURAM(SC),2025-04-21,2025-06-18,10000.0,Physical Inspection,58,58,58,4.000043427276863,-1.5332714789346813,-1,-0.029909752602765627,True
Lok Sabha,Tamil Nadu,Normal/Others,WS/MP743/2025-2026/191926-Purchase of books and periodicals for libraries/digitization of library books,Ganesan Selvam,KANCHEEPURAM(SC),2025-04-21,2025-06-18,10000.0,Physical Inspection,58,58,58,4.000043427276863,-1.5332714789346813,-1,-0.029909752602765627,True
Lok Sabha,Tamil Nadu,Normal/Others,WS/MP743/2025-2026/191927-Purchase of books and periodicals for libraries/digitization of library books,Ganesan Selvam,KANCHEEPURAM(SC),2025-04-21,2025-06-18,10000.0,Physical Inspection,58,58,58,4.000043427276863,-1.5332714789346813,-1,-0.029909752602765627,True
Lok Sabha,Tamil Nadu,Normal/Others,WS/MP743/2025-2026/191929-Purchase of books and periodicals for libraries/digitization of library books,Ganesan Selvam,KANCHEEPURAM(SC),2025-04-21,2025-06-18,10000.0,Physical Inspection,58,58,58,4.000043427276863,-1.5332714789346813,-1,-0.029909752602765627,True
Lok Sabha,Tamil Nadu,Normal/Others,WS/MP743/2025-2026/191925-Purchase of books and periodicals for libraries/digitization of library books,Ganesan Selvam,KANCHEEPURAM(SC),2025-04-21,2025-06-18,10000.0,Physical Inspection,58,58,58,4.000043427276863,-1.5332714789346813,-1,-0.029909752602765627,True
Lok Sabha,Tamil Nadu,Normal/Others,WS/MP743/2025-2026/191322-Purchase of books and periodicals for libraries/digitization of library books,Ganesan Selvam,KANCHEEPURAM(SC),2025-04-21,2025-06-18,10000.0,Physical Inspection,58,58,58,4.000043427276863,-1.5332714789346813,-1,-0.029909752602765627,True
Lok Sabha,Tamil Nadu,Normal/Others,WS/MP743/2025-2026/191323-Purchase of books and periodicals for libraries/digitization of library books,Ganesan Selvam,KANCHEEPURAM(SC),2025-04-21,2025-06-18,10000.0,Physical Inspection,58,58,58,4.000043427276863,-1.5332714789346813,-1,-0.029909752602765627,True
Lok Sabha,Tamil Nadu,Normal/Others,WS/MP743/2025-2026/191324-Purchase of books and periodicals for libraries/digitization of library books,Ganesan Selvam,KANCHEEPURAM(SC),2025-04-21,2025-06-18,10000.0,Physical Inspection,58,58,58,4.000043427276863,-1.5332714789346813,-1,-0.029909752602765627,True
Lok Sabha,Tamil Nadu,Normal/Others,WS/MP743/2025-2026/191326-Purchase of books and periodicals for libraries/digitization of library books,Ganesan Selvam,KANCHEEPURAM(SC),2025-04-21,2025-06-18,10000.0,Physical Inspection,58,58,58,4.000043427276863,-1.5332714789346813,-1,-0.029909752602765627,True
Lok Sabha,Tamil Nadu,Normal/Others,WS/MP743/2025-2026/191327-Purchase of books and periodicals for libraries/digitization of library books,Ganesan Selvam,KANCHEEPURAM(SC),2025-04-21,2025-06-18,10000.0,Physical Inspection,58,58,58,4.000043427276863,-1.5332714789346813,-1,-0.029909752602765627,True
Lok Sabha,Tamil Nadu,Normal/Others,WS/MP743/2025-2026/191363-Purchase of books and periodicals for libraries/digitization of library books,Ganesan Selvam,KANCHEEPURAM(SC),2025-04-21,2025-06-18,10000.0,Physical Inspection,58,58,58,4.000043427276863,-1.5332714789346813,-1,-0.029909752602765627,True
Lok Sabha,Tamil Nadu,Normal/Others,WS/MP743/2025-2026/191366-Purchase of books and periodicals for libraries/digitization of library books,Ganesan Selvam,KANCHEEPURAM(SC),2025-04-21,2025-06-18,10000.0,Physical Inspection,58,58,58,4.000043427276863,-1.5332714789346813,-1,-0.029909752602765627,True
Lok Sabha,Tamil Nadu,Normal/Others,WS/MP743/2025-2026/191347-Purchase of books and periodicals for libraries/digitization of library books,Ganesan Selvam,KANCHEEPURAM(SC),2025-04-21,2025-06-18,10000.0,Physical Inspection,58,58,58,4.000043427276863,-1.5332714789346813,-1,-0.029909752602765627,True
Lok Sabha,Tamil Nadu,Normal/Others,WS/MP743/2025-2026/191345-Purchase of books and periodicals for libraries/digitization of library books,Ganesan Selvam,KANCHEEPURAM(SC),2025-04-21,2025-06-18,10000.0,Physical Inspection,58,58,58,4.000043427276863,-1.5332714789346813,-1,-0.029909752602765627,True
Lok Sabha,Tamil Nadu,Normal/Others,WS/MP743/2025-2026/191341-Purchase of books and periodicals for libraries/digitization of library books,Ganesan Selvam,KANCHEEPURAM(SC),2025-04-21,2025-06-18,10000.0,Physical Inspection,58,58,58,4.000043427276863,-1.5332714789346813,-1,-0.029909752602765627,True
Lok Sabha,Tamil Nadu,Normal/Others,WS/MP743/2025-2026/191339-Purchase of books and periodicals for libraries/digitization of library books,Ganesan Selvam,KANCHEEPURAM(SC),2025-04-21,2025-06-18,10000.0,Physical Inspection,58,58,58,4.000043427276863,-1.5332714789346813,-1,-0.029909752602765627,True
Lok Sabha,Tamil Nadu,Normal/Others,WS/MP743/2025-2026/191336-Purchase of books and periodicals for libraries/digitization of library books,Ganesan Selvam,KANCHEEPURAM(SC),2025-04-21,2025-06-18,10000.0,Physical Inspection,58,58,58,4.000043427276863,-1.5332714789346813,-1,-0.029909752602765627,True
Lok Sabha,Tamil Nadu,Normal/Others,WS/MP743/2025-2026/191337-Purchase of books and periodicals for libraries/digitization of library books,Ganesan Selvam,KANCHEEPURAM(SC),2025-04-21,2025-06-18,10000.0,Physical Inspection,58,58,58,4.000043427276863,-1.5332714789346813,-1,-0.029909752602765627,True
Lok Sabha,Tamil Nadu,Normal/Others,WS/MP743/2025-2026/191334-Purchase of books and periodicals for libraries/digitization of library books,Ganesan Selvam,KANCHEEPURAM(SC),2025-04-21,2025-06-18,10000.0,Physical Inspection,58,58,58,4.000043427276863,-1.5332714789346813,-1,-0.029909752602765627,True
Lok Sabha,Tamil Nadu,Normal/Others,WS/MP743/2025-2026/191329-Purchase of books and periodicals for libraries/digitization of library books,Ganesan Selvam,KANCHEEPURAM(SC),2025-04-21,2025-06-18,10000.0,Physical Inspection,58,58,58,4.000043427276863,-1.5332714789346813,-1,-0.029909752602765627,True
Lok Sabha,Tamil Nadu,Normal/Others,WS/MP743/2025-2026/191360-Purchase of books and periodicals for libraries/digitization of library books,Ganesan Selvam,KANCHEEPURAM(SC),2025-04-21,2025-06-18,10000.0,Physical Inspection,58,58,58,4.000043427276863,-1.5332714789346813,-1,-0.029909752602765627,True
Lok Sabha,Tamil Nadu,Normal/Others,WS/MP743/2025-2026/191364-Purchase of books and periodicals for libraries/digitization of library books,Ganesan Selvam,KANCHEEPURAM(SC),2025-04-21,2025-06-18,10000.0,Physical Inspection,58,58,58,4.000043427276863,-1.5332714789346813,-1,-0.029909752602765627,True
Lok Sabha,Tamil Nadu,Normal/Others,WS/MP743/2025-2026/191365-Purchase of books and periodicals for libraries/digitization of library books,Ganesan Selvam,KANCHEEPURAM(SC),2025-04-21,2025-06-18,10000.0,Physical Inspection,58,58,58,4.000043427276863,-1.5332714789346813,-1,-0.029909752602765627,True
Lok Sabha,Tamil Nadu,Normal/Others,WS/MP743/2025-2026/191362-Purchase of books and periodicals for libraries/digitization of library books,Ganesan Selvam,KANCHEEPURAM(SC),2025-04-21,2025-06-18,10000.0,Physical Inspection,58,58,58,4.000043427276863,-1.5332714789346813,-1,-0.029909752602765627,True
Rajya Sabha,Andhra Pradesh,Normal/Others,"WS/MP18319/2026-2027/236045-Construction of roads, link roads, pathways or any other road with or without drainage system",Shri Golla Baburao (2024-30) (2024-2030),,2025-09-21,2026-05-15,5000000.0,Physical Inspection,236,236,236,6.698970091194907,1.165655184983363,-1,-0.029831944933467414,True
Rajya Sabha,Uttar Pradesh,Normal/Others,WS/MP887/2025-2026/192647-Construction of rooms and halls in school and colleges,Dr. Dinesh Sharma (2023-26) (2023-2026),,2025-04-19,2025-12-10,4988000.0,Sanction,235,235,235,6.697926531874356,1.164611625662812,-1,-0.029831944933467414,True
Lok Sabha,Gujarat,Normal/Others,"WS/MP18058/2025-2026/161044-Construction of roads, link roads, pathways or any other road with or without drainage system",DR. HEMANG JOSHI,VADODARA,2024-12-23,2025-08-08,4946073.0,Physical Inspection,228,228,228,6.694260609710528,1.1609457034989843,-1,-0.029785992654378424,True
Lok Sabha,Andhra Pradesh,Normal/Others,WS/MP18010/2026-2027/299400-Construction of additional rooms and halls in the existing public and community building,TANGELLA UDAY SRINIVAS,KAKINADA,2026-07-28,2026-08-10,7500000.0,Sanction,13,13,13,6.875061321297627,1.3417464150860834,-1,-0.029580140854522763,True
Lok Sabha,Uttar Pradesh,Normal/Others,"WS/MP18202/2025-2026/220829-Construction of roads, link roads, pathways or any other road with or without drainage system",DHARMENDRA YADAV,AZAMGARH,2025-07-22,2025-08-19,7850000.0,Work partially Completed,28,28,28,6.8948697120693865,1.3615548058578426,-1,-0.02952648788644696,True
Rajya Sabha,Uttar Pradesh,Normal/Others,WS/MP198/2023-2024/56888-Lighting of public spaces,Shri Ramji (2020-26) (2020-2026),,2023-12-05,2024-01-03,7640984.0,Physical Inspection,29,29,29,6.883149347121621,1.3498344409100769,-1,-0.02952648788644696,True
Lok Sabha,Nagaland,Normal/Others,WS/MP18391/2026-2027/283789-Purchase of training equipment,S SUPONGMEREN JAMIR,NAGALAND,2026-05-26,2026-06-24,7800000.0,Work partially Completed,29,29,29,6.892094658369256,1.3587797521577123,-1,-0.02952648788644696,True
Lok Sabha,Puducherry,Normal/Others,"WS/MP710/2025-2026/182609-Construction of roads, link roads, pathways or any other road with or without drainage system",Vaithilingam Ve,Puducherry,2025-03-17,2026-02-05,4000000.0,Physical Inspection,325,325,325,6.6020600999015695,1.0687451936900256,-1,-0.029515779243690976,True
Lok Sabha,Delhi,Normal/Others,WS/MP18400/2026-2027/269245-Fitting of Sitting RCC Benches in Public Places,Kamaljeet Sehrawat,WEST DELHI,2026-02-18,2026-04-23,6985680.0,Sanction,64,64,64,6.844208749766718,1.3108938435551742,-1,-0.029424979333377954,True
Lok Sabha,Kerala,Normal/Others,WS/MP632/2025-2026/143623-Construction of buildings for community cultural activities,Anto Antony,PATHANAMTHITTA,2024-09-25,2026-03-07,2350000.0,Sanction,528,528,528,6.371068047077859,0.8377531408663152,-1,-0.02913810136580197,True
Rajya Sabha,Tamil Nadu,Normal/Others,WS/MP166/2024-2025/125561-Construction of rooms and halls in school and colleges,Shri K.R.N. Rajeshkumar (2022-28) (2022-2028),,2024-03-15,2024-06-11,7250216.0,Physical Inspection,88,88,88,6.860351005259576,1.3270360990480325,-1,-0.029102864602509215,True
Rajya Sabha,Uttar Pradesh,Normal/Others,WS/MP196/2023-2024/48029-Purchase of books and periodicals for libraries/digitization of library books,Shri Brij Lal (2020-26) (2020-2026),,2023-11-09,2024-02-06,10000.0,Physical Inspection,89,89,89,4.000043427276863,-1.5332714789346813,-1,-0.029074425189899,True
Rajya Sabha,Uttar Pradesh,Normal/Others,WS/MP196/2023-2024/48100-Purchase of books and periodicals for libraries/digitization of library books,Shri Brij Lal (2020-26) (2020-2026),,2023-11-09,2024-02-06,10000.0,Physical Inspection,89,89,89,4.000043427276863,-1.5332714789346813,-1,-0.029074425189899,True
Rajya Sabha,Uttar Pradesh,Normal/Others,WS/MP196/2023-2024/48025-Purchase of books and periodicals for libraries/digitization of library books,Shri Brij Lal (2020-26) (2020-2026),,2023-11-09,2024-02-06,10000.0,Physical Inspection,89,89,89,4.000043427276863,-1.5332714789346813,-1,-0.029074425189899,True
Rajya Sabha,Uttar Pradesh,Normal/Others,WS/MP196/2023-2024/48026-Purchase of books and periodicals for libraries/digitization of library books,Shri Brij Lal (2020-26) (2020-2026),,2023-11-09,2024-02-06,10000.0,Physical Inspection,89,89,89,4.000043427276863,-1.5332714789346813,-1,-0.029074425189899,True
Rajya Sabha,Uttar Pradesh,Normal/Others,WS/MP196/2023-2024/48023-Purchase of books and periodicals for libraries/digitization of library books,Shri Brij Lal (2020-26) (2020-2026),,2023-11-09,2024-02-06,10000.0,Physical Inspection,89,89,89,4.000043427276863,-1.5332714789346813,-1,-0.029074425189899,True
Rajya Sabha,Uttar Pradesh,Normal/Others,WS/MP196/2023-2024/48019-Purchase of books and periodicals for libraries/digitization of library books,Shri Brij Lal (2020-26) (2020-2026),,2023-11-09,2024-02-06,10000.0,Physical Inspection,89,89,89,4.000043427276863,-1.5332714789346813,-1,-0.029074425189899,True
Rajya Sabha,Uttar Pradesh,Normal/Others,WS/MP196/2023-2024/48006-Purchase of books and periodicals for libraries/digitization of library books,Shri Brij Lal (2020-26) (2020-2026),,2023-11-09,2024-02-06,10000.0,Physical Inspection,89,89,89,4.000043427276863,-1.5332714789346813,-1,-0.029074425189899,True
Rajya Sabha,Uttar Pradesh,Normal/Others,WS/MP196/2023-2024/48007-Purchase of books and periodicals for libraries/digitization of library books,Shri Brij Lal (2020-26) (2020-2026),,2023-11-09,2024-02-06,10000.0,Physical Inspection,89,89,89,4.000043427276863,-1.5332714789346813,-1,-0.029074425189899,True
Rajya Sabha,Uttar Pradesh,Normal/Others,WS/MP196/2023-2024/48010-Purchase of books and periodicals for libraries/digitization of library books,Shri Brij Lal (2020-26) (2020-2026),,2023-11-09,2024-02-06,10000.0,Physical Inspection,89,89,89,4.000043427276863,-1.5332714789346813,-1,-0.029074425189899,True
Rajya Sabha,Uttar Pradesh,Normal/Others,WS/MP196/2023-2024/48043-Purchase of books and periodicals for libraries/digitization of library books,Shri Brij Lal (2020-26) (2020-2026),,2023-11-09,2024-02-06,10000.0,Physical Inspection,89,89,89,4.000043427276863,-1.5332714789346813,-1,-0.029074425189899,True
Rajya Sabha,Uttar Pradesh,Normal/Others,WS/MP196/2023-2024/48075-Purchase of books and periodicals for libraries/digitization of library books,Shri Brij Lal (2020-26) (2020-2026),,2023-11-09,2024-02-06,10000.0,Physical Inspection,89,89,89,4.000043427276863,-1.5332714789346813,-1,-0.029074425189899,True
Rajya Sabha,Uttar Pradesh,Normal/Others,WS/MP196/2023-2024/48102-Purchase of books and periodicals for libraries/digitization of library books,Shri Brij Lal (2020-26) (2020-2026),,2023-11-09,2024-02-06,10000.0,Physical Inspection,89,89,89,4.000043427276863,-1.5332714789346813,-1,-0.029074425189899,True
Rajya Sabha,Uttar Pradesh,Normal/Others,WS/MP196/2023-2024/48101-Purchase of books and periodicals for libraries/digitization of library books,Shri Brij Lal (2020-26) (2020-2026),,2023-11-09,2024-02-06,10000.0,Physical Inspection,89,89,89,4.000043427276863,-1.5332714789346813,-1,-0.029074425189899,True
Rajya Sabha,Uttar Pradesh,Normal/Others,WS/MP196/2023-2024/48108-Purchase of books and periodicals for libraries/digitization of library books,Shri Brij Lal (2020-26) (2020-2026),,2023-11-09,2024-02-06,10000.0,Physical Inspection,89,89,89,4.000043427276863,-1.5332714789346813,-1,-0.029074425189899,True
Rajya Sabha,Uttar Pradesh,Normal/Others,WS/MP196/2023-2024/48104-Purchase of books and periodicals for libraries/digitization of library books,Shri Brij Lal (2020-26) (2020-2026),,2023-11-09,2024-02-06,10000.0,Physical Inspection,89,89,89,4.000043427276863,-1.5332714789346813,-1,-0.029074425189899,True
Rajya Sabha,Uttar Pradesh,Normal/Others,WS/MP196/2023-2024/48028-Purchase of books and periodicals for libraries/digitization of library books,Shri Brij Lal (2020-26) (2020-2026),,2023-11-09,2024-02-06,10000.0,Physical Inspection,89,89,89,4.000043427276863,-1.5332714789346813,-1,-0.029074425189899,True
Rajya Sabha,Uttar Pradesh,Normal/Others,WS/MP196/2023-2024/48027-Purchase of books and periodicals for libraries/digitization of library books,Shri Brij Lal (2020-26) (2020-2026),,2023-11-09,2024-02-06,10000.0,Physical Inspection,89,89,89,4.000043427276863,-1.5332714789346813,-1,-0.029074425189899,True
Rajya Sabha,Uttar Pradesh,Normal/Others,WS/MP196/2023-2024/48024-Purchase of books and periodicals for libraries/digitization of library books,Shri Brij Lal (2020-26) (2020-2026),,2023-11-09,2024-02-06,10000.0,Physical Inspection,89,89,89,4.000043427276863,-1.5332714789346813,-1,-0.029074425189899,True
Rajya Sabha,Uttar Pradesh,Normal/Others,WS/MP196/2023-2024/48038-Purchase of books and periodicals for libraries/digitization of library books,Shri Brij Lal (2020-26) (2020-2026),,2023-11-09,2024-02-06,10000.0,Physical Inspection,89,89,89,4.000043427276863,-1.5332714789346813,-1,-0.029074425189899,True
Rajya Sabha,Uttar Pradesh,Normal/Others,WS/MP196/2023-2024/48098-Purchase of books and periodicals for libraries/digitization of library books,Shri Brij Lal (2020-26) (2020-2026),,2023-11-09,2024-02-06,10000.0,Physical Inspection,89,89,89,4.000043427276863,-1.5332714789346813,-1,-0.029074425189899,True
Rajya Sabha,Uttar Pradesh,Normal/Others,WS/MP196/2023-2024/48040-Purchase of books and periodicals for libraries/digitization of library books,Shri Brij Lal (2020-26) (2020-2026),,2023-11-09,2024-02-06,10000.0,Physical Inspection,89,89,89,4.000043427276863,-1.5332714789346813,-1,-0.029074425189899,True
Rajya Sabha,Uttar Pradesh,Normal/Others,WS/MP196/2023-2024/48099-Purchase of books and periodicals for libraries/digitization of library books,Shri Brij Lal (2020-26) (2020-2026),,2023-11-09,2024-02-06,10000.0,Physical Inspection,89,89,89,4.000043427276863,-1.5332714789346813,-1,-0.029074425189899,True
Rajya Sabha,Uttar Pradesh,Normal/Others,WS/MP196/2023-2024/48033-Purchase of books and periodicals for libraries/digitization of library books,Shri Brij Lal (2020-26) (2020-2026),,2023-11-09,2024-02-06,10000.0,Physical Inspection,89,89,89,4.000043427276863,-1.5332714789346813,-1,-0.029074425189899,True
Rajya Sabha,Uttar Pradesh,Normal/Others,WS/MP196/2023-2024/48032-Purchase of books and periodicals for libraries/digitization of library books,Shri Brij Lal (2020-26) (2020-2026),,2023-11-09,2024-02-06,10000.0,Physical Inspection,89,89,89,4.000043427276863,-1.5332714789346813,-1,-0.029074425189899,True
Rajya Sabha,Uttar Pradesh,Normal/Others,WS/MP196/2023-2024/48031-Purchase of books and periodicals for libraries/digitization of library books,Shri Brij Lal (2020-26) (2020-2026),,2023-11-09,2024-02-06,10000.0,Physical Inspection,89,89,89,4.000043427276863,-1.5332714789346813,-1,-0.029074425189899,True
Rajya Sabha,Uttar Pradesh,Normal/Others,WS/MP196/2023-2024/48089-Purchase of books and periodicals for libraries/digitization of library books,Shri Brij Lal (2020-26) (2020-2026),,2023-11-09,2024-02-06,10000.0,Physical Inspection,89,89,89,4.000043427276863,-1.5332714789346813,-1,-0.029074425189899,True
Rajya Sabha,Uttar Pradesh,Normal/Others,WS/MP196/2023-2024/48090-Purchase of books and periodicals for libraries/digitization of library books,Shri Brij Lal (2020-26) (2020-2026),,2023-11-09,2024-02-06,10000.0,Physical Inspection,89,89,89,4.000043427276863,-1.5332714789346813,-1,-0.029074425189899,True
Rajya Sabha,Uttar Pradesh,Normal/Others,WS/MP196/2023-2024/48088-Purchase of books and periodicals for libraries/digitization of library books,Shri Brij Lal (2020-26) (2020-2026),,2023-11-09,2024-02-06,10000.0,Physical Inspection,89,89,89,4.000043427276863,-1.5332714789346813,-1,-0.029074425189899,True
Rajya Sabha,Uttar Pradesh,Normal/Others,WS/MP196/2023-2024/48092-Purchase of books and periodicals for libraries/digitization of library books,Shri Brij Lal (2020-26) (2020-2026),,2023-11-09,2024-02-06,10000.0,Physical Inspection,89,89,89,4.000043427276863,-1.5332714789346813,-1,-0.029074425189899,True
Rajya Sabha,Uttar Pradesh,Normal/Others,WS/MP196/2023-2024/48034-Purchase of books and periodicals for libraries/digitization of library books,Shri Brij Lal (2020-26) (2020-2026),,2023-11-09,2024-02-06,10000.0,Physical Inspection,89,89,89,4.000043427276863,-1.5332714789346813,-1,-0.029074425189899,True
Rajya Sabha,Uttar Pradesh,Normal/Others,WS/MP196/2023-2024/48037-Purchase of books and periodicals for libraries/digitization of library books,Shri Brij Lal (2020-26) (2020-2026),,2023-11-09,2024-02-06,10000.0,Physical Inspection,89,89,89,4.000043427276863,-1.5332714789346813,-1,-0.029074425189899,True
Rajya Sabha,Uttar Pradesh,Normal/Others,WS/MP196/2023-2024/48103-Purchase of books and periodicals for libraries/digitization of library books,Shri Brij Lal (2020-26) (2020-2026),,2023-11-09,2024-02-06,10000.0,Physical Inspection,89,89,89,4.000043427276863,-1.5332714789346813,-1,-0.029074425189899,True
Rajya Sabha,Uttar Pradesh,Normal/Others,WS/MP196/2023-2024/48097-Purchase of books and periodicals for libraries/digitization of library books,Shri Brij Lal (2020-26) (2020-2026),,2023-11-09,2024-02-06,10000.0,Physical Inspection,89,89,89,4.000043427276863,-1.5332714789346813,-1,-0.029074425189899,True
Rajya Sabha,Uttar Pradesh,Normal/Others,WS/MP196/2023-2024/48091-Purchase of books and periodicals for libraries/digitization of library books,Shri Brij Lal (2020-26) (2020-2026),,2023-11-09,2024-02-06,10000.0,Physical Inspection,89,89,89,4.000043427276863,-1.5332714789346813,-1,-0.029074425189899,True
Rajya Sabha,Uttar Pradesh,Normal/Others,WS/MP196/2023-2024/48094-Purchase of books and periodicals for libraries/digitization of library books,Shri Brij Lal (2020-26) (2020-2026),,2023-11-09,2024-02-06,10000.0,Physical Inspection,89,89,89,4.000043427276863,-1.5332714789346813,-1,-0.029074425189899,True
Rajya Sabha,Uttar Pradesh,Normal/Others,WS/MP196/2023-2024/48093-Purchase of books and periodicals for libraries/digitization of library books,Shri Brij Lal (2020-26) (2020-2026),,2023-11-09,2024-02-06,10000.0,Physical Inspection,89,89,89,4.000043427276863,-1.5332714789346813,-1,-0.029074425189899,True
Rajya Sabha,Uttar Pradesh,Normal/Others,WS/MP196/2023-2024/48030-Purchase of books and periodicals for libraries/digitization of library books,Shri Brij Lal (2020-26) (2020-2026),,2023-11-09,2024-02-06,10000.0,Physical Inspection,89,89,89,4.000043427276863,-1.5332714789346813,-1,-0.029074425189899,True
Rajya Sabha,Uttar Pradesh,Normal/Others,WS/MP196/2023-2024/48036-Purchase of books and periodicals for libraries/digitization of library books,Shri Brij Lal (2020-26) (2020-2026),,2023-11-09,2024-02-06,10000.0,Physical Inspection,89,89,89,4.000043427276863,-1.5332714789346813,-1,-0.029074425189899,True
Rajya Sabha,Uttar Pradesh,Normal/Others,WS/MP196/2023-2024/48035-Purchase of books and periodicals for libraries/digitization of library books,Shri Brij Lal (2020-26) (2020-2026),,2023-11-09,2024-02-06,10000.0,Physical Inspection,89,89,89,4.000043427276863,-1.5332714789346813,-1,-0.029074425189899,True
Rajya Sabha,Uttar Pradesh,Normal/Others,WS/MP196/2023-2024/48012-Purchase of books and periodicals for libraries/digitization of library books,Shri Brij Lal (2020-26) (2020-2026),,2023-11-09,2024-02-06,10000.0,Physical Inspection,89,89,89,4.000043427276863,-1.5332714789346813,-1,-0.029074425189899,True
Rajya Sabha,Uttar Pradesh,Normal/Others,WS/MP196/2023-2024/48078-Purchase of books and periodicals for libraries/digitization of library books,Shri Brij Lal (2020-26) (2020-2026),,2023-11-09,2024-02-06,10000.0,Physical Inspection,89,89,89,4.000043427276863,-1.5332714789346813,-1,-0.029074425189899,True
Rajya Sabha,Uttar Pradesh,Normal/Others,WS/MP196/2023-2024/48079-Purchase of books and periodicals for libraries/digitization of library books,Shri Brij Lal (2020-26) (2020-2026),,2023-11-09,2024-02-06,10000.0,Physical Inspection,89,89,89,4.000043427276863,-1.5332714789346813,-1,-0.029074425189899,True
Rajya Sabha,Uttar Pradesh,Normal/Others,WS/MP196/2023-2024/48077-Purchase of books and periodicals for libraries/digitization of library books,Shri Brij Lal (2020-26) (2020-2026),,2023-11-09,2024-02-06,10000.0,Physical Inspection,89,89,89,4.000043427276863,-1.5332714789346813,-1,-0.029074425189899,True
Rajya Sabha,Uttar Pradesh,Normal/Others,WS/MP196/2023-2024/48018-Purchase of books and periodicals for libraries/digitization of library books,Shri Brij Lal (2020-26) (2020-2026),,2023-11-09,2024-02-06,10000.0,Physical Inspection,89,89,89,4.000043427276863,-1.5332714789346813,-1,-0.029074425189899,True
Rajya Sabha,Uttar Pradesh,Normal/Others,WS/MP196/2023-2024/48017-Purchase of books and periodicals for libraries/digitization of library books,Shri Brij Lal (2020-26) (2020-2026),,2023-11-09,2024-02-06,10000.0,Physical Inspection,89,89,89,4.000043427276863,-1.5332714789346813,-1,-0.029074425189899,True
Rajya Sabha,Uttar Pradesh,Normal/Others,WS/MP196/2023-2024/48013-Purchase of books and periodicals for libraries/digitization of library books,Shri Brij Lal (2020-26) (2020-2026),,2023-11-09,2024-02-06,10000.0,Physical Inspection,89,89,89,4.000043427276863,-1.5332714789346813,-1,-0.029074425189899,True
Rajya Sabha,Uttar Pradesh,Normal/Others,WS/MP196/2023-2024/48016-Purchase of books and periodicals for libraries/digitization of library books,Shri Brij Lal (2020-26) (2020-2026),,2023-11-09,2024-02-06,10000.0,Physical Inspection,89,89,89,4.000043427276863,-1.5332714789346813,-1,-0.029074425189899,True
Rajya Sabha,Uttar Pradesh,Normal/Others,WS/MP196/2023-2024/48015-Purchase of books and periodicals for libraries/digitization of library books,Shri Brij Lal (2020-26) (2020-2026),,2023-11-09,2024-02-06,10000.0,Physical Inspection,89,89,89,4.000043427276863,-1.5332714789346813,-1,-0.029074425189899,True
Rajya Sabha,Uttar Pradesh,Normal/Others,WS/MP196/2023-2024/48014-Purchase of books and periodicals for libraries/digitization of library books,Shri Brij Lal (2020-26) (2020-2026),,2023-11-09,2024-02-06,10000.0,Physical Inspection,89,89,89,4.000043427276863,-1.5332714789346813,-1,-0.029074425189899,True
Rajya Sabha,Uttar Pradesh,Normal/Others,WS/MP196/2023-2024/48042-Purchase of books and periodicals for libraries/digitization of library books,Shri Brij Lal (2020-26) (2020-2026),,2023-11-09,2024-02-06,10000.0,Physical Inspection,89,89,89,4.000043427276863,-1.5332714789346813,-1,-0.029074425189899,True
Rajya Sabha,Uttar Pradesh,Normal/Others,WS/MP196/2023-2024/48021-Purchase of books and periodicals for libraries/digitization of library books,Shri Brij Lal (2020-26) (2020-2026),,2023-11-09,2024-02-06,10000.0,Physical Inspection,89,89,89,4.000043427276863,-1.5332714789346813,-1,-0.029074425189899,True
Rajya Sabha,Uttar Pradesh,Normal/Others,WS/MP196/2023-2024/48022-Purchase of books and periodicals for libraries/digitization of library books,Shri Brij Lal (2020-26) (2020-2026),,2023-11-09,2024-02-06,10000.0,Physical Inspection,89,89,89,4.000043427276863,-1.5332714789346813,-1,-0.029074425189899,True
Rajya Sabha,Uttar Pradesh,Normal/Others,WS/MP196/2023-2024/48020-Purchase of books and periodicals for libraries/digitization of library books,Shri Brij Lal (2020-26) (2020-2026),,2023-11-09,2024-02-06,10000.0,Physical Inspection,89,89,89,4.000043427276863,-1.5332714789346813,-1,-0.029074425189899,True
Rajya Sabha,Uttar Pradesh,Normal/Others,WS/MP196/2023-2024/48041-Purchase of books and periodicals for libraries/digitization of library books,Shri Brij Lal (2020-26) (2020-2026),,2023-11-09,2024-02-06,10000.0,Physical Inspection,89,89,89,4.000043427276863,-1.5332714789346813,-1,-0.029074425189899,True
Rajya Sabha,Uttar Pradesh,Normal/Others,WS/MP196/2023-2024/48076-Purchase of books and periodicals for libraries/digitization of library books,Shri Brij Lal (2020-26) (2020-2026),,2023-11-09,2024-02-06,10000.0,Physical Inspection,89,89,89,4.000043427276863,-1.5332714789346813,-1,-0.029074425189899,True
Rajya Sabha,Uttar Pradesh,Normal/Others,WS/MP196/2023-2024/48011-Purchase of books and periodicals for libraries/digitization of library books,Shri Brij Lal (2020-26) (2020-2026),,2023-11-09,2024-02-06,10000.0,Physical Inspection,89,89,89,4.000043427276863,-1.5332714789346813,-1,-0.029074425189899,True
Lok Sabha,Uttar Pradesh,Normal/Others,WS/MP18198/2025-2026/210408-Lighting of public spaces,UJJWAL RAMAN SINGH,ALLAHABAD,2025-06-19,2025-07-24,8087040.0,Work Completed,35,35,35,6.9077896449195215,1.3744747387079777,-1,-0.029049390235783568,True
Lok Sabha,Tamil Nadu,Normal/Others,WS/MP18180/2026-2027/184776-Construction of toilet blocks,ARUN NEHRU,PERAMBALUR,2025-03-20,2026-08-20,2400000.0,Sanction,518,518,518,6.380211422667602,0.8468965164560585,-1,-0.029038437198045663,True
Rajya Sabha,Punjab,Normal/Others,WS/MP844/2024-2025/98410-Construction of community centers and community halls,Dr. Vikramjit Singh Sahney (2022-28) (2022-2028),,2024-02-06,2024-09-24,5000000.0,Vendor Identification,231,231,231,6.698970091194907,1.165655184983363,-1,-0.02890323780621229,True
Lok Sabha,Tamil Nadu,Normal/Others,WS/MP866/2025-2026/213689-Construction of rooms and halls in school and colleges,Kalanidhi Veeraswamy,CHENNAI NORTH,2025-07-01,2026-02-18,4955000.0,Work partially Completed,232,232,232,6.695043746469011,1.1617288402574673,-1,-0.02890323780621229,True
Lok Sabha,Andhra Pradesh,Normal/Others,WS/MP18343/2025-2026/179124-Construction of boundary walls of existing public and community buildings,Daggubati Purandeshwari,RAJAHMUNDRY,2025-03-12,2025-04-08,8000000.0,Sanction,27,27,27,6.903090041278751,1.369775135067207,-1,-0.02864406661454022,True
Rajya Sabha,Karnataka,Normal/Others,"WS/MP084/2026-2027/190022-Construction of roads, link roads, pathways or any other road with or without drainage system",Shri Jaggesh (2022-28) (2022-2028),,2025-04-08,2026-05-21,3000000.0,Physical Inspection,408,408,408,6.477121399484465,0.9438064932729215,-1,-0.028499134961388117,True
Lok Sabha,Andhra Pradesh,Normal/Others,WS/MP18008/2025-2026/162471-Providing drains and gutters for public drainage,Dr Chandra Sekhar Pemmasani,GUNTUR,2024-12-30,2026-03-31,2600000.0,Vendor Identification,456,456,456,6.414973515007125,0.8816586087955809,-1,-0.028406356754026918,True
Rajya Sabha,Uttar Pradesh,Normal/Others,WS/MP203/2025-2026/238277-Lighting of public spaces,Smt. Darshana Singh (2022-28) (2022-2028),,2025-09-26,2025-11-14,7128000.0,Physical Inspection,49,49,49,6.852967751956772,1.3196528457452281,-1,-0.028387006089802158,True
Lok Sabha,Andhra Pradesh,Normal/Others,WS/MP18343/2025-2026/179123-Construction of buildings for community cultural activities,Daggubati Purandeshwari,RAJAHMUNDRY,2025-03-12,2025-07-19,6000000.0,Sanction,129,129,129,6.7781513227660515,1.2448364165545076,-1,-0.028370815324309184,True
Lok Sabha,Uttar Pradesh,Normal/Others,WS/MP18200/2025-2026/203488-Setting up public non-conventional energy plants,KISHORI LAL,AMETHI,2025-05-25,2025-11-13,5265130.0,Physical Inspection,172,172,172,6.721409181194698,1.188094274983154,-1,-0.028321797808035343,True
Rajya Sabha,Madhya Pradesh,Normal/Others,WS/MP106/2026-2027/1738-Installing hand pumps,Shri Vivek K. Tankha (2022-28) (2022-2028),,2023-06-28,2026-05-19,130000.0,Sanction,1056,1056,1056,5.113946693020772,-0.4193682131907721,-1,-0.02819426280620374,True
Lok Sabha,Madhya Pradesh,Normal/Others,WS/MP642/2026-2027/202086-Improvement of electricity distribution infrastructure,Ganesh Singh,SATNA,2025-06-09,2026-07-31,46000.0,Sanction,417,417,417,4.662767272763343,-0.8705476334482007,-1,-0.028180708473337424,True
Lok Sabha,Andhra Pradesh,Normal/Others,WS/MP522/2025-2026/169792-Construction of additional rooms and halls in the existing public and community building,Kinjarapu Ram Mohan Naidu,SRIKAKULAM,2025-01-29,2025-05-31,6000000.0,Work partially Completed,122,122,122,6.7781513227660515,1.2448364165545076,-1,-0.028125848648879126,True
Rajya Sabha,Madhya Pradesh,Normal/Others,WS/MP104/2026-2027/252090-Construction of additional rooms and halls in the existing public and community building,Dr. L. Murugan (2024-30) (2024-2030),,2025-12-04,2026-06-23,5000000.0,Vendor Identification,201,201,201,6.698970091194907,1.165655184983363,-1,-0.028121130776314507,True
Lok Sabha,Tamil Nadu,Normal/Others,WS/MP755/2025-2026/196031-Construction of public libraries and reading rooms,Thalikkottai Rajuthevar Baalu,SRIPERUMBUDUR,2025-05-05,2025-11-20,5000000.0,Sanction,199,199,199,6.698970091194907,1.165655184983363,-1,-0.028121130776314507,True
Rajya Sabha,Uttar Pradesh,Normal/Others,WS/MP196/2025-2026/142762-Purchase of books and periodicals for libraries/digitization of library books,Shri Brij Lal (2020-26) (2020-2026),,2024-09-23,2025-04-15,5000000.0,Vendor Identification,204,204,204,6.698970091194907,1.165655184983363,-1,-0.028011214589958477,True
Lok Sabha,Delhi,Normal/Others,WS/MP18399/2025-2026/212607-Construction of footpaths and pedestrian ways,Ramvir Singh Bidhuri,SOUTH DELHI,2025-06-26,2025-07-18,7865926.0,Work partially Completed,22,22,22,6.895749911607889,1.3624350053963452,-1,-0.027783426444250692,True
Lok Sabha,West Bengal,Normal/Others,WS/MP481/2026-2027/280615-Construction of buildings for sports facilities,Khalilur Rahaman,JANGIPUR,2026-05-13,2026-07-28,7165000.0,Sanction,76,76,76,6.8552162553466855,1.3219013491351417,-1,-0.027741747843265774,True
Rajya Sabha,Karnataka,Normal/Others,WS/MP838/2025-2026/216520-Construction of boundary walls of existing public and community buildings,Dr. Dharmasthala Veerendra Heggade (2022-28) (2022-2028),,2025-07-09,2026-01-30,5000000.0,Sanction,205,205,205,6.698970091194907,1.165655184983363,-1,-0.02770232697256325,True
Rajya Sabha,Kerala,Normal/Others,WS/MP099/2024-2025/90968-Purchase Books for Library,Dr. John Brittas (2021-27) (2021-2027),,2024-01-29,2024-08-05,13720.0,Physical Inspection,189,189,189,4.13738576433397,-1.3959291418775734,-1,-0.027660509692931323,True
Rajya Sabha,West Bengal,Repair and Renovation,"WS/MP18299/2026-2027/262908-Construction of roads, link roads, pathways or any other road with or without drainage system",Smt. Sagarika Ghose (2024-30) (2024-2030),,2026-01-29,2026-05-29,7000000.0,Sanction,120,120,120,6.845098102056321,1.214369476664226,-1,-0.027599712120717435,True
Lok Sabha,Madhya Pradesh,Normal/Others,WS/MP642/2026-2027/200943-Improvement of electricity distribution infrastructure,Ganesh Singh,SATNA,2025-06-09,2026-07-31,47000.0,Sanction,417,417,417,4.672107098145544,-0.8612078080660002,-1,-0.027562919699177568,True
Lok Sabha,Goa,Normal/Others,"WS/MP571/2025-2026/143825-Purchase of ambulances (Four, three and two wheelers)",Shripad Yesso Naik,NORTH GOA,2024-09-26,2026-01-07,2500000.0,Work partially Completed,468,468,468,6.397940182389796,0.864625276178252,-1,-0.02718063608485377,True
Rajya Sabha,Maharashtra,Normal/Others,"WS/MP116/2026-2027/174239-Construction of roads, link roads, pathways or any other road with or without drainage system",Shri Sanjay Raut (2022-28) (2022-2028),,2025-02-07,2026-05-20,2500000.0,Physical Inspection,467,467,467,6.397940182389796,0.864625276178252,-1,-0.02718063608485377,True
Rajya Sabha,Maharashtra,Normal/Others,"WS/MP116/2026-2027/174238-Construction of roads, link roads, pathways or any other road with or without drainage system",Shri Sanjay Raut (2022-28) (2022-2028),,2025-02-07,2026-05-20,2500000.0,Physical Inspection,467,467,467,6.397940182389796,0.864625276178252,-1,-0.02718063608485377,True
Lok Sabha,West Bengal,Normal/Others,"WS/MP18271/2025-2026/167569-Construction of Government office buildings (Post office, Police station, Police chauki, etc.)",JAGADISH CHANDRA BARMA BASUNIA,COOCHBEHAR(SC),2025-02-17,2025-08-29,5000000.0,Vendor Identification,193,193,193,6.698970091194907,1.165655184983363,-1,-0.027130741101910383,True
Lok Sabha,Maharashtra,Normal/Others,WS/MP18376/2026-2027/197883-Construction of footpaths and pedestrian ways,ANIL YESHWANT DESAI,MUMBAI SOUTH CENTRAL,2025-05-13,2026-08-18,2500000.0,Sanction,462,462,462,6.397940182389796,0.864625276178252,-1,-0.026872123021679517,True
Lok Sabha,Maharashtra,Normal/Others,WS/MP18376/2026-2027/197880-Construction of footpaths and pedestrian ways,ANIL YESHWANT DESAI,MUMBAI SOUTH CENTRAL,2025-05-13,2026-08-18,2500000.0,Sanction,462,462,462,6.397940182389796,0.864625276178252,-1,-0.026872123021679517,True
Lok Sabha,Maharashtra,Normal/Others,WS/MP18376/2026-2027/197902-Construction of footpaths and pedestrian ways,ANIL YESHWANT DESAI,MUMBAI SOUTH CENTRAL,2025-05-13,2026-08-18,2500000.0,Vendor Identification,462,462,462,6.397940182389796,0.864625276178252,-1,-0.026872123021679517,True
Lok Sabha,Maharashtra,Normal/Others,WS/MP18376/2026-2027/197862-Construction of footpaths and pedestrian ways,ANIL YESHWANT DESAI,MUMBAI SOUTH CENTRAL,2025-05-13,2026-08-18,2500000.0,Vendor Identification,462,462,462,6.397940182389796,0.864625276178252,-1,-0.026872123021679517,True
Lok Sabha,Maharashtra,Normal/Others,WS/MP18376/2026-2027/197866-Construction of footpaths and pedestrian ways,ANIL YESHWANT DESAI,MUMBAI SOUTH CENTRAL,2025-05-13,2026-08-18,2500000.0,Sanction,462,462,462,6.397940182389796,0.864625276178252,-1,-0.026872123021679517,True
Lok Sabha,Maharashtra,Normal/Others,"WS/MP18376/2026-2027/197848-Construction of roads, link roads, pathways or any other road with or without drainage system",ANIL YESHWANT DESAI,MUMBAI SOUTH CENTRAL,2025-05-13,2026-08-18,2500000.0,Vendor Identification,462,462,462,6.397940182389796,0.864625276178252,-1,-0.026872123021679517,True
Lok Sabha,Maharashtra,Normal/Others,"WS/MP18376/2026-2027/197847-Construction of roads, link roads, pathways or any other road with or without drainage system",ANIL YESHWANT DESAI,MUMBAI SOUTH CENTRAL,2025-05-13,2026-08-18,2500000.0,Work partially Completed,462,462,462,6.397940182389796,0.864625276178252,-1,-0.026872123021679517,True
Rajya Sabha,Himachal Pradesh,Normal/Others,"WS/MP078/2025-2026/48496-Construction of roads, link roads, pathways or any other road with or without drainage system",Dr. Sikander Kumar (2022-28) (2022-2028),,2023-11-10,2025-06-19,100000.0,Vendor Identification,587,587,587,5.000004342923105,-0.5333105632884392,-1,-0.026747995909618405,True
Lok Sabha,Uttar Pradesh,Normal/Others,WS/MP18200/2025-2026/189872-Setting up public non-conventional energy plants,KISHORI LAL,AMETHI,2025-04-08,2025-08-26,5413824.0,Physical Inspection,140,140,140,6.733504213244114,1.20018930703257,-1,-0.026679544723969273,True
Lok Sabha,West Bengal,Normal/Others,WS/MP823/2025-2026/191918-Construction of community centers and community halls,Ms Mahua Moitra,KRISHNANAGAR,2025-04-17,2025-07-02,6925908.0,Work partially Completed,76,76,76,6.840476781025529,1.3071618748139855,-1,-0.026507518632194138,True
Lok Sabha,Uttar Pradesh,Normal/Others,WS/MP817/2025-2026/229420-Lighting of public spaces,Smt Anupriya Patel,MIRZAPUR,2025-08-26,2025-09-11,7149900.0,Vendor Identification,16,16,16,6.854300028451239,1.320985122239695,-1,-0.02646496706897361,True
Lok Sabha,Uttar Pradesh,Repair and Renovation,"WS/MP18345/2026-2027/155578-Construction of roads, link roads, pathways or any other road with or without drainage system",AKHILESH YADAV,KANNAUJ,2024-11-28,2026-05-25,2225000.0,Physical Inspection,543,543,543,6.347330210505437,0.7166015851133425,-1,-0.026410077246138974,True
Lok Sabha,Telangana,Normal/Others,WS/MP762/2025-2026/200883-Construction of rooms and halls in school and colleges,Asaduddin Owaisi,HYDERABAD,2025-05-19,2025-10-01,5600000.0,Sanction,135,135,135,6.748188104558779,1.2148731983472354,-1,-0.026283767075813258,True
Lok Sabha,West Bengal,Normal/Others,WS/MP18254/2025-2026/208641-Construction of culverts and bridges,JUNE MALIAH,MEDINIPUR,2025-06-13,2025-10-28,5333472.0,Physical Inspection,137,137,137,6.727010100874093,1.1936951946625491,-1,-0.026283767075813258,True
Lok Sabha,West Bengal,Normal/Others,WS/MP823/2024-2025/139548-Construction of culverts and bridges,Ms Mahua Moitra,KRISHNANAGAR,2024-09-07,2024-12-11,6433401.0,Vendor Identification,95,95,95,6.808440689738154,1.2751257835266099,-1,-0.026224286983378198,True
Lok Sabha,Delhi,Normal/Others,WS/MP880/2026-2027/277012-Fitting of Sitting RCC Benches in Public Places,Manoj Tiwari,NORTH EAST DELHI,2026-03-31,2026-08-25,5400000.0,Sanction,147,147,147,6.732393840247865,1.1990789340363213,-1,-0.02619686593798143,True
Lok Sabha,Maharashtra,Normal/Others,WS/MP18308/2025-2026/145425-Construction of toilet blocks,RAVINDRA DATTARAM WAIKAR,MUMBAI NORTH WEST,2024-10-08,2026-03-25,2100000.0,Work partially Completed,533,533,533,6.322219501540766,0.788904595329222,-1,-0.026046864526559244,True
Lok Sabha,Uttar Pradesh,Normal/Others,WS/MP18345/2025-2026/211195-Providing drains and gutters for public drainage,AKHILESH YADAV,KANNAUJ,2025-06-22,2026-01-20,4630000.0,Work partially Completed,212,212,212,6.665581084818047,1.1322661786065034,-1,-0.02603273834527642,True
Rajya Sabha,Telangana,Normal/Others,WS/MP18374/2024-2025/150314-Purchase of hospital equipment,Shri Anil Kumar Yadav Mandadi (2024-30) (2024-2030),,2024-11-01,2025-03-01,6000000.0,Physical Inspection,120,120,120,6.7781513227660515,1.2448364165545076,-1,-0.026011893624009796,True
Rajya Sabha,West Bengal,Normal/Others,"WS/MP18299/2026-2027/262312-Construction of roads, link roads, pathways or any other road with or without drainage system",Smt. Sagarika Ghose (2024-30) (2024-2030),,2026-01-29,2026-05-29,6000000.0,Sanction,120,120,120,6.7781513227660515,1.2448364165545076,-1,-0.026011893624009796,True
Rajya Sabha,Uttar Pradesh,Normal/Others,WS/MP196/2023-2024/48008-Purchase of books and periodicals for libraries/digitization of library books,Shri Brij Lal (2020-26) (2020-2026),,2023-11-09,2024-02-12,10000.0,Physical Inspection,95,95,95,4.000043427276863,-1.5332714789346813,-1,-0.02596990148177203,True
Rajya Sabha,Uttar Pradesh,Normal/Others,WS/MP196/2023-2024/48005-Purchase of books and periodicals for libraries/digitization of library books,Shri Brij Lal (2020-26) (2020-2026),,2023-11-09,2024-02-12,10000.0,Physical Inspection,95,95,95,4.000043427276863,-1.5332714789346813,-1,-0.02596990148177203,True
Rajya Sabha,Uttar Pradesh,Normal/Others,WS/MP196/2023-2024/48009-Purchase of books and periodicals for libraries/digitization of library books,Shri Brij Lal (2020-26) (2020-2026),,2023-11-09,2024-02-12,10000.0,Physical Inspection,95,95,95,4.000043427276863,-1.5332714789346813,-1,-0.02596990148177203,True
Rajya Sabha,Uttar Pradesh,Normal/Others,WS/MP196/2023-2024/48004-Purchase of books and periodicals for libraries/digitization of library books,Shri Brij Lal (2020-26) (2020-2026),,2023-11-09,2024-02-12,10000.0,Physical Inspection,95,95,95,4.000043427276863,-1.5332714789346813,-1,-0.02596990148177203,True
Rajya Sabha,Punjab,Normal/Others,"WS/MP141/2026-2027/299029-Purchase of prosthetics, wheel chairs, tricycles (manual or motorized), elect scooties, hearing aids",Shri Harbhajan Singh (2022-28) (2022-2028),,2026-07-26,2026-08-12,7153808.0,Sanction,17,17,17,6.854537340711835,1.3212224345002914,-1,-0.02584872539308436,True
Rajya Sabha,Madhya Pradesh,Bar and Associations,WS/MP106/2025-2026/16235-Purchase Books for Library,Shri Vivek K. Tankha (2022-28) (2022-2028),,2023-09-04,2025-04-29,50000.0,Work Completed,603,603,603,4.698978690138799,-0.0752564131960769,-1,-0.025734385503842994,True
Lok Sabha,Himachal Pradesh,Bar and Associations,WS/MP18328/2026-2027/148155-Purchase Books for Library,Kangana Ranaut,MANDI,2024-10-18,2026-07-21,50000.0,Vendor Identification,641,641,641,4.698978690138799,-0.0752564131960769,-1,-0.025734385503842994,True
Rajya Sabha,Assam,Normal/Others,WS/MP071/2025-2026/157993-Construction of community centers and community halls,Shri Pabitra Margherita (2022-28) (2022-2028),,2024-12-10,2025-06-18,5000000.0,Work partially Completed,190,190,190,6.698970091194907,1.165655184983363,-1,-0.025589678817182993,True
Lok Sabha,Tamil Nadu,Normal/Others,WS/MP508/2025-2026/176412-Construction of community centers and community halls,CN Annadurai,TIRUVANNAMALAI,2025-03-12,2025-09-18,5000000.0,Vendor Identification,190,190,190,6.698970091194907,1.165655184983363,-1,-0.025589678817182993,True
Lok Sabha,Gujarat,Normal/Others,WS/MP18053/2025-2026/180157-Construction of rainwater harvesting structures,DINESHBHAI MAKWANA,AHMEDABAD WEST(SC),2025-03-07,2025-09-15,4999918.0,Sanction,192,192,192,6.698962968708424,1.1656480624968797,-1,-0.025589678817182993,True
Rajya Sabha,Karnataka,Normal/Others,"WS/MP084/2025-2026/190018-Construction of roads, link roads, pathways or any other road with or without drainage system",Shri Jaggesh (2022-28) (2022-2028),,2025-04-08,2025-10-17,5000000.0,Physical Inspection,192,192,192,6.698970091194907,1.165655184983363,-1,-0.025589678817182993,True
Rajya Sabha,Karnataka,Normal/Others,"WS/MP084/2025-2026/190019-Construction of roads, link roads, pathways or any other road with or without drainage system",Shri Jaggesh (2022-28) (2022-2028),,2025-04-08,2025-10-17,5000000.0,Physical Inspection,192,192,192,6.698970091194907,1.165655184983363,-1,-0.025589678817182993,True
Rajya Sabha,Andhra Pradesh,Normal/Others,WS/MP840/2025-2026/164132-Construction of community centers and community halls,Shri V. Vijayendra Prasad (2022-28) (2022-2028),,2025-01-08,2025-07-19,5000000.0,Sanction,192,192,192,6.698970091194907,1.165655184983363,-1,-0.025589678817182993,True
Lok Sabha,West Bengal,Normal/Others,"WS/MP18244/2025-2026/195307-Construction of roads, link roads, pathways or any other road with or without drainage system",MANOJ TIGGA,ALIPURDUARS(ST),2025-04-29,2026-01-14,4512928.0,Sanction,260,260,260,6.654458501002803,1.121143594791259,-1,-0.025571495325743765,True
Rajya Sabha,Maharashtra,Normal/Others,"WS/MP116/2025-2026/174192-Construction of roads, link roads, pathways or any other road with or without drainage system",Shri Sanjay Raut (2022-28) (2022-2028),,2025-02-07,2025-12-19,4000000.0,Vendor Identification,315,315,315,6.6020600999015695,1.0687451936900256,-1,-0.02533745869853765,True
Rajya Sabha,Uttar Pradesh,Normal/Others,WS/MP189/2026-2027/175050-Construction of footpaths and pedestrian ways,Shri Kapil Sibal (2022-28) (2022-2028),,2025-02-12,2026-04-16,2800000.0,Vendor Identification,428,428,428,6.447158186447363,0.9138432802358194,-1,-0.025313678919474225,True
Lok Sabha,Odisha,Normal/Others,WS/MP300/2026-2027/160821-Installing community drinking water plants,Smt Aparajita Sarangi,BHUBANESWAR,2024-12-22,2026-07-27,100000.0,Vendor Identification,582,582,582,5.000004342923105,-0.5333105632884392,-1,-0.02520779585277033,True
Lok Sabha,Odisha,Normal/Others,WS/MP300/2026-2027/160820-Installing community drinking water plants,Smt Aparajita Sarangi,BHUBANESWAR,2024-12-22,2026-07-27,100000.0,Vendor Identification,582,582,582,5.000004342923105,-0.5333105632884392,-1,-0.02520779585277033,True
Lok Sabha,Odisha,Normal/Others,WS/MP300/2026-2027/160178-Installing community drinking water plants,Smt Aparajita Sarangi,BHUBANESWAR,2024-12-22,2026-07-27,100000.0,Sanction,582,582,582,5.000004342923105,-0.5333105632884392,-1,-0.02520779585277033,True
Lok Sabha,Odisha,Normal/Others,WS/MP300/2026-2027/160801-Installing community drinking water plants,Smt Aparajita Sarangi,BHUBANESWAR,2024-12-22,2026-07-27,100000.0,Vendor Identification,582,582,582,5.000004342923105,-0.5333105632884392,-1,-0.02520779585277033,True
Lok Sabha,Odisha,Normal/Others,WS/MP300/2026-2027/160804-Installing community drinking water plants,Smt Aparajita Sarangi,BHUBANESWAR,2024-12-22,2026-07-27,100000.0,Vendor Identification,582,582,582,5.000004342923105,-0.5333105632884392,-1,-0.02520779585277033,True
Lok Sabha,Odisha,Normal/Others,WS/MP300/2026-2027/160805-Installing community drinking water plants,Smt Aparajita Sarangi,BHUBANESWAR,2024-12-22,2026-07-27,100000.0,Vendor Identification,582,582,582,5.000004342923105,-0.5333105632884392,-1,-0.02520779585277033,True
Lok Sabha,Odisha,Normal/Others,WS/MP300/2026-2027/160802-Installing community drinking water plants,Smt Aparajita Sarangi,BHUBANESWAR,2024-12-22,2026-07-27,100000.0,Vendor Identification,582,582,582,5.000004342923105,-0.5333105632884392,-1,-0.02520779585277033,True
Lok Sabha,Odisha,Normal/Others,WS/MP300/2026-2027/160803-Installing community drinking water plants,Smt Aparajita Sarangi,BHUBANESWAR,2024-12-22,2026-07-27,100000.0,Vendor Identification,582,582,582,5.000004342923105,-0.5333105632884392,-1,-0.02520779585277033,True
Lok Sabha,Odisha,Normal/Others,WS/MP300/2026-2027/160175-Installing community drinking water plants,Smt Aparajita Sarangi,BHUBANESWAR,2024-12-22,2026-07-27,100000.0,Sanction,582,582,582,5.000004342923105,-0.5333105632884392,-1,-0.02520779585277033,True
Lok Sabha,Kerala,Normal/Others,"WS/MP18264/2025-2026/160577-Purchase of IT systems, including hardware and software for educational purposes",ADV K FRANCIS GEORGE,KOTTAYAM,2024-12-20,2025-07-26,15000.0,Work partially Completed,218,218,218,4.1761202110560856,-1.3571946951554583,-1,-0.025198174552668595,True
Lok Sabha,West Bengal,Normal/Others,WS/MP249/2026-2027/282366-Lighting of public spaces,Shri Deepak (Dev) Adhikari,GHATAL,2026-07-18,2026-08-27,7247584.0,Sanction,40,40,40,6.860193317481949,1.326878411270405,-1,-0.02506661378308228,True
Rajya Sabha,Karnataka,Normal/Others,WS/MP838/2025-2026/216517-Construction of boundary walls of existing public and community buildings,Dr. Dharmasthala Veerendra Heggade (2022-28) (2022-2028),,2025-07-09,2026-01-09,5000000.0,Sanction,184,184,184,6.698970091194907,1.165655184983363,-1,-0.02493014768510915,True
Lok Sabha,Andhra Pradesh,Normal/Others,WS/MP18016/2025-2026/251880-Construction of community centers and community halls,Sivanath Kesineni,VIJAYAWADA,2025-12-02,2025-12-27,7500000.0,Sanction,25,25,25,6.875061321297627,1.3417464150860834,-1,-0.024865866319047192,True
Lok Sabha,Andhra Pradesh,Normal/Others,WS/MP18016/2025-2026/251879-Construction of community centers and community halls,Sivanath Kesineni,VIJAYAWADA,2025-12-02,2025-12-27,7500000.0,Sanction,25,25,25,6.875061321297627,1.3417464150860834,-1,-0.024865866319047192,True
Lok Sabha,Madhya Pradesh,Normal/Others,WS/MP642/2026-2027/200945-Improvement of electricity distribution infrastructure,Ganesh Singh,SATNA,2025-06-09,2026-07-31,50000.0,Sanction,417,417,417,4.698978690138799,-0.834336216072745,-1,-0.02472598560719741,True
Lok Sabha,Madhya Pradesh,Normal/Others,WS/MP18109/2025-2026/150116-Installing community drinking water plants,DR. RAJESH MISHRA,SIDHI,2024-10-30,2025-08-08,17000.0,Vendor Identification,282,282,282,4.230474467361159,-1.3028404388503851,-1,-0.02467902701088509,True
Lok Sabha,Bihar,Normal/Others,WS/MP18037/2025-2026/212156-Construction of community centers and community halls,RAJA RAM SINGH,KARAKAT,2025-06-25,2025-09-24,6393000.0,Vendor Identification,91,91,91,6.805704772366673,1.2723898661551294,-1,-0.024314146432901418,True
Rajya Sabha,Uttar Pradesh,Normal/Others,"WS/MP182/2025-2026/244468-Construction of roads, link roads, pathways or any other road with or without drainage system",Dr. Radha Mohan Das Agrawal (2022-28) (2022-2028),,2025-10-29,2025-11-17,7115000.0,Work partially Completed,19,19,19,6.85217496545958,1.3188600592480357,-1,-0.0243105511647147,True
Rajya Sabha,Tamil Nadu,Normal/Others,WS/MP014/2025-2026/222175-Installing tube-wells and borewells,Shri Ilaiyaraaja (2022-28) (2022-2028),,2025-07-25,2025-10-06,6673742.0,Physical Inspection,73,73,73,6.8243694783405155,1.2910545721289717,-1,-0.024087258129022904,True
Rajya Sabha,Kerala,Normal/Others,"WS/MP095/2024-2025/133317-Construction of rooms and facilities for hospitals, FWC , PHC Centers and ANM centers",Shri A. A. Rahim (2022-28) (2022-2028),,2024-07-12,2024-11-08,6000000.0,Work partially Completed,119,119,119,6.7781513227660515,1.2448364165545076,-1,-0.024080629122783304,True
Lok Sabha,Uttar Pradesh,Normal/Others,WS/MP18200/2025-2026/228662-Setting up public non-conventional energy plants,KISHORI LAL,AMETHI,2025-08-24,2025-08-26,5909750.0,Physical Inspection,2,2,2,6.771569182809492,1.2382542765979485,-1,-0.02397385799034335,True
Lok Sabha,Uttar Pradesh,Normal/Others,WS/MP18233/2025-2026/252852-Construction of road under bridge,PRAVEEN PATEL,PHULPUR,2025-12-08,2026-01-16,7150000.0,Work partially Completed,39,39,39,6.854306102541563,1.3209911963300192,-1,-0.023927295983773744,True
Lok Sabha,Tripura,Normal/Others,WS/MP18197/2025-2026/225179-Construction of community centers and community halls,BIPLAB KUMAR DEB,TRIPURA WEST,2025-08-05,2026-01-28,4947401.0,Sanction,176,176,176,6.6943772002951585,1.1610622940836146,-1,-0.023898812782720658,True
Lok Sabha,Maharashtra,Normal/Others,WS/MP18307/2025-2026/143609-Construction of public toilets and bathrooms,Piyush Vedprakash Goyal,MUMBAI NORTH,2024-09-25,2026-03-25,2000000.0,Sanction,546,546,546,6.301030212811168,0.7677153065996238,-1,-0.023893766658559246,True
Lok Sabha,Maharashtra,Normal/Others,WS/MP18307/2025-2026/143602-Tree plantation for community,Piyush Vedprakash Goyal,MUMBAI NORTH,2024-09-25,2026-03-25,2000000.0,Sanction,546,546,546,6.301030212811168,0.7677153065996238,-1,-0.023893766658559246,True
Lok Sabha,Maharashtra,Normal/Others,WS/MP18307/2025-2026/143601-Tree plantation for community,Piyush Vedprakash Goyal,MUMBAI NORTH,2024-09-25,2026-03-25,2000000.0,Sanction,546,546,546,6.301030212811168,0.7677153065996238,-1,-0.023893766658559246,True
Lok Sabha,Maharashtra,Normal/Others,"WS/MP18307/2025-2026/143607-Construction of roads, link roads, pathways or any other road with or without drainage system",Piyush Vedprakash Goyal,MUMBAI NORTH,2024-09-25,2026-03-25,2000000.0,Work partially Completed,546,546,546,6.301030212811168,0.7677153065996238,-1,-0.023893766658559246,True
Lok Sabha,Kerala,Normal/Others,"WS/MP440/2026-2027/162039-Construction of rooms and facilities for hospitals, FWC , PHC Centers and ANM centers",Vellalath Kochukrishnan Nair Sreekandan,PALAKKAD,2024-12-29,2026-06-27,2000000.0,Sanction,545,545,545,6.301030212811168,0.7677153065996238,-1,-0.023893766658559246,True
Lok Sabha,Tamil Nadu,Normal/Others,"WS/MP18181/2025-2026/266346-Construction of Government office buildings (Post office, Police station, Police chauki, etc.)",ESWARASAMY K,POLLACHI,2026-02-05,2026-02-10,6000000.0,Physical Inspection,5,5,5,6.7781513227660515,1.2448364165545076,-1,-0.023666791042453394,True
Lok Sabha,Punjab,Normal/Others,WS/MP18155/2026-2027/295598-Construction of culverts and bridges,DR. RAJ KUMAR CHABBEWAL,HOSHIARPUR(SC),2026-07-16,2026-07-21,6223000.0,Sanction,5,5,5,6.793999870773069,1.2606849645615252,-1,-0.023666791042453394,True
Rajya Sabha,Punjab,Repair and Renovation,WS/MP235/2025-2026/244121-Construction of rooms and halls in school and colleges,Dr. Sandeep Kumar Pathak (2022-28) (2022-2028),,2025-10-27,2025-11-04,15200.0,Physical Inspection,8,8,8,4.181872159010333,-1.4488564663817618,-1,-0.023495831330128003,True
Rajya Sabha,Maharashtra,Normal/Others,WS/MP116/2025-2026/160366-Construction of rooms and halls in school and colleges,Shri Sanjay Raut (2022-28) (2022-2028),,2024-12-20,2026-03-13,2496125.0,Physical Inspection,448,448,448,6.397266503976566,0.8639515977650225,-1,-0.023387287261015022,True
Rajya Sabha,Karnataka,Repair and Renovation,WS/MP18421/2026-2027/225730-Construction of rooms and halls in school and colleges,Shri Ajay Makan (2024-30) (2024-2030),,2025-08-07,2026-05-15,5000000.0,Work partially Completed,281,281,281,6.698970091194907,1.0682414658028119,-1,-0.023366153867563466,True
Lok Sabha,Andhra Pradesh,Normal/Others,WS/MP524/2025-2026/198737-Construction of additional rooms and halls in the existing public and community building,Midhun Reddy,RAJAMPET,2025-05-12,2025-05-31,7000000.0,Sanction,19,19,19,6.845098102056321,1.311783195844777,-1,-0.02328896431026739,True
Lok Sabha,Andhra Pradesh,Normal/Others,WS/MP18001/2024-2025/163760-Providing drains and gutters for public drainage,GM Harish Balayogi,AMALAPURAM(SC),2025-01-06,2025-01-25,7000000.0,Sanction,19,19,19,6.845098102056321,1.311783195844777,-1,-0.02328896431026739,True
Lok Sabha,Karnataka,Normal/Others,WS/MP18088/2025-2026/180861-Construction of community centers and community halls,M. MALLESH BABU,KOLAR(SC),2025-03-15,2025-09-06,5000000.0,Vendor Identification,175,175,175,6.698970091194907,1.165655184983363,-1,-0.02328488502945869,True
Rajya Sabha,Puducherry,Normal/Others,"WS/MP139/2026-2027/229075-Purchase of IT systems, including hardware and software for educational purposes",Shri S. Selvaganabathy (2021-27) (2021-2027),,2025-08-26,2026-08-17,3337692.0,Work partially Completed,356,356,356,6.5234463879041895,0.9901314816926456,-1,-0.023144778343622496,True
Lok Sabha,West Bengal,Normal/Others,WS/MP18254/2024-2025/179556-Construction of stadiums,JUNE MALIAH,MEDINIPUR,2025-03-06,2025-03-12,5970760.0,Physical Inspection,6,6,6,6.776029687417159,1.2427147812056152,-1,-0.02305307250512123,True
Rajya Sabha,Uttar Pradesh,Normal/Others,"WS/MP183/2025-2026/263872-Construction of roads, link roads, pathways or any other road with or without drainage system",Prof. Ram Gopal Yadav (2020-26) (2020-2026),,2026-01-31,2026-02-26,6998000.0,Work partially Completed,26,26,26,6.844974000206683,1.3116590939951394,-1,-0.02292283760499747,True
Lok Sabha,Uttar Pradesh,Normal/Others,"WS/MP791/2025-2026/252116-Construction of roads, link roads, pathways or any other road with or without drainage system",Jagdambika Pal,DOMARIYAGANJ,2025-12-05,2026-02-28,6600000.0,Sanction,85,85,85,6.819544001344058,1.286229095132514,-1,-0.022882786992438398,True
Lok Sabha,West Bengal,Normal/Others,WS/MP479/2025-2026/160365-Development of playground,Saumitra khan,BISHNUPUR(SC),2024-12-20,2025-06-26,4592941.0,Physical Inspection,188,188,188,6.662090961150779,1.1287760549392347,-1,-0.02278783094865411,True
Lok Sabha,Kerala,Normal/Others,"WS/MP440/2026-2027/161945-Purchase of IT systems, including hardware and software for educational purposes",Vellalath Kochukrishnan Nair Sreekandan,PALAKKAD,2024-12-29,2026-06-25,2000000.0,Work partially Completed,543,543,543,6.301030212811168,0.7677153065996238,-1,-0.02266647383194942,True
Lok Sabha,Madhya Pradesh,Normal/Others,WS/MP18104/2026-2027/174652-Construction of shelters for animals,DARSHAN SINGH CHOUDHARY,HOSHANGABAD,2025-02-10,2026-08-06,100000.0,Sanction,542,542,542,5.000004342923105,-0.5333105632884392,-1,-0.022444174091485247,True
Rajya Sabha,Himachal Pradesh,Normal/Others,"WS/MP078/2025-2026/52968-Construction of roads, link roads, pathways or any other road with or without drainage system",Dr. Sikander Kumar (2022-28) (2022-2028),,2023-11-25,2025-05-23,100000.0,Vendor Identification,545,545,545,5.000004342923105,-0.5333105632884392,-1,-0.022444174091485247,True
Rajya Sabha,Uttar Pradesh,Normal/Others,WS/MP183/2023-2024/10275-Construction of rooms and halls in school and colleges,Prof. Ram Gopal Yadav (2020-26) (2020-2026),,2023-08-17,2024-02-06,5000000.0,Work partially Completed,173,173,173,6.698970091194907,1.165655184983363,-1,-0.022365031213093745,True
Lok Sabha,Uttar Pradesh,Normal/Others,"WS/MP18217/2025-2026/197963-Construction of roads, link roads, pathways or any other road with or without drainage system",AKSHAYA YADAV,FIROZABAD,2025-05-08,2025-05-28,6998000.0,Work Completed,20,20,20,6.844974000206683,1.3116590939951394,-1,-0.02230556036615816,True
Lok Sabha,Tamil Nadu,Normal/Others,WS/MP458/2026-2027/219312-Construction of community centers and community halls,Kanimozhi Karunanidhi,THOOTHUKKUDI,2025-07-29,2026-05-19,4000000.0,Vendor Identification,294,294,294,6.6020600999015695,1.0687451936900256,-1,-0.02226687627222479,True
Lok Sabha,Gujarat,Normal/Others,"WS/MP18057/2026-2027/274318-Purchase of smart boards, visual display units and projectors",MUKESHKUMAR CHANDRAKAANT DALAL,SURAT,2026-03-14,2026-06-22,5720000.0,Sanction,100,100,100,6.757396104718627,1.2240811985070827,-1,-0.022076654595620693,True
Lok Sabha,West Bengal,Normal/Others,WS/MP18254/2025-2026/208642-Construction of culverts and bridges,JUNE MALIAH,MEDINIPUR,2025-06-13,2025-09-25,5343068.0,Work partially Completed,104,104,104,6.72779078266611,1.1944758764545664,-1,-0.021941457405990628,True
Rajya Sabha,Tamil Nadu,Normal/Others,WS/MP166/2025-2026/236555-Setting up of farmers’ training and assistance centers,Shri K.R.N. Rajeshkumar (2022-28) (2022-2028),,2025-09-22,2025-09-30,6500000.0,Work partially Completed,8,8,8,6.8129134234573865,1.2795985172458426,-1,-0.021917118349256137,True
Rajya Sabha,Maharashtra,Normal/Others,"WS/MP18290/2025-2026/176898-Construction of roads, link roads, pathways or any other road with or without drainage system",Shri Chandrakant Damodar Handore (2024-30) (2024-2030),,2025-02-21,2025-08-06,5100000.0,Vendor Identification,166,166,166,6.707570261253709,1.174255355042165,-1,-0.021906820341734967,True
Lok Sabha,Manipur,Normal/Others,WS/MP18371/2025-2026/248813-Development of public parks,ANGOMCHA BIMOL AKOIJAM,INNER MANIPUR,2025-11-17,2025-11-24,6000000.0,Work partially Completed,7,7,7,6.7781513227660515,1.2448364165545076,-1,-0.02182729511675885,True
Lok Sabha,Gujarat,Normal/Others,WS/MP18054/2026-2027/162913-Street lights,HARIBHAI PATEL,MAHESANA,2025-01-01,2026-06-22,100000.0,Physical Inspection,537,537,537,5.000004342923105,-0.5333105632884392,-1,-0.021768063669460713,True
Lok Sabha,Maharashtra,Normal/Others,"WS/MP18120/2026-2027/169230-Construction of roads, link roads, pathways or any other road with or without drainage system",AASHTIKAR PATIL NAGESH BAPURAO,HINGOLI,2025-01-27,2026-07-15,1981405.0,Physical Inspection,534,534,534,6.2969734737685465,0.7636585675570027,-1,-0.021765533069116882,True
Lok Sabha,Uttar Pradesh,Normal/Others,WS/MP18226/2024-2025/170172-Construction of culverts and bridges,UTKARSH VERMA MADHUR,KHERI,2025-01-29,2025-02-17,6798710.0,Physical Inspection,19,19,19,6.832426580551542,1.299111674339998,-1,-0.021756556574631714,True
Lok Sabha,Karnataka,Normal/Others,WS/MP18085/2026-2027/263514-Construction of additional rooms and halls in the existing public and community building,RADHAKRISHNA,GULBARGA(SC),2026-02-09,2026-06-23,5200000.0,Sanction,134,134,134,6.716003427152961,1.1826885209414169,-1,-0.0216766984368697,True
Lok Sabha,Andhra Pradesh,Normal/Others,WS/MP18343/2025-2026/232260-Construction of additional rooms and halls in the existing public and community building,Daggubati Purandeshwari,RAJAHMUNDRY,2025-09-23,2026-03-13,5000000.0,Sanction,171,171,171,6.698970091194907,1.165655184983363,-1,-0.021600685536528164,True
Lok Sabha,Tamil Nadu,Normal/Others,WS/MP391/2026-2027/273229-Development of playfields and sports grounds,Thiru Dayanidhi Maran,CHENNAI CENTRAL,2026-03-12,2026-08-28,5000000.0,Work partially Completed,169,169,169,6.698970091194907,1.165655184983363,-1,-0.021600685536528164,True
Lok Sabha,Maharashtra,Normal/Others,"WS/MP18308/2025-2026/145414-Construction of roads, link roads, pathways or any other road with or without drainage system",RAVINDRA DATTARAM WAIKAR,MUMBAI NORTH WEST,2024-10-08,2026-03-25,2000000.0,Vendor Identification,533,533,533,6.301030212811168,0.7677153065996238,-1,-0.02144139332771955,True
Lok Sabha,Maharashtra,Normal/Others,WS/MP18308/2025-2026/145430-Construction of community centers and community halls,RAVINDRA DATTARAM WAIKAR,MUMBAI NORTH WEST,2024-10-08,2026-03-25,2000000.0,Work partially Completed,533,533,533,6.301030212811168,0.7677153065996238,-1,-0.02144139332771955,True
Lok Sabha,Tamil Nadu,Normal/Others,WS/MP18180/2026-2027/231215-Construction of rooms and halls in school and colleges,ARUN NEHRU,PERAMBALUR,2025-09-11,2026-08-10,3650000.0,Work partially Completed,333,333,333,6.562292983441248,1.028978077229704,-1,-0.02141303625442581,True
Rajya Sabha,Punjab,Normal/Others,WS/MP843/2026-2027/259136-Crematoriums/energy efficient crematoriums or structures on burial/cremation ground,Dr. Ashok Kumar Mittal (2022-28) (2022-2028),,2026-01-14,2026-06-19,5000000.0,Sanction,156,156,156,6.698970091194907,1.165655184983363,-1,-0.021384441536885346,True
Rajya Sabha,Puducherry,Normal/Others,WS/MP139/2025-2026/144707-Purchase of mobile sanitation equipment,Shri S. Selvaganabathy (2021-27) (2021-2027),,2024-09-30,2025-07-29,3990000.0,Sanction,302,302,302,6.600973004532469,1.0676580983209254,-1,-0.02134839906584174,True
Lok Sabha,Tamil Nadu,Normal/Others,WS/MP458/2026-2027/225383-Construction of community centers and community halls,Kanimozhi Karunanidhi,THOOTHUKKUDI,2025-08-07,2026-06-12,4000000.0,Work partially Completed,309,309,309,6.6020600999015695,1.0687451936900256,-1,-0.02134839906584174,True
Lok Sabha,Maharashtra,Normal/Others,WS/MP18258/2025-2026/159947-Construction of public irrigation facilities,DHANORKAR PRATIBHA SURESH ALIAS BALUBHAU,CHANDRAPUR,2025-01-06,2026-03-26,2500000.0,Work Completed,444,444,444,6.397940182389796,0.864625276178252,-1,-0.02134261770525092,True
Lok Sabha,Tamil Nadu,Normal/Others,WS/MP18384/2025-2026/204836-Construction of bus-sheds or bus-stops,SELVARAJ V,NAGAPATTINAM(SC),2025-05-29,2026-03-13,4000000.0,Sanction,288,288,288,6.6020600999015695,1.0687451936900256,-1,-0.021284949932710018,True
Lok Sabha,Karnataka,Normal/Others,WS/MP18093/2025-2026/180263-Construction of rooms and halls in school and colleges,V. SOMANNA,TUMKUR,2025-03-08,2025-10-09,4500000.0,Vendor Identification,215,215,215,6.653212610285218,1.119897704073674,-1,-0.02126579713393406,True
Rajya Sabha,Telangana,Normal/Others,WS/MP171/2025-2026/205269-Construction of community centers and community halls,Shri Ravi Chandra Vaddiraju (2024-30) (2024-2030),,2025-05-30,2025-11-18,4900000.0,Work partially Completed,172,172,172,6.690196168660032,1.156881262448488,-1,-0.021249307728908096,True
Rajya Sabha,Uttar Pradesh,Normal/Others,"WS/MP847/2024-2025/89994-Construction of roads, link roads, pathways or any other road with or without drainage system",Shri Baburam Nishad (2022-28) (2022-2028),,2024-01-27,2024-12-12,3700000.0,Physical Inspection,320,320,320,6.568201841443866,1.034886935232322,-1,-0.021249191940613588,True
Rajya Sabha,Jammu And Kashmir,Normal/Others,WS/MP839/2025-2026/266612-Lighting of public spaces,Shri Gulam Ali (2022-28) (2022-2028),,2026-02-05,2026-03-09,7075000.0,Physical Inspection,32,32,32,6.849726505580702,1.3164115993691583,-1,-0.0211093252846275,True
Rajya Sabha,Assam,Normal/Others,WS/MP071/2025-2026/162670-Construction of stadiums,Shri Pabitra Margherita (2022-28) (2022-2028),,2024-12-31,2025-06-13,5000000.0,Work partially Completed,164,164,164,6.698970091194907,1.165655184983363,-1,-0.020988830023686122,True
Lok Sabha,West Bengal,Normal/Others,"WS/MP18244/2026-2027/270244-Construction of roads, link roads, pathways or any other road with or without drainage system",MANOJ TIGGA,ALIPURDUARS(ST),2026-02-22,2026-07-22,5123999.0,Sanction,150,150,150,6.709609121072648,1.1762942148611044,-1,-0.02097853705248187,True
Lok Sabha,Tripura,Normal/Others,WS/MP18197/2025-2026/210306-Construction of stadiums,BIPLAB KUMAR DEB,TRIPURA WEST,2025-06-19,2025-10-17,5372892.0,Vendor Identification,120,120,120,6.730208191774301,1.1968932855627568,-1,-0.02084032833273619,True
Rajya Sabha,West Bengal,Normal/Others,"WS/MP18299/2026-2027/262352-Construction of roads, link roads, pathways or any other road with or without drainage system",Smt. Sagarika Ghose (2024-30) (2024-2030),,2026-01-29,2026-05-29,5250000.0,Sanction,120,120,120,6.7201593861287074,1.1868444799171636,-1,-0.02084032833273619,True
Rajya Sabha,West Bengal,Normal/Others,"WS/MP18299/2026-2027/262377-Construction of roads, link roads, pathways or any other road with or without drainage system",Smt. Sagarika Ghose (2024-30) (2024-2030),,2026-01-29,2026-05-29,5250000.0,Sanction,120,120,120,6.7201593861287074,1.1868444799171636,-1,-0.02084032833273619,True
Lok Sabha,Tamil Nadu,Normal/Others,WS/MP747/2025-2026/214835-Construction of rooms and halls in school and colleges,Manickam Tagore B,VIRUDHUNAGAR,2025-09-20,2026-02-20,5000000.0,Work partially Completed,153,153,153,6.698970091194907,1.165655184983363,-1,-0.020772781013053354,True
Lok Sabha,Tamil Nadu,Normal/Others,WS/MP18183/2024-2025/143387-Construction of public libraries and reading rooms,MURASOLI S,THANJAVUR,2024-09-25,2025-02-26,4980095.0,Physical Inspection,154,154,154,6.697237714620845,1.1639228084093007,-1,-0.020772781013053354,True
Rajya Sabha,Uttar Pradesh,Normal/Others,WS/MP196/2024-2025/173988-Construction of additional rooms and halls in the existing public and community building,Shri Brij Lal (2020-26) (2020-2026),,2025-02-06,2025-03-12,6950000.0,Vendor Identification,34,34,34,6.841984867078524,1.3086699608669798,-1,-0.020701466130144675,True
Lok Sabha,Uttarakhand,Normal/Others,WS/MP478/2025-2026/210693-Purchase of books and periodicals for libraries/digitization of library books,Mala Rajya Laxmi Shah,TEHRI GARHWAL,2025-06-21,2025-12-04,5000000.0,Sanction,166,166,166,6.698970091194907,1.165655184983363,-1,-0.02068310919156713,True
Lok Sabha,Telangana,Normal/Others,WS/MP18190/2025-2026/161560-Installing tube-wells and borewells,BALRAM NAIK PORIKA,MAHABUBABAD,2024-12-26,2026-01-13,24098.0,Physical Inspection,383,383,383,4.381999021683067,-1.1513158845284766,-1,-0.020551865480336162,True
Rajya Sabha,Rajasthan,Normal/Others,WS/MP148/2026-2027/254703-Construction of community centers and community halls,Shri Randeep Singh Surjewala (2022-28) (2022-2028),,2025-12-18,2026-05-18,5000000.0,Sanction,151,151,151,6.698970091194907,1.165655184983363,-1,-0.0204671576094958,True
Lok Sabha,Uttar Pradesh,Normal/Others,WS/MP18203/2025-2026/231653-Installing community drinking water plants,ADITYA YADAV,BADAUN,2025-09-05,2025-12-02,6060000.0,Vendor Identification,88,88,88,6.782472695832037,1.2491577896204928,-1,-0.020407789311079227,True
Lok Sabha,Madhya Pradesh,Normal/Others,WS/MP642/2026-2027/202093-Improvement of electricity distribution infrastructure,Ganesh Singh,SATNA,2025-06-09,2026-07-31,58000.0,Sanction,417,417,417,4.763435481334283,-0.7698794248772609,-1,-0.020345265045860095,True
Lok Sabha,Madhya Pradesh,Normal/Others,WS/MP642/2026-2027/202101-Improvement of electricity distribution infrastructure,Ganesh Singh,SATNA,2025-06-09,2026-07-31,58000.0,Sanction,417,417,417,4.763435481334283,-0.7698794248772609,-1,-0.020345265045860095,True
Lok Sabha,Tamil Nadu,Normal/Others,WS/MP458/2026-2027/225379-Construction of community centers and community halls,Kanimozhi Karunanidhi,THOOTHUKKUDI,2025-08-07,2026-05-19,4000000.0,Work partially Completed,285,285,285,6.6020600999015695,1.0687451936900256,-1,-0.02030444313712554,True
Lok Sabha,West Bengal,Normal/Others,"WS/MP18244/2025-2026/241938-Construction of roads, link roads, pathways or any other road with or without drainage system",MANOJ TIGGA,ALIPURDUARS(ST),2025-10-14,2026-01-20,5365620.0,Sanction,98,98,98,6.729619993080298,1.1963050868687537,-1,-0.020286769926448955,True
Lok Sabha,Karnataka,Normal/Others,WS/MP18085/2026-2027/263473-Construction of additional rooms and halls in the existing public and community building,RADHAKRISHNA,GULBARGA(SC),2026-02-09,2026-06-23,5100000.0,Sanction,134,134,134,6.707570261253709,1.174255355042165,-1,-0.020147922727483114,True
Lok Sabha,Karnataka,Normal/Others,WS/MP18085/2026-2027/263477-Construction of additional rooms and halls in the existing public and community building,RADHAKRISHNA,GULBARGA(SC),2026-02-09,2026-06-23,5100000.0,Sanction,134,134,134,6.707570261253709,1.174255355042165,-1,-0.020147922727483114,True
Lok Sabha,Uttar Pradesh,Normal/Others,"WS/MP18217/2025-2026/197245-Construction of roads, link roads, pathways or any other road with or without drainage system",AKSHAYA YADAV,FIROZABAD,2025-05-06,2025-05-28,6997000.0,Work Completed,22,22,22,6.8449119359808055,1.3115970297692616,-1,-0.02013061172461239,True
Lok Sabha,Madhya Pradesh,Normal/Others,WS/MP642/2026-2027/202088-Improvement of electricity distribution infrastructure,Ganesh Singh,SATNA,2025-06-09,2026-07-31,54000.0,Sanction,417,417,417,4.732401802238908,-0.8009131039726363,-1,-0.02012942112955951,True
Rajya Sabha,Rajasthan,Normal/Others,WS/MP146/2024-2025/11244-Construction of rooms and halls in school and colleges,Shri Mukul Wasnik (2022-28) (2022-2028),,2023-08-19,2024-12-04,2208899.0,Physical Inspection,473,473,473,6.344176055196364,0.8108611489848201,-1,-0.01985551920204931,True
Lok Sabha,Madhya Pradesh,Normal/Others,WS/MP642/2026-2027/202106-Improvement of electricity distribution infrastructure,Ganesh Singh,SATNA,2025-06-09,2026-07-31,55000.0,Sanction,417,417,417,4.740370585685768,-0.792944320525776,-1,-0.01973454155609855,True
Rajya Sabha,Punjab,Normal/Others,WS/MP844/2025-2026/237919-Purchase of motor boats for flood and cyclone prone areas,Dr. Vikramjit Singh Sahney (2022-28) (2022-2028),,2025-09-25,2025-10-16,6884000.0,Physical Inspection,21,21,21,6.837840924743038,1.3045260185314937,-1,-0.01965044081981815,True
Lok Sabha,Maharashtra,Normal/Others,WS/MP18308/2025-2026/146670-Providing CCTV camera system for security of public areas,RAVINDRA DATTARAM WAIKAR,MUMBAI NORTH WEST,2024-10-10,2026-03-25,100000.0,Sanction,531,531,531,5.000004342923105,-0.5333105632884392,-1,-0.019628454393618044,True
Rajya Sabha,Madhya Pradesh,Normal/Others,WS/MP104/2025-2026/218159-Construction of buildings for community cultural activities,Dr. L. Murugan (2024-30) (2024-2030),,2025-07-16,2025-11-28,5000000.0,Sanction,135,135,135,6.698970091194907,1.165655184983363,-1,-0.019537377182928695,True
Rajya Sabha,Assam,Normal/Others,WS/MP071/2025-2026/157687-Construction of community centers and community halls,Shri Pabitra Margherita (2022-28) (2022-2028),,2024-12-09,2025-04-23,5000000.0,Vendor Identification,135,135,135,6.698970091194907,1.165655184983363,-1,-0.019537377182928695,True
Rajya Sabha,Telangana,Normal/Others,WS/MP846/2025-2026/198244-Construction of community centers and community halls,Shri Damodar Rao Divakonda (2022-28) (2022-2028),,2025-05-09,2025-09-23,5000000.0,Work Completed,137,137,137,6.698970091194907,1.165655184983363,-1,-0.019537377182928695,True
Lok Sabha,Madhya Pradesh,Normal/Others,WS/MP642/2026-2027/199837-Improvement of electricity distribution infrastructure,Ganesh Singh,SATNA,2025-06-09,2026-07-14,52000.0,Vendor Identification,400,400,400,4.716011695371454,-0.8173032108400902,-1,-0.019518892268049592,True
Lok Sabha,Karnataka,Normal/Others,"WS/MP18080/2025-2026/182042-Construction of roads, link roads, pathways or any other road with or without drainage system",SUNIL BOSE,CHAMARAJANAGAR(SC),2025-03-18,2025-08-12,5000000.0,Physical Inspection,147,147,147,6.698970091194907,1.165655184983363,-1,-0.019451334123687047,True
Lok Sabha,Maharashtra,Normal/Others,WS/MP18308/2025-2026/244680-Construction of community centers and community halls,RAVINDRA DATTARAM WAIKAR,MUMBAI NORTH WEST,2025-10-31,2026-03-25,5000000.0,Vendor Identification,145,145,145,6.698970091194907,1.165655184983363,-1,-0.019451334123687047,True
Rajya Sabha,Gujarat,Normal/Others,WS/MP18288/2024-2025/144148-Construction of New Building,Dr. Parmar Jashvantsinh Salamsinh (2024-30) (2024-2030),,2024-09-28,2025-02-13,5000000.0,Physical Inspection,138,138,138,6.698970091194907,1.165655184983363,-1,-0.019318898483581592,True
Lok Sabha,Sikkim,Normal/Others,"WS/MP013/2024-2025/151025-Purchase of IT systems, including hardware and software for educational purposes",Indra Hang Subba,SIKKIM,2024-11-06,2025-03-25,5000000.0,Work Completed,139,139,139,6.698970091194907,1.165655184983363,-1,-0.019318898483581592,True
Rajya Sabha,Uttar Pradesh,Normal/Others,WS/MP186/2024-2025/141234-Construction of community centers and community halls,Shri Arun Singh (2020-26) (2020-2026),,2024-09-16,2025-02-19,4800000.0,Vendor Identification,156,156,156,6.681241327853595,1.147926421642051,-1,-0.019246041600449182,True
Rajya Sabha,Kerala,Normal/Others,WS/MP102/2026-2027/283773- Laying of synthetic turfs for hockey and football,Smt. Jebi Mather Hisham (2022-28) (2022-2028),,2026-05-26,2026-07-31,5890000.0,Sanction,66,66,66,6.770115368521303,1.236800462309759,-1,-0.01919918792042352,True
Lok Sabha,Tripura,Normal/Others,WS/MP18197/2025-2026/197844-Construction of community centers and community halls,BIPLAB KUMAR DEB,TRIPURA WEST,2025-05-08,2025-10-17,4815460.0,Physical Inspection,162,162,162,6.6826378698972055,1.1493229636856617,-1,-0.019156571786841936,True
Lok Sabha,Madhya Pradesh,Normal/Others,WS/MP642/2026-2027/199922-Improvement of electricity distribution infrastructure,Ganesh Singh,SATNA,2025-06-09,2026-05-16,32000.0,Sanction,341,341,341,4.505163549810412,-1.028151356401132,-1,-0.019148734239596066,True
Rajya Sabha,Kerala,Trust and Society,WS/MP101/2025-2026/142786-Construction of public libraries and reading rooms,Shri Sandosh Kumar P (2022-28) (2022-2028),,2024-09-23,2026-01-17,2900000.0,Work partially Completed,481,481,481,6.462398147655648,0.5341749463904941,-1,-0.019054938196016113,True
Rajya Sabha,Kerala,Normal/Others,WS/MP094/2025-2026/190570-Purchase of vans and buses for educational institutions,Dr. V. Sivadasan (2021-27) (2021-2027),,2025-04-11,2026-03-13,3500000.0,Physical Inspection,336,336,336,6.5440681684343955,1.0107532622228517,-1,-0.018969598409512067,True
Lok Sabha,West Bengal,Normal/Others,WS/MP823/2025-2026/152969-Construction of culverts and bridges,Ms Mahua Moitra,KRISHNANAGAR,2024-11-18,2025-04-03,4924873.0,Work partially Completed,136,136,136,6.692395123807292,1.159080217595748,-1,-0.01892738217236145,True
Lok Sabha,Kerala,Repair and Renovation,"WS/MP352/2025-2026/135898-Construction of roads, link roads, pathways or any other road with or without drainage system",Shri Hibi Eden,ERNAKULAM,2024-08-16,2025-11-13,2500000.0,Sanction,454,454,454,6.397940182389796,0.7672115569977009,-1,-0.01892618377840216,True
Lok Sabha,Tamil Nadu,Normal/Others,WS/MP755/2026-2027/156755-Construction of rooms and halls in school and colleges,Thalikkottai Rajuthevar Baalu,SRIPERUMBUDUR,2024-12-03,2026-06-22,1700000.0,Work partially Completed,566,566,566,6.230449176845541,0.6971342706339971,-1,-0.018918321547573114,True
Lok Sabha,Andhra Pradesh,Normal/Others,"WS/MP18010/2024-2025/182174-Construction of flood control embankments/ protection walls along riverbanks, hilltops, roadsides",TANGELLA UDAY SRINIVAS,KAKINADA,2025-03-15,2025-03-25,6000000.0,Work Completed,10,10,10,6.7781513227660515,1.2448364165545076,-1,-0.018861928884443158,True
Lok Sabha,Tamil Nadu,Normal/Others,"WS/MP18267/2026-2027/283693-Construction of roads, link roads, pathways or any other road with or without drainage system",GOPINATH K,KRISHNAGIRI,2026-08-14,2026-08-25,6206000.0,Sanction,11,11,11,6.792811841227916,1.2594969350163723,-1,-0.018861928884443158,True
Lok Sabha,Manipur,Normal/Others,WS/MP18371/2025-2026/240203-Construction of common work sheds/ common covered sitting area,ANGOMCHA BIMOL AKOIJAM,INNER MANIPUR,2025-10-06,2025-10-16,6000000.0,Work partially Completed,10,10,10,6.7781513227660515,1.2448364165545076,-1,-0.018861928884443158,True
Rajya Sabha,Kerala,Normal/Others,WS/MP18405/2026-2027/265805-Construction of rooms and halls in school and colleges,Shri P. P. Suneer (2024-30) (2024-2030),,2026-02-06,2026-07-04,5000000.0,Sanction,148,148,148,6.698970091194907,1.165655184983363,-1,-0.018841416698860636,True
Lok Sabha,West Bengal,Normal/Others,WS/MP18248/2025-2026/201255-Construction of buildings for sports facilities,DR. SHARMILA SARKAR,BARDHAMAN PURBA(SC),2025-05-20,2026-02-23,3982671.0,Sanction,279,279,279,6.600174540791526,1.0668596345799823,-1,-0.018778758771016424,True
Lok Sabha,Uttar Pradesh,Normal/Others,WS/MP18208/2025-2026/249731-Lighting of public spaces,RAM PRASAD CHAUDHARY,BASTI,2025-11-20,2025-11-21,15364.0,Vendor Identification,1,1,1,4.186532564592397,-1.3467823416191465,-1,-0.01867759879038422,True
Lok Sabha,Uttar Pradesh,Normal/Others,WS/MP18208/2025-2026/249705-Lighting of public spaces,RAM PRASAD CHAUDHARY,BASTI,2025-11-20,2025-11-21,15364.0,Vendor Identification,1,1,1,4.186532564592397,-1.3467823416191465,-1,-0.01867759879038422,True
Lok Sabha,Uttar Pradesh,Normal/Others,WS/MP18208/2025-2026/249706-Lighting of public spaces,RAM PRASAD CHAUDHARY,BASTI,2025-11-20,2025-11-21,15364.0,Vendor Identification,1,1,1,4.186532564592397,-1.3467823416191465,-1,-0.01867759879038422,True
Lok Sabha,Uttar Pradesh,Normal/Others,WS/MP18208/2025-2026/249724-Lighting of public spaces,RAM PRASAD CHAUDHARY,BASTI,2025-11-20,2025-11-21,15364.0,Vendor Identification,1,1,1,4.186532564592397,-1.3467823416191465,-1,-0.01867759879038422,True
Lok Sabha,Uttar Pradesh,Normal/Others,WS/MP18208/2025-2026/249725-Lighting of public spaces,RAM PRASAD CHAUDHARY,BASTI,2025-11-20,2025-11-21,15364.0,Vendor Identification,1,1,1,4.186532564592397,-1.3467823416191465,-1,-0.01867759879038422,True
Lok Sabha,Uttar Pradesh,Normal/Others,WS/MP18208/2025-2026/249727-Lighting of public spaces,RAM PRASAD CHAUDHARY,BASTI,2025-11-20,2025-11-21,15364.0,Vendor Identification,1,1,1,4.186532564592397,-1.3467823416191465,-1,-0.01867759879038422,True
Lok Sabha,Uttar Pradesh,Normal/Others,WS/MP18208/2025-2026/249726-Lighting of public spaces,RAM PRASAD CHAUDHARY,BASTI,2025-11-20,2025-11-21,15364.0,Vendor Identification,1,1,1,4.186532564592397,-1.3467823416191465,-1,-0.01867759879038422,True
Lok Sabha,Uttar Pradesh,Normal/Others,WS/MP18208/2025-2026/249728-Lighting of public spaces,RAM PRASAD CHAUDHARY,BASTI,2025-11-20,2025-11-21,15364.0,Vendor Identification,1,1,1,4.186532564592397,-1.3467823416191465,-1,-0.01867759879038422,True
Lok Sabha,Uttar Pradesh,Normal/Others,WS/MP18208/2025-2026/249729-Lighting of public spaces,RAM PRASAD CHAUDHARY,BASTI,2025-11-20,2025-11-21,15364.0,Vendor Identification,1,1,1,4.186532564592397,-1.3467823416191465,-1,-0.01867759879038422,True
Lok Sabha,Uttar Pradesh,Normal/Others,WS/MP18208/2025-2026/249733-Lighting of public spaces,RAM PRASAD CHAUDHARY,BASTI,2025-11-20,2025-11-21,15364.0,Vendor Identification,1,1,1,4.186532564592397,-1.3467823416191465,-1,-0.01867759879038422,True
Lok Sabha,Uttar Pradesh,Normal/Others,WS/MP18208/2025-2026/249730-Lighting of public spaces,RAM PRASAD CHAUDHARY,BASTI,2025-11-20,2025-11-21,15364.0,Vendor Identification,1,1,1,4.186532564592397,-1.3467823416191465,-1,-0.01867759879038422,True
Lok Sabha,Uttar Pradesh,Normal/Others,WS/MP18208/2025-2026/249732-Lighting of public spaces,RAM PRASAD CHAUDHARY,BASTI,2025-11-20,2025-11-21,15364.0,Vendor Identification,1,1,1,4.186532564592397,-1.3467823416191465,-1,-0.01867759879038422,True
Lok Sabha,Uttar Pradesh,Normal/Others,WS/MP18208/2025-2026/249702-Lighting of public spaces,RAM PRASAD CHAUDHARY,BASTI,2025-11-20,2025-11-21,15364.0,Vendor Identification,1,1,1,4.186532564592397,-1.3467823416191465,-1,-0.01867759879038422,True
Lok Sabha,Uttar Pradesh,Normal/Others,WS/MP18208/2025-2026/249692-Lighting of public spaces,RAM PRASAD CHAUDHARY,BASTI,2025-11-20,2025-11-21,15364.0,Vendor Identification,1,1,1,4.186532564592397,-1.3467823416191465,-1,-0.01867759879038422,True
Lok Sabha,Uttar Pradesh,Normal/Others,WS/MP18208/2025-2026/249694-Lighting of public spaces,RAM PRASAD CHAUDHARY,BASTI,2025-11-20,2025-11-21,15364.0,Vendor Identification,1,1,1,4.186532564592397,-1.3467823416191465,-1,-0.01867759879038422,True
Lok Sabha,Uttar Pradesh,Normal/Others,WS/MP18208/2025-2026/249693-Lighting of public spaces,RAM PRASAD CHAUDHARY,BASTI,2025-11-20,2025-11-21,15364.0,Vendor Identification,1,1,1,4.186532564592397,-1.3467823416191465,-1,-0.01867759879038422,True
Lok Sabha,Uttar Pradesh,Normal/Others,WS/MP18208/2025-2026/249703-Lighting of public spaces,RAM PRASAD CHAUDHARY,BASTI,2025-11-20,2025-11-21,15364.0,Vendor Identification,1,1,1,4.186532564592397,-1.3467823416191465,-1,-0.01867759879038422,True
Lok Sabha,Uttar Pradesh,Normal/Others,WS/MP18208/2025-2026/249717-Lighting of public spaces,RAM PRASAD CHAUDHARY,BASTI,2025-11-20,2025-11-21,15364.0,Vendor Identification,1,1,1,4.186532564592397,-1.3467823416191465,-1,-0.01867759879038422,True
Lok Sabha,Uttar Pradesh,Normal/Others,WS/MP18208/2025-2026/249723-Lighting of public spaces,RAM PRASAD CHAUDHARY,BASTI,2025-11-20,2025-11-21,15364.0,Vendor Identification,1,1,1,4.186532564592397,-1.3467823416191465,-1,-0.01867759879038422,True
Lok Sabha,Uttar Pradesh,Normal/Others,WS/MP18208/2025-2026/249722-Lighting of public spaces,RAM PRASAD CHAUDHARY,BASTI,2025-11-20,2025-11-21,15364.0,Vendor Identification,1,1,1,4.186532564592397,-1.3467823416191465,-1,-0.01867759879038422,True
Lok Sabha,Uttar Pradesh,Normal/Others,WS/MP18208/2025-2026/249718-Lighting of public spaces,RAM PRASAD CHAUDHARY,BASTI,2025-11-20,2025-11-21,15364.0,Vendor Identification,1,1,1,4.186532564592397,-1.3467823416191465,-1,-0.01867759879038422,True
Lok Sabha,Uttar Pradesh,Normal/Others,WS/MP18208/2025-2026/249734-Lighting of public spaces,RAM PRASAD CHAUDHARY,BASTI,2025-11-20,2025-11-21,15364.0,Vendor Identification,1,1,1,4.186532564592397,-1.3467823416191465,-1,-0.01867759879038422,True
Lok Sabha,Uttar Pradesh,Normal/Others,WS/MP18208/2025-2026/249704-Lighting of public spaces,RAM PRASAD CHAUDHARY,BASTI,2025-11-20,2025-11-21,15364.0,Vendor Identification,1,1,1,4.186532564592397,-1.3467823416191465,-1,-0.01867759879038422,True
Lok Sabha,Uttar Pradesh,Normal/Others,WS/MP18208/2025-2026/249691-Lighting of public spaces,RAM PRASAD CHAUDHARY,BASTI,2025-11-20,2025-11-21,15364.0,Vendor Identification,1,1,1,4.186532564592397,-1.3467823416191465,-1,-0.01867759879038422,True
Lok Sabha,Uttar Pradesh,Normal/Others,WS/MP18208/2025-2026/249735-Lighting of public spaces,RAM PRASAD CHAUDHARY,BASTI,2025-11-20,2025-11-21,15364.0,Vendor Identification,1,1,1,4.186532564592397,-1.3467823416191465,-1,-0.01867759879038422,True
Lok Sabha,Tamil Nadu,Normal/Others,WS/MP18183/2024-2025/143390-Construction of rooms and halls in school and colleges,MURASOLI S,THANJAVUR,2024-09-25,2025-02-26,4818297.0,Physical Inspection,154,154,154,6.682893656549285,1.1495787503377413,-1,-0.018636309289595587,True
Lok Sabha,Uttar Pradesh,Normal/Others,WS/MP465/2025-2026/186775-Construction of shelters for animals,Swami Sachchidanandhari Sakshi ji Maharaj,UNNAO,2025-03-26,2025-08-04,4997529.0,Physical Inspection,131,131,131,6.698755409852756,1.1654405036412125,-1,-0.018577388695170005,True
Lok Sabha,Tamil Nadu,Normal/Others,WS/MP755/2024-2025/152821-Construction of community centers and community halls,Thalikkottai Rajuthevar Baalu,SRIPERUMBUDUR,2024-11-16,2025-03-27,4997916.0,Physical Inspection,131,131,131,6.698789039557276,1.1654741333457324,-1,-0.018577388695170005,True
Lok Sabha,Tamil Nadu,Normal/Others,WS/MP755/2024-2025/152820-Construction of community centers and community halls,Thalikkottai Rajuthevar Baalu,SRIPERUMBUDUR,2024-11-16,2025-03-27,4999826.0,Physical Inspection,131,131,131,6.698954977486979,1.1656400712754351,-1,-0.018577388695170005,True
Lok Sabha,Delhi,Normal/Others,WS/MP880/2025-2026/211189-Providing CCTV camera system for security of public areas,Manoj Tiwari,NORTH EAST DELHI,2025-06-22,2025-12-05,4779933.0,Vendor Identification,166,166,166,6.679421900036033,1.146106993824489,-1,-0.01854692015166215,True
Rajya Sabha,Puducherry,Normal/Others,"WS/MP139/2026-2027/190733-Construction of roads, link roads, pathways or any other road with or without drainage system",Shri S. Selvaganabathy (2021-27) (2021-2027),,2025-04-12,2026-08-28,2100000.0,Sanction,503,503,503,6.322219501540766,0.788904595329222,-1,-0.018388344824387892,True
Lok Sabha,Uttar Pradesh,Normal/Others,WS/MP18208/2025-2026/194533-Lighting of public spaces,RAM PRASAD CHAUDHARY,BASTI,2025-05-04,2025-11-21,15364.0,Vendor Identification,201,201,201,4.186532564592397,-1.3467823416191465,-1,-0.018370092998439835,True
Lok Sabha,Uttar Pradesh,Normal/Others,WS/MP18208/2025-2026/194536-Lighting of public spaces,RAM PRASAD CHAUDHARY,BASTI,2025-05-04,2025-11-21,15364.0,Vendor Identification,201,201,201,4.186532564592397,-1.3467823416191465,-1,-0.018370092998439835,True
Lok Sabha,Uttar Pradesh,Normal/Others,WS/MP18208/2025-2026/194554-Lighting of public spaces,RAM PRASAD CHAUDHARY,BASTI,2025-05-04,2025-11-21,15364.0,Vendor Identification,201,201,201,4.186532564592397,-1.3467823416191465,-1,-0.018370092998439835,True
Lok Sabha,Uttar Pradesh,Normal/Others,WS/MP18208/2025-2026/194534-Lighting of public spaces,RAM PRASAD CHAUDHARY,BASTI,2025-05-04,2025-11-21,15364.0,Vendor Identification,201,201,201,4.186532564592397,-1.3467823416191465,-1,-0.018370092998439835,True
Lok Sabha,Uttar Pradesh,Normal/Others,WS/MP18208/2025-2026/194535-Lighting of public spaces,RAM PRASAD CHAUDHARY,BASTI,2025-05-04,2025-11-21,15364.0,Vendor Identification,201,201,201,4.186532564592397,-1.3467823416191465,-1,-0.018370092998439835,True
Lok Sabha,Uttar Pradesh,Normal/Others,WS/MP18208/2025-2026/194569-Lighting of public spaces,RAM PRASAD CHAUDHARY,BASTI,2025-05-04,2025-11-21,15364.0,Vendor Identification,201,201,201,4.186532564592397,-1.3467823416191465,-1,-0.018370092998439835,True
Lok Sabha,Uttar Pradesh,Normal/Others,WS/MP18208/2025-2026/194542-Lighting of public spaces,RAM PRASAD CHAUDHARY,BASTI,2025-05-04,2025-11-21,15364.0,Vendor Identification,201,201,201,4.186532564592397,-1.3467823416191465,-1,-0.018370092998439835,True
Lok Sabha,Uttar Pradesh,Normal/Others,WS/MP18208/2025-2026/194541-Lighting of public spaces,RAM PRASAD CHAUDHARY,BASTI,2025-05-04,2025-11-21,15364.0,Vendor Identification,201,201,201,4.186532564592397,-1.3467823416191465,-1,-0.018370092998439835,True
Lok Sabha,Uttar Pradesh,Normal/Others,WS/MP18208/2025-2026/194543-Lighting of public spaces,RAM PRASAD CHAUDHARY,BASTI,2025-05-04,2025-11-21,15364.0,Vendor Identification,201,201,201,4.186532564592397,-1.3467823416191465,-1,-0.018370092998439835,True
Lok Sabha,Uttar Pradesh,Normal/Others,WS/MP18208/2025-2026/194565-Lighting of public spaces,RAM PRASAD CHAUDHARY,BASTI,2025-05-04,2025-11-21,15364.0,Vendor Identification,201,201,201,4.186532564592397,-1.3467823416191465,-1,-0.018370092998439835,True
Lok Sabha,Uttar Pradesh,Normal/Others,WS/MP18208/2025-2026/194566-Lighting of public spaces,RAM PRASAD CHAUDHARY,BASTI,2025-05-04,2025-11-21,15364.0,Vendor Identification,201,201,201,4.186532564592397,-1.3467823416191465,-1,-0.018370092998439835,True
Lok Sabha,Uttar Pradesh,Normal/Others,WS/MP18208/2025-2026/194568-Lighting of public spaces,RAM PRASAD CHAUDHARY,BASTI,2025-05-04,2025-11-21,15364.0,Vendor Identification,201,201,201,4.186532564592397,-1.3467823416191465,-1,-0.018370092998439835,True
Lok Sabha,Uttar Pradesh,Normal/Others,WS/MP18208/2025-2026/194567-Lighting of public spaces,RAM PRASAD CHAUDHARY,BASTI,2025-05-04,2025-11-21,15364.0,Vendor Identification,201,201,201,4.186532564592397,-1.3467823416191465,-1,-0.018370092998439835,True
Lok Sabha,Uttar Pradesh,Normal/Others,WS/MP18208/2025-2026/194540-Lighting of public spaces,RAM PRASAD CHAUDHARY,BASTI,2025-05-04,2025-11-21,15364.0,Vendor Identification,201,201,201,4.186532564592397,-1.3467823416191465,-1,-0.018370092998439835,True
Lok Sabha,Uttar Pradesh,Normal/Others,WS/MP18208/2025-2026/194570-Lighting of public spaces,RAM PRASAD CHAUDHARY,BASTI,2025-05-04,2025-11-21,15364.0,Vendor Identification,201,201,201,4.186532564592397,-1.3467823416191465,-1,-0.018370092998439835,True
Lok Sabha,Uttar Pradesh,Normal/Others,WS/MP18208/2025-2026/194552-Lighting of public spaces,RAM PRASAD CHAUDHARY,BASTI,2025-05-04,2025-11-21,15364.0,Vendor Identification,201,201,201,4.186532564592397,-1.3467823416191465,-1,-0.018370092998439835,True
Lok Sabha,Uttar Pradesh,Normal/Others,WS/MP18208/2025-2026/194550-Lighting of public spaces,RAM PRASAD CHAUDHARY,BASTI,2025-05-04,2025-11-21,15364.0,Vendor Identification,201,201,201,4.186532564592397,-1.3467823416191465,-1,-0.018370092998439835,True
Lok Sabha,Uttar Pradesh,Normal/Others,WS/MP18208/2025-2026/194544-Lighting of public spaces,RAM PRASAD CHAUDHARY,BASTI,2025-05-04,2025-11-21,15364.0,Vendor Identification,201,201,201,4.186532564592397,-1.3467823416191465,-1,-0.018370092998439835,True
Lok Sabha,Uttar Pradesh,Normal/Others,WS/MP18208/2025-2026/194539-Lighting of public spaces,RAM PRASAD CHAUDHARY,BASTI,2025-05-04,2025-11-21,15364.0,Vendor Identification,201,201,201,4.186532564592397,-1.3467823416191465,-1,-0.018370092998439835,True
Lok Sabha,Uttar Pradesh,Normal/Others,WS/MP18208/2025-2026/194531-Lighting of public spaces,RAM PRASAD CHAUDHARY,BASTI,2025-05-04,2025-11-21,15364.0,Vendor Identification,201,201,201,4.186532564592397,-1.3467823416191465,-1,-0.018370092998439835,True
Lok Sabha,Uttar Pradesh,Normal/Others,WS/MP18208/2025-2026/194563-Lighting of public spaces,RAM PRASAD CHAUDHARY,BASTI,2025-05-04,2025-11-21,15364.0,Vendor Identification,201,201,201,4.186532564592397,-1.3467823416191465,-1,-0.018370092998439835,True
Lok Sabha,Uttar Pradesh,Normal/Others,WS/MP18208/2025-2026/194564-Lighting of public spaces,RAM PRASAD CHAUDHARY,BASTI,2025-05-04,2025-11-21,15364.0,Vendor Identification,201,201,201,4.186532564592397,-1.3467823416191465,-1,-0.018370092998439835,True
Lok Sabha,Uttar Pradesh,Normal/Others,WS/MP18208/2025-2026/194553-Lighting of public spaces,RAM PRASAD CHAUDHARY,BASTI,2025-05-04,2025-11-21,15364.0,Vendor Identification,201,201,201,4.186532564592397,-1.3467823416191465,-1,-0.018370092998439835,True
Lok Sabha,Uttar Pradesh,Normal/Others,WS/MP18208/2025-2026/194532-Lighting of public spaces,RAM PRASAD CHAUDHARY,BASTI,2025-05-04,2025-11-21,15364.0,Vendor Identification,201,201,201,4.186532564592397,-1.3467823416191465,-1,-0.018370092998439835,True
Lok Sabha,Uttar Pradesh,Normal/Others,WS/MP18208/2025-2026/194537-Lighting of public spaces,RAM PRASAD CHAUDHARY,BASTI,2025-05-04,2025-11-21,15364.0,Vendor Identification,201,201,201,4.186532564592397,-1.3467823416191465,-1,-0.018370092998439835,True
Lok Sabha,Uttar Pradesh,Normal/Others,WS/MP18208/2025-2026/194538-Lighting of public spaces,RAM PRASAD CHAUDHARY,BASTI,2025-05-04,2025-11-21,15364.0,Vendor Identification,201,201,201,4.186532564592397,-1.3467823416191465,-1,-0.018370092998439835,True
Lok Sabha,Uttar Pradesh,Normal/Others,"WS/MP791/2025-2026/252124-Construction of roads, link roads, pathways or any other road with or without drainage system",Jagdambika Pal,DOMARIYAGANJ,2025-12-05,2026-02-28,6300000.0,Vendor Identification,85,85,85,6.799340618389208,1.2660257121776644,-1,-0.018298651251409725,True
Lok Sabha,Uttar Pradesh,Normal/Others,WS/MP18241/2025-2026/214632-Lighting of public spaces,RAKESH RATHOR,SITAPUR,2025-07-04,2025-09-08,5849060.0,Work partially Completed,66,66,66,6.7670861506546975,1.2337712444431537,-1,-0.018284859018636856,True
Lok Sabha,Tamil Nadu,Normal/Others,WS/MP740/2026-2027/140339-Construction of water tanks,Andimuthu Raja,NILGIRIS(SC),2024-09-11,2026-07-15,1399943.0,Physical Inspection,672,672,672,6.146110663551517,0.6127957573399732,-1,-0.018275054940675273,True
Lok Sabha,Uttar Pradesh,Normal/Others,WS/MP18203/2026-2027/281155-Lighting of public spaces,ADITYA YADAV,BADAUN,2026-07-11,2026-08-13,6768000.0,Vendor Identification,33,33,33,6.830460414199769,1.2971455079882253,-1,-0.018262702992143165,True
Lok Sabha,Tamil Nadu,Normal/Others,WS/MP458/2026-2027/225327-Construction of rooms and halls in school and colleges,Kanimozhi Karunanidhi,THOOTHUKKUDI,2025-08-07,2026-06-22,3600000.0,Work partially Completed,319,319,319,6.556302621404627,1.022987715193083,-1,-0.018197008423876726,True
Lok Sabha,Nagaland,Normal/Others,"WS/MP18391/2026-2027/283791-Setting up processing plants, cold storages,etc for fish and fisheries products for community use",S SUPONGMEREN JAMIR,NAGALAND,2026-05-26,2026-07-30,6000000.0,Work partially Completed,65,65,65,6.7781513227660515,1.2448364165545076,-1,-0.018025519875298435,True
Lok Sabha,Uttarakhand,Normal/Others,WS/MP021/2025-2026/209046-Lighting of public spaces,Ajay Bhatt,NAINITAL UDHAM SINGH NAG.,2025-06-16,2025-09-03,11988.0,Vendor Identification,79,79,79,4.078782960196963,-1.4545319460145807,-1,-0.017907451527626295,True
Lok Sabha,Gujarat,Normal/Others,"WS/	 MP005/2026-2027/174472-Construction of roads, link roads, pathways or any other road with or without drainage system",Devusinh Jesingbhai Chauhan,KHEDA,2025-02-13,2026-07-24,100000.0,Sanction,526,526,526,5.000004342923105,-0.5333105632884392,-1,-0.017799872825500995,True
Lok Sabha,Tamil Nadu,Normal/Others,"WS/MP457/2025-2026/195872-Construction of Government office buildings (Post office, Police station, Police chauki, etc.)",D Ravikumar,VILUPPURAM(SC),2025-05-05,2025-05-07,5426798.0,Physical Inspection,2,2,2,6.734543736300788,1.201228830089244,-1,-0.017745058535094893,True
Rajya Sabha,Maharashtra,Normal/Others,"WS/MP116/2026-2027/174240-Construction of roads, link roads, pathways or any other road with or without drainage system",Shri Sanjay Raut (2022-28) (2022-2028),,2025-02-07,2026-05-20,2200000.0,Vendor Identification,467,467,467,6.342422878228744,0.8091079720172001,-1,-0.017320153486191314,True
Rajya Sabha,West Bengal,Normal/Others,WS/MP888/2025-2026/145088-Street lights,Shri Nagendra Ray (2023-29) (2023-2029),,2024-10-01,2025-10-29,2843160.0,Vendor Identification,393,393,393,6.4538014532296,0.9204865470180561,-1,-0.017241745840736566,True
Lok Sabha,Telangana,Normal/Others,WS/MP18190/2025-2026/161427-Installing tube-wells and borewells,BALRAM NAIK PORIKA,MAHABUBABAD,2024-12-24,2026-01-12,44065.0,Physical Inspection,384,384,384,4.644103630115782,-0.8892112760957618,-1,-0.017234536686410507,True
Lok Sabha,Uttar Pradesh,Normal/Others,WS/MP18228/2025-2026/249980-Street lights,PRIYA SAROJ,MACHHLISHAHR(SC),2025-11-22,2026-02-16,5724290.0,Sanction,86,86,86,6.757721703438867,1.2244067972273234,-1,-0.017081444199576246,True
Rajya Sabha,Tamil Nadu,Normal/Others,WS/MP014/2025-2026/64501-Construction of bus-sheds or bus-stops,Shri Ilaiyaraaja (2022-28) (2022-2028),,2023-12-18,2026-01-05,1500000.0,Work Completed,749,749,749,6.176091548585239,0.6427766423736951,-1,-0.016878662620692264,True
Rajya Sabha,Assam,Normal/Others,WS/MP831/2026-2027/132584-Construction of culverts and bridges,Shri Rwngwra Narzary (2022-28) (2022-2028),,2024-06-17,2026-05-22,1500000.0,Vendor Identification,704,704,704,6.176091548585239,0.6427766423736951,-1,-0.016878662620692264,True
Rajya Sabha,Tamil Nadu,Normal/Others,WS/MP014/2025-2026/64500-Construction of bus-sheds or bus-stops,Shri Ilaiyaraaja (2022-28) (2022-2028),,2023-12-18,2026-02-09,1500000.0,Work Completed,784,784,784,6.176091548585239,0.6427766423736951,-1,-0.016878662620692264,True
Lok Sabha,Maharashtra,Normal/Others,WS/MP18127/2026-2027/188392-Construction of community centers and community halls,RAJABHAU,NASHIK,2025-03-31,2026-04-21,2800000.0,Work Completed,386,386,386,6.447158186447363,0.9138432802358194,-1,-0.016633820820011747,True
Lok Sabha,West Bengal,Normal/Others,WS/MP249/2025-2026/188831-Lighting of public spaces,Shri Deepak (Dev) Adhikari,GHATAL,2025-04-19,2025-06-13,5999949.0,Physical Inspection,55,55,55,6.778147631247881,1.2448327250363374,-1,-0.0166281661018155,True
Lok Sabha,West Bengal,Normal/Others,WS/MP867/2025-2026/224833-Construction of additional rooms and halls in the existing public and community building,Sudip Bandyopadhyay,KOLKATA UTTAR,2025-08-05,2025-11-20,5000000.0,Work Completed,107,107,107,6.698970091194907,1.165655184983363,-1,-0.01655115975468402,True
Rajya Sabha,Uttar Pradesh,Normal/Others,"WS/MP887/2023-2024/105224-Construction of roads, link roads, pathways or any other road with or without drainage system",Dr. Dinesh Sharma (2023-26) (2023-2026),,2024-02-14,2024-03-14,6532000.0,Work partially Completed,29,29,29,6.81504624255184,1.2817313363402958,-1,-0.01651567148834021,True
Lok Sabha,Andhra Pradesh,Normal/Others,WS/MP18343/2025-2026/178911-Construction of buildings for community cultural activities,Daggubati Purandeshwari,RAJAHMUNDRY,2025-03-12,2025-07-19,5000000.0,Sanction,129,129,129,6.698970091194907,1.165655184983363,-1,-0.016465631284120374,True
Lok Sabha,Telangana,Normal/Others,WS/MP18190/2025-2026/161570-Installing tube-wells and borewells,BALRAM NAIK PORIKA,MAHABUBABAD,2024-12-26,2026-01-13,40000.0,Physical Inspection,383,383,383,4.602070848554296,-0.9312440576572483,-1,-0.016444186601347055,True
Rajya Sabha,Uttar Pradesh,Repair and Renovation,WS/MP887/2025-2026/192593-Construction of buildings for community cultural activities,Dr. Dinesh Sharma (2023-26) (2023-2026),,2025-04-19,2025-12-11,5000000.0,Vendor Identification,236,236,236,6.698970091194907,1.0682414658028119,-1,-0.01644305341614183,True
Rajya Sabha,Puducherry,Normal/Others,WS/MP139/2023-2024/46813-Improvement of electricity distribution infrastructure,Shri S. Selvaganabathy (2021-27) (2021-2027),,2023-11-07,2024-02-17,5000000.0,Work partially Completed,102,102,102,6.698970091194907,1.165655184983363,-1,-0.016406765245411736,True
Rajya Sabha,Assam,Normal/Others,WS/MP071/2024-2025/157669-Construction of community centers and community halls,Shri Pabitra Margherita (2022-28) (2022-2028),,2024-12-09,2025-03-21,5000000.0,Vendor Identification,102,102,102,6.698970091194907,1.165655184983363,-1,-0.016406765245411736,True
Lok Sabha,Gujarat,Normal/Others,WS/MP585/2025-2026/182275-Purchase of hospital equipment,Hasmukh Bhai Soma Bhai Patel,AHMEDABAD EAST,2025-03-16,2025-07-19,5000000.0,Physical Inspection,125,125,125,6.698970091194907,1.165655184983363,-1,-0.01622492009001475,True
Lok Sabha,Bihar,Normal/Others,WS/MP417/2025-2026/180435-Purchase of books and periodicals for libraries/digitization of library books,Kaushalendra Kumar,NALANDA,2025-03-08,2025-07-19,4799355.0,Physical Inspection,133,133,133,6.681182965623448,1.1478680594119037,-1,-0.01618920418310521,True
Lok Sabha,Madhya Pradesh,Normal/Others,WS/MP642/2026-2027/202100-Improvement of electricity distribution infrastructure,Ganesh Singh,SATNA,2025-06-09,2026-07-31,60000.0,Sanction,417,417,417,4.77815848856469,-0.7551564176468535,-1,-0.01611241430174626,True
Lok Sabha,West Bengal,Repair and Renovation,WS/MP18271/2025-2026/167573-Construction of community centers and community halls,JAGADISH CHANDRA BARMA BASUNIA,COOCHBEHAR(SC),2025-01-21,2025-08-22,5000000.0,Vendor Identification,213,213,213,6.698970091194907,1.0682414658028119,-1,-0.01608513497831876,True
Lok Sabha,Gujarat,Normal/Others,"WS/MP18057/2026-2027/274319-Purchase of smart boards, visual display units and projectors",MUKESHKUMAR CHANDRAKAANT DALAL,SURAT,2026-03-14,2026-06-22,5200000.0,Sanction,100,100,100,6.716003427152961,1.1826885209414169,-1,-0.016023620938717564,True
Rajya Sabha,Kerala,Normal/Others,WS/MP101/2026-2027/90218-Development of playfields and sports grounds,Shri Sandosh Kumar P (2022-28) (2022-2028),,2024-09-23,2026-07-10,1500000.0,Physical Inspection,655,655,655,6.176091548585239,0.6427766423736951,-1,-0.015967471666657462,True
Rajya Sabha,Maharashtra,Normal/Others,"WS/MP112/2026-2027/146648-Construction of roads, link roads, pathways or any other road with or without drainage system",Shri Dhananjay Bhimrao Mahadik (2022-28) (2022-2028),,2024-10-10,2026-08-06,1500000.0,Physical Inspection,665,665,665,6.176091548585239,0.6427766423736951,-1,-0.015967471666657462,True
Rajya Sabha,Maharashtra,Normal/Others,"WS/MP108/2025-2026/175375-Purchase of prosthetics, wheel chairs, tricycles (manual or motorized), elect scooties, hearing aids",Dr. Anil Sukhdeorao Bonde (2022-28) (2022-2028),,2025-02-14,2025-04-02,5900000.0,Vendor Identification,47,47,47,6.770852085251372,1.237537179039828,-1,-0.015870964800435372,True
Rajya Sabha,Uttar Pradesh,Normal/Others,WS/MP019/2023-2024/48381-Construction of additional rooms and halls in the existing public and community building,Shri Hardeep Singh Puri (2020-26) (2020-2026),,2023-11-10,2024-02-22,4989621.58,Physical Inspection,104,104,104,6.698067696400461,1.164752790188917,-1,-0.015844609527323472,True
Lok Sabha,Tamil Nadu,Normal/Others,WS/MP18176/2024-2025/146590-Providing CCTV camera system for security of public areas,SACHITHANANTHAM R,DINDIGUL,2024-10-09,2025-01-20,4999254.0,Physical Inspection,103,103,103,6.69890528963685,1.1655903834253065,-1,-0.015844609527323472,True
Lok Sabha,Uttar Pradesh,Normal/Others,WS/MP18228/2025-2026/242608-Street lights,PRIYA SAROJ,MACHHLISHAHR(SC),2025-10-16,2025-12-08,6126645.0,Work partially Completed,53,53,53,6.787222787352014,1.2539078811404698,-1,-0.015753611344358154,True
Lok Sabha,Uttar Pradesh,Normal/Others,WS/MP18210/2024-2025/164779-Lighting of public spaces,VIRENDRA SINGH,CHANDAULI,2025-01-10,2025-01-25,6100000.0,Physical Inspection,15,15,15,6.785329906206578,1.2520149999950343,-1,-0.015750376503849806,True
Lok Sabha,Uttar Pradesh,Normal/Others,WS/MP18204/2026-2027/243753-Purchase of books and periodicals for libraries/digitization of library books,ANAND KUMAR,BAHRAICH(SC),2025-10-24,2026-07-04,4000000.0,Vendor Identification,253,253,253,6.6020600999015695,1.0687451936900256,-1,-0.01553245151792304,True
Lok Sabha,Rajasthan,Normal/Others,WS/MP18169/2026-2027/229775-Purchase of books and periodicals for libraries/digitization of library books,MAHIMA KUMARI MEWAR,RAJSAMAND,2025-08-29,2026-05-13,4000000.0,Work partially Completed,257,257,257,6.6020600999015695,1.0687451936900256,-1,-0.01553245151792304,True
Rajya Sabha,Tamil Nadu,Normal/Others,WS/MP162/2025-2026/202568-Construction of additional rooms and halls in the existing public and community building,Shri S. Kalyanasundaram (2022-28) (2022-2028),,2025-05-22,2026-02-03,4000000.0,Work partially Completed,257,257,257,6.6020600999015695,1.0687451936900256,-1,-0.01553245151792304,True
Lok Sabha,Odisha,Normal/Others,WS/MP300/2026-2027/160230-Installing community drinking water plants,Smt Aparajita Sarangi,BHUBANESWAR,2024-12-22,2026-05-20,100000.0,Sanction,514,514,514,5.000004342923105,-0.5333105632884392,-1,-0.015510315091850857,True
Rajya Sabha,Uttar Pradesh,Normal/Others,"WS/MP189/2025-2026/135240-Construction of roads, link roads, pathways or any other road with or without drainage system",Shri Kapil Sibal (2022-28) (2022-2028),,2024-08-09,2025-10-14,2500000.0,Work Completed,431,431,431,6.397940182389796,0.864625276178252,-1,-0.015391988618586816,True
Rajya Sabha,Madhya Pradesh,Normal/Others,WS/MP106/2025-2026/31194-Construction of boundary walls of existing public and community buildings,Shri Vivek K. Tankha (2022-28) (2022-2028),,2023-10-04,2025-07-23,159000.0,Sanction,658,658,658,5.2013998557236985,-0.3319150504878454,-1,-0.015383510687992707,True
Rajya Sabha,Madhya Pradesh,Normal/Others,WS/MP106/2025-2026/31208-Construction of boundary walls of existing public and community buildings,Shri Vivek K. Tankha (2022-28) (2022-2028),,2023-10-04,2025-07-23,159000.0,Sanction,658,658,658,5.2013998557236985,-0.3319150504878454,-1,-0.015383510687992707,True
Lok Sabha,Maharashtra,Normal/Others,WS/MP18361/2025-2026/219017-Construction of community centers and community halls,SANJAY DINA PATIL,MUMBAI NORTH EAST,2025-07-16,2026-03-25,4000000.0,Sanction,252,252,252,6.6020600999015695,1.0687451936900256,-1,-0.01522919127151412,True
Rajya Sabha,Karnataka,Normal/Others,"WS/MP092/2026-2027/275441-Construction of rooms and facilities for hospitals, FWC , PHC Centers and ANM centers",Smt. Nirmala Sitharaman (2022-28) (2022-2028),,2026-03-23,2026-05-19,6000000.0,Sanction,57,57,57,6.7781513227660515,1.2448364165545076,-1,-0.015188581640196985,True
Lok Sabha,Uttar Pradesh,Normal/Others,WS/MP792/2025-2026/225862-Lighting of public spaces,Jai Prakash,HARDOI (SC),2025-08-08,2025-10-04,6097477.0,Vendor Identification,57,57,57,6.785150242032781,1.2518353358212373,-1,-0.015188581640196985,True
Rajya Sabha,Assam,Normal/Others,WS/MP071/2025-2026/184476-Construction of community centers and community halls,Shri Pabitra Margherita (2022-28) (2022-2028),,2025-03-20,2025-07-10,5000000.0,Vendor Identification,112,112,112,6.698970091194907,1.165655184983363,-1,-0.015182845877918072,True
Lok Sabha,Tamil Nadu,Normal/Others,WS/MP458/2026-2027/216369-Construction of rooms and halls in school and colleges,Kanimozhi Karunanidhi,THOOTHUKKUDI,2025-07-17,2026-05-25,3600000.0,Work partially Completed,312,312,312,6.556302621404627,1.022987715193083,-1,-0.015158561008979499,True
Rajya Sabha,Karnataka,Normal/Others,"WS/MP833/2025-2026/177647-Construction of roads, link roads, pathways or any other road with or without drainage system",Shri Jairam Ramesh (2022-28) (2022-2028),,2025-02-28,2026-03-07,3000000.0,Sanction,372,372,372,6.477121399484465,0.9438064932729215,-1,-0.015152670470858443,True
Lok Sabha,Rajasthan,Normal/Others,WS/MP18159/2025-2026/176199-Purchase of vehicles for mobile libraries,BHUPENDER YADAV,ALWAR,2025-02-18,2025-04-09,5800000.0,Physical Inspection,50,50,50,6.76342806844129,1.2301131622297463,-1,-0.015147028186865086,True
Rajya Sabha,Kerala,Normal/Others,"WS/MP096/2025-2026/145611-Construction of roads, link roads, pathways or any other road with or without drainage system",Shri Abdul Wahab (2021-27) (2021-2027),,2024-10-05,2025-07-01,3946603.0,Physical Inspection,269,269,269,6.596223551720379,1.062908645508835,-1,-0.015066840533533798,True
Lok Sabha,Goa,Normal/Others,"WS/MP18052/2025-2026/221148-Purchase of ambulances (Four, three and two wheelers)",CAPTAIN VIRIATO FERNANDES,SOUTH GOA,2025-07-27,2025-11-28,5000000.0,Vendor Identification,124,124,124,6.698970091194907,1.165655184983363,-1,-0.015011451153290278,True
Lok Sabha,Telangana,Normal/Others,WS/MP18190/2025-2026/161779-Installing tube-wells and borewells,BALRAM NAIK PORIKA,MAHABUBABAD,2024-12-27,2026-01-13,44065.0,Physical Inspection,382,382,382,4.644103630115782,-0.8892112760957618,-1,-0.014882243404311213,True
Rajya Sabha,Uttar Pradesh,Normal/Others,WS/MP019/2023-2024/46809-Construction of additional rooms and halls in the existing public and community building,Shri Hardeep Singh Puri (2020-26) (2020-2026),,2023-11-07,2024-02-23,5000000.0,Work Completed,108,108,108,6.698970091194907,1.165655184983363,-1,-0.0148797432882114,True
Rajya Sabha,Madhya Pradesh,Normal/Others,WS/MP18316/2025-2026/166110-Construction of culverts and bridges,Smt. Maya Naroliya (2024-30) (2024-2030),,2025-01-18,2025-05-07,5000000.0,Vendor Identification,109,109,109,6.698970091194907,1.165655184983363,-1,-0.0148797432882114,True
Rajya Sabha,Himachal Pradesh,Normal/Others,WS/MP078/2025-2026/199275-Purchase of books and periodicals for libraries/digitization of library books,Dr. Sikander Kumar (2022-28) (2022-2028),,2025-05-13,2025-09-10,4963575.0,Physical Inspection,120,120,120,6.695794675984434,1.1624797697728901,-1,-0.014753369234410507,True
Lok Sabha,West Bengal,Normal/Others,WS/MP18272/2024-2025/136068-Construction of rooms and halls in school and colleges,KALIPADA SAREN,JHARGRAM(ST),2024-09-02,2024-12-31,4947386.0,Physical Inspection,120,120,120,6.694375883558192,1.161060977346648,-1,-0.014753369234410507,True
Rajya Sabha,West Bengal,Normal/Others,"WS/MP18299/2026-2027/262905-Construction of roads, link roads, pathways or any other road with or without drainage system",Smt. Sagarika Ghose (2024-30) (2024-2030),,2026-01-29,2026-05-29,5000000.0,Sanction,120,120,120,6.698970091194907,1.165655184983363,-1,-0.014753369234410507,True
Rajya Sabha,Uttar Pradesh,Normal/Others,WS/MP183/2024-2025/102789-Street lights,Prof. Ram Gopal Yadav (2020-26) (2020-2026),,2024-02-11,2025-01-30,24000.0,Sanction,354,354,354,4.380229336938037,-1.1530855692735065,-1,-0.01460817361735034,True
Rajya Sabha,Uttar Pradesh,Normal/Others,WS/MP183/2024-2025/102788-Street lights,Prof. Ram Gopal Yadav (2020-26) (2020-2026),,2024-02-11,2025-01-30,24000.0,Sanction,354,354,354,4.380229336938037,-1.1530855692735065,-1,-0.01460817361735034,True
Rajya Sabha,Tamil Nadu,Normal/Others,"WS/MP165/2025-2026/213230-Construction of rooms and facilities for hospitals, FWC , PHC Centers and ANM centers",Shri P. Chidambaram (2022-28) (2022-2028),,2025-06-30,2025-07-19,6500000.0,Work partially Completed,19,19,19,6.8129134234573865,1.2795985172458426,-1,-0.014582694940715624,True
Lok Sabha,Uttar Pradesh,Normal/Others,WS/MP792/2024-2025/136736-Lighting of public spaces,Jai Prakash,HARDOI (SC),2024-08-22,2024-09-23,6520794.0,Vendor Identification,32,32,32,6.814300547122313,1.2809856409107692,-1,-0.014533621462653135,True
Lok Sabha,Tamil Nadu,Normal/Others,WS/MP740/2026-2027/140341-Construction of community centers and community halls,Andimuthu Raja,NILGIRIS(SC),2024-09-11,2026-05-15,1400000.0,Physical Inspection,611,611,611,6.146128345888472,0.6128134396769278,-1,-0.014531085481313544,True
Lok Sabha,Tamil Nadu,Normal/Others,WS/MP740/2026-2027/140334-Construction of community centers and community halls,Andimuthu Raja,NILGIRIS(SC),2024-09-11,2026-05-25,1400000.0,Physical Inspection,621,621,621,6.146128345888472,0.6128134396769278,-1,-0.014531085481313544,True
Lok Sabha,Tamil Nadu,Normal/Others,WS/MP394/2025-2026/136043-Construction of community centers and community halls,Shri vijayakumar Vasanth,KANNIYAKUMARI,2024-08-17,2026-01-13,2000000.0,Physical Inspection,514,514,514,6.301030212811168,0.7677153065996238,-1,-0.014439913810312843,True
Lok Sabha,Tamil Nadu,Normal/Others,WS/MP18394/2026-2027/180816-Construction of bus-sheds or bus-stops,V S Matheswaran,NAMAKKAL,2025-03-17,2026-08-07,2000000.0,Sanction,508,508,508,6.301030212811168,0.7677153065996238,-1,-0.014439913810312843,True
Rajya Sabha,Karnataka,Normal/Others,"WS/MP086/2025-2026/240742-Construction of roads, link roads, pathways or any other road with or without drainage system",Shri G.C. Chandrashekhar (2024-30) (2024-2030),,2025-10-08,2025-12-20,5500000.0,Work partially Completed,73,73,73,6.74036276845687,1.207047862245326,-1,-0.014372782868935619,True
Lok Sabha,West Bengal,Normal/Others,WS/MP858/2024-2025/142023-Street lights,Asit Kumar Mal,BOLPUR(SC),2024-09-20,2024-12-02,5215848.0,Physical Inspection,73,73,73,6.717325009983064,1.18401010377152,-1,-0.014372782868935619,True
Lok Sabha,Himachal Pradesh,Normal/Others,WS/MP18328/2024-2025/138244-Lighting of public spaces,Kangana Ranaut,MANDI,2024-09-02,2024-09-10,14805.0,Physical Inspection,8,8,8,4.170437745046183,-1.3628771611653612,-1,-0.014305446894917195,True
Lok Sabha,Himachal Pradesh,Normal/Others,WS/MP18328/2024-2025/138242-Lighting of public spaces,Kangana Ranaut,MANDI,2024-09-02,2024-09-10,14805.0,Physical Inspection,8,8,8,4.170437745046183,-1.3628771611653612,-1,-0.014305446894917195,True
Lok Sabha,Himachal Pradesh,Normal/Others,WS/MP18328/2024-2025/138243-Lighting of public spaces,Kangana Ranaut,MANDI,2024-09-02,2024-09-10,14805.0,Physical Inspection,8,8,8,4.170437745046183,-1.3628771611653612,-1,-0.014305446894917195,True
Rajya Sabha,Nagaland,Normal/Others,"WS/MP233/2024-2025/133823-Retrofitting, preservation or conservation of heritage and archaeological monuments and buildings",Smt. S. Phangnon Konyak (2022-28) (2022-2028),,2024-07-20,2024-08-05,6000000.0,Physical Inspection,16,16,16,6.7781513227660515,1.2448364165545076,-1,-0.014279862992574333,True
Lok Sabha,Tamil Nadu,Normal/Others,WS/MP18174/2026-2027/224340-Construction of rooms and halls in school and colleges,GANAPATHY RAJKUMAR P,COIMBATORE,2025-08-02,2026-07-31,3000000.0,Physical Inspection,363,363,363,6.477121399484465,0.9438064932729215,-1,-0.014243813502661573,True
Lok Sabha,Telangana,Normal/Others,WS/MP18190/2025-2026/162210-Installing tube-wells and borewells,BALRAM NAIK PORIKA,MAHABUBABAD,2025-01-03,2026-01-12,39244.0,Physical Inspection,374,374,374,4.593784333419319,-0.9395305727922247,-1,-0.014018646342591534,True
Lok Sabha,Andhra Pradesh,Normal/Others,WS/MP18008/2025-2026/185945-Construction of rooms and halls in school and colleges,Dr Chandra Sekhar Pemmasani,GUNTUR,2025-03-30,2025-09-25,4373291.0,Physical Inspection,179,179,179,6.6408084756881,1.1074935694765564,-1,-0.01394608799464292,True
Lok Sabha,Telangana,Normal/Others,WS/MP762/2025-2026/200884-Providing supply pipelines for drinking water,Asaduddin Owaisi,HYDERABAD,2025-05-19,2025-07-11,5656600.0,Physical Inspection,53,53,53,6.752555545965159,1.2192406397536155,-1,-0.013935502261888888,True
Lok Sabha,Kerala,Normal/Others,WS/MP347/2024-2025/136720-Construction of culverts and bridges,Shri Suresh Kodikunnil,MAVELIKKARA(SC),2024-08-22,2024-10-29,5400000.0,Work partially Completed,68,68,68,6.732393840247865,1.1990789340363213,-1,-0.013935345610784022,True
Rajya Sabha,Assam,Repair and Renovation,WS/MP831/2025-2026/132566-Construction of rooms and halls in school and colleges,Shri Rwngwra Narzary (2022-28) (2022-2028),,2024-06-17,2025-05-28,3500000.0,Vendor Identification,345,345,345,6.5440681684343955,0.9133395430423006,-1,-0.013904934711060468,True
Rajya Sabha,Kerala,Normal/Others,"WS/MP101/2026-2027/186008-Construction of roads, link roads, pathways or any other road with or without drainage system",Shri Sandosh Kumar P (2022-28) (2022-2028),,2025-03-24,2026-07-20,2000000.0,Physical Inspection,483,483,483,6.301030212811168,0.7677153065996238,-1,-0.01353202067265935,True
Lok Sabha,Uttar Pradesh,Normal/Others,WS/MP18200/2025-2026/255542-Setting up public non-conventional energy plants,KISHORI LAL,AMETHI,2025-12-25,2026-03-20,5374250.0,Work partially Completed,85,85,85,6.730317945939605,1.1970030397280613,-1,-0.013487830783747712,True
Rajya Sabha,Karnataka,Normal/Others,"WS/MP084/2024-2025/139541-Construction of roads, link roads, pathways or any other road with or without drainage system",Shri Jaggesh (2022-28) (2022-2028),,2024-09-06,2024-12-30,5000000.0,Physical Inspection,115,115,115,6.698970091194907,1.165655184983363,-1,-0.013458454897207983,True
Rajya Sabha,Telangana,Normal/Others,WS/MP846/2024-2025/122722-Construction of community centers and community halls,Shri Damodar Rao Divakonda (2022-28) (2022-2028),,2024-07-09,2024-10-11,5000000.0,Sanction,94,94,94,6.698970091194907,1.165655184983363,-1,-0.01344861154031829,True
Lok Sabha,Puducherry,Normal/Others,"WS/MP710/2026-2027/149788-Construction of roads, link roads, pathways or any other road with or without drainage system",Vaithilingam Ve,Puducherry,2024-10-29,2026-05-21,1600000.0,Time Estimation,569,569,569,6.204120254089891,0.6708053478783471,-1,-0.013433028797490087,True
Lok Sabha,Telangana,Normal/Others,WS/MP18190/2025-2026/162189-Installing tube-wells and borewells,BALRAM NAIK PORIKA,MAHABUBABAD,2025-01-04,2026-01-12,39933.0,Physical Inspection,373,373,373,4.601342813598351,-0.9319720926131927,-1,-0.013413627617446466,True
Lok Sabha,Andhra Pradesh,Normal/Others,WS/MP18003/2025-2026/223847-Purchase of hospital equipment,AMBICA G LAKSHMINARAYANA VALMIKI,ANANTAPUR,2025-07-31,2025-10-30,5000000.0,Vendor Identification,91,91,91,6.698970091194907,1.165655184983363,-1,-0.013385901365256636,True
Lok Sabha,Telangana,Normal/Others,WS/MP18190/2025-2026/161775-Installing tube-wells and borewells,BALRAM NAIK PORIKA,MAHABUBABAD,2024-12-27,2026-01-13,45000.0,Physical Inspection,382,382,382,4.653222164656599,-0.8800927415549449,-1,-0.013368773879489981,True
Rajya Sabha,Karnataka,Normal/Others,"WS/MP18364/2025-2026/204269-Construction of roads, link roads, pathways or any other road with or without drainage system",Shri Narayanasa K. Bhandage (2024-30) (2024-2030),,2025-06-03,2025-09-01,4995360.0,Physical Inspection,90,90,90,6.6985668788768775,1.1652519726653336,-1,-0.013323197056199443,True
Rajya Sabha,Karnataka,Normal/Others,"WS/MP18364/2025-2026/204268-Construction of roads, link roads, pathways or any other road with or without drainage system",Shri Narayanasa K. Bhandage (2024-30) (2024-2030),,2025-06-03,2025-09-01,4995360.0,Physical Inspection,90,90,90,6.6985668788768775,1.1652519726653336,-1,-0.013323197056199443,True
Rajya Sabha,Karnataka,Normal/Others,"WS/MP18364/2025-2026/201271-Construction of roads, link roads, pathways or any other road with or without drainage system",Shri Narayanasa K. Bhandage (2024-30) (2024-2030),,2025-06-03,2025-09-01,4995360.0,Physical Inspection,90,90,90,6.6985668788768775,1.1652519726653336,-1,-0.013323197056199443,True
Rajya Sabha,Karnataka,Normal/Others,"WS/MP18364/2025-2026/201272-Construction of roads, link roads, pathways or any other road with or without drainage system",Shri Narayanasa K. Bhandage (2024-30) (2024-2030),,2025-06-03,2025-09-01,4995360.0,Physical Inspection,90,90,90,6.6985668788768775,1.1652519726653336,-1,-0.013323197056199443,True
Lok Sabha,Telangana,Normal/Others,WS/MP18388/2025-2026/184093-Construction of buildings for community cultural activities,VAMSI KRISHNA GADDAM,PEDDAPALLE,2025-03-20,2025-06-18,5000000.0,Work Completed,90,90,90,6.698970091194907,1.165655184983363,-1,-0.013323197056199443,True
Rajya Sabha,Uttar Pradesh,Normal/Others,WS/MP196/2024-2025/147610-Street lights,Shri Brij Lal (2020-26) (2020-2026),,2024-10-16,2025-01-21,4939000.0,Vendor Identification,97,97,97,6.693639114093202,1.1603242078816578,-1,-0.013297206925946825,True
Rajya Sabha,Uttar Pradesh,Normal/Others,"WS/MP196/2024-2025/147629-Construction of roads, link roads, pathways or any other road with or without drainage system",Shri Brij Lal (2020-26) (2020-2026),,2024-10-16,2025-01-21,4992000.0,Vendor Identification,97,97,97,6.698274663672453,1.1649597574609087,-1,-0.013297206925946825,True
Lok Sabha,Gujarat,Normal/Others,"WS/MP18057/2026-2027/274309-Purchase of ambulances (Four, three and two wheelers)",MUKESHKUMAR CHANDRAKAANT DALAL,SURAT,2026-03-14,2026-06-20,4850000.0,Sanction,98,98,98,6.685741828147508,1.1524269219359642,-1,-0.013297206925946825,True
Rajya Sabha,West Bengal,Normal/Others,WS/MP218/2025-2026/155784-Construction of rooms and halls in school and colleges,Ms. Dola Sen (2023-29) (2023-2029),,2024-12-27,2025-04-03,5000000.0,Sanction,97,97,97,6.698970091194907,1.165655184983363,-1,-0.013297206925946825,True
Lok Sabha,Andhra Pradesh,Normal/Others,"WS/MP18006/2025-2026/221109-Construction of roads, link roads, pathways or any other road with or without drainage system",DAGGUMALLA PRASADA RAO,CHITTOOR,2025-07-29,2025-07-31,5000000.0,Sanction,2,2,2,6.698970091194907,1.165655184983363,-1,-0.013195566631824307,True
Rajya Sabha,Tamil Nadu,Normal/Others,WS/MP165/2026-2027/285105-Construction of rooms and halls in school and colleges,Shri P. Chidambaram (2022-28) (2022-2028),,2026-06-16,2026-06-18,4948000.0,Sanction,2,2,2,6.6944297787287965,1.1611148725172526,-1,-0.013195566631824307,True
Rajya Sabha,Uttar Pradesh,Normal/Others,WS/MP202/2023-2024/57909-Purchase of books for public libraries/ digitization of library books,Smt. Seema Dwivedi (2020-26) (2020-2026),,2023-12-07,2024-03-11,5000000.0,Physical Inspection,95,95,95,6.698970091194907,1.165655184983363,-1,-0.013146291013700684,True
Lok Sabha,Andhra Pradesh,Normal/Others,"WS/MP18006/2025-2026/242876-Purchase of vehicle for mobile dispensaries (Four, three and two wheelers)",DAGGUMALLA PRASADA RAO,CHITTOOR,2025-10-17,2025-11-26,6300000.0,Physical Inspection,40,40,40,6.799340618389208,1.2660257121776644,-1,-0.0130359382460703,True
Lok Sabha,Maharashtra,Normal/Others,"WS/MP18120/2026-2027/218858-Construction of roads, link roads, pathways or any other road with or without drainage system",AASHTIKAR PATIL NAGESH BAPURAO,HINGOLI,2025-07-18,2026-07-09,2993160.0,Physical Inspection,356,356,356,6.476130077859584,0.9428151716480402,-1,-0.013033915715662259,True
Lok Sabha,Tamil Nadu,Normal/Others,WS/MP18184/2026-2027/161844-Construction of rooms and halls in school and colleges,THANGA TAMILSELVAN,THENI,2025-01-05,2026-05-18,2000000.0,Physical Inspection,498,498,498,6.301030212811168,0.7677153065996238,-1,-0.012927440741921536,True
Lok Sabha,Maharashtra,Normal/Others,WS/MP18307/2025-2026/143608-Construction of public toilets and bathrooms,Piyush Vedprakash Goyal,MUMBAI NORTH,2024-09-25,2026-01-30,2000000.0,Work partially Completed,492,492,492,6.301030212811168,0.7677153065996238,-1,-0.012927440741921536,True
Rajya Sabha,Karnataka,Normal/Others,"WS/MP833/2026-2027/177946-Construction of roads, link roads, pathways or any other road with or without drainage system",Shri Jairam Ramesh (2022-28) (2022-2028),,2025-02-28,2026-07-20,2000000.0,Sanction,507,507,507,6.301030212811168,0.7677153065996238,-1,-0.012927440741921536,True
Lok Sabha,Maharashtra,Normal/Others,WS/MP18307/2025-2026/143606-Construction of public toilets and bathrooms,Piyush Vedprakash Goyal,MUMBAI NORTH,2024-09-25,2026-01-30,2000000.0,Work partially Completed,492,492,492,6.301030212811168,0.7677153065996238,-1,-0.012927440741921536,True
Rajya Sabha,Tamil Nadu,Normal/Others,WS/MP155/2025-2026/261384-Construction of community centers and community halls,Shri P. Wilson (2025-31) (2025-2031),,2026-01-24,2026-01-29,5000000.0,Work partially Completed,5,5,5,6.698970091194907,1.165655184983363,-1,-0.012893360217283933,True
Lok Sabha,West Bengal,Normal/Others,WS/MP18277/2025-2026/267071-Street lights,AZAD KIRTI JHA,BARDHAMAN-DURGAPUR,2026-02-10,2026-02-16,5184158.0,Sanction,6,6,6,6.714678313032999,1.181363406821455,-1,-0.012893360217283933,True
Rajya Sabha,Tamil Nadu,Normal/Others,WS/MP155/2025-2026/261385-Construction of community centers and community halls,Shri P. Wilson (2025-31) (2025-2031),,2026-01-24,2026-01-29,5000000.0,Work Completed,5,5,5,6.698970091194907,1.165655184983363,-1,-0.012893360217283933,True
Lok Sabha,Telangana,Normal/Others,WS/MP18190/2025-2026/163782-Installing tube-wells and borewells,BALRAM NAIK PORIKA,MAHABUBABAD,2025-01-09,2026-01-12,40000.0,Physical Inspection,368,368,368,4.602070848554296,-0.9312440576572483,-1,-0.01280915444270947,True
Lok Sabha,Tamil Nadu,Normal/Others,WS/MP458/2026-2027/219236-Construction of rooms and halls in school and colleges,Kanimozhi Karunanidhi,THOOTHUKKUDI,2025-07-29,2026-05-21,3600000.0,Work partially Completed,296,296,296,6.556302621404627,1.022987715193083,-1,-0.012737651519197368,True
Rajya Sabha,Maharashtra,Normal/Others,"WS/MP116/2025-2026/174194-Construction of roads, link roads, pathways or any other road with or without drainage system",Shri Sanjay Raut (2022-28) (2022-2028),,2025-02-07,2025-12-19,3500000.0,Vendor Identification,315,315,315,6.5440681684343955,1.0107532622228517,-1,-0.012737651519197368,True
Lok Sabha,Uttar Pradesh,Normal/Others,WS/MP792/2024-2025/136735-Lighting of public spaces,Jai Prakash,HARDOI (SC),2024-08-22,2024-11-04,5580000.0,Vendor Identification,74,74,74,6.746634276768124,1.2133193705565803,-1,-0.012735610803236486,True
Lok Sabha,Tripura,Normal/Others,WS/MP18196/2025-2026/174723-Construction of common work sheds/ common covered sitting area,KRITI DEVI DEBBARMAN,TRIPURA EAST(ST),2025-02-09,2025-04-24,5479250.0,Sanction,74,74,74,6.738721195564868,1.2054062893533244,-1,-0.012735610803236486,True
Lok Sabha,Tamil Nadu,Normal/Others,"WS/MP18184/2026-2027/213142-Construction of Government office buildings (Post office, Police station, Police chauki, etc.)",THANGA TAMILSELVAN,THENI,2025-06-27,2026-06-18,3000000.0,Physical Inspection,356,356,356,6.477121399484465,0.9438064932729215,-1,-0.012731782198545316,True
Lok Sabha,Andhra Pradesh,Normal/Others,WS/MP18007/2025-2026/242290-Construction of community centers and community halls,Putta Mahesh Kumar,ELURU,2025-10-17,2026-01-22,4900000.0,Sanction,97,97,97,6.690196168660032,1.156881262448488,-1,-0.012692838728714073,True
Lok Sabha,West Bengal,Normal/Others,WS/MP823/2024-2025/139555-Construction of culverts and bridges,Ms Mahua Moitra,KRISHNANAGAR,2024-09-07,2024-12-16,4903989.0,Work partially Completed,100,100,100,6.690549575917119,1.1572346697055753,-1,-0.012692838728714073,True
Rajya Sabha,Rajasthan,Normal/Others,WS/MP146/2024-2025/11893-Construction of rooms and halls in school and colleges,Shri Mukul Wasnik (2022-28) (2022-2028),,2023-08-21,2024-12-12,2000000.0,Work Completed,479,479,479,6.301030212811168,0.7677153065996238,-1,-0.01262535524031494,True
Rajya Sabha,Kerala,Normal/Others,WS/MP101/2025-2026/142097-Construction of footpaths and pedestrian ways,Shri Sandosh Kumar P (2022-28) (2022-2028),,2024-09-23,2026-01-16,2000000.0,Sanction,480,480,480,6.301030212811168,0.7677153065996238,-1,-0.01262535524031494,True
Lok Sabha,Maharashtra,Normal/Others,WS/MP672/2026-2027/291742-Construction of community centers and community halls,Nitin Jairam Gadkari,NAGPUR,2026-07-03,2026-07-07,5000000.0,Physical Inspection,4,4,4,6.698970091194907,1.165655184983363,-1,-0.012591290084488671,True
Lok Sabha,Bihar,Normal/Others,WS/MP18040/2024-2025/157358-Purchase of furniture and fixtures for educational purposes,RAJ BHUSHAN CHOUDHARY,MUZAFFARPUR,2024-12-09,2024-12-13,4980000.0,Physical Inspection,4,4,4,6.697229429967436,1.163914523755892,-1,-0.012591290084488671,True
Lok Sabha,Tamil Nadu,Normal/Others,WS/MP740/2026-2027/160926-Construction of water tanks,Andimuthu Raja,NILGIRIS(SC),2025-01-11,2026-07-22,1600000.0,Physical Inspection,557,557,557,6.204120254089891,0.6708053478783471,-1,-0.012526497227651756,True
Rajya Sabha,Maharashtra,Normal/Others,"WS/MP116/2025-2026/189839-Construction of roads, link roads, pathways or any other road with or without drainage system",Shri Sanjay Raut (2022-28) (2022-2028),,2025-04-07,2026-03-30,3000000.0,Sanction,357,357,357,6.477121399484465,0.9438064932729215,-1,-0.012429784930300003,True
Rajya Sabha,Maharashtra,Normal/Others,"WS/MP116/2025-2026/189843-Construction of roads, link roads, pathways or any other road with or without drainage system",Shri Sanjay Raut (2022-28) (2022-2028),,2025-04-07,2026-03-30,3000000.0,Sanction,357,357,357,6.477121399484465,0.9438064932729215,-1,-0.012429784930300003,True
Rajya Sabha,Maharashtra,Normal/Others,"WS/MP116/2025-2026/189845-Construction of roads, link roads, pathways or any other road with or without drainage system",Shri Sanjay Raut (2022-28) (2022-2028),,2025-04-07,2026-03-30,3000000.0,Sanction,357,357,357,6.477121399484465,0.9438064932729215,-1,-0.012429784930300003,True
Rajya Sabha,Maharashtra,Normal/Others,"WS/MP116/2025-2026/189847-Construction of roads, link roads, pathways or any other road with or without drainage system",Shri Sanjay Raut (2022-28) (2022-2028),,2025-04-07,2026-03-30,3000000.0,Sanction,357,357,357,6.477121399484465,0.9438064932729215,-1,-0.012429784930300003,True
Lok Sabha,Kerala,Repair and Renovation,"WS/MP353/2026-2027/185449-Construction of roads, link roads, pathways or any other road with or without drainage system",Adv Dean Kuriakose,IDUKKI,2025-03-22,2026-08-18,2000000.0,Sanction,514,514,514,6.301030212811168,0.6703015874190728,-1,-0.012411698364964918,True
Lok Sabha,Uttar Pradesh,Normal/Others,WS/MP468/2024-2025/171050-Development of public parks,Anurag Sharma,JHANSI,2025-01-31,2025-03-27,5599000.0,Work partially Completed,55,55,55,6.748110545061414,1.2147956388498704,-1,-0.012388047692685533,True
Rajya Sabha,Uttar Pradesh,Normal/Others,WS/MP186/2024-2025/141250-Construction of night shelters for homeless,Shri Arun Singh (2020-26) (2020-2026),,2024-09-16,2025-02-19,4500000.0,Physical Inspection,156,156,156,6.653212610285218,1.119897704073674,-1,-0.012373570978075232,True
Rajya Sabha,Uttar Pradesh,Normal/Others,WS/MP186/2024-2025/141236-Construction of culverts and bridges,Shri Arun Singh (2020-26) (2020-2026),,2024-09-16,2025-02-19,4500000.0,Vendor Identification,156,156,156,6.653212610285218,1.119897704073674,-1,-0.012373570978075232,True
Rajya Sabha,Uttar Pradesh,Normal/Others,WS/MP186/2025-2026/218811-Construction of public toilets and bathrooms,Shri Arun Singh (2020-26) (2020-2026),,2025-07-15,2025-11-08,4852000.0,Vendor Identification,116,116,116,6.685920881702869,1.1526059754913254,-1,-0.012249972800402187,True
Lok Sabha,Telangana,Normal/Others,WS/MP18190/2025-2026/161769-Installing tube-wells and borewells,BALRAM NAIK PORIKA,MAHABUBABAD,2024-12-27,2026-01-12,45000.0,Physical Inspection,381,381,381,4.653222164656599,-0.8800927415549449,-1,-0.012160453442003116,True
Rajya Sabha,Haryana,Normal/Others,"WS/MP18425/2026-2027/271353-Purchase of ambulances (Four, three and two wheelers)",Smt. Rekha Sharma (2024-28) (2024-2028),,2026-02-27,2026-06-11,4826200.0,Sanction,104,104,104,6.6836054053002965,1.1502904990887526,-1,-0.012085008800895802,True
Lok Sabha,Bihar,Normal/Others,WS/MP317/2024-2025/144904-Purchase Books for Library,Smt Veena Devi,VAISHALI,2024-10-01,2024-10-07,5000000.0,Physical Inspection,6,6,6,6.698970091194907,1.165655184983363,-1,-0.011987558418333322,True
Rajya Sabha,Karnataka,Normal/Others,WS/MP092/2025-2026/259247-Setting up of farmers’ training and assistance centers,Smt. Nirmala Sitharaman (2022-28) (2022-2028),,2026-01-15,2026-01-21,5000000.0,Work Completed,6,6,6,6.698970091194907,1.165655184983363,-1,-0.011987558418333322,True
Lok Sabha,Uttar Pradesh,Repair and Renovation,"WS/MP791/2025-2026/252111-Construction of roads, link roads, pathways or any other road with or without drainage system",Jagdambika Pal,DOMARIYAGANJ,2025-12-05,2026-02-28,6300000.0,Sanction,85,85,85,6.799340618389208,1.1686119929971133,-1,-0.011977502517030114,True
Lok Sabha,West Bengal,Normal/Others,WS/MP823/2025-2026/211149-Construction of culverts and bridges,Ms Mahua Moitra,KRISHNANAGAR,2025-06-22,2025-07-22,6501833.0,Work partially Completed,30,30,30,6.813035877217275,1.2797209710057311,-1,-0.011920560758810983,True
Lok Sabha,Kerala,Normal/Others,"WS/MP18097/2026-2027/181096-Purchase of prosthetics, wheel chairs, tricycles (manual or motorized), elect scooties, hearing aids",SHAFI PARAMBIL,VADAKARA,2025-03-11,2026-08-07,110000.0,Sanction,514,514,514,5.041396633271932,-0.49191827293961143,-1,-0.011876278425591802,True
Lok Sabha,Kerala,Normal/Others,"WS/MP18097/2026-2027/181095-Purchase of prosthetics, wheel chairs, tricycles (manual or motorized), elect scooties, hearing aids",SHAFI PARAMBIL,VADAKARA,2025-03-11,2026-08-07,110000.0,Sanction,514,514,514,5.041396633271932,-0.49191827293961143,-1,-0.011876278425591802,True
Lok Sabha,Karnataka,Normal/Others,WS/MP18355/2025-2026/158359-Construction of community centers and community halls,SHOBHA KARANDLAJE,BANGALORE NORTH,2024-12-12,2025-12-01,3000000.0,Work partially Completed,354,354,354,6.477121399484465,0.9438064932729215,-1,-0.011826198894683171,True
Lok Sabha,Kerala,Normal/Others,"WS/MP18096/2025-2026/262944-Construction of roads, link roads, pathways or any other road with or without drainage system",SURESH GOPI,THRISSUR,2026-02-19,2026-03-17,6100000.0,Sanction,26,26,26,6.785329906206578,1.2520149999950343,-1,-0.011803720876442436,True
Lok Sabha,Tamil Nadu,Normal/Others,WS/MP18312/2026-2027/181189-Construction of buildings for community cultural activities,DURAI VAIKO,TIRUCHIRAPPALLI,2025-03-13,2026-08-20,1700000.0,Vendor Identification,525,525,525,6.230449176845541,0.6971342706339971,-1,-0.011641240377478379,True
Lok Sabha,Gujarat,Normal/Others,"WS/MP582/2026-2027/160434-Purchase of IT systems, including hardware and software for educational purposes",Prabhubhai Nagarbhai Vasava,BARDOLI(ST),2024-12-20,2026-08-19,150000.0,Sanction,607,607,607,5.176094154342576,-0.35722075186896785,-1,-0.011511986214372882,True
Rajya Sabha,Tamil Nadu,Normal/Others,"WS/MP165/2025-2026/227724-Construction of rooms and facilities for hospitals, FWC , PHC Centers and ANM centers",Shri P. Chidambaram (2022-28) (2022-2028),,2025-09-06,2025-09-26,6300000.0,Physical Inspection,20,20,20,6.799340618389208,1.2660257121776644,-1,-0.011497979888003163,True
Lok Sabha,Telangana,Normal/Others,WS/MP18190/2025-2026/162242-Installing tube-wells and borewells,BALRAM NAIK PORIKA,MAHABUBABAD,2025-01-03,2026-01-13,44065.0,Physical Inspection,375,375,375,4.644103630115782,-0.8892112760957618,-1,-0.011255642721739734,True
Lok Sabha,Telangana,Normal/Others,WS/MP18190/2025-2026/162205-Installing tube-wells and borewells,BALRAM NAIK PORIKA,MAHABUBABAD,2025-01-03,2026-01-12,44065.0,Physical Inspection,374,374,374,4.644103630115782,-0.8892112760957618,-1,-0.011255642721739734,True
Rajya Sabha,Punjab,Normal/Others,WS/MP140/2023-2024/7438-Construction of public irrigation facilities,Shri Sant Balbir Singh (2022-28) (2022-2028),,2023-08-02,2023-09-05,6322296.0,Physical Inspection,34,34,34,6.80087489365975,1.2675599874482062,-1,-0.01125283332805338,True
Lok Sabha,Andhra Pradesh,Normal/Others,WS/MP18001/2025-2026/231995-Crematoriums/energy efficient crematoriums or structures on burial/cremation ground,GM Harish Balayogi,AMALAPURAM(SC),2025-09-07,2025-09-27,6000000.0,Sanction,20,20,20,6.7781513227660515,1.2448364165545076,-1,-0.011196539010105644,True
Lok Sabha,Karnataka,Normal/Others,"WS/MP18078/2025-2026/187219-Purchase of prosthetics, wheel chairs, tricycles (manual or motorized), elect scooties, hearing aids",E. TUKARAM,BELLARY(ST),2025-04-28,2025-07-19,5200000.0,Work Completed,82,82,82,6.716003427152961,1.1826885209414169,-1,-0.01107293919352803,True
Lok Sabha,Madhya Pradesh,Normal/Others,WS/MP642/2026-2027/202105-Improvement of electricity distribution infrastructure,Ganesh Singh,SATNA,2025-06-09,2026-07-31,66000.0,Sanction,417,417,417,4.819550515711442,-0.7137643905001019,-1,-0.011057222126278132,True
Lok Sabha,Uttar Pradesh,Normal/Others,WS/MP18232/2024-2025/149182-Street lights,HARENDRA SINGH MALIK,MUZAFFARNAGAR,2024-10-23,2025-02-19,12881.0,Sanction,119,119,119,4.109983294819893,-1.4233316113916512,-1,-0.011016630341008526,True
Lok Sabha,Bihar,Normal/Others,WS/MP422/2025-2026/165948-Purchase of books and periodicals for libraries/digitization of library books,Dileshwar Kamait,SUPAUL,2025-01-15,2025-08-29,4000000.0,Physical Inspection,226,226,226,6.6020600999015695,1.0687451936900256,-1,-0.010997879281809286,True
Rajya Sabha,Odisha,Normal/Others,WS/MP138/2025-2026/23249-Construction of community centers and community halls,Smt. Sulata Deo (2022-28) (2022-2028),,2023-09-19,2025-05-08,150000.0,Sanction,597,597,597,5.176094154342576,-0.35722075186896785,-1,-0.01090922776547898,True
Lok Sabha,Haryana,Trust and Society,WS/MP431/2026-2027/149155-Construction of community centers and community halls,Rao Inderjit Singh,GURGAON,2024-10-23,2026-05-21,1499787.0,Sanction,575,575,575,6.176029874430957,0.24780667316580285,-1,-0.01086777635948466,True
Rajya Sabha,Himachal Pradesh,Repair and Renovation,WS/MP078/2024-2025/13532-Construction of footpaths and pedestrian ways,Dr. Sikander Kumar (2022-28) (2022-2028),,2023-08-27,2025-02-15,150000.0,Vendor Identification,538,538,538,5.176094154342576,-0.45463447104951893,-1,-0.010830844504801318,True
Lok Sabha,Maharashtra,Normal/Others,"WS/MP18307/2025-2026/146575-Construction of roads, link roads, pathways or any other road with or without drainage system",Piyush Vedprakash Goyal,MUMBAI NORTH,2024-10-09,2026-01-30,2000000.0,Work partially Completed,478,478,478,6.301030212811168,0.7677153065996238,-1,-0.010815700853103127,True
Rajya Sabha,Puducherry,Normal/Others,"WS/MP139/2026-2027/197314-Construction of roads, link roads, pathways or any other road with or without drainage system",Shri S. Selvaganabathy (2021-27) (2021-2027),,2025-05-07,2026-08-28,2000000.0,Sanction,478,478,478,6.301030212811168,0.7677153065996238,-1,-0.010815700853103127,True
Lok Sabha,Bihar,Normal/Others,WS/MP317/2024-2025/144816-Purchase Books for Library,Smt Veena Devi,VAISHALI,2024-09-30,2024-10-07,5000000.0,Physical Inspection,7,7,7,6.698970091194907,1.165655184983363,-1,-0.010781727764710647,True
Lok Sabha,Bihar,Normal/Others,WS/MP317/2024-2025/144813-Purchase Books for Library,Smt Veena Devi,VAISHALI,2024-09-30,2024-10-07,5000000.0,Physical Inspection,7,7,7,6.698970091194907,1.165655184983363,-1,-0.010781727764710647,True
Lok Sabha,Madhya Pradesh,Normal/Others,WS/MP642/2026-2027/197125-Improvement of electricity distribution infrastructure,Ganesh Singh,SATNA,2025-05-15,2026-07-07,65000.0,Vendor Identification,418,418,418,4.812920038045028,-0.7203948681665162,-1,-0.010755980010663801,True
Lok Sabha,Maharashtra,Normal/Others,"WS/MP18120/2026-2027/169231-Construction of roads, link roads, pathways or any other road with or without drainage system",AASHTIKAR PATIL NAGESH BAPURAO,HINGOLI,2025-01-27,2026-06-29,1771411.0,Work partially Completed,518,518,518,6.248319582374144,0.7150046761626001,-1,-0.010737131766978103,True
Lok Sabha,West Bengal,Normal/Others,WS/MP18272/2026-2027/260997-Construction of rooms and halls in school and colleges,KALIPADA SAREN,JHARGRAM(ST),2026-01-22,2026-08-27,4000000.0,Sanction,217,217,217,6.6020600999015695,1.0687451936900256,-1,-0.010696663927196703,True
Rajya Sabha,Uttar Pradesh,Normal/Others,WS/MP196/2025-2026/214383-Development of public parks,Shri Brij Lal (2020-26) (2020-2026),,2025-07-03,2025-08-07,6000000.0,Vendor Identification,35,35,35,6.7781513227660515,1.2448364165545076,-1,-0.010650308559468802,True
Rajya Sabha,Assam,Normal/Others,WS/MP831/2026-2027/132657-Construction of boundary walls of existing public and community buildings,Shri Rwngwra Narzary (2022-28) (2022-2028),,2024-06-20,2026-07-31,1200000.0,Vendor Identification,771,771,771,6.079181607959542,0.5458667017479986,-1,-0.01044414862782983,True
Lok Sabha,Gujarat,Normal/Others,"WS/MP18344/2025-2026/198267-Purchase of ambulances (Four, three and two wheelers)",DR. MANSUKH MANDAVIYA,PORBANDAR,2025-05-13,2026-03-20,3500000.0,Sanction,311,311,311,6.5440681684343955,1.0107532622228517,-1,-0.010370112140847154,True
Lok Sabha,Madhya Pradesh,Normal/Others,WS/MP642/2025-2026/196622-Improvement of electricity distribution infrastructure,Ganesh Singh,SATNA,2025-05-09,2026-03-30,35000.0,Vendor Identification,325,325,325,4.544080452586785,-0.9892344536247588,-1,-0.010335744566546401,True
Rajya Sabha,Assam,Normal/Others,"WS/MP831/2025-2026/132613-Construction of roads, link roads, pathways or any other road with or without drainage system",Shri Rwngwra Narzary (2022-28) (2022-2028),,2024-06-18,2025-06-05,3000000.0,Vendor Identification,352,352,352,6.477121399484465,0.9438064932729215,-1,-0.010319613863331911,True
Rajya Sabha,Tripura,Normal/Others,"WS/MP18412/2025-2026/254559-Purchase of ambulances (Four, three and two wheelers)",Shri Rajib Bhattacharjee (2024-28) (2024-2028),,2025-12-17,2025-12-18,16448.0,Vendor Identification,1,1,1,4.216139500603143,-1.3171754056084009,-1,-0.010188203215656833,True
Rajya Sabha,Tripura,Normal/Others,"WS/MP18412/2025-2026/254561-Purchase of ambulances (Four, three and two wheelers)",Shri Rajib Bhattacharjee (2024-28) (2024-2028),,2025-12-17,2025-12-18,16448.0,Vendor Identification,1,1,1,4.216139500603143,-1.3171754056084009,-1,-0.010188203215656833,True
Rajya Sabha,Tripura,Normal/Others,"WS/MP18412/2025-2026/254562-Purchase of ambulances (Four, three and two wheelers)",Shri Rajib Bhattacharjee (2024-28) (2024-2028),,2025-12-17,2025-12-18,16448.0,Vendor Identification,1,1,1,4.216139500603143,-1.3171754056084009,-1,-0.010188203215656833,True
Rajya Sabha,Tripura,Normal/Others,"WS/MP18412/2025-2026/254560-Purchase of ambulances (Four, three and two wheelers)",Shri Rajib Bhattacharjee (2024-28) (2024-2028),,2025-12-17,2025-12-18,16448.0,Vendor Identification,1,1,1,4.216139500603143,-1.3171754056084009,-1,-0.010188203215656833,True
Lok Sabha,Manipur,Normal/Others,WS/MP18371/2025-2026/209334-Installing community drinking water plants,ANGOMCHA BIMOL AKOIJAM,INNER MANIPUR,2025-06-17,2025-07-08,6000000.0,Work Completed,21,21,21,6.7781513227660515,1.2448364165545076,-1,-0.010087511306737351,True
Lok Sabha,Telangana,Normal/Others,WS/MP18190/2025-2026/162212-Installing tube-wells and borewells,BALRAM NAIK PORIKA,MAHABUBABAD,2025-01-03,2026-01-13,44754.0,Physical Inspection,375,375,375,4.650841561464383,-0.8824733447471607,-1,-0.010051131421934478,True
Lok Sabha,Uttar Pradesh,Normal/Others,WS/MP18242/2025-2026/193004-Lighting of public spaces,RAMBHUAL NISHAD,SULTANPUR,2025-04-21,2025-09-09,4520176.0,Physical Inspection,141,141,141,6.655155441142853,1.1218405349313088,-1,-0.009856910280118036,True
Lok Sabha,Andhra Pradesh,Normal/Others,"WS/MP18007/2025-2026/241572-Construction of roads, link roads, pathways or any other road with or without drainage system",Putta Mahesh Kumar,ELURU,2025-10-11,2025-12-17,5000000.0,Sanction,67,67,67,6.698970091194907,1.165655184983363,-1,-0.009810521545638995,True
Lok Sabha,West Bengal,Normal/Others,WS/MP823/2025-2026/240010-Construction of stadiums,Ms Mahua Moitra,KRISHNANAGAR,2025-10-05,2025-11-18,5467000.0,Sanction,44,44,44,6.737749153330818,1.2044342471192744,-1,-0.009705942848178717,True
Lok Sabha,West Bengal,Normal/Others,WS/MP858/2025-2026/229124-Lighting of public spaces,Asit Kumar Mal,BOLPUR(SC),2025-08-26,2025-10-08,5499446.0,Physical Inspection,43,43,43,6.740319020962781,1.2070041147512374,-1,-0.009705942848178717,True
Rajya Sabha,Kerala,Normal/Others,WS/MP101/2026-2027/207840-Construction of community centers and community halls,Shri Sandosh Kumar P (2022-28) (2022-2028),,2025-06-10,2026-08-04,2500000.0,Sanction,420,420,420,6.397940182389796,0.864625276178252,-1,-0.009654568364559912,True
Rajya Sabha,Andhra Pradesh,Normal/Others,"WS/MP840/2024-2025/163455-Construction of rooms and facilities for hospitals, FWC , PHC Centers and ANM centers",Shri V. Vijayendra Prasad (2022-28) (2022-2028),,2025-01-03,2025-03-31,5000000.0,Vendor Identification,87,87,87,6.698970091194907,1.165655184983363,-1,-0.009630404079469357,True
Rajya Sabha,Kerala,Normal/Others,"WS/MP096/2025-2026/190717-Construction of roads, link roads, pathways or any other road with or without drainage system",Shri Abdul Wahab (2021-27) (2021-2027),,2025-04-12,2026-01-16,3633700.0,Physical Inspection,279,279,279,6.560349188411619,1.0270342822000753,-1,-0.009599055829997871,True
Lok Sabha,West Bengal,Normal/Others,WS/MP867/2024-2025/151535-Construction of community centers and community halls,Sudip Bandyopadhyay,KOLKATA UTTAR,2024-11-09,2025-01-21,5000000.0,Vendor Identification,73,73,73,6.698970091194907,1.165655184983363,-1,-0.009545334387341398,True
Lok Sabha,Tamil Nadu,Normal/Others,WS/MP18312/2026-2027/181190-Construction of buildings for community cultural activities,DURAI VAIKO,TIRUCHIRAPPALLI,2025-03-13,2026-08-05,1700000.0,Physical Inspection,510,510,510,6.230449176845541,0.6971342706339971,-1,-0.009533555136849614,True
Lok Sabha,Kerala,Repair and Renovation,WS/MP18337/2025-2026/156920-Construction of public irrigation facilities,K RADHAKRISHNAN,ALATHUR(SC),2024-12-04,2025-05-28,5000000.0,Sanction,175,175,175,6.698970091194907,1.0682414658028119,-1,-0.009513733745315167,True
Lok Sabha,West Bengal,Normal/Others,WS/MP827/2025-2026/209067-Street lights,Shatrughan Sinha,ASANSOL,2025-06-15,2025-07-15,6160000.0,Vendor Identification,30,30,30,6.7895807826667705,1.2562658764552266,-1,-0.00951131440889097,True
Rajya Sabha,Andhra Pradesh,Normal/Others,WS/MP840/2026-2027/287166-Construction of community centers and community halls,Shri V. Vijayendra Prasad (2022-28) (2022-2028),,2026-06-19,2026-08-24,5000000.0,Sanction,66,66,66,6.698970091194907,1.165655184983363,-1,-0.009509841636922589,True
Lok Sabha,Karnataka,Normal/Others,WS/MP18085/2025-2026/266950-Construction of additional rooms and halls in the existing public and community building,RADHAKRISHNA,GULBARGA(SC),2026-02-09,2026-03-13,6400000.0,Sanction,32,32,32,6.806180041842395,1.272865135630851,-1,-0.009448972534556233,True
Lok Sabha,Gujarat,Normal/Others,WS/MP18055/2024-2025/173052-Construction of community centers and community halls,RAJPALSINH MAHENDRASINH JADAV,PANCHMAHAL,2025-02-05,2025-02-13,5000000.0,Sanction,8,8,8,6.698970091194907,1.165655184983363,-1,-0.009365658169806612,True
Lok Sabha,Manipur,Normal/Others,WS/MP18371/2026-2027/293792-Purchase of immovable sports equipment,ANGOMCHA BIMOL AKOIJAM,INNER MANIPUR,2026-07-09,2026-07-17,5000000.0,Vendor Identification,8,8,8,6.698970091194907,1.165655184983363,-1,-0.009365658169806612,True
Rajya Sabha,Himachal Pradesh,Normal/Others,WS/MP078/2024-2025/172642-Street lights,Dr. Sikander Kumar (2022-28) (2022-2028),,2025-02-04,2025-03-12,15000.0,Sanction,36,36,36,4.1761202110560856,-1.3571946951554583,-1,-0.009295026054966238,True
Rajya Sabha,Himachal Pradesh,Normal/Others,WS/MP078/2024-2025/172641-Street lights,Dr. Sikander Kumar (2022-28) (2022-2028),,2025-02-04,2025-03-12,15000.0,Vendor Identification,36,36,36,4.1761202110560856,-1.3571946951554583,-1,-0.009295026054966238,True
Rajya Sabha,Uttar Pradesh,Normal/Others,WS/MP196/2024-2025/162126-Construction of public libraries and reading rooms,Shri Brij Lal (2020-26) (2020-2026),,2024-12-28,2025-01-21,6219000.0,Vendor Identification,24,24,24,6.7937206266470085,1.2604057204354646,-1,-0.009289501860148985,True
Lok Sabha,Madhya Pradesh,Normal/Others,WS/MP642/2026-2027/200941-Improvement of electricity distribution infrastructure,Ganesh Singh,SATNA,2025-06-09,2026-07-31,67000.0,Sanction,417,417,417,4.826081284659646,-0.7072336215518975,-1,-0.009251805911121846,True
Lok Sabha,Uttarakhand,Normal/Others,WS/MP478/2026-2027/154202-Construction of footpaths and pedestrian ways,Mala Rajya Laxmi Shah,TEHRI GARHWAL,2024-11-24,2026-04-07,100000.0,Vendor Identification,499,499,499,5.000004342923105,-0.5333105632884392,-1,-0.009250273816111876,True
Lok Sabha,Maharashtra,Normal/Others,WS/MP18308/2025-2026/145424-Construction of community centers and community halls,RAVINDRA DATTARAM WAIKAR,MUMBAI NORTH WEST,2024-10-08,2026-01-20,1800000.0,Vendor Identification,469,469,469,6.255272746377951,0.7219578401664073,-1,-0.009240111061983636,True
Lok Sabha,Telangana,Normal/Others,WS/MP18190/2025-2026/163805-Installing tube-wells and borewells,BALRAM NAIK PORIKA,MAHABUBABAD,2025-01-08,2026-01-12,45000.0,Physical Inspection,369,369,369,4.653222164656599,-0.8800927415549449,-1,-0.009149173048203063,True
Lok Sabha,Bihar,Normal/Others,WS/MP18367/2026-2027/268504-Purchase of furniture and fixtures for educational purposes,LOVELY ANAND,SHEOHAR,2026-02-14,2026-07-24,4368000.0,Vendor Identification,160,160,160,6.6402827291230615,1.1069678229115176,-1,-0.009060854122435291,True
Lok Sabha,West Bengal,Trust and Society,WS/MP18272/2026-2027/222318-Construction of stadiums,KALIPADA SAREN,JHARGRAM(ST),2025-07-26,2026-07-28,4882225.0,Vendor Identification,367,367,367,6.688617879194476,0.7603946779293222,-1,-0.009033915618300581,True
Lok Sabha,Tamil Nadu,Normal/Others,"WS/MP458/2026-2027/181203-Construction of Government office buildings (Post office, Police station, Police chauki, etc.)",Kanimozhi Karunanidhi,THOOTHUKKUDI,2025-03-12,2026-06-12,1900000.0,Work partially Completed,457,457,457,6.278753829528812,0.745438923317268,-1,-0.00903057858488876,True
Lok Sabha,Tripura,Normal/Others,WS/MP18197/2025-2026/174766-Construction of common work sheds/ common covered sitting area,BIPLAB KUMAR DEB,TRIPURA WEST,2025-02-10,2025-05-08,4860920.0,Physical Inspection,87,87,87,6.68671856295011,1.1534036567385657,-1,-0.009029342268809692,True
Rajya Sabha,Uttar Pradesh,Normal/Others,WS/MP198/2025-2026/202939-Lighting of public spaces,Shri Ramji (2020-26) (2020-2026),,2025-06-16,2025-11-14,15364.0,Vendor Identification,151,151,151,4.186532564592397,-1.3467823416191465,-1,-0.009011267174021342,True
Rajya Sabha,Uttar Pradesh,Normal/Others,WS/MP198/2025-2026/202940-Lighting of public spaces,Shri Ramji (2020-26) (2020-2026),,2025-06-16,2025-11-14,15364.0,Vendor Identification,151,151,151,4.186532564592397,-1.3467823416191465,-1,-0.009011267174021342,True
Rajya Sabha,Uttar Pradesh,Normal/Others,WS/MP198/2025-2026/202943-Lighting of public spaces,Shri Ramji (2020-26) (2020-2026),,2025-06-16,2025-11-14,15364.0,Vendor Identification,151,151,151,4.186532564592397,-1.3467823416191465,-1,-0.009011267174021342,True
Rajya Sabha,Uttar Pradesh,Normal/Others,WS/MP198/2025-2026/202944-Lighting of public spaces,Shri Ramji (2020-26) (2020-2026),,2025-06-16,2025-11-14,15364.0,Vendor Identification,151,151,151,4.186532564592397,-1.3467823416191465,-1,-0.009011267174021342,True
Rajya Sabha,Uttar Pradesh,Normal/Others,WS/MP198/2025-2026/202932-Lighting of public spaces,Shri Ramji (2020-26) (2020-2026),,2025-06-16,2025-11-14,15364.0,Vendor Identification,151,151,151,4.186532564592397,-1.3467823416191465,-1,-0.009011267174021342,True
Rajya Sabha,Uttar Pradesh,Normal/Others,WS/MP198/2025-2026/202931-Lighting of public spaces,Shri Ramji (2020-26) (2020-2026),,2025-06-16,2025-11-14,15364.0,Vendor Identification,151,151,151,4.186532564592397,-1.3467823416191465,-1,-0.009011267174021342,True
Rajya Sabha,Uttar Pradesh,Normal/Others,WS/MP198/2025-2026/202929-Lighting of public spaces,Shri Ramji (2020-26) (2020-2026),,2025-06-16,2025-11-14,15364.0,Vendor Identification,151,151,151,4.186532564592397,-1.3467823416191465,-1,-0.009011267174021342,True
Rajya Sabha,Uttar Pradesh,Normal/Others,WS/MP198/2025-2026/202930-Lighting of public spaces,Shri Ramji (2020-26) (2020-2026),,2025-06-16,2025-11-14,15364.0,Vendor Identification,151,151,151,4.186532564592397,-1.3467823416191465,-1,-0.009011267174021342,True
Rajya Sabha,Uttar Pradesh,Normal/Others,WS/MP198/2025-2026/202922-Lighting of public spaces,Shri Ramji (2020-26) (2020-2026),,2025-06-16,2025-11-14,15364.0,Vendor Identification,151,151,151,4.186532564592397,-1.3467823416191465,-1,-0.009011267174021342,True
Rajya Sabha,Uttar Pradesh,Normal/Others,WS/MP198/2025-2026/202921-Lighting of public spaces,Shri Ramji (2020-26) (2020-2026),,2025-06-16,2025-11-14,15364.0,Vendor Identification,151,151,151,4.186532564592397,-1.3467823416191465,-1,-0.009011267174021342,True
Rajya Sabha,Uttar Pradesh,Normal/Others,WS/MP198/2025-2026/202923-Lighting of public spaces,Shri Ramji (2020-26) (2020-2026),,2025-06-16,2025-11-14,15364.0,Vendor Identification,151,151,151,4.186532564592397,-1.3467823416191465,-1,-0.009011267174021342,True
Rajya Sabha,Uttar Pradesh,Normal/Others,WS/MP198/2025-2026/202924-Lighting of public spaces,Shri Ramji (2020-26) (2020-2026),,2025-06-16,2025-11-14,15364.0,Vendor Identification,151,151,151,4.186532564592397,-1.3467823416191465,-1,-0.009011267174021342,True
Rajya Sabha,Uttar Pradesh,Normal/Others,WS/MP198/2025-2026/202925-Lighting of public spaces,Shri Ramji (2020-26) (2020-2026),,2025-06-16,2025-11-14,15364.0,Vendor Identification,151,151,151,4.186532564592397,-1.3467823416191465,-1,-0.009011267174021342,True
Rajya Sabha,Uttar Pradesh,Normal/Others,WS/MP198/2025-2026/202926-Lighting of public spaces,Shri Ramji (2020-26) (2020-2026),,2025-06-16,2025-11-14,15364.0,Vendor Identification,151,151,151,4.186532564592397,-1.3467823416191465,-1,-0.009011267174021342,True
Rajya Sabha,Uttar Pradesh,Normal/Others,WS/MP198/2025-2026/202934-Lighting of public spaces,Shri Ramji (2020-26) (2020-2026),,2025-06-16,2025-11-14,15364.0,Vendor Identification,151,151,151,4.186532564592397,-1.3467823416191465,-1,-0.009011267174021342,True
Rajya Sabha,Uttar Pradesh,Normal/Others,WS/MP198/2025-2026/202839-Lighting of public spaces,Shri Ramji (2020-26) (2020-2026),,2025-06-16,2025-11-14,15364.0,Vendor Identification,151,151,151,4.186532564592397,-1.3467823416191465,-1,-0.009011267174021342,True
Rajya Sabha,Uttar Pradesh,Normal/Others,WS/MP198/2025-2026/202904-Lighting of public spaces,Shri Ramji (2020-26) (2020-2026),,2025-06-16,2025-11-14,15364.0,Vendor Identification,151,151,151,4.186532564592397,-1.3467823416191465,-1,-0.009011267174021342,True
Rajya Sabha,Uttar Pradesh,Normal/Others,WS/MP198/2025-2026/202905-Lighting of public spaces,Shri Ramji (2020-26) (2020-2026),,2025-06-16,2025-11-14,15364.0,Vendor Identification,151,151,151,4.186532564592397,-1.3467823416191465,-1,-0.009011267174021342,True
Rajya Sabha,Uttar Pradesh,Normal/Others,WS/MP198/2025-2026/202906-Lighting of public spaces,Shri Ramji (2020-26) (2020-2026),,2025-06-16,2025-11-14,15364.0,Vendor Identification,151,151,151,4.186532564592397,-1.3467823416191465,-1,-0.009011267174021342,True
Rajya Sabha,Uttar Pradesh,Normal/Others,WS/MP198/2025-2026/202861-Lighting of public spaces,Shri Ramji (2020-26) (2020-2026),,2025-06-16,2025-11-14,15364.0,Vendor Identification,151,151,151,4.186532564592397,-1.3467823416191465,-1,-0.009011267174021342,True
Rajya Sabha,Uttar Pradesh,Normal/Others,WS/MP198/2025-2026/202862-Lighting of public spaces,Shri Ramji (2020-26) (2020-2026),,2025-06-16,2025-11-14,15364.0,Vendor Identification,151,151,151,4.186532564592397,-1.3467823416191465,-1,-0.009011267174021342,True
Rajya Sabha,Uttar Pradesh,Normal/Others,WS/MP198/2025-2026/202863-Lighting of public spaces,Shri Ramji (2020-26) (2020-2026),,2025-06-16,2025-11-14,15364.0,Vendor Identification,151,151,151,4.186532564592397,-1.3467823416191465,-1,-0.009011267174021342,True
Rajya Sabha,Uttar Pradesh,Normal/Others,WS/MP198/2025-2026/202864-Lighting of public spaces,Shri Ramji (2020-26) (2020-2026),,2025-06-16,2025-11-14,15364.0,Vendor Identification,151,151,151,4.186532564592397,-1.3467823416191465,-1,-0.009011267174021342,True
Rajya Sabha,Uttar Pradesh,Normal/Others,WS/MP198/2025-2026/202865-Lighting of public spaces,Shri Ramji (2020-26) (2020-2026),,2025-06-16,2025-11-14,15364.0,Vendor Identification,151,151,151,4.186532564592397,-1.3467823416191465,-1,-0.009011267174021342,True
Rajya Sabha,Uttar Pradesh,Normal/Others,WS/MP198/2025-2026/202867-Lighting of public spaces,Shri Ramji (2020-26) (2020-2026),,2025-06-16,2025-11-14,15364.0,Vendor Identification,151,151,151,4.186532564592397,-1.3467823416191465,-1,-0.009011267174021342,True
Rajya Sabha,Uttar Pradesh,Normal/Others,WS/MP198/2025-2026/202868-Lighting of public spaces,Shri Ramji (2020-26) (2020-2026),,2025-06-16,2025-11-14,15364.0,Vendor Identification,151,151,151,4.186532564592397,-1.3467823416191465,-1,-0.009011267174021342,True
Rajya Sabha,Uttar Pradesh,Normal/Others,WS/MP198/2025-2026/202869-Lighting of public spaces,Shri Ramji (2020-26) (2020-2026),,2025-06-16,2025-11-14,15364.0,Vendor Identification,151,151,151,4.186532564592397,-1.3467823416191465,-1,-0.009011267174021342,True
Rajya Sabha,Uttar Pradesh,Normal/Others,WS/MP198/2025-2026/202870-Lighting of public spaces,Shri Ramji (2020-26) (2020-2026),,2025-06-16,2025-11-14,15364.0,Vendor Identification,151,151,151,4.186532564592397,-1.3467823416191465,-1,-0.009011267174021342,True
Rajya Sabha,Uttar Pradesh,Normal/Others,WS/MP198/2025-2026/202871-Lighting of public spaces,Shri Ramji (2020-26) (2020-2026),,2025-06-16,2025-11-14,15364.0,Vendor Identification,151,151,151,4.186532564592397,-1.3467823416191465,-1,-0.009011267174021342,True
Rajya Sabha,Uttar Pradesh,Normal/Others,WS/MP198/2025-2026/202872-Lighting of public spaces,Shri Ramji (2020-26) (2020-2026),,2025-06-16,2025-11-14,15364.0,Vendor Identification,151,151,151,4.186532564592397,-1.3467823416191465,-1,-0.009011267174021342,True
Rajya Sabha,Uttar Pradesh,Normal/Others,WS/MP198/2025-2026/202834-Lighting of public spaces,Shri Ramji (2020-26) (2020-2026),,2025-06-16,2025-11-14,15364.0,Vendor Identification,151,151,151,4.186532564592397,-1.3467823416191465,-1,-0.009011267174021342,True
Rajya Sabha,Uttar Pradesh,Normal/Others,WS/MP198/2025-2026/202838-Lighting of public spaces,Shri Ramji (2020-26) (2020-2026),,2025-06-16,2025-11-14,15364.0,Vendor Identification,151,151,151,4.186532564592397,-1.3467823416191465,-1,-0.009011267174021342,True
Rajya Sabha,Uttar Pradesh,Normal/Others,WS/MP198/2025-2026/202875-Lighting of public spaces,Shri Ramji (2020-26) (2020-2026),,2025-06-16,2025-11-14,15364.0,Vendor Identification,151,151,151,4.186532564592397,-1.3467823416191465,-1,-0.009011267174021342,True
Rajya Sabha,Uttar Pradesh,Normal/Others,WS/MP198/2025-2026/202876-Lighting of public spaces,Shri Ramji (2020-26) (2020-2026),,2025-06-16,2025-11-14,15364.0,Vendor Identification,151,151,151,4.186532564592397,-1.3467823416191465,-1,-0.009011267174021342,True
Rajya Sabha,Uttar Pradesh,Normal/Others,WS/MP198/2025-2026/202877-Lighting of public spaces,Shri Ramji (2020-26) (2020-2026),,2025-06-16,2025-11-14,15364.0,Vendor Identification,151,151,151,4.186532564592397,-1.3467823416191465,-1,-0.009011267174021342,True
Rajya Sabha,Uttar Pradesh,Normal/Others,WS/MP198/2025-2026/202840-Lighting of public spaces,Shri Ramji (2020-26) (2020-2026),,2025-06-16,2025-11-14,15364.0,Vendor Identification,151,151,151,4.186532564592397,-1.3467823416191465,-1,-0.009011267174021342,True
Rajya Sabha,Uttar Pradesh,Normal/Others,WS/MP198/2025-2026/202841-Lighting of public spaces,Shri Ramji (2020-26) (2020-2026),,2025-06-16,2025-11-14,15364.0,Vendor Identification,151,151,151,4.186532564592397,-1.3467823416191465,-1,-0.009011267174021342,True
Rajya Sabha,Uttar Pradesh,Normal/Others,WS/MP198/2025-2026/202842-Lighting of public spaces,Shri Ramji (2020-26) (2020-2026),,2025-06-16,2025-11-14,15364.0,Vendor Identification,151,151,151,4.186532564592397,-1.3467823416191465,-1,-0.009011267174021342,True
Rajya Sabha,Uttar Pradesh,Normal/Others,WS/MP198/2025-2026/202844-Lighting of public spaces,Shri Ramji (2020-26) (2020-2026),,2025-06-16,2025-11-14,15364.0,Vendor Identification,151,151,151,4.186532564592397,-1.3467823416191465,-1,-0.009011267174021342,True
Rajya Sabha,Uttar Pradesh,Normal/Others,WS/MP198/2025-2026/202845-Lighting of public spaces,Shri Ramji (2020-26) (2020-2026),,2025-06-16,2025-11-14,15364.0,Vendor Identification,151,151,151,4.186532564592397,-1.3467823416191465,-1,-0.009011267174021342,True
Rajya Sabha,Uttar Pradesh,Normal/Others,WS/MP198/2025-2026/202846-Lighting of public spaces,Shri Ramji (2020-26) (2020-2026),,2025-06-16,2025-11-14,15364.0,Vendor Identification,151,151,151,4.186532564592397,-1.3467823416191465,-1,-0.009011267174021342,True
Rajya Sabha,Uttar Pradesh,Normal/Others,WS/MP198/2025-2026/202847-Lighting of public spaces,Shri Ramji (2020-26) (2020-2026),,2025-06-16,2025-11-14,15364.0,Vendor Identification,151,151,151,4.186532564592397,-1.3467823416191465,-1,-0.009011267174021342,True
Rajya Sabha,Uttar Pradesh,Normal/Others,WS/MP198/2025-2026/202848-Lighting of public spaces,Shri Ramji (2020-26) (2020-2026),,2025-06-16,2025-11-14,15364.0,Vendor Identification,151,151,151,4.186532564592397,-1.3467823416191465,-1,-0.009011267174021342,True
Rajya Sabha,Uttar Pradesh,Normal/Others,WS/MP198/2025-2026/202849-Lighting of public spaces,Shri Ramji (2020-26) (2020-2026),,2025-06-16,2025-11-14,15364.0,Vendor Identification,151,151,151,4.186532564592397,-1.3467823416191465,-1,-0.009011267174021342,True
Rajya Sabha,Uttar Pradesh,Normal/Others,WS/MP198/2025-2026/202850-Lighting of public spaces,Shri Ramji (2020-26) (2020-2026),,2025-06-16,2025-11-14,15364.0,Vendor Identification,151,151,151,4.186532564592397,-1.3467823416191465,-1,-0.009011267174021342,True
Rajya Sabha,Uttar Pradesh,Normal/Others,WS/MP198/2025-2026/202852-Lighting of public spaces,Shri Ramji (2020-26) (2020-2026),,2025-06-16,2025-11-14,15364.0,Vendor Identification,151,151,151,4.186532564592397,-1.3467823416191465,-1,-0.009011267174021342,True
Rajya Sabha,Uttar Pradesh,Normal/Others,WS/MP198/2025-2026/202855-Lighting of public spaces,Shri Ramji (2020-26) (2020-2026),,2025-06-16,2025-11-14,15364.0,Vendor Identification,151,151,151,4.186532564592397,-1.3467823416191465,-1,-0.009011267174021342,True
Rajya Sabha,Uttar Pradesh,Normal/Others,WS/MP198/2025-2026/202857-Lighting of public spaces,Shri Ramji (2020-26) (2020-2026),,2025-06-16,2025-11-14,15364.0,Vendor Identification,151,151,151,4.186532564592397,-1.3467823416191465,-1,-0.009011267174021342,True
Rajya Sabha,Uttar Pradesh,Normal/Others,WS/MP198/2025-2026/202858-Lighting of public spaces,Shri Ramji (2020-26) (2020-2026),,2025-06-16,2025-11-14,15364.0,Vendor Identification,151,151,151,4.186532564592397,-1.3467823416191465,-1,-0.009011267174021342,True
Rajya Sabha,Uttar Pradesh,Normal/Others,WS/MP198/2025-2026/202819-Lighting of public spaces,Shri Ramji (2020-26) (2020-2026),,2025-06-16,2025-11-14,15364.0,Vendor Identification,151,151,151,4.186532564592397,-1.3467823416191465,-1,-0.009011267174021342,True
Rajya Sabha,Uttar Pradesh,Normal/Others,WS/MP198/2025-2026/202820-Lighting of public spaces,Shri Ramji (2020-26) (2020-2026),,2025-06-16,2025-11-14,15364.0,Vendor Identification,151,151,151,4.186532564592397,-1.3467823416191465,-1,-0.009011267174021342,True
Rajya Sabha,Uttar Pradesh,Normal/Others,WS/MP198/2025-2026/202821-Lighting of public spaces,Shri Ramji (2020-26) (2020-2026),,2025-06-16,2025-11-14,15364.0,Vendor Identification,151,151,151,4.186532564592397,-1.3467823416191465,-1,-0.009011267174021342,True
Rajya Sabha,Uttar Pradesh,Normal/Others,WS/MP198/2025-2026/202825-Lighting of public spaces,Shri Ramji (2020-26) (2020-2026),,2025-06-16,2025-11-14,15364.0,Vendor Identification,151,151,151,4.186532564592397,-1.3467823416191465,-1,-0.009011267174021342,True
Rajya Sabha,Uttar Pradesh,Normal/Others,WS/MP198/2025-2026/202826-Lighting of public spaces,Shri Ramji (2020-26) (2020-2026),,2025-06-16,2025-11-14,15364.0,Vendor Identification,151,151,151,4.186532564592397,-1.3467823416191465,-1,-0.009011267174021342,True
Rajya Sabha,Uttar Pradesh,Normal/Others,WS/MP198/2025-2026/202828-Lighting of public spaces,Shri Ramji (2020-26) (2020-2026),,2025-06-16,2025-11-14,15364.0,Vendor Identification,151,151,151,4.186532564592397,-1.3467823416191465,-1,-0.009011267174021342,True
Rajya Sabha,Uttar Pradesh,Normal/Others,WS/MP198/2025-2026/202829-Lighting of public spaces,Shri Ramji (2020-26) (2020-2026),,2025-06-16,2025-11-14,15364.0,Vendor Identification,151,151,151,4.186532564592397,-1.3467823416191465,-1,-0.009011267174021342,True
Rajya Sabha,Uttar Pradesh,Normal/Others,WS/MP198/2025-2026/202830-Lighting of public spaces,Shri Ramji (2020-26) (2020-2026),,2025-06-16,2025-11-14,15364.0,Vendor Identification,151,151,151,4.186532564592397,-1.3467823416191465,-1,-0.009011267174021342,True
Rajya Sabha,Uttar Pradesh,Normal/Others,WS/MP198/2025-2026/202831-Lighting of public spaces,Shri Ramji (2020-26) (2020-2026),,2025-06-16,2025-11-14,15364.0,Vendor Identification,151,151,151,4.186532564592397,-1.3467823416191465,-1,-0.009011267174021342,True
Rajya Sabha,Uttar Pradesh,Normal/Others,WS/MP198/2025-2026/202833-Lighting of public spaces,Shri Ramji (2020-26) (2020-2026),,2025-06-16,2025-11-14,15364.0,Vendor Identification,151,151,151,4.186532564592397,-1.3467823416191465,-1,-0.009011267174021342,True
Rajya Sabha,Uttar Pradesh,Normal/Others,WS/MP198/2025-2026/202901-Lighting of public spaces,Shri Ramji (2020-26) (2020-2026),,2025-06-16,2025-11-14,15364.0,Vendor Identification,151,151,151,4.186532564592397,-1.3467823416191465,-1,-0.009011267174021342,True
Rajya Sabha,Uttar Pradesh,Normal/Others,WS/MP198/2025-2026/202902-Lighting of public spaces,Shri Ramji (2020-26) (2020-2026),,2025-06-16,2025-11-14,15364.0,Vendor Identification,151,151,151,4.186532564592397,-1.3467823416191465,-1,-0.009011267174021342,True
Rajya Sabha,Uttar Pradesh,Normal/Others,WS/MP198/2025-2026/202903-Lighting of public spaces,Shri Ramji (2020-26) (2020-2026),,2025-06-16,2025-11-14,15364.0,Vendor Identification,151,151,151,4.186532564592397,-1.3467823416191465,-1,-0.009011267174021342,True
Rajya Sabha,Uttar Pradesh,Normal/Others,WS/MP198/2025-2026/202907-Lighting of public spaces,Shri Ramji (2020-26) (2020-2026),,2025-06-16,2025-11-14,15364.0,Vendor Identification,151,151,151,4.186532564592397,-1.3467823416191465,-1,-0.009011267174021342,True
Rajya Sabha,Uttar Pradesh,Normal/Others,WS/MP198/2025-2026/202920-Lighting of public spaces,Shri Ramji (2020-26) (2020-2026),,2025-06-16,2025-11-14,15364.0,Vendor Identification,151,151,151,4.186532564592397,-1.3467823416191465,-1,-0.009011267174021342,True
Rajya Sabha,Uttar Pradesh,Normal/Others,WS/MP198/2025-2026/202854-Lighting of public spaces,Shri Ramji (2020-26) (2020-2026),,2025-06-16,2025-11-14,15364.0,Vendor Identification,151,151,151,4.186532564592397,-1.3467823416191465,-1,-0.009011267174021342,True
Rajya Sabha,Uttar Pradesh,Normal/Others,WS/MP198/2025-2026/202853-Lighting of public spaces,Shri Ramji (2020-26) (2020-2026),,2025-06-16,2025-11-14,15364.0,Vendor Identification,151,151,151,4.186532564592397,-1.3467823416191465,-1,-0.009011267174021342,True
Rajya Sabha,Uttar Pradesh,Normal/Others,WS/MP198/2025-2026/202900-Lighting of public spaces,Shri Ramji (2020-26) (2020-2026),,2025-06-16,2025-11-14,15364.0,Vendor Identification,151,151,151,4.186532564592397,-1.3467823416191465,-1,-0.009011267174021342,True
Rajya Sabha,Uttar Pradesh,Normal/Others,WS/MP198/2025-2026/202899-Lighting of public spaces,Shri Ramji (2020-26) (2020-2026),,2025-06-16,2025-11-14,15364.0,Vendor Identification,151,151,151,4.186532564592397,-1.3467823416191465,-1,-0.009011267174021342,True
Rajya Sabha,Uttar Pradesh,Normal/Others,WS/MP198/2025-2026/202898-Lighting of public spaces,Shri Ramji (2020-26) (2020-2026),,2025-06-16,2025-11-14,15364.0,Vendor Identification,151,151,151,4.186532564592397,-1.3467823416191465,-1,-0.009011267174021342,True
Rajya Sabha,Uttar Pradesh,Normal/Others,WS/MP198/2025-2026/202897-Lighting of public spaces,Shri Ramji (2020-26) (2020-2026),,2025-06-16,2025-11-14,15364.0,Vendor Identification,151,151,151,4.186532564592397,-1.3467823416191465,-1,-0.009011267174021342,True
Rajya Sabha,Uttar Pradesh,Normal/Others,WS/MP198/2025-2026/202883-Lighting of public spaces,Shri Ramji (2020-26) (2020-2026),,2025-06-16,2025-11-14,15364.0,Vendor Identification,151,151,151,4.186532564592397,-1.3467823416191465,-1,-0.009011267174021342,True
Rajya Sabha,Uttar Pradesh,Normal/Others,WS/MP198/2025-2026/202882-Lighting of public spaces,Shri Ramji (2020-26) (2020-2026),,2025-06-16,2025-11-14,15364.0,Vendor Identification,151,151,151,4.186532564592397,-1.3467823416191465,-1,-0.009011267174021342,True
Rajya Sabha,Uttar Pradesh,Normal/Others,WS/MP198/2025-2026/202881-Lighting of public spaces,Shri Ramji (2020-26) (2020-2026),,2025-06-16,2025-11-14,15364.0,Vendor Identification,151,151,151,4.186532564592397,-1.3467823416191465,-1,-0.009011267174021342,True
Rajya Sabha,Uttar Pradesh,Normal/Others,WS/MP198/2025-2026/202880-Lighting of public spaces,Shri Ramji (2020-26) (2020-2026),,2025-06-16,2025-11-14,15364.0,Vendor Identification,151,151,151,4.186532564592397,-1.3467823416191465,-1,-0.009011267174021342,True
Rajya Sabha,Uttar Pradesh,Normal/Others,WS/MP198/2025-2026/202879-Lighting of public spaces,Shri Ramji (2020-26) (2020-2026),,2025-06-16,2025-11-14,15364.0,Vendor Identification,151,151,151,4.186532564592397,-1.3467823416191465,-1,-0.009011267174021342,True
Rajya Sabha,Uttar Pradesh,Normal/Others,WS/MP198/2025-2026/202878-Lighting of public spaces,Shri Ramji (2020-26) (2020-2026),,2025-06-16,2025-11-14,15364.0,Vendor Identification,151,151,151,4.186532564592397,-1.3467823416191465,-1,-0.009011267174021342,True
Rajya Sabha,Uttar Pradesh,Normal/Others,WS/MP198/2025-2026/202938-Lighting of public spaces,Shri Ramji (2020-26) (2020-2026),,2025-06-16,2025-11-14,15364.0,Vendor Identification,151,151,151,4.186532564592397,-1.3467823416191465,-1,-0.009011267174021342,True
Rajya Sabha,Uttar Pradesh,Normal/Others,WS/MP198/2025-2026/202937-Lighting of public spaces,Shri Ramji (2020-26) (2020-2026),,2025-06-16,2025-11-14,15364.0,Vendor Identification,151,151,151,4.186532564592397,-1.3467823416191465,-1,-0.009011267174021342,True
Rajya Sabha,Uttar Pradesh,Normal/Others,WS/MP198/2025-2026/202936-Lighting of public spaces,Shri Ramji (2020-26) (2020-2026),,2025-06-16,2025-11-14,15364.0,Vendor Identification,151,151,151,4.186532564592397,-1.3467823416191465,-1,-0.009011267174021342,True
Rajya Sabha,Uttar Pradesh,Normal/Others,WS/MP198/2025-2026/202874-Lighting of public spaces,Shri Ramji (2020-26) (2020-2026),,2025-06-16,2025-11-14,15364.0,Vendor Identification,151,151,151,4.186532564592397,-1.3467823416191465,-1,-0.009011267174021342,True
Rajya Sabha,Uttar Pradesh,Normal/Others,WS/MP198/2025-2026/202873-Lighting of public spaces,Shri Ramji (2020-26) (2020-2026),,2025-06-16,2025-11-14,15364.0,Vendor Identification,151,151,151,4.186532564592397,-1.3467823416191465,-1,-0.009011267174021342,True
Lok Sabha,Tamil Nadu,Normal/Others,WS/MP743/2025-2026/142092-Construction of community centers and community halls,Ganesan Selvam,KANCHEEPURAM(SC),2024-09-20,2025-04-12,4000000.0,Physical Inspection,204,204,204,6.6020600999015695,1.0687451936900256,-1,-0.00897121964251002,True
Lok Sabha,Tamil Nadu,Normal/Others,WS/MP458/2025-2026/219237-Construction of community centers and community halls,Kanimozhi Karunanidhi,THOOTHUKKUDI,2025-07-29,2026-02-18,4000000.0,Work partially Completed,204,204,204,6.6020600999015695,1.0687451936900256,-1,-0.00897121964251002,True
Lok Sabha,Maharashtra,Normal/Others,WS/MP18307/2025-2026/231068-Construction of public libraries and reading rooms,Piyush Vedprakash Goyal,MUMBAI NORTH,2025-09-02,2026-03-25,4000000.0,Sanction,204,204,204,6.6020600999015695,1.0687451936900256,-1,-0.00897121964251002,True
Lok Sabha,West Bengal,Normal/Others,"WS/MP858/2024-2025/139546-Construction of roads, link roads, pathways or any other road with or without drainage system",Asit Kumar Mal,BOLPUR(SC),2024-09-07,2024-12-02,5023131.0,Physical Inspection,86,86,86,6.700974590884688,1.1676596846731444,-1,-0.008967045478877833,True
Lok Sabha,Andhra Pradesh,Normal/Others,WS/MP18343/2025-2026/197996-Construction of buildings for community cultural activities,Daggubati Purandeshwari,RAJAHMUNDRY,2025-05-09,2025-07-19,5000000.0,Sanction,71,71,71,6.698970091194907,1.165655184983363,-1,-0.008855226977882324,True
Lok Sabha,Andhra Pradesh,Normal/Others,WS/MP18343/2025-2026/197997-Construction of buildings for community cultural activities,Daggubati Purandeshwari,RAJAHMUNDRY,2025-05-09,2025-07-19,5000000.0,Sanction,71,71,71,6.698970091194907,1.165655184983363,-1,-0.008855226977882324,True
Lok Sabha,Andhra Pradesh,Normal/Others,WS/MP18343/2025-2026/197998-Construction of buildings for community cultural activities,Daggubati Purandeshwari,RAJAHMUNDRY,2025-05-09,2025-07-19,5000000.0,Sanction,71,71,71,6.698970091194907,1.165655184983363,-1,-0.008855226977882324,True
Lok Sabha,Andhra Pradesh,Normal/Others,WS/MP18009/2025-2026/227344-Construction of community centers and community halls,B K PARTHASARATHI,HINDUPUR,2025-08-16,2025-09-17,6000000.0,Vendor Identification,32,32,32,6.7781513227660515,1.2448364165545076,-1,-0.008848074322227228,True
Rajya Sabha,Kerala,Normal/Others,WS/MP095/2025-2026/180175-Construction of rooms and halls in school and colleges,Shri A. A. Rahim (2022-28) (2022-2028),,2025-03-24,2025-06-13,5000000.0,Physical Inspection,81,81,81,6.698970091194907,1.165655184983363,-1,-0.008837961498353919,True
Lok Sabha,Tamil Nadu,Normal/Others,WS/MP18181/2026-2027/151265-Construction of water tanks,ESWARASAMY K,POLLACHI,2024-11-07,2026-07-15,1229625.0,Physical Inspection,615,615,615,6.089773037589565,0.5564581313780215,-1,-0.008830041381758469,True
Lok Sabha,Uttar Pradesh,Normal/Others,WS/MP18233/2025-2026/239999-Lighting of public spaces,PRAVEEN PATEL,PHULPUR,2025-10-05,2025-11-15,5475757.0,Physical Inspection,41,41,41,6.738444246330651,1.2051293401191074,-1,-0.00880445125828666,True
Lok Sabha,Assam,Normal/Others,WS/MP18019/2024-2025/137519-Street lights,AMARSING TISSO,Diphu (ST),2024-08-29,2024-11-13,5000000.0,Work partially Completed,76,76,76,6.698970091194907,1.165655184983363,-1,-0.008775682610468571,True
Rajya Sabha,Tamil Nadu,Normal/Others,WS/MP165/2026-2027/160091-Installation of multi-gym equipment,Shri P. Chidambaram (2022-28) (2022-2028),,2024-12-19,2026-08-07,1260000.0,Physical Inspection,596,596,596,6.100370889795586,0.5670559835840425,-1,-0.00868730223083336,True
Lok Sabha,Madhya Pradesh,Normal/Others,WS/MP642/2026-2027/199919-Improvement of electricity distribution infrastructure,Ganesh Singh,SATNA,2025-06-09,2026-05-13,40000.0,Sanction,338,338,338,4.602070848554296,-0.9312440576572483,-1,-0.008634337932268421,True
Lok Sabha,Uttar Pradesh,Normal/Others,"WS/MP18345/2026-2027/225313-Construction of roads, link roads, pathways or any other road with or without drainage system",AKHILESH YADAV,KANNAUJ,2025-08-06,2026-07-08,3170000.0,Sanction,336,336,336,6.501059399219144,0.9677444930075998,-1,-0.008522361000854128,True
Lok Sabha,Andhra Pradesh,Normal/Others,WS/MP18007/2026-2027/287067-Construction of rooms and halls in school and colleges,Putta Mahesh Kumar,ELURU,2026-06-19,2026-08-27,5000000.0,Sanction,69,69,69,6.698970091194907,1.165655184983363,-1,-0.008510449216611926,True
Lok Sabha,Tamil Nadu,Normal/Others,WS/MP18180/2025-2026/204509-Construction of rooms and halls in school and colleges,ARUN NEHRU,PERAMBALUR,2025-06-09,2025-12-26,4000000.0,Physical Inspection,200,200,200,6.6020600999015695,1.0687451936900256,-1,-0.008477516695795662,True
Lok Sabha,Madhya Pradesh,Normal/Others,WS/MP642/2026-2027/202102-Improvement of electricity distribution infrastructure,Ganesh Singh,SATNA,2025-06-09,2026-07-31,68000.0,Sanction,417,417,417,4.832515299342833,-0.7007996068687108,-1,-0.008438968325750529,True
Lok Sabha,Tamil Nadu,Normal/Others,WS/MP18173/2026-2027/231081-Purchase of hospital equipment,THARANIVENTHAN M S,ARANI,2025-09-03,2026-07-06,29998.0,Physical Inspection,306,306,306,4.477106777995652,-1.056208128215892,-1,-0.008382727541980772,True
Lok Sabha,Assam,Normal/Others,WS/MP18019/2025-2026/206785-Construction of community centers and community halls,AMARSING TISSO,Diphu (ST),2025-06-06,2025-08-28,5000000.0,Physical Inspection,83,83,83,6.698970091194907,1.165655184983363,-1,-0.008366581824176378,True
Lok Sabha,Uttar Pradesh,Normal/Others,"WS/MP18208/2025-2026/194589-Construction of roads, link roads, pathways or any other road with or without drainage system",RAM PRASAD CHAUDHARY,BASTI,2025-05-04,2025-07-08,4927680.0,Physical Inspection,65,65,65,6.692642585433984,1.1593276792224403,-1,-0.008352992457784647,True
Lok Sabha,Telangana,Normal/Others,"WS/MP18192/2025-2026/209845-Construction of Government office buildings (Post office, Police station, Police chauki, etc.)",DR.MALLU RAVI,NAGARKURNOOL(SC),2025-06-17,2025-08-21,5000000.0,Sanction,65,65,65,6.698970091194907,1.165655184983363,-1,-0.008352992457784647,True
Lok Sabha,Bihar,Normal/Others,WS/MP18040/2025-2026/184184-Purchase of furniture and fixtures for educational purposes,RAJ BHUSHAN CHOUDHARY,MUZAFFARPUR,2025-03-19,2025-05-22,4980000.0,Physical Inspection,64,64,64,6.697229429967436,1.163914523755892,-1,-0.008352992457784647,True
Lok Sabha,Uttar Pradesh,Normal/Others,WS/MP18203/2025-2026/204862-Lighting of public spaces,ADITYA YADAV,BADAUN,2025-05-29,2025-07-17,5243200.0,Physical Inspection,49,49,49,6.719596506868336,1.186281600656792,-1,-0.008247348407082078,True
Lok Sabha,Maharashtra,Repair and Renovation,"WS/MP18308/2025-2026/145410-Construction of roads, link roads, pathways or any other road with or without drainage system",RAVINDRA DATTARAM WAIKAR,MUMBAI NORTH WEST,2024-10-04,2026-01-20,2000000.0,Vendor Identification,473,473,473,6.301030212811168,0.6703015874190728,-1,-0.00819812223706784,True
Lok Sabha,Manipur,Normal/Others,WS/MP18371/2024-2025/163349-Construction of common work sheds/ common covered sitting area,ANGOMCHA BIMOL AKOIJAM,INNER MANIPUR,2025-01-03,2025-03-20,4900000.0,Vendor Identification,76,76,76,6.690196168660032,1.156881262448488,-1,-0.008175391509254615,True
Rajya Sabha,Uttar Pradesh,Normal/Others,WS/MP196/2025-2026/200404-Development of public parks,Shri Brij Lal (2020-26) (2020-2026),,2025-05-17,2025-05-29,5176000.0,Vendor Identification,12,12,12,6.713994351566061,1.1806794453545173,-1,-0.008164553762823767,True
Rajya Sabha,Kerala,Normal/Others,WS/MP095/2024-2025/133331-Development of playfields and sports grounds,Shri A. A. Rahim (2022-28) (2022-2028),,2024-07-12,2024-10-04,4865261.0,Physical Inspection,84,84,84,6.687106232495527,1.153791326283983,-1,-0.008066553068498683,True
Rajya Sabha,Tamil Nadu,Normal/Others,WS/MP166/2025-2026/134189-Construction of water tanks,Shri K.R.N. Rajeshkumar (2022-28) (2022-2028),,2024-08-02,2025-09-18,2492899.0,Physical Inspection,412,412,412,6.396704857597539,0.8633899513859955,-1,-0.008054776675330944,True
Lok Sabha,Tamil Nadu,Normal/Others,WS/MP017/2025-2026/156775-Construction of bus-sheds or bus-stops,S. Jagathrakshakan,ARAKKONAM,2024-12-03,2026-02-12,2300000.0,Physical Inspection,436,436,436,6.36172802484124,0.8284131186296957,-1,-0.008017650026805767,True
Lok Sabha,Kerala,Normal/Others,WS/MP440/2025-2026/162060-Construction of toilet blocks,Vellalath Kochukrishnan Nair Sreekandan,PALAKKAD,2024-12-29,2026-02-11,2500000.0,Work partially Completed,409,409,409,6.397940182389796,0.864625276178252,-1,-0.007852943082662489,True
Lok Sabha,Kerala,Normal/Others,WS/MP18305/2025-2026/180883-Purchase of hospital equipment,E.T. MOHAMMED BASHEER,MALAPPURAM,2025-03-11,2026-03-16,2861487.0,Physical Inspection,370,370,370,6.456591928981186,0.9232770227696419,-1,-0.00781807018342684,True
Lok Sabha,Tamil Nadu,Normal/Others,WS/MP18384/2025-2026/204835-Construction of bus-sheds or bus-stops,SELVARAJ V,NAGAPATTINAM(SC),2025-05-29,2025-12-08,4000000.0,Physical Inspection,193,193,193,6.6020600999015695,1.0687451936900256,-1,-0.007815305408917061,True
Lok Sabha,Kerala,Normal/Others,"WS/MP18095/2025-2026/148832-Construction of roads, link roads, pathways or any other road with or without drainage system",K. C VENUGOPAL,ALAPPUZHA,2024-10-22,2026-02-02,2000000.0,Work Completed,468,468,468,6.301030212811168,0.7677153065996238,-1,-0.0077143239767147875,True
Lok Sabha,Tamil Nadu,Normal/Others,WS/MP458/2025-2026/150051-Construction of community centers and community halls,Kanimozhi Karunanidhi,THOOTHUKKUDI,2024-11-02,2026-02-06,1998754.0,Physical Inspection,461,461,461,6.300759563168146,0.7674446569566022,-1,-0.0077143239767147875,True
Lok Sabha,Bihar,Normal/Others,WS/MP18040/2024-2025/157800-Purchase Books for Library,RAJ BHUSHAN CHOUDHARY,MUZAFFARPUR,2024-12-10,2024-12-21,5000000.0,Physical Inspection,11,11,11,6.698970091194907,1.165655184983363,-1,-0.007564813721566033,True
Lok Sabha,Bihar,Normal/Others,WS/MP317/2024-2025/145198-Purchase Books for Library,Smt Veena Devi,VAISHALI,2024-10-03,2024-10-15,5000000.0,Physical Inspection,12,12,12,6.698970091194907,1.165655184983363,-1,-0.007564813721566033,True
Rajya Sabha,Punjab,Normal/Others,WS/MP843/2025-2026/271531-Crematoriums/energy efficient crematoriums or structures on burial/cremation ground,Dr. Ashok Kumar Mittal (2022-28) (2022-2028),,2026-02-28,2026-03-12,4989000.0,Sanction,12,12,12,6.69801359098958,1.1646986847780365,-1,-0.007564813721566033,True
Rajya Sabha,Odisha,Normal/Others,WS/MP134/2024-2025/155565-Development of playground,Shri Ashwini Vaishnaw (2024-30) (2024-2030),,2024-11-28,2024-12-09,5000000.0,Sanction,11,11,11,6.698970091194907,1.165655184983363,-1,-0.007564813721566033,True
Lok Sabha,Bihar,Normal/Others,WS/MP317/2024-2025/145371-Purchase Books for Library,Smt Veena Devi,VAISHALI,2024-10-04,2024-10-15,5000000.0,Physical Inspection,11,11,11,6.698970091194907,1.165655184983363,-1,-0.007564813721566033,True
Rajya Sabha,Goa,Normal/Others,WS/MP885/2025-2026/181717-Purchase of vans and buses for educational institutions,Shri Sadanand Mhalu Shet Tanavade (2023-29) (2023-2029),,2025-03-15,2026-03-12,2860012.0,Work partially Completed,362,362,362,6.456368007190384,0.9230531009788399,-1,-0.007518288782272564,True
Rajya Sabha,Goa,Normal/Others,WS/MP885/2025-2026/181713-Purchase of vans and buses for educational institutions,Shri Sadanand Mhalu Shet Tanavade (2023-29) (2023-2029),,2025-03-15,2026-03-12,2860012.0,Work partially Completed,362,362,362,6.456368007190384,0.9230531009788399,-1,-0.007518288782272564,True
Lok Sabha,Karnataka,Normal/Others,WS/MP341/2025-2026/152196-Lighting of public spaces,Shri LS Tejasvi Surya,BANGALORE SOUTH,2024-11-12,2026-02-20,1999934.0,Physical Inspection,465,465,465,6.301015880863953,0.767700974652409,-1,-0.007414589360517532,True
Lok Sabha,Maharashtra,Normal/Others,WS/MP18376/2026-2027/197860-Construction of footpaths and pedestrian ways,ANIL YESHWANT DESAI,MUMBAI SOUTH CENTRAL,2025-05-13,2026-08-18,2000000.0,Physical Inspection,462,462,462,6.301030212811168,0.7677153065996238,-1,-0.007414589360517532,True
Lok Sabha,Maharashtra,Normal/Others,WS/MP18376/2026-2027/197865-Construction of footpaths and pedestrian ways,ANIL YESHWANT DESAI,MUMBAI SOUTH CENTRAL,2025-05-13,2026-08-18,2000000.0,Sanction,462,462,462,6.301030212811168,0.7677153065996238,-1,-0.007414589360517532,True
Lok Sabha,Maharashtra,Normal/Others,WS/MP18376/2026-2027/197861-Construction of footpaths and pedestrian ways,ANIL YESHWANT DESAI,MUMBAI SOUTH CENTRAL,2025-05-13,2026-08-18,2000000.0,Vendor Identification,462,462,462,6.301030212811168,0.7677153065996238,-1,-0.007414589360517532,True
Lok Sabha,Maharashtra,Normal/Others,WS/MP18376/2026-2027/197881-Construction of footpaths and pedestrian ways,ANIL YESHWANT DESAI,MUMBAI SOUTH CENTRAL,2025-05-13,2026-08-18,2000000.0,Sanction,462,462,462,6.301030212811168,0.7677153065996238,-1,-0.007414589360517532,True
Lok Sabha,Tamil Nadu,Normal/Others,WS/MP394/2026-2027/181597-Construction of buildings for crèches and anganwadies,Shri vijayakumar Vasanth,KANNIYAKUMARI,2025-03-13,2026-06-18,2000000.0,Physical Inspection,462,462,462,6.301030212811168,0.7677153065996238,-1,-0.007414589360517532,True
Lok Sabha,West Bengal,Normal/Others,WS/MP867/2025-2026/190573-Construction of rooms and halls in school and colleges,Sudip Bandyopadhyay,KOLKATA UTTAR,2025-04-12,2025-08-29,4455680.0,Vendor Identification,139,139,139,6.648914090402,1.1155991841904562,-1,-0.007392947579224596,True
Lok Sabha,Tamil Nadu,Normal/Others,WS/MP457/2024-2025/159001-Construction of public libraries and reading rooms,D Ravikumar,VILUPPURAM(SC),2024-12-16,2025-02-24,4986704.0,Physical Inspection,70,70,70,6.697813677289626,1.1644987710780823,-1,-0.007355334793018309,True
Lok Sabha,Punjab,Normal/Others,"WS/MP18155/2024-2025/165824-Construction of roads, link roads, pathways or any other road with or without drainage system",DR. RAJ KUMAR CHABBEWAL,HOSHIARPUR(SC),2025-01-17,2025-01-17,4583512.0,Physical Inspection,0,0,0,6.661198467456641,1.1278835612450973,-1,-0.0073471218804915805,True
Lok Sabha,Madhya Pradesh,Normal/Others,WS/MP18099/2025-2026/249889-Construction of additional rooms and halls in the existing public and community building,ALOK SHARMA,BHOPAL,2025-11-24,2026-02-11,5000000.0,Sanction,79,79,79,6.698970091194907,1.165655184983363,-1,-0.007338108208237881,True
Lok Sabha,Gujarat,Normal/Others,WS/MP585/2025-2026/239127-Purchase of hospital equipment,Hasmukh Bhai Soma Bhai Patel,AHMEDABAD EAST,2025-09-30,2025-12-18,5000000.0,Physical Inspection,79,79,79,6.698970091194907,1.165655184983363,-1,-0.007338108208237881,True
Lok Sabha,Haryana,Normal/Others,WS/MP18063/2025-2026/175040-Lighting of public spaces,MANOHAR LAL,KARNAL,2025-02-12,2025-04-28,4870972.0,Work partially Completed,75,75,75,6.687615722266594,1.1543008160550503,-1,-0.00732041566318864,True
Rajya Sabha,Madhya Pradesh,Normal/Others,WS/MP106/2024-2025/16217-Purchase of books for public libraries/ digitization of library books,Shri Vivek K. Tankha (2022-28) (2022-2028),,2023-09-04,2024-09-04,50000.0,Vendor Identification,366,366,366,4.698978690138799,-0.834336216072745,-1,-0.007286774091256554,True
Lok Sabha,Madhya Pradesh,Normal/Others,WS/MP640/2025-2026/165542-Construction of buildings for community cultural activities,Faggan Singh Kulaste,MANDLA(ST),2025-01-16,2026-01-19,50000.0,Vendor Identification,368,368,368,4.698978690138799,-0.834336216072745,-1,-0.007286774091256554,True
Lok Sabha,West Bengal,Normal/Others,"WS/MP18244/2025-2026/241941-Construction of roads, link roads, pathways or any other road with or without drainage system",MANOJ TIGGA,ALIPURDUARS(ST),2025-10-14,2026-01-20,4645179.0,Sanction,98,98,98,6.667002547499117,1.1336876412875734,-1,-0.007273791468297985,True
Lok Sabha,West Bengal,Normal/Others,WS/MP867/2025-2026/219448-Construction of community centers and community halls,Sudip Bandyopadhyay,KOLKATA UTTAR,2025-08-12,2025-08-21,5000000.0,Sanction,9,9,9,6.698970091194907,1.165655184983363,-1,-0.007265146527890343,True
Lok Sabha,West Bengal,Normal/Others,WS/MP858/2025-2026/249576-Lighting of public spaces,Asit Kumar Mal,BOLPUR(SC),2025-11-20,2025-12-01,4899510.0,Physical Inspection,11,11,11,6.690152737049088,1.156837830837544,-1,-0.007265146527890343,True
Lok Sabha,Madhya Pradesh,Normal/Others,WS/MP18099/2025-2026/264726-Construction of community centers and community halls,ALOK SHARMA,BHOPAL,2026-02-02,2026-02-11,5000000.0,Sanction,9,9,9,6.698970091194907,1.165655184983363,-1,-0.007265146527890343,True
Lok Sabha,Maharashtra,Normal/Others,WS/MP672/2024-2025/181699-Construction of community centers and community halls,Nitin Jairam Gadkari,NAGPUR,2025-03-13,2025-03-22,4996000.0,Sanction,9,9,9,6.698622516630528,1.1653076104189841,-1,-0.007265146527890343,True
Lok Sabha,West Bengal,Normal/Others,WS/MP479/2026-2027/229461-Construction of community centers and community halls,Saumitra khan,BISHNUPUR(SC),2025-08-26,2026-08-24,2800000.0,Sanction,363,363,363,6.447158186447363,0.9138432802358194,-1,-0.007218642569289613,True
Lok Sabha,Telangana,Normal/Others,WS/MP762/2025-2026/200885-Construction of community centers and community halls,Asaduddin Owaisi,HYDERABAD,2025-05-19,2025-07-11,5120000.0,Vendor Identification,53,53,53,6.709270045798964,1.17595513958742,-1,-0.007011488762987739,True
Rajya Sabha,Tamil Nadu,Normal/Others,"WS/MP165/2025-2026/193989-Construction of rooms and facilities for hospitals, FWC , PHC Centers and ANM centers",Shri P. Chidambaram (2022-28) (2022-2028),,2025-04-23,2025-06-18,5100000.0,Work partially Completed,56,56,56,6.707570261253709,1.174255355042165,-1,-0.007008111103614434,True
Rajya Sabha,Andhra Pradesh,Normal/Others,WS/MP18428/2025-2026/194496-Construction of culverts and bridges,Shri Masthan Rao Yadav Beedha (2024-28) (2024-2028),,2025-04-26,2025-06-20,4972404.0,Physical Inspection,55,55,55,6.696566494487292,1.163251588275748,-1,-0.006975663005446386,True
Rajya Sabha,Uttar Pradesh,Normal/Others,WS/MP186/2025-2026/82007-Lighting of public spaces,Shri Arun Singh (2020-26) (2020-2026),,2024-01-14,2025-06-28,132000.0,Vendor Identification,531,531,531,5.1205772213030984,-0.4127376849084454,-1,-0.00686765528364186,True
Rajya Sabha,Uttar Pradesh,Normal/Others,WS/MP186/2025-2026/82009-Lighting of public spaces,Shri Arun Singh (2020-26) (2020-2026),,2024-01-14,2025-06-28,132000.0,Vendor Identification,531,531,531,5.1205772213030984,-0.4127376849084454,-1,-0.00686765528364186,True
Rajya Sabha,Uttar Pradesh,Normal/Others,WS/MP186/2025-2026/82008-Lighting of public spaces,Shri Arun Singh (2020-26) (2020-2026),,2024-01-14,2025-06-28,132000.0,Vendor Identification,531,531,531,5.1205772213030984,-0.4127376849084454,-1,-0.00686765528364186,True
Lok Sabha,Maharashtra,Normal/Others,WS/MP664/2026-2027/146585-Development of playground,Arvind Ganpat Sawant,MUMBAI SOUTH,2024-10-09,2026-05-18,1500000.0,Vendor Identification,586,586,586,6.176091548585239,0.6427766423736951,-1,-0.0068251396090314165,True
Lok Sabha,Bihar,Normal/Others,WS/MP18043/2026-2027/281457-Purchase of books and periodicals for libraries/digitization of library books,MANOJ KUMAR,SASARAM(SC),2026-05-18,2026-07-09,5000000.0,Physical Inspection,52,52,52,6.698970091194907,1.165655184983363,-1,-0.006712071094429173,True
Rajya Sabha,Andhra Pradesh,Normal/Others,WS/MP840/2023-2024/87030-Construction of community centers and community halls,Shri V. Vijayendra Prasad (2022-28) (2022-2028),,2024-01-23,2024-03-15,5000000.0,Work Completed,52,52,52,6.698970091194907,1.165655184983363,-1,-0.006712071094429173,True
Lok Sabha,West Bengal,Normal/Others,"WS/MP858/2025-2026/181123-Construction of roads, link roads, pathways or any other road with or without drainage system",Asit Kumar Mal,BOLPUR(SC),2025-03-12,2025-05-05,5000000.0,Work Completed,54,54,54,6.698970091194907,1.165655184983363,-1,-0.006712071094429173,True
Rajya Sabha,Andhra Pradesh,Normal/Others,WS/MP840/2023-2024/87025-Construction of community centers and community halls,Shri V. Vijayendra Prasad (2022-28) (2022-2028),,2024-01-23,2024-03-15,5000000.0,Work Completed,52,52,52,6.698970091194907,1.165655184983363,-1,-0.006712071094429173,True
Lok Sabha,Tamil Nadu,Normal/Others,"WS/MP017/2026-2027/160027-Construction of Government office buildings (Post office, Police station, Police chauki, etc.)",S. Jagathrakshakan,ARAKKONAM,2024-12-19,2026-05-15,1650000.0,Physical Inspection,512,512,512,6.217484207422603,0.6841693012110595,-1,-0.00663764033527503,True
Lok Sabha,Telangana,Normal/Others,WS/MP18190/2025-2026/161510-Installing tube-wells and borewells,BALRAM NAIK PORIKA,MAHABUBABAD,2024-12-25,2025-11-25,40000.0,Physical Inspection,335,335,335,4.602070848554296,-0.9312440576572483,-1,-0.006509539270531439,True
Lok Sabha,Bihar,Normal/Others,WS/MP317/2024-2025/145098-Purchase Books for Library,Smt Veena Devi,VAISHALI,2024-10-02,2024-10-15,5000000.0,Physical Inspection,13,13,13,6.698970091194907,1.165655184983363,-1,-0.006366955523140261,True
Rajya Sabha,Punjab,Normal/Others,WS/MP235/2025-2026/267414-Construction of rooms and halls in school and colleges,Dr. Sandeep Kumar Pathak (2022-28) (2022-2028),,2026-02-10,2026-02-23,5000000.0,Work partially Completed,13,13,13,6.698970091194907,1.165655184983363,-1,-0.006366955523140261,True
Rajya Sabha,Punjab,Normal/Others,WS/MP843/2025-2026/271529-Crematoriums/energy efficient crematoriums or structures on burial/cremation ground,Dr. Ashok Kumar Mittal (2022-28) (2022-2028),,2026-02-28,2026-03-13,4957030.0,Sanction,13,13,13,6.695221634879902,1.1619067286683578,-1,-0.006366955523140261,True
Rajya Sabha,Sikkim,Normal/Others,WS/MP18282/2025-2026/192734-Construction of rooms and halls in school and colleges,Shri Dorjee Tshering Lepcha (2024-30) (2024-2030),,2025-05-07,2025-11-12,4000000.0,Physical Inspection,189,189,189,6.6020600999015695,1.0687451936900256,-1,-0.006317755903692768,True
Rajya Sabha,Karnataka,Normal/Others,"WS/MP084/2025-2026/190021-Construction of roads, link roads, pathways or any other road with or without drainage system",Shri Jaggesh (2022-28) (2022-2028),,2025-04-08,2025-10-17,4000000.0,Physical Inspection,192,192,192,6.6020600999015695,1.0687451936900256,-1,-0.006317755903692768,True
Lok Sabha,Tripura,Normal/Others,WS/MP18196/2025-2026/157009-Construction of boundary walls of existing public and community buildings,KRITI DEVI DEBBARMAN,TRIPURA EAST(ST),2024-12-05,2025-06-12,4000000.0,Vendor Identification,189,189,189,6.6020600999015695,1.0687451936900256,-1,-0.006317755903692768,True
Lok Sabha,Uttarakhand,Normal/Others,WS/MP021/2025-2026/200591-Lighting of public spaces,Ajay Bhatt,NAINITAL UDHAM SINGH NAG.,2025-05-20,2025-09-11,13664.0,Sanction,114,114,114,4.135609636028679,-1.3977052701828647,-1,-0.006178146844709853,True
Lok Sabha,Tamil Nadu,Normal/Others,WS/MP18180/2025-2026/162520-Construction of rooms and halls in school and colleges,ARUN NEHRU,PERAMBALUR,2024-12-30,2025-05-15,4350000.0,Work Completed,136,136,136,6.638489356792438,1.1051744505808943,-1,-0.006110491890069958,True
Lok Sabha,Madhya Pradesh,Normal/Others,WS/MP642/2026-2027/200944-Improvement of electricity distribution infrastructure,Ganesh Singh,SATNA,2025-06-09,2026-07-31,69000.0,Sanction,417,417,417,4.838855384814572,-0.694459521396972,-1,-0.005997762066866863,True
Lok Sabha,Andhra Pradesh,Normal/Others,WS/MP18016/2025-2026/251884-Providing supply pipelines for drinking water,Sivanath Kesineni,VIJAYAWADA,2025-12-02,2025-12-27,5488000.0,Vendor Identification,25,25,25,6.73941418183398,1.206099275622436,-1,-0.005985203344263446,True
Rajya Sabha,Punjab,Normal/Others,"WS/MP141/2024-2025/92593-Purchase of ambulances (Four, three and two wheelers)",Shri Harbhajan Singh (2022-28) (2022-2028),,2024-01-31,2024-10-22,3636710.0,Physical Inspection,265,265,265,6.560708790168773,1.0273938839572292,-1,-0.005937563544862745,True
Lok Sabha,West Bengal,Normal/Others,WS/MP243/2025-2026/147542-Lighting of public spaces,Kakoli Ghosh Dastidar,BARASAT,2024-10-15,2025-09-23,3000000.0,Work Completed,343,343,343,6.477121399484465,0.9438064932729215,-1,-0.00592362396789381,True
Lok Sabha,West Bengal,Normal/Others,WS/MP18254/2025-2026/208640-Construction of culverts and bridges,JUNE MALIAH,MEDINIPUR,2025-06-13,2025-12-05,4147646.0,Work partially Completed,175,175,175,6.617801787139436,1.0844868809278925,-1,-0.005916112644578919,True
Rajya Sabha,Uttar Pradesh,Normal/Others,WS/MP192/2025-2026/185628-Construction of rooms and halls in school and colleges,Shri Surendra Singh Nagar (2022-28) (2022-2028),,2025-03-23,2025-05-22,5000000.0,Work partially Completed,60,60,60,6.698970091194907,1.165655184983363,-1,-0.005855604453822161,True
Lok Sabha,West Bengal,Repair and Renovation,WS/MP18271/2025-2026/196965-Construction of community centers and community halls,JAGADISH CHANDRA BARMA BASUNIA,COOCHBEHAR(SC),2025-05-05,2025-10-09,4898435.0,Physical Inspection,157,157,157,6.69005743819313,1.0593288128010352,-1,-0.0055566553937974605,True
Rajya Sabha,Himachal Pradesh,Normal/Others,WS/MP078/2026-2027/287417-Street lights,Dr. Sikander Kumar (2022-28) (2022-2028),,2026-06-19,2026-08-12,14700.0,Sanction,54,54,54,4.1673468775856355,-1.3659680286259084,-1,-0.005527267769011246,True
Lok Sabha,Madhya Pradesh,Normal/Others,WS/MP18104/2026-2027/152597-Installation of multi-gym equipment,DARSHAN SINGH CHOUDHARY,HOSHANGABAD,2024-12-19,2026-04-16,100000.0,Vendor Identification,483,483,483,5.000004342923105,-0.5333105632884392,-1,-0.005442912831763347,True
Lok Sabha,Uttarakhand,Normal/Others,"WS/MP021/2026-2027/177208-Purchase of IT systems, including hardware and software for educational purposes",Ajay Bhatt,NAINITAL UDHAM SINGH NAG.,2025-02-24,2026-06-22,100000.0,Sanction,483,483,483,5.000004342923105,-0.5333105632884392,-1,-0.005442912831763347,True
Lok Sabha,Madhya Pradesh,Normal/Others,WS/MP18100/2026-2027/166959-Construction of buildings for community cultural activities,BUNTY VIVEK SAHU,CHHINDWARA,2025-01-20,2026-05-20,100000.0,Vendor Identification,485,485,485,5.000004342923105,-0.5333105632884392,-1,-0.005442912831763347,True
Lok Sabha,Kerala,Normal/Others,"WS/MP18264/2025-2026/206995-Purchase of IT systems, including hardware and software for educational purposes",ADV K FRANCIS GEORGE,KOTTAYAM,2025-06-06,2026-03-13,20000.0,Sanction,280,280,280,4.301051709845226,-1.2322631963663175,-1,-0.005422008047802462,True
Lok Sabha,Tripura,Normal/Others,WS/MP18197/2026-2027/247599-Construction of boundary walls of existing public and community buildings,BIPLAB KUMAR DEB,TRIPURA WEST,2025-11-11,2026-07-15,3647600.0,Sanction,246,246,246,6.562007326099522,1.028692419887978,-1,-0.005245403646082836,True
Lok Sabha,Tamil Nadu,Normal/Others,WS/MP18176/2026-2027/239374-Construction of water tanks,SACHITHANANTHAM R,DINDIGUL,2025-10-01,2026-07-08,3500000.0,Work partially Completed,280,280,280,6.5440681684343955,1.0107532622228517,-1,-0.005148793378815353,True
Rajya Sabha,Maharashtra,Normal/Others,"WS/MP18290/2026-2027/287878-Construction of roads, link roads, pathways or any other road with or without drainage system",Shri Chandrakant Damodar Handore (2024-30) (2024-2030),,2026-06-22,2026-08-11,5030000.0,Sanction,50,50,50,6.70156807139677,1.1682531651852264,-1,-0.005128529620070821,True
Lok Sabha,Madhya Pradesh,Normal/Others,WS/MP642/2026-2027/199914-Improvement of electricity distribution infrastructure,Ganesh Singh,SATNA,2025-06-09,2026-05-13,45000.0,Vendor Identification,338,338,338,4.653222164656599,-0.8800927415549449,-1,-0.004997170309394283,True
Lok Sabha,Manipur,Normal/Others,WS/MP18370/2025-2026/198721-Construction of buildings for community cultural activities,ALFRED KANNGAM S ARTHUR,OUTER MANIPUR(ST),2025-05-12,2025-07-09,5000000.0,Vendor Identification,58,58,58,6.698970091194907,1.165655184983363,-1,-0.004959319512920168,True
Lok Sabha,Bihar,Normal/Others,WS/MP417/2025-2026/227989-Purchase of books and periodicals for libraries/digitization of library books,Kaushalendra Kumar,NALANDA,2025-08-26,2025-11-19,4799355.0,Physical Inspection,85,85,85,6.681182965623448,1.1478680594119037,-1,-0.004947255328774269,True
Lok Sabha,Uttar Pradesh,Normal/Others,WS/MP792/2024-2025/140292-Lighting of public spaces,Jai Prakash,HARDOI (SC),2024-09-11,2025-03-06,4022832.0,Vendor Identification,176,176,176,6.60453200406421,1.0712170978526663,-1,-0.004467096669334536,True
Lok Sabha,Tamil Nadu,Normal/Others,WS/MP18183/2025-2026/192872-Construction of community centers and community halls,MURASOLI S,THANJAVUR,2025-04-21,2025-05-12,5600000.0,Work partially Completed,21,21,21,6.748188104558779,1.2148731983472354,-1,-0.004283925704123059,True
Lok Sabha,Tamil Nadu,Normal/Others,WS/MP751/2026-2027/210012-Construction of common work sheds/ common covered sitting area,S Venkatesan,MADURAI,2025-06-18,2026-07-08,2600000.0,Physical Inspection,385,385,385,6.414973515007125,0.8816586087955809,-1,-0.004132717428883437,True
Lok Sabha,Tamil Nadu,Normal/Others,WS/MP18179/2026-2027/168572-Crematoriums/energy efficient crematoriums or structures on burial/cremation ground,SUDHA R,MAYILADUTHURAI,2025-01-24,2026-06-19,1600000.0,Vendor Identification,511,511,511,6.204120254089891,0.6708053478783471,-1,-0.0041244283028645246,True
Lok Sabha,Telangana,Normal/Others,WS/MP18190/2025-2026/162249-Installing tube-wells and borewells,BALRAM NAIK PORIKA,MAHABUBABAD,2025-01-02,2025-11-25,40000.0,Physical Inspection,327,327,327,4.602070848554296,-0.9312440576572483,-1,-0.004119783191006476,True
Rajya Sabha,Punjab,Normal/Others,WS/MP844/2026-2027/288906-Setting up of laboratories,Dr. Vikramjit Singh Sahney (2022-28) (2022-2028),,2026-06-24,2026-07-09,5148500.0,Sanction,15,15,15,6.711680801431392,1.178365895219848,-1,-0.004079604050691299,True
Lok Sabha,West Bengal,Normal/Others,WS/MP18272/2025-2026/222316-Construction of boundary walls of existing public and community buildings,KALIPADA SAREN,JHARGRAM(ST),2025-07-26,2025-11-10,4398620.0,Physical Inspection,107,107,107,6.643316543313626,1.1100016371020818,-1,-0.004048667175681309,True
Lok Sabha,Madhya Pradesh,Normal/Others,WS/MP18104/2026-2027/161491-Installation of multi-gym equipment,DARSHAN SINGH CHOUDHARY,HOSHANGABAD,2024-12-25,2026-04-16,100000.0,Vendor Identification,477,477,477,5.000004342923105,-0.5333105632884392,-1,-0.003950707725534075,True
Lok Sabha,Kerala,Normal/Others,WS/MP353/2026-2027/196111-Construction of culverts and bridges,Adv Dean Kuriakose,IDUKKI,2025-05-02,2026-08-24,1636000.0,Sanction,479,479,479,6.2137835647963975,0.6804686585848536,-1,-0.003949251644225882,True
Lok Sabha,West Bengal,Normal/Others,"WS/MP859/2025-2026/222638-Purchase of ambulances (Four, three and two wheelers)",Kalyan Banerjee,SREERAMPUR,2025-07-26,2026-02-19,3750000.0,Physical Inspection,208,208,208,6.574031383539565,1.0407164773280213,-1,-0.0039358103471449635,True
Lok Sabha,Tamil Nadu,Normal/Others,WS/MP18184/2026-2027/211713-Construction of community centers and community halls,THANGA TAMILSELVAN,THENI,2025-06-27,2026-06-15,2800000.0,Physical Inspection,353,353,353,6.447158186447363,0.9138432802358194,-1,-0.0039314392297457035,True
Lok Sabha,Karnataka,Trust and Society,WS/MP18076/2026-2027/146587-Construction of community centers and community halls,DR C N MANJUNATH,BANGALORE RURAL,2024-10-09,2026-08-19,500000.0,Sanction,679,679,679,5.698970872924114,-0.22925232834103948,-1,-0.003896225934708397,True
Lok Sabha,Tamil Nadu,Normal/Others,"WS/MP017/2026-2027/188574-Construction of Government office buildings (Post office, Police station, Police chauki, etc.)",S. Jagathrakshakan,ARAKKONAM,2025-04-01,2026-06-20,1900000.0,Physical Inspection,445,445,445,6.278753829528812,0.745438923317268,-1,-0.003881555992903296,True
Lok Sabha,Odisha,Normal/Others,"WS/MP18145/2026-2027/268662-Purchase of prosthetics, wheel chairs, tricycles (manual or motorized), elect scooties, hearing aids",BAIJAYANT PANDA,KENDRAPARA,2026-02-16,2026-08-10,4020000.0,Sanction,175,175,175,6.60422616111791,1.070911254906366,-1,-0.003870690655839004,True
Rajya Sabha,Punjab,Normal/Others,"WS/MP844/2023-2024/6219-Construction of flood control embankments/ protection walls along riverbanks, hilltops, roadsides",Dr. Vikramjit Singh Sahney (2022-28) (2022-2028),,2023-07-25,2024-02-09,3756863.0,Physical Inspection,199,199,199,6.574825473711615,1.0415105675000715,-1,-0.0038312148707058125,True
Lok Sabha,Madhya Pradesh,Normal/Others,WS/MP642/2026-2027/199913-Improvement of electricity distribution infrastructure,Ganesh Singh,SATNA,2025-06-09,2026-05-13,48000.0,Vendor Identification,338,338,338,4.681250285083047,-0.8520646211284966,-1,-0.0037421325560892393,True
Lok Sabha,Tamil Nadu,Normal/Others,WS/MP18180/2025-2026/143525-Construction of rooms and halls in school and colleges,ARUN NEHRU,PERAMBALUR,2024-09-25,2025-06-26,3460000.0,Work partially Completed,274,274,274,6.539076224311395,1.005761318099851,-1,-0.0036572508491443667,True
Lok Sabha,Karnataka,Normal/Others,"WS/MP337/2026-2027/162377-Purchase of prosthetics, wheel chairs, tricycles (manual or motorized), elect scooties, hearing aids",Shri B Y Raghavendra,SHIMOGA,2024-12-30,2026-04-18,100000.0,Vendor Identification,474,474,474,5.000004342923105,-0.5333105632884392,-1,-0.0036526703340354905,True
Lok Sabha,Karnataka,Normal/Others,"WS/MP337/2026-2027/162468-Purchase of prosthetics, wheel chairs, tricycles (manual or motorized), elect scooties, hearing aids",Shri B Y Raghavendra,SHIMOGA,2024-12-30,2026-04-18,100000.0,Work partially Completed,474,474,474,5.000004342923105,-0.5333105632884392,-1,-0.0036526703340354905,True
Lok Sabha,Karnataka,Normal/Others,"WS/MP337/2026-2027/162469-Purchase of prosthetics, wheel chairs, tricycles (manual or motorized), elect scooties, hearing aids",Shri B Y Raghavendra,SHIMOGA,2024-12-30,2026-04-18,100000.0,Vendor Identification,474,474,474,5.000004342923105,-0.5333105632884392,-1,-0.0036526703340354905,True
Lok Sabha,Karnataka,Normal/Others,"WS/MP337/2026-2027/162380-Purchase of prosthetics, wheel chairs, tricycles (manual or motorized), elect scooties, hearing aids",Shri B Y Raghavendra,SHIMOGA,2024-12-30,2026-04-18,100000.0,Vendor Identification,474,474,474,5.000004342923105,-0.5333105632884392,-1,-0.0036526703340354905,True
Lok Sabha,Karnataka,Normal/Others,"WS/MP337/2026-2027/162381-Purchase of prosthetics, wheel chairs, tricycles (manual or motorized), elect scooties, hearing aids",Shri B Y Raghavendra,SHIMOGA,2024-12-30,2026-04-18,100000.0,Vendor Identification,474,474,474,5.000004342923105,-0.5333105632884392,-1,-0.0036526703340354905,True
Lok Sabha,Karnataka,Normal/Others,"WS/MP337/2026-2027/162382-Purchase of prosthetics, wheel chairs, tricycles (manual or motorized), elect scooties, hearing aids",Shri B Y Raghavendra,SHIMOGA,2024-12-30,2026-04-18,100000.0,Vendor Identification,474,474,474,5.000004342923105,-0.5333105632884392,-1,-0.0036526703340354905,True
Lok Sabha,Karnataka,Normal/Others,"WS/MP337/2026-2027/162383-Purchase of prosthetics, wheel chairs, tricycles (manual or motorized), elect scooties, hearing aids",Shri B Y Raghavendra,SHIMOGA,2024-12-30,2026-04-18,100000.0,Vendor Identification,474,474,474,5.000004342923105,-0.5333105632884392,-1,-0.0036526703340354905,True
Lok Sabha,Uttarakhand,Normal/Others,WS/MP18414/2026-2027/285342-Purchase of hospital equipment,ANIL BALUNI,GARHWAL,2026-06-13,2026-07-29,5000000.0,Sanction,46,46,46,6.698970091194907,1.165655184983363,-1,-0.0036306999026542996,True
Rajya Sabha,Bihar,Trust and Society,WS/MP18300/2026-2027/148907-Construction of community centers and community halls,Dr. Bhim Singh (2024-30) (2024-2030),,2024-10-21,2026-04-13,1499900.0,Sanction,539,539,539,6.17606259467394,0.24783939340878636,-1,-0.0035868708735588006,True
Lok Sabha,West Bengal,Normal/Others,"WS/MP859/2024-2025/152782-Construction of roads, link roads, pathways or any other road with or without drainage system",Kalyan Banerjee,SREERAMPUR,2024-11-16,2025-02-12,4688851.0,Physical Inspection,88,88,88,6.671066524784549,1.137751618573005,-1,-0.0035525366936619562,True
Lok Sabha,Tamil Nadu,Normal/Others,WS/MP457/2025-2026/251841-Construction of stadiums,D Ravikumar,VILUPPURAM(SC),2025-12-02,2025-12-16,5000000.0,Sanction,14,14,14,6.698970091194907,1.165655184983363,-1,-0.0035453312497565337,True
Rajya Sabha,Tamil Nadu,Normal/Others,"WS/MP165/2023-2024/95782-Construction of rooms and facilities for hospitals, FWC , PHC Centers and ANM centers",Shri P. Chidambaram (2022-28) (2022-2028),,2024-02-03,2024-02-17,4969485.0,Physical Inspection,14,14,14,6.696311471448093,1.1629965652365488,-1,-0.0035453312497565337,True
Lok Sabha,Madhya Pradesh,Normal/Others,WS/MP18099/2025-2026/255493-Construction of community centers and community halls,ALOK SHARMA,BHOPAL,2025-12-25,2026-02-11,5000000.0,Sanction,48,48,48,6.698970091194907,1.165655184983363,-1,-0.003463947564874892,True
Lok Sabha,West Bengal,Normal/Others,WS/MP827/2025-2026/209066-Street lights,Shatrughan Sinha,ASANSOL,2025-06-15,2025-07-15,5390000.0,Physical Inspection,30,30,30,6.731588845760847,1.1982739395493027,-1,-0.003414811944092877,True
Rajya Sabha,Andhra Pradesh,Normal/Others,WS/MP840/2024-2025/168247-Construction of rooms and halls in school and colleges,Shri V. Vijayendra Prasad (2022-28) (2022-2028),,2025-01-23,2025-03-11,5000000.0,Work partially Completed,47,47,47,6.698970091194907,1.165655184983363,-1,-0.0033430521331709873,True
Lok Sabha,Madhya Pradesh,Normal/Others,WS/MP18099/2025-2026/255585-Crematoriums/energy efficient crematoriums or structures on burial/cremation ground,ALOK SHARMA,BHOPAL,2025-12-26,2026-02-11,5000000.0,Sanction,47,47,47,6.698970091194907,1.165655184983363,-1,-0.0033430521331709873,True
Lok Sabha,Andhra Pradesh,Normal/Others,WS/MP18010/2026-2027/279579-Construction of night shelters for homeless,TANGELLA UDAY SRINIVAS,KAKINADA,2026-05-04,2026-06-17,5000000.0,Sanction,44,44,44,6.698970091194907,1.165655184983363,-1,-0.0033328068205498163,True
Rajya Sabha,Uttar Pradesh,Normal/Others,WS/MP887/2025-2026/228743-Construction of boundary walls of existing public and community buildings,Dr. Dinesh Sharma (2023-26) (2023-2026),,2025-08-24,2025-10-08,5000000.0,Sanction,45,45,45,6.698970091194907,1.165655184983363,-1,-0.0033328068205498163,True
Rajya Sabha,Punjab,Normal/Others,"WS/MP141/2023-2024/82792-Construction of rooms and facilities for hospitals, FWC , PHC Centers and ANM centers",Shri Harbhajan Singh (2022-28) (2022-2028),,2024-01-16,2024-02-28,5000000.0,Vendor Identification,43,43,43,6.698970091194907,1.165655184983363,-1,-0.0033328068205498163,True
Lok Sabha,West Bengal,Normal/Others,"WS/MP18248/2026-2027/206827-Purchase of IT systems, including hardware and software for educational purposes",DR. SHARMILA SARKAR,BARDHAMAN PURBA(SC),2025-07-03,2026-08-13,69000.0,Time Estimation,406,406,406,4.838855384814572,-0.694459521396972,-1,-0.0033119657077270714,True
Lok Sabha,West Bengal,Normal/Others,WS/MP18254/2025-2026/208722-Construction of community centers and community halls,JUNE MALIAH,MEDINIPUR,2025-06-13,2025-12-05,4000000.0,Sanction,175,175,175,6.6020600999015695,1.0687451936900256,-1,-0.003274822426597934,True
Lok Sabha,West Bengal,Normal/Others,WS/MP858/2024-2025/176639-Lighting of public spaces,Asit Kumar Mal,BOLPUR(SC),2025-02-19,2025-03-13,5578935.0,Physical Inspection,22,22,22,6.746551379333605,1.2132364731220608,-1,-0.003262539949906218,True
Rajya Sabha,Punjab,Normal/Others,"WS/MP844/2023-2024/74812-Construction of roads, link roads, pathways or any other road with or without drainage system",Dr. Vikramjit Singh Sahney (2022-28) (2022-2028),,2024-01-04,2024-01-19,5000000.0,Work partially Completed,15,15,15,6.698970091194907,1.165655184983363,-1,-0.0031857207196631654,True
Lok Sabha,Andhra Pradesh,Normal/Others,WS/MP18005/2025-2026/261732-Development of playfields and sports grounds,Krishna Prasad Tenneti,BAPATLA,2026-01-26,2026-02-10,5000000.0,Sanction,15,15,15,6.698970091194907,1.165655184983363,-1,-0.0031857207196631654,True
Rajya Sabha,Gujarat,Normal/Others,WS/MP18288/2025-2026/174593-Purchase of other aids / devices required for P/ M/ V/ H impaired for differently abled persons,Dr. Parmar Jashvantsinh Salamsinh (2024-30) (2024-2030),,2025-02-09,2025-07-18,4230000.0,Physical Inspection,159,159,159,6.62634047004512,1.0930255638335762,-1,-0.00317033156166846,True
Rajya Sabha,Andhra Pradesh,Normal/Others,WS/MP18427/2025-2026/238943-Construction of community centers and community halls,Shri Ryaga Krishnaiah (2024-28) (2024-2028),,2025-09-29,2025-10-27,5250000.0,Sanction,28,28,28,6.7201593861287074,1.1868444799171636,-1,-0.002959620877971303,True
Rajya Sabha,Uttar Pradesh,Normal/Others,WS/MP196/2025-2026/227628-Construction of stadiums,Shri Brij Lal (2020-26) (2020-2026),,2025-08-19,2025-12-23,4545000.0,Vendor Identification,126,126,126,6.657533983112317,1.124219076900773,-1,-0.0027733577367917706,True
Rajya Sabha,Himachal Pradesh,Normal/Others,"WS/MP078/2024-2025/52971-Construction of roads, link roads, pathways or any other road with or without drainage system",Dr. Sikander Kumar (2022-28) (2022-2028),,2023-11-25,2025-03-05,100000.0,Vendor Identification,466,466,466,5.000004342923105,-0.5333105632884392,-1,-0.0027593643273298163,True
Lok Sabha,Tamil Nadu,Normal/Others,WS/MP459/2025-2026/149090-Purchase of books and periodicals for libraries/digitization of library books,T Sumathy (A) Thamizhachi Thangapandian,CHENNAI SOUTH,2024-10-23,2026-02-19,1600000.0,Work partially Completed,484,484,484,6.204120254089891,0.6708053478783471,-1,-0.0026351934079985595,True
Lok Sabha,Madhya Pradesh,Normal/Others,WS/MP642/2026-2027/199904-Improvement of electricity distribution infrastructure,Ganesh Singh,SATNA,2025-06-09,2026-05-13,50000.0,Vendor Identification,338,338,338,4.698978690138799,-0.834336216072745,-1,-0.002551165136221445,True
Rajya Sabha,Tamil Nadu,Normal/Others,WS/MP165/2025-2026/213229-Construction of rooms and halls in school and colleges,Shri P. Chidambaram (2022-28) (2022-2028),,2025-06-30,2025-07-31,5350000.0,Work partially Completed,31,31,31,6.72835386319776,1.1950389569862159,-1,-0.002460139516011428,True
Rajya Sabha,Punjab,Normal/Others,WS/MP235/2024-2025/144004-Street lights,Dr. Sandeep Kumar Pathak (2022-28) (2022-2028),,2024-09-27,2024-11-08,5007321.0,Physical Inspection,42,42,42,6.699605519964262,1.166290613752718,-1,-0.002439933351680801,True
Rajya Sabha,Andhra Pradesh,Normal/Others,WS/MP18428/2026-2027/277360-Construction of buildings for community cultural activities,Shri Masthan Rao Yadav Beedha (2024-28) (2024-2028),,2026-04-04,2026-05-16,5000000.0,Sanction,42,42,42,6.698970091194907,1.165655184983363,-1,-0.002439933351680801,True
Rajya Sabha,Uttarakhand,Normal/Others,"WS/MP204/2025-2026/242795-Construction of roads, link roads, pathways or any other road with or without drainage system",Dr. Kalpana Saini (2022-28) (2022-2028),,2025-10-27,2026-02-17,4500000.0,Sanction,113,113,113,6.653212610285218,1.119897704073674,-1,-0.002408277897064215,True
Lok Sabha,West Bengal,Normal/Others,WS/MP18246/2025-2026/210262-Street lights,PATHAN YUSUF,BAHARAMPUR,2025-06-18,2026-03-13,3500000.0,Sanction,268,268,268,6.5440681684343955,1.0107532622228517,-1,-0.0021060242942593232,True
Rajya Sabha,Uttar Pradesh,Normal/Others,WS/MP18302/2026-2027/277424-Street lights,Shri Sanjay Seth (2024-30) (2024-2030),,2026-04-07,2026-06-19,4762834.0,Physical Inspection,73,73,73,6.677865536407508,1.1445506301959645,-1,-0.002067682878286403,True
Lok Sabha,West Bengal,Normal/Others,WS/MP827/2025-2026/189523-Lighting of public spaces,Shatrughan Sinha,ASANSOL,2025-04-07,2025-05-28,4820000.0,Vendor Identification,51,51,51,6.68304712834143,1.1497322221298862,-1,-0.002023012828763049,True
Lok Sabha,Maharashtra,Normal/Others,"WS/MP18124/2025-2026/161223-Construction of roads, link roads, pathways or any other road with or without drainage system",GAIKWAD VARSHA EKNATH,MUMBAI NORTH-CENTRAL,2025-01-17,2026-02-16,2500000.0,Vendor Identification,395,395,395,6.397940182389796,0.864625276178252,-1,-0.001849738489426822,True
Lok Sabha,Meghalaya,Normal/Others,WS/MP18309/2025-2026/229128-Construction of shelters for animals,SALENG A SANGMA,TURA,2025-08-26,2025-09-11,5000000.0,Work partially Completed,16,16,16,6.698970091194907,1.165655184983363,-1,-0.0017426733354209967,True
Rajya Sabha,Maharashtra,Normal/Others,"WS/MP113/2025-2026/225178-Construction of roads, link roads, pathways or any other road with or without drainage system",Shri Imran Pratapgarhi (2022-28) (2022-2028),,2025-08-05,2025-08-21,4999656.0,Work Completed,16,16,16,6.698940210712627,1.1656253045010834,-1,-0.0017426733354209967,True
Lok Sabha,Madhya Pradesh,Normal/Others,WS/MP18104/2025-2026/153168-Construction of common work sheds/ common covered sitting area,DARSHAN SINGH CHOUDHARY,HOSHANGABAD,2024-12-19,2025-11-28,50000.0,Vendor Identification,344,344,344,4.698978690138799,-0.834336216072745,-1,-0.0016593486481861763,True
Rajya Sabha,Madhya Pradesh,Normal/Others,WS/MP18284/2025-2026/163966-Construction of community centers and community halls,Shri Ashok Singh (2024-30) (2024-2030),,2025-01-07,2026-02-03,2500000.0,Vendor Identification,392,392,392,6.397940182389796,0.864625276178252,-1,-0.0015526485422585612,True
Rajya Sabha,Maharashtra,Normal/Others,"WS/MP116/2025-2026/174199-Construction of roads, link roads, pathways or any other road with or without drainage system",Shri Sanjay Raut (2022-28) (2022-2028),,2025-02-07,2026-03-04,2500000.0,Work partially Completed,390,390,390,6.397940182389796,0.864625276178252,-1,-0.0015526485422585612,True
Rajya Sabha,Maharashtra,Normal/Others,"WS/MP116/2025-2026/174216-Construction of roads, link roads, pathways or any other road with or without drainage system",Shri Sanjay Raut (2022-28) (2022-2028),,2025-02-07,2026-03-04,2500000.0,Work partially Completed,390,390,390,6.397940182389796,0.864625276178252,-1,-0.0015526485422585612,True
Lok Sabha,Uttar Pradesh,Normal/Others,WS/MP812/2026-2027/148927-Construction of buildings for community cultural activities,Vijay Kumar Dubey,KUSHI NAGAR,2024-10-21,2026-05-26,1350000.0,Work partially Completed,582,582,582,6.130334090194503,0.5970191839829591,-1,-0.0014720157144807455,True
Rajya Sabha,Uttar Pradesh,Normal/Others,WS/MP181/2026-2027/254224-Development of playfields and sports grounds,Dr. Laxmikant Bajpayee (2022-28) (2022-2028),,2025-12-15,2026-06-18,3867391.0,Sanction,185,185,185,6.587418194521644,1.0541032883100998,-1,-0.0013469638648125892,True
Lok Sabha,West Bengal,Normal/Others,WS/MP858/2025-2026/250806-Construction of rooms and halls in school and colleges,Asit Kumar Mal,BOLPUR(SC),2025-11-26,2026-01-29,4704000.0,Sanction,64,64,64,6.672467405392579,1.1391524991810353,-1,-0.0011855086555232486,True
Lok Sabha,Assam,Repair and Renovation,WS/MP541/2026-2027/141491-Construction of public libraries and reading rooms,Pradyut Bordoloi,NOWGONG,2024-12-02,2026-08-05,200000.0,Sanction,611,611,611,5.301032167130962,-0.32969645826113325,-1,-0.0011569938522169032,True
Rajya Sabha,Uttar Pradesh,Normal/Others,"WS/MP183/2023-2024/63376-Construction of roads, link roads, pathways or any other road with or without drainage system",Prof. Ram Gopal Yadav (2020-26) (2020-2026),,2023-12-16,2024-01-02,4998990.0,Physical Inspection,17,17,17,6.698882354865441,1.1655674486538974,-1,-0.0011487239570673324,True
Lok Sabha,Bihar,Normal/Others,WS/MP317/2024-2025/155040-Purchase of furniture and fixtures for educational purposes,Smt Veena Devi,VAISHALI,2024-11-26,2024-12-13,4961000.0,Physical Inspection,17,17,17,6.695569314577899,1.1622544083663549,-1,-0.0011487239570673324,True
Rajya Sabha,Uttar Pradesh,Normal/Others,"WS/MP183/2023-2024/63373-Construction of roads, link roads, pathways or any other road with or without drainage system",Prof. Ram Gopal Yadav (2020-26) (2020-2026),,2023-12-16,2024-01-02,4958668.0,Physical Inspection,17,17,17,6.69536511932736,1.1620502131158164,-1,-0.0011487239570673324,True
Rajya Sabha,Uttar Pradesh,Normal/Others,"WS/MP183/2023-2024/63426-Construction of roads, link roads, pathways or any other road with or without drainage system",Prof. Ram Gopal Yadav (2020-26) (2020-2026),,2023-12-16,2024-01-02,4961053.0,Physical Inspection,17,17,17,6.695573954263436,1.162259048051892,-1,-0.0011487239570673324,True
Rajya Sabha,Nagaland,Normal/Others,WS/MP233/2023-2024/56811-Construction of rooms and halls in school and colleges,Smt. S. Phangnon Konyak (2022-28) (2022-2028),,2023-12-05,2023-12-22,5000000.0,Physical Inspection,17,17,17,6.698970091194907,1.165655184983363,-1,-0.0011487239570673324,True
Rajya Sabha,Punjab,Normal/Others,WS/MP234/2025-2026/231139-Purchase of mobile sanitation equipment,Shri Raghav Chadha (2022-28) (2022-2028),,2025-09-03,2025-09-20,4954000.0,Physical Inspection,17,17,17,6.694956089915228,1.1616411837036837,-1,-0.0011487239570673324,True
Lok Sabha,Maharashtra,Normal/Others,WS/MP18307/2025-2026/143600-Tree plantation for community,Piyush Vedprakash Goyal,MUMBAI NORTH,2024-09-25,2026-03-25,1500000.0,Work partially Completed,546,546,546,6.176091548585239,0.6427766423736951,-1,-0.0010637568393656593,True
Lok Sabha,Maharashtra,Normal/Others,WS/MP18307/2025-2026/143612-Tree plantation for community,Piyush Vedprakash Goyal,MUMBAI NORTH,2024-09-25,2026-03-25,1500000.0,Work partially Completed,546,546,546,6.176091548585239,0.6427766423736951,-1,-0.0010637568393656593,True
Lok Sabha,Maharashtra,Normal/Others,"WS/MP18117/2026-2027/164374-Construction of roads, link roads, pathways or any other road with or without drainage system",BACHHAV SHOBHA DINESH,DHULE,2025-01-13,2026-07-16,1499422.0,Sanction,549,549,549,6.175924168305794,0.6426092620942505,-1,-0.0010637568393656593,True
Rajya Sabha,Nagaland,Normal/Others,"WS/MP233/2025-2026/239054- Providing sports equipment, except consumable items",Smt. S. Phangnon Konyak (2022-28) (2022-2028),,2025-09-29,2025-10-21,5304000.0,Physical Inspection,22,22,22,6.724603597277268,1.1912886910657239,-1,-0.001054467298968964,True
Lok Sabha,West Bengal,Normal/Others,"WS/MP18247/2025-2026/163356-Purchase of ambulances (Four, three and two wheelers)",ARUP CHAKRABORTY,BANKURA,2025-01-03,2025-04-28,4450000.0,Physical Inspection,115,115,115,6.6483601085751864,1.1150452023636426,-1,-0.0010133734640921377,True
Lok Sabha,Madhya Pradesh,Normal/Others,WS/MP642/2026-2027/202104-Improvement of electricity distribution infrastructure,Ganesh Singh,SATNA,2025-06-09,2026-07-31,74000.0,Sanction,417,417,417,4.869237588535673,-0.6640773176758712,-1,-0.0008895695829783667,True
Lok Sabha,Madhya Pradesh,Normal/Others,WS/MP642/2026-2027/197133-Improvement of electricity distribution infrastructure,Ganesh Singh,SATNA,2025-05-15,2026-07-07,74000.0,Vendor Identification,418,418,418,4.869237588535673,-0.6640773176758712,-1,-0.0008895695829783667,True
Rajya Sabha,Uttar Pradesh,Normal/Others,"WS/MP183/2023-2024/63374-Construction of roads, link roads, pathways or any other road with or without drainage system",Prof. Ram Gopal Yadav (2020-26) (2020-2026),,2023-12-16,2024-01-02,4851408.0,Physical Inspection,17,17,17,6.685867889541639,1.1525529833300947,-1,-0.0008519501364909754,True
Rajya Sabha,Rajasthan,Normal/Others,WS/MP18285/2024-2025/176063-Street lights,Shri Chunnilal Garasiya (2024-30) (2024-2030),,2025-02-17,2025-03-06,4860000.0,Physical Inspection,17,17,17,6.686636358623288,1.1533214524117446,-1,-0.0008519501364909754,True
Lok Sabha,West Bengal,Normal/Others,WS/MP18246/2025-2026/203857-Providing CCTV camera system for security of public areas,PATHAN YUSUF,BAHARAMPUR,2025-05-26,2026-02-09,3472000.0,Sanction,259,259,259,6.540579841589253,1.0072649353777088,-1,-0.0007801972436134452,True
Lok Sabha,West Bengal,Normal/Others,WS/MP18248/2025-2026/151435-Construction of foot over bridge (FOB),DR. SHARMILA SARKAR,BARDHAMAN PURBA(SC),2024-11-07,2025-04-22,4042000.0,Sanction,166,166,166,6.606596416624715,1.073281510413171,-1,-0.0007495813812641305,True
Lok Sabha,Tamil Nadu,Normal/Others,WS/MP18265/2025-2026/223046-Construction of community centers and community halls,M.K. VISHNUPRASAD,CUDDALORE,2025-07-29,2025-11-24,4500000.0,Work partially Completed,118,118,118,6.653212610285218,1.119897704073674,-1,-0.0007166606806099374,True
Lok Sabha,Gujarat,Normal/Others,WS/MP18054/2026-2027/196197-Installing community drinking water plants,HARIBHAI PATEL,MAHESANA,2025-05-03,2026-08-05,100000.0,Sanction,459,459,459,5.000004342923105,-0.5333105632884392,-1,-0.0006796785210363421,True
Lok Sabha,Telangana,Normal/Others,WS/MP761/2026-2027/192599-Construction of community centers and community halls,Arvind Dharmapuri,NIZAMABAD,2025-05-16,2026-08-17,100000.0,Sanction,458,458,458,5.000004342923105,-0.5333105632884392,-1,-0.0006796785210363421,True
Rajya Sabha,Madhya Pradesh,Normal/Others,WS/MP18297/2026-2027/259024-Providing garbage collection and disposal systems,Shri Balyogi Umeshnath (2024-30) (2024-2030),,2026-01-13,2026-04-08,4602680.0,Work partially Completed,85,85,85,6.663010876101765,1.1296959698902214,-1,-0.0006054925203118344,True
Rajya Sabha,Uttar Pradesh,Normal/Others,WS/MP203/2023-2024/10747-Installing community drinking water plants,Smt. Darshana Singh (2022-28) (2022-2028),,2023-08-18,2023-09-27,5001682.0,Physical Inspection,40,40,40,6.69911616326146,1.1658012570499166,-1,-0.0005608136524067886,True
Rajya Sabha,Uttar Pradesh,Normal/Others,"WS/MP186/2023-2024/81741-Construction of flood control embankments/ protection walls along riverbanks, hilltops, roadsides",Shri Arun Singh (2020-26) (2020-2026),,2024-01-14,2024-02-23,4989848.0,Physical Inspection,40,40,40,6.698087403447237,1.1647724972356928,-1,-0.0005608136524067886,True
Lok Sabha,Telangana,Normal/Others,WS/MP18190/2025-2026/163774-Installing tube-wells and borewells,BALRAM NAIK PORIKA,MAHABUBABAD,2025-01-09,2025-11-24,45000.0,Physical Inspection,319,319,319,4.653222164656599,-0.8800927415549449,-1,-0.0005072858789426649,True
Lok Sabha,Telangana,Normal/Others,WS/MP18190/2025-2026/162250-Installing tube-wells and borewells,BALRAM NAIK PORIKA,MAHABUBABAD,2025-01-02,2025-11-25,45000.0,Physical Inspection,327,327,327,4.653222164656599,-0.8800927415549449,-1,-0.0002108013186087332,True
Lok Sabha,Telangana,Normal/Others,WS/MP18190/2025-2026/162252-Installing tube-wells and borewells,BALRAM NAIK PORIKA,MAHABUBABAD,2024-12-30,2025-11-25,45000.0,Physical Inspection,330,330,330,4.653222164656599,-0.8800927415549449,-1,-0.0002108013186087332,True
Lok Sabha,Telangana,Normal/Others,WS/MP18190/2025-2026/162251-Installing tube-wells and borewells,BALRAM NAIK PORIKA,MAHABUBABAD,2024-12-31,2025-11-25,45000.0,Physical Inspection,329,329,329,4.653222164656599,-0.8800927415549449,-1,-0.0002108013186087332,True
Lok Sabha,Madhya Pradesh,Normal/Others,WS/MP642/2025-2026/196609-Improvement of electricity distribution infrastructure,Ganesh Singh,SATNA,2025-05-09,2026-03-30,47000.0,Vendor Identification,325,325,325,4.672107098145544,-0.8612078080660002,-1,-0.0002108013186087332,True
Rajya Sabha,Himachal Pradesh,Normal/Others,WS/MP078/2025-2026/169614-Street lights,Dr. Sikander Kumar (2022-28) (2022-2028),,2025-01-28,2025-06-03,14908.0,Vendor Identification,126,126,126,4.173448514744314,-1.3598663914672295,-1,-0.00020051723732139592,True
Rajya Sabha,Puducherry,Normal/Others,"WS/MP139/2025-2026/190731-Purchase of IT systems, including hardware and software for educational purposes",Shri S. Selvaganabathy (2021-27) (2021-2027),,2025-04-12,2025-09-25,4003300.0,Vendor Identification,166,166,166,6.602418245045037,1.069103338833493,-1,-0.0001565274821714313,True
Lok Sabha,Gujarat,Normal/Others,"WS/MP18054/2026-2027/162835-Construction of roads, link roads, pathways or any other road with or without drainage system",HARIBHAI PATEL,MAHESANA,2024-12-31,2026-08-05,150000.0,Sanction,582,582,582,5.176094154342576,-0.35722075186896785,-1,-0.00012128269433109296,True
Lok Sabha,Andhra Pradesh,Normal/Others,WS/MP529/2025-2026/227554-Construction of boundary walls of existing public and community buildings,Maddila Gurumoorthy,TIRUPATI(SC),2025-08-19,2025-10-13,4700000.0,Sanction,55,55,55,6.672097950338789,1.138783044127245,-1,-0.0001193271250973238,True
Lok Sabha,Odisha,Normal/Others,WS/MP300/2025-2026/159952-Installing community drinking water plants,Smt Aparajita Sarangi,BHUBANESWAR,2024-12-22,2026-03-23,100000.0,Physical Inspection,456,456,456,5.000004342923105,-0.5333105632884392,-1,-8.668765393315958e-05,True
Rajya Sabha,Maharashtra,Normal/Others,"WS/MP108/2026-2027/190258-Purchase of prosthetics, wheel chairs, tricycles (manual or motorized), elect scooties, hearing aids",Dr. Anil Sukhdeorao Bonde (2022-28) (2022-2028),,2025-04-09,2026-07-08,100000.0,Work partially Completed,455,455,455,5.000004342923105,-0.5333105632884392,-1,-8.668765393315958e-05,True
Lok Sabha,Odisha,Normal/Others,WS/MP300/2025-2026/159953-Installing community drinking water plants,Smt Aparajita Sarangi,BHUBANESWAR,2024-12-22,2026-03-23,100000.0,Physical Inspection,456,456,456,5.000004342923105,-0.5333105632884392,-1,-8.668765393315958e-05,True
Lok Sabha,Odisha,Normal/Others,WS/MP300/2025-2026/159950-Installing community drinking water plants,Smt Aparajita Sarangi,BHUBANESWAR,2024-12-22,2026-03-23,100000.0,Sanction,456,456,456,5.000004342923105,-0.5333105632884392,-1,-8.668765393315958e-05,True
Rajya Sabha,Maharashtra,Normal/Others,"WS/MP108/2026-2027/190231-Purchase of prosthetics, wheel chairs, tricycles (manual or motorized), elect scooties, hearing aids",Dr. Anil Sukhdeorao Bonde (2022-28) (2022-2028),,2025-04-09,2026-07-08,100000.0,Work partially Completed,455,455,455,5.000004342923105,-0.5333105632884392,-1,-8.668765393315958e-05,True
Lok Sabha,Odisha,Normal/Others,WS/MP300/2025-2026/159951-Installing community drinking water plants,Smt Aparajita Sarangi,BHUBANESWAR,2024-12-22,2026-03-23,100000.0,Physical Inspection,456,456,456,5.000004342923105,-0.5333105632884392,-1,-8.668765393315958e-05,True
Rajya Sabha,Maharashtra,Normal/Others,"WS/MP116/2025-2026/189849-Construction of roads, link roads, pathways or any other road with or without drainage system",Shri Sanjay Raut (2022-28) (2022-2028),,2025-04-07,2026-03-04,3000000.0,Work partially Completed,331,331,331,6.477121399484465,0.9438064932729215,-1,-7.362331085658536e-05,True
