sr_no,state,ida,constituency,mp_name,work,work_category,sanction_date,sanction_amount,work_status
1,West Bengal,District_E,Constituency_1,MP_Name_1,WB/887/2023-2024/50001 - Construction of Sanitation facility,Health,27-04-2023,986440,Sanctioned
2,West Bengal,District_A,Constituency_1,MP_Name_1,WB/893/2023-2024/50002 - Construction of Education facility,Roads,30-06-2024,1067249,Sanctioned
3,West Bengal,District_C,Constituency_1,MP_Name_1,WB/604/2022-2023/50003 - Construction of Roads facility,Roads,21-02-2022,1294277,Sanctioned
4,Madhya Pradesh,District_B,Constituency_2,MP_Name_2,MP/222/2022-2023/50004 - Construction of Education facility,Electricity,06-12-2021,631452,Sanctioned
5,Madhya Pradesh,District_B,Constituency_2,MP_Name_2,MP/834/2023-2024/50005 - Construction of Electricity facility,Education,16-12-2022,941998,Sanctioned
6,Madhya Pradesh,District_D,Constituency_2,MP_Name_2,MP/839/2022-2023/50006 - Construction of Health facility,Health,03-06-2022,590842,Sanctioned
7,Madhya Pradesh,District_B,Constituency_2,MP_Name_2,MP/942/2023-2024/50007 - Construction of Health facility,Electricity,02-06-2021,1596262,Sanctioned
8,West Bengal,District_A,Constituency_3,MP_Name_3,WB/668/2022-2023/50008 - Construction of Roads facility,Electricity,12-04-2022,485925,Sanctioned
9,West Bengal,District_D,Constituency_3,MP_Name_3,WB/936/2023-2024/50009 - Construction of Roads facility,Drinking Water,04-10-2021,1154477,Sanctioned
10,West Bengal,District_A,Constituency_3,MP_Name_3,WB/517/2023-2024/50010 - Construction of Education facility,Drinking Water,31-12-2022,1522101,Sanctioned
11,West Bengal,District_A,Constituency_3,MP_Name_3,WB/145/2021-2022/50011 - Construction of Education facility,Health,05-10-2024,434037,Sanctioned
12,West Bengal,District_D,Constituency_3,MP_Name_3,WB/997/2022-2023/50012 - Construction of Roads facility,Health,19-03-2022,739964,Sanctioned
13,West Bengal,District_A,Constituency_3,MP_Name_3,WB/886/2022-2023/50013 - Construction of Education facility,Drinking Water,07-11-2023,1268830,Sanctioned
14,West Bengal,District_A,Constituency_3,MP_Name_3,WB/749/2021-2022/50014 - Construction of Drinking Water facility,Drinking Water,18-08-2022,1133572,Sanctioned
15,West Bengal,District_C,Constituency_3,MP_Name_3,WB/259/2022-2023/50015 - Construction of Health facility,Drinking Water,02-08-2023,1739875,Sanctioned
16,West Bengal,District_A,Constituency_4,MP_Name_4,WB/161/2022-2023/50016 - Construction of Drinking Water facility,Sanitation,15-03-2023,462716,Sanctioned
17,West Bengal,District_E,Constituency_4,MP_Name_4,WB/711/2021-2022/50017 - Construction of Health facility,Roads,13-08-2023,962705,Sanctioned
18,West Bengal,District_C,Constituency_4,MP_Name_4,WB/590/2022-2023/50018 - Construction of Roads facility,Sanitation,26-04-2022,1361918,Sanctioned
19,West Bengal,District_C,Constituency_4,MP_Name_4,WB/467/2021-2022/50019 - Construction of Electricity facility,Electricity,25-07-2022,1881838,Sanctioned
20,West Bengal,District_E,Constituency_4,MP_Name_4,WB/913/2023-2024/50020 - Construction of Health facility,Education,02-09-2021,1598927,Sanctioned
21,Karnataka,District_B,Constituency_5,MP_Name_5,KA/369/2022-2023/50021 - Construction of Drinking Water facility,Sanitation,06-06-2021,1157665,Sanctioned
22,Karnataka,District_D,Constituency_5,MP_Name_5,KA/112/2022-2023/50022 - Construction of Sanitation facility,Sanitation,05-11-2024,1589189,Sanctioned
23,Karnataka,District_C,Constituency_5,MP_Name_5,KA/706/2023-2024/50023 - Construction of Drinking Water facility,Education,14-12-2024,474955,Sanctioned
24,Karnataka,District_C,Constituency_5,MP_Name_5,KA/938/2021-2022/50024 - Construction of Electricity facility,Roads,18-04-2022,1549437,Sanctioned
25,Karnataka,District_A,Constituency_5,MP_Name_5,KA/791/2022-2023/50025 - Construction of Education facility,Electricity,05-02-2024,1043960,Sanctioned
26,Maharashtra,District_E,Constituency_6,MP_Name_6,MH/539/2021-2022/50026 - Construction of Roads facility,Sanitation,24-09-2024,1457957,Sanctioned
27,Maharashtra,District_B,Constituency_6,MP_Name_6,MH/114/2021-2022/50027 - Construction of Electricity facility,Sanitation,18-07-2021,557217,Sanctioned
28,Maharashtra,District_C,Constituency_6,MP_Name_6,MH/252/2022-2023/50028 - Construction of Sanitation facility,Health,28-09-2022,1497285,Sanctioned
29,Maharashtra,District_E,Constituency_6,MP_Name_6,MH/552/2022-2023/50029 - Construction of Health facility,Sanitation,08-06-2023,1088640,Sanctioned
30,Maharashtra,District_A,Constituency_6,MP_Name_6,MH/517/2022-2023/50030 - Construction of Health facility,Education,10-02-2023,1886545,Sanctioned
31,Karnataka,District_D,Constituency_7,MP_Name_7,KA/536/2023-2024/50031 - Construction of Roads facility,Roads,02-10-2022,1484677,Sanctioned
32,Karnataka,District_B,Constituency_7,MP_Name_7,KA/997/2021-2022/50032 - Construction of Education facility,Sanitation,27-05-2023,693222,Sanctioned
33,Karnataka,District_D,Constituency_7,MP_Name_7,KA/698/2023-2024/50033 - Construction of Education facility,Drinking Water,04-08-2021,1385950,Sanctioned
34,Karnataka,District_E,Constituency_7,MP_Name_7,KA/446/2023-2024/50034 - Construction of Roads facility,Sanitation,21-01-2022,1773655,Sanctioned
35,Karnataka,District_E,Constituency_7,MP_Name_7,KA/593/2021-2022/50035 - Construction of Sanitation facility,Sanitation,17-03-2022,1345092,Sanctioned
36,Karnataka,District_E,Constituency_7,MP_Name_7,KA/759/2023-2024/50036 - Construction of Roads facility,Drinking Water,23-03-2024,1199309,Sanctioned
37,Karnataka,District_C,Constituency_7,MP_Name_7,KA/553/2022-2023/50037 - Construction of Electricity facility,Roads,14-05-2022,516320,Sanctioned
38,Karnataka,District_A,Constituency_7,MP_Name_7,KA/989/2022-2023/50038 - Construction of Electricity facility,Drinking Water,22-08-2023,1361829,Sanctioned
39,West Bengal,District_A,Constituency_8,MP_Name_8,WB/617/2021-2022/50039 - Construction of Sanitation facility,Education,04-02-2021,1350468,Sanctioned
40,West Bengal,District_A,Constituency_8,MP_Name_8,WB/644/2022-2023/50040 - Construction of Sanitation facility,Sanitation,28-08-2023,1407682,Sanctioned
41,West Bengal,District_E,Constituency_8,MP_Name_8,WB/199/2023-2024/50041 - Construction of Roads facility,Drinking Water,31-10-2022,853714,Sanctioned
42,West Bengal,District_D,Constituency_8,MP_Name_8,WB/703/2022-2023/50042 - Construction of Education facility,Electricity,31-07-2022,1222915,Sanctioned
43,West Bengal,District_E,Constituency_8,MP_Name_8,WB/406/2023-2024/50043 - Construction of Electricity facility,Sanitation,24-07-2021,1483555,Sanctioned
44,West Bengal,District_D,Constituency_8,MP_Name_8,WB/645/2021-2022/50044 - Construction of Education facility,Roads,19-12-2021,1536875,Sanctioned
45,West Bengal,District_A,Constituency_8,MP_Name_8,WB/740/2021-2022/50045 - Construction of Electricity facility,Health,05-03-2022,442208,Sanctioned
46,West Bengal,District_A,Constituency_8,MP_Name_8,WB/526/2021-2022/50046 - Construction of Roads facility,Electricity,08-01-2023,1260596,Sanctioned
47,Rajasthan,District_D,Constituency_9,MP_Name_9,RJ/649/2022-2023/50047 - Construction of Electricity facility,Health,24-02-2022,1061619,Sanctioned
48,Rajasthan,District_A,Constituency_9,MP_Name_9,RJ/289/2021-2022/50048 - Construction of Drinking Water facility,Sanitation,24-03-2024,1768460,Sanctioned
49,Rajasthan,District_D,Constituency_9,MP_Name_9,RJ/349/2022-2023/50049 - Construction of Roads facility,Sanitation,18-11-2021,534517,Sanctioned
50,Rajasthan,District_E,Constituency_9,MP_Name_9,RJ/361/2023-2024/50050 - Construction of Drinking Water facility,Education,06-07-2021,599998,Sanctioned
51,Maharashtra,District_C,Constituency_10,MP_Name_10,MH/129/2021-2022/50051 - Construction of Health facility,Electricity,28-07-2022,448627,Sanctioned
52,Maharashtra,District_D,Constituency_10,MP_Name_10,MH/291/2023-2024/50052 - Construction of Drinking Water facility,Education,24-11-2022,974446,Sanctioned
53,Maharashtra,District_A,Constituency_10,MP_Name_10,MH/193/2023-2024/50053 - Construction of Health facility,Drinking Water,05-11-2022,1134425,Sanctioned
54,Maharashtra,District_D,Constituency_10,MP_Name_10,MH/549/2023-2024/50054 - Construction of Health facility,Roads,04-06-2022,989013,Sanctioned
55,Uttar Pradesh,District_C,Constituency_11,MP_Name_11,UP/839/2023-2024/50055 - Construction of Education facility,Sanitation,30-10-2024,1246477,Sanctioned
56,Uttar Pradesh,District_D,Constituency_11,MP_Name_11,UP/443/2022-2023/50056 - Construction of Sanitation facility,Sanitation,11-01-2021,471225,Sanctioned
57,Uttar Pradesh,District_B,Constituency_11,MP_Name_11,UP/235/2021-2022/50057 - Construction of Health facility,Health,20-12-2021,1446412,Sanctioned
58,Uttar Pradesh,District_D,Constituency_11,MP_Name_11,UP/920/2021-2022/50058 - Construction of Sanitation facility,Roads,17-08-2021,737653,Sanctioned
59,Uttar Pradesh,District_E,Constituency_11,MP_Name_11,UP/364/2021-2022/50059 - Construction of Education facility,Health,19-10-2021,581837,Sanctioned
60,Uttar Pradesh,District_B,Constituency_11,MP_Name_11,UP/288/2023-2024/50060 - Construction of Education facility,Drinking Water,06-12-2023,550330,Sanctioned
61,Uttar Pradesh,District_E,Constituency_11,MP_Name_11,UP/287/2022-2023/50061 - Construction of Health facility,Education,24-08-2021,1704059,Sanctioned
62,Uttar Pradesh,District_C,Constituency_11,MP_Name_11,UP/174/2021-2022/50062 - Construction of Education facility,Health,26-11-2022,1784961,Sanctioned
63,Delhi,District_D,Constituency_12,MP_Name_12,DL/476/2021-2022/50063 - Construction of Drinking Water facility,Drinking Water,03-02-2023,1745274,Sanctioned
64,Delhi,District_A,Constituency_12,MP_Name_12,DL/489/2021-2022/50064 - Construction of Drinking Water facility,Roads,18-09-2023,660475,Sanctioned
65,Delhi,District_A,Constituency_12,MP_Name_12,DL/857/2021-2022/50065 - Construction of Roads facility,Electricity,07-01-2024,1311755,Sanctioned
66,Delhi,District_C,Constituency_12,MP_Name_12,DL/292/2021-2022/50066 - Construction of Education facility,Roads,13-03-2024,448439,Sanctioned
67,Rajasthan,District_C,Constituency_13,MP_Name_13,RJ/473/2021-2022/50067 - Construction of Electricity facility,Education,02-02-2023,918292,Sanctioned
68,Rajasthan,District_D,Constituency_13,MP_Name_13,RJ/211/2021-2022/50068 - Construction of Drinking Water facility,Drinking Water,19-07-2024,1001396,Sanctioned
69,Rajasthan,District_C,Constituency_13,MP_Name_13,RJ/624/2023-2024/50069 - Construction of Education facility,Drinking Water,21-08-2021,887117,Sanctioned
70,Madhya Pradesh,District_D,Constituency_14,MP_Name_14,MP/278/2021-2022/50070 - Construction of Health facility,Health,12-04-2022,984444,Sanctioned
71,Madhya Pradesh,District_E,Constituency_14,MP_Name_14,MP/106/2023-2024/50071 - Construction of Health facility,Health,22-08-2024,1647726,Sanctioned
72,Madhya Pradesh,District_A,Constituency_14,MP_Name_14,MP/701/2023-2024/50072 - Construction of Drinking Water facility,Electricity,27-01-2021,423784,Sanctioned
73,Madhya Pradesh,District_C,Constituency_14,MP_Name_14,MP/689/2021-2022/50073 - Construction of Roads facility,Education,15-03-2022,1521510,Sanctioned
74,Madhya Pradesh,District_C,Constituency_14,MP_Name_14,MP/943/2023-2024/50074 - Construction of Roads facility,Education,23-09-2023,1703928,Sanctioned
75,Madhya Pradesh,District_D,Constituency_14,MP_Name_14,MP/974/2023-2024/50075 - Construction of Drinking Water facility,Sanitation,11-01-2021,1843703,Sanctioned
76,Madhya Pradesh,District_D,Constituency_14,MP_Name_14,MP/270/2022-2023/50076 - Construction of Drinking Water facility,Education,17-12-2023,480181,Sanctioned
77,Madhya Pradesh,District_C,Constituency_14,MP_Name_14,MP/953/2021-2022/50077 - Construction of Health facility,Roads,19-12-2022,1469695,Sanctioned
78,Delhi,District_E,Constituency_15,MP_Name_15,DL/289/2023-2024/50078 - Construction of Drinking Water facility,Education,01-11-2021,1254484,Sanctioned
79,Delhi,District_C,Constituency_15,MP_Name_15,DL/672/2021-2022/50079 - Construction of Health facility,Sanitation,29-06-2024,472443,Sanctioned
80,Delhi,District_C,Constituency_15,MP_Name_15,DL/221/2023-2024/50080 - Construction of Roads facility,Sanitation,21-03-2021,1304879,Sanctioned
81,Delhi,District_B,Constituency_15,MP_Name_15,DL/720/2023-2024/50081 - Construction of Health facility,Electricity,18-01-2023,1405015,Sanctioned
82,Delhi,District_B,Constituency_15,MP_Name_15,DL/926/2022-2023/50082 - Construction of Electricity facility,Drinking Water,24-01-2023,1413269,Sanctioned
83,Delhi,District_A,Constituency_15,MP_Name_15,DL/120/2022-2023/50083 - Construction of Sanitation facility,Health,02-11-2022,1160562,Sanctioned
84,Delhi,District_A,Constituency_15,MP_Name_15,DL/660/2022-2023/50084 - Construction of Sanitation facility,Education,22-09-2021,1115140,Sanctioned
85,Karnataka,District_D,Constituency_16,MP_Name_16,KA/705/2021-2022/50085 - Construction of Roads facility,Sanitation,29-10-2021,523800,Sanctioned
86,Karnataka,District_C,Constituency_16,MP_Name_16,KA/809/2022-2023/50086 - Construction of Education facility,Roads,02-04-2024,1710496,Sanctioned
87,Karnataka,District_D,Constituency_16,MP_Name_16,KA/722/2022-2023/50087 - Construction of Education facility,Health,03-02-2021,921022,Sanctioned
88,West Bengal,District_B,Constituency_17,MP_Name_17,WB/336/2023-2024/50088 - Construction of Education facility,Health,01-12-2024,790298,Sanctioned
89,West Bengal,District_E,Constituency_17,MP_Name_17,WB/274/2022-2023/50089 - Construction of Drinking Water facility,Drinking Water,23-01-2021,994518,Sanctioned
90,West Bengal,District_D,Constituency_17,MP_Name_17,WB/118/2021-2022/50090 - Construction of Sanitation facility,Sanitation,03-12-2024,1492979,Sanctioned
91,West Bengal,District_B,Constituency_18,MP_Name_18,WB/402/2022-2023/50091 - Construction of Sanitation facility,Electricity,11-08-2022,1553174,Sanctioned
92,West Bengal,District_C,Constituency_18,MP_Name_18,WB/510/2021-2022/50092 - Construction of Sanitation facility,Roads,27-12-2024,1327987,Sanctioned
93,West Bengal,District_E,Constituency_18,MP_Name_18,WB/262/2021-2022/50093 - Construction of Roads facility,Health,08-04-2023,1100905,Sanctioned
94,West Bengal,District_D,Constituency_18,MP_Name_18,WB/878/2021-2022/50094 - Construction of Roads facility,Electricity,23-03-2021,1310869,Sanctioned
95,West Bengal,District_D,Constituency_18,MP_Name_18,WB/993/2023-2024/50095 - Construction of Roads facility,Health,18-03-2023,1869787,Sanctioned
96,Tamil Nadu,District_C,Constituency_19,MP_Name_19,TN/487/2023-2024/50096 - Construction of Education facility,Drinking Water,05-09-2023,1110579,Sanctioned
97,Tamil Nadu,District_E,Constituency_19,MP_Name_19,TN/468/2022-2023/50097 - Construction of Sanitation facility,Education,25-05-2023,1475667,Sanctioned
98,Tamil Nadu,District_A,Constituency_19,MP_Name_19,TN/986/2022-2023/50098 - Construction of Sanitation facility,Education,01-04-2023,459020,Sanctioned
99,Tamil Nadu,District_E,Constituency_19,MP_Name_19,TN/206/2023-2024/50099 - Construction of Health facility,Drinking Water,19-12-2021,1702345,Sanctioned
100,Tamil Nadu,District_E,Constituency_19,MP_Name_19,TN/152/2021-2022/50100 - Construction of Education facility,Health,02-04-2021,1202032,Sanctioned
101,Rajasthan,District_B,Constituency_20,MP_Name_20,RJ/993/2021-2022/50101 - Construction of Electricity facility,Sanitation,30-12-2023,779086,Sanctioned
102,Rajasthan,District_A,Constituency_20,MP_Name_20,RJ/305/2023-2024/50102 - Construction of Drinking Water facility,Health,10-08-2022,1784881,Sanctioned
103,Rajasthan,District_E,Constituency_20,MP_Name_20,RJ/155/2021-2022/50103 - Construction of Electricity facility,Health,22-01-2021,921268,Sanctioned
104,Rajasthan,District_A,Constituency_20,MP_Name_20,RJ/632/2022-2023/50104 - Construction of Health facility,Sanitation,28-06-2022,1211815,Sanctioned
105,Rajasthan,District_E,Constituency_20,MP_Name_20,RJ/563/2022-2023/50105 - Construction of Drinking Water facility,Roads,04-05-2024,1168675,Sanctioned
106,Rajasthan,District_C,Constituency_20,MP_Name_20,RJ/527/2022-2023/50106 - Construction of Drinking Water facility,Sanitation,28-07-2021,1854169,Sanctioned
107,Rajasthan,District_D,Constituency_20,MP_Name_20,RJ/305/2021-2022/50107 - Construction of Drinking Water facility,Roads,03-05-2021,1875207,Sanctioned
108,Rajasthan,District_A,Constituency_20,MP_Name_20,RJ/549/2022-2023/50108 - Construction of Health facility,Health,21-05-2023,989759,Sanctioned
109,Uttar Pradesh,District_B,Constituency_21,MP_Name_21,UP/423/2023-2024/50109 - Construction of Health facility,Sanitation,10-12-2024,1248418,Sanctioned
110,Uttar Pradesh,District_B,Constituency_21,MP_Name_21,UP/322/2021-2022/50110 - Construction of Sanitation facility,Electricity,05-08-2023,1256797,Sanctioned
111,Uttar Pradesh,District_B,Constituency_21,MP_Name_21,UP/208/2021-2022/50111 - Construction of Roads facility,Electricity,10-08-2022,1229487,Sanctioned
112,Uttar Pradesh,District_D,Constituency_21,MP_Name_21,UP/571/2022-2023/50112 - Construction of Electricity facility,Electricity,16-02-2022,460651,Sanctioned
113,Uttar Pradesh,District_D,Constituency_21,MP_Name_21,UP/341/2021-2022/50113 - Construction of Sanitation facility,Education,14-12-2021,1648842,Sanctioned
114,Uttar Pradesh,District_C,Constituency_21,MP_Name_21,UP/553/2022-2023/50114 - Construction of Sanitation facility,Sanitation,26-12-2024,906170,Sanctioned
115,Gujarat,District_D,Constituency_22,MP_Name_22,GJ/558/2021-2022/50115 - Construction of Sanitation facility,Health,25-05-2024,1250464,Sanctioned
116,Gujarat,District_B,Constituency_22,MP_Name_22,GJ/899/2022-2023/50116 - Construction of Sanitation facility,Drinking Water,19-04-2023,958950,Sanctioned
117,Gujarat,District_E,Constituency_22,MP_Name_22,GJ/400/2023-2024/50117 - Construction of Electricity facility,Sanitation,14-09-2022,564299,Sanctioned
118,Gujarat,District_C,Constituency_22,MP_Name_22,GJ/459/2022-2023/50118 - Construction of Electricity facility,Education,27-02-2024,1810134,Sanctioned
119,Gujarat,District_E,Constituency_22,MP_Name_22,GJ/180/2022-2023/50119 - Construction of Electricity facility,Electricity,28-05-2021,1170701,Sanctioned
120,Gujarat,District_B,Constituency_22,MP_Name_22,GJ/117/2022-2023/50120 - Construction of Electricity facility,Education,30-03-2024,428219,Sanctioned
121,Gujarat,District_D,Constituency_22,MP_Name_22,GJ/452/2023-2024/50121 - Construction of Electricity facility,Education,19-11-2022,900041,Sanctioned
122,Gujarat,District_D,Constituency_22,MP_Name_22,GJ/571/2023-2024/50122 - Construction of Roads facility,Electricity,21-12-2024,1013347,Sanctioned
123,Delhi,District_B,Constituency_23,MP_Name_23,DL/589/2022-2023/50123 - Construction of Sanitation facility,Roads,04-12-2024,1262072,Sanctioned
124,Delhi,District_A,Constituency_23,MP_Name_23,DL/570/2021-2022/50124 - Construction of Drinking Water facility,Education,07-10-2024,424768,Sanctioned
125,Delhi,District_C,Constituency_23,MP_Name_23,DL/203/2021-2022/50125 - Construction of Education facility,Education,03-06-2023,1154756,Sanctioned
126,Bihar,District_D,Constituency_24,MP_Name_24,BR/148/2022-2023/50126 - Construction of Sanitation facility,Health,12-07-2024,1050192,Sanctioned
127,Bihar,District_D,Constituency_24,MP_Name_24,BR/516/2022-2023/50127 - Construction of Roads facility,Electricity,23-05-2023,633748,Sanctioned
128,Bihar,District_A,Constituency_24,MP_Name_24,BR/582/2021-2022/50128 - Construction of Sanitation facility,Electricity,25-07-2021,1709257,Sanctioned
129,Bihar,District_D,Constituency_24,MP_Name_24,BR/588/2022-2023/50129 - Construction of Roads facility,Drinking Water,11-02-2022,939152,Sanctioned
130,Bihar,District_D,Constituency_24,MP_Name_24,BR/188/2023-2024/50130 - Construction of Electricity facility,Electricity,07-02-2023,849333,Sanctioned
131,Bihar,District_D,Constituency_24,MP_Name_24,BR/739/2021-2022/50131 - Construction of Sanitation facility,Drinking Water,30-11-2023,1485320,Sanctioned
132,West Bengal,District_A,Constituency_25,MP_Name_25,WB/519/2022-2023/50132 - Construction of Roads facility,Drinking Water,04-11-2022,1677007,Sanctioned
133,West Bengal,District_B,Constituency_25,MP_Name_25,WB/858/2022-2023/50133 - Construction of Drinking Water facility,Electricity,22-12-2024,1670066,Sanctioned
134,West Bengal,District_E,Constituency_25,MP_Name_25,WB/491/2022-2023/50134 - Construction of Drinking Water facility,Electricity,28-03-2022,696061,Sanctioned
135,West Bengal,District_D,Constituency_25,MP_Name_25,WB/681/2022-2023/50135 - Construction of Education facility,Electricity,23-09-2023,669058,Sanctioned
136,Karnataka,District_C,Constituency_26,MP_Name_26,KA/374/2022-2023/50136 - Construction of Electricity facility,Roads,30-03-2021,1530976,Sanctioned
137,Karnataka,District_A,Constituency_26,MP_Name_26,KA/324/2022-2023/50137 - Construction of Electricity facility,Education,08-06-2024,1480030,Sanctioned
138,Karnataka,District_D,Constituency_26,MP_Name_26,KA/497/2021-2022/50138 - Construction of Drinking Water facility,Education,03-06-2022,927515,Sanctioned
139,Karnataka,District_C,Constituency_26,MP_Name_26,KA/958/2021-2022/50139 - Construction of Sanitation facility,Drinking Water,29-04-2024,1874190,Sanctioned
140,Karnataka,District_C,Constituency_26,MP_Name_26,KA/479/2021-2022/50140 - Construction of Drinking Water facility,Drinking Water,29-08-2024,1335657,Sanctioned
141,Karnataka,District_B,Constituency_26,MP_Name_26,KA/827/2021-2022/50141 - Construction of Education facility,Roads,19-06-2022,836848,Sanctioned
142,Rajasthan,District_C,Constituency_27,MP_Name_27,RJ/184/2022-2023/50142 - Construction of Health facility,Education,26-07-2022,459915,Sanctioned
143,Rajasthan,District_A,Constituency_27,MP_Name_27,RJ/295/2023-2024/50143 - Construction of Roads facility,Health,02-10-2021,1427557,Sanctioned
144,Rajasthan,District_D,Constituency_27,MP_Name_27,RJ/467/2023-2024/50144 - Construction of Drinking Water facility,Education,09-07-2022,1557932,Sanctioned
145,Karnataka,District_D,Constituency_28,MP_Name_28,KA/682/2021-2022/50145 - Construction of Sanitation facility,Education,01-06-2022,953838,Sanctioned
146,Karnataka,District_B,Constituency_28,MP_Name_28,KA/144/2022-2023/50146 - Construction of Electricity facility,Drinking Water,17-09-2023,1610707,Sanctioned
147,Karnataka,District_C,Constituency_28,MP_Name_28,KA/451/2023-2024/50147 - Construction of Education facility,Drinking Water,09-07-2023,1178644,Sanctioned
148,Karnataka,District_C,Constituency_28,MP_Name_28,KA/274/2021-2022/50148 - Construction of Sanitation facility,Roads,12-06-2024,1736371,Sanctioned
149,Karnataka,District_E,Constituency_28,MP_Name_28,KA/559/2021-2022/50149 - Construction of Roads facility,Education,18-06-2023,602116,Sanctioned
150,Karnataka,District_A,Constituency_28,MP_Name_28,KA/456/2023-2024/50150 - Construction of Health facility,Electricity,25-03-2023,526891,Sanctioned
151,Karnataka,District_E,Constituency_28,MP_Name_28,KA/986/2022-2023/50151 - Construction of Health facility,Roads,20-11-2023,1108309,Sanctioned
152,Karnataka,District_C,Constituency_28,MP_Name_28,KA/862/2021-2022/50152 - Construction of Education facility,Electricity,12-09-2021,1195206,Sanctioned
153,Bihar,District_E,Constituency_29,MP_Name_29,BR/982/2022-2023/50153 - Construction of Education facility,Roads,10-07-2024,1296214,Sanctioned
154,Bihar,District_C,Constituency_29,MP_Name_29,BR/901/2021-2022/50154 - Construction of Roads facility,Health,25-04-2021,1522656,Sanctioned
155,Bihar,District_E,Constituency_29,MP_Name_29,BR/729/2022-2023/50155 - Construction of Roads facility,Health,28-03-2023,1157520,Sanctioned
156,Bihar,District_E,Constituency_29,MP_Name_29,BR/110/2021-2022/50156 - Construction of Electricity facility,Electricity,31-08-2021,801889,Sanctioned
157,Maharashtra,District_A,Constituency_30,MP_Name_30,MH/599/2022-2023/50157 - Construction of Electricity facility,Sanitation,15-09-2024,618671,Sanctioned
158,Maharashtra,District_C,Constituency_30,MP_Name_30,MH/306/2022-2023/50158 - Construction of Health facility,Electricity,18-12-2024,536165,Sanctioned
159,Maharashtra,District_D,Constituency_30,MP_Name_30,MH/828/2023-2024/50159 - Construction of Sanitation facility,Sanitation,22-02-2021,1691538,Sanctioned
160,Maharashtra,District_E,Constituency_30,MP_Name_30,MH/419/2021-2022/50160 - Construction of Drinking Water facility,Education,26-06-2024,498872,Sanctioned
161,Maharashtra,District_E,Constituency_30,MP_Name_30,MH/814/2022-2023/50161 - Construction of Drinking Water facility,Roads,04-04-2021,1263702,Sanctioned
162,Maharashtra,District_B,Constituency_30,MP_Name_30,MH/163/2021-2022/50162 - Construction of Electricity facility,Drinking Water,14-05-2023,1073254,Sanctioned
163,Bihar,District_B,Constituency_31,MP_Name_31,BR/819/2023-2024/50163 - Construction of Drinking Water facility,Health,06-05-2021,1528647,Sanctioned
164,Bihar,District_C,Constituency_31,MP_Name_31,BR/638/2022-2023/50164 - Construction of Drinking Water facility,Education,14-05-2022,545957,Sanctioned
165,Bihar,District_C,Constituency_31,MP_Name_31,BR/155/2021-2022/50165 - Construction of Electricity facility,Education,29-11-2021,986529,Sanctioned
166,Bihar,District_E,Constituency_31,MP_Name_31,BR/616/2022-2023/50166 - Construction of Drinking Water facility,Roads,14-02-2024,1082019,Sanctioned
167,Bihar,District_C,Constituency_31,MP_Name_31,BR/845/2022-2023/50167 - Construction of Health facility,Drinking Water,07-08-2021,506032,Sanctioned
168,Bihar,District_A,Constituency_31,MP_Name_31,BR/148/2021-2022/50168 - Construction of Sanitation facility,Drinking Water,05-08-2021,602477,Sanctioned
169,Bihar,District_D,Constituency_31,MP_Name_31,BR/397/2021-2022/50169 - Construction of Sanitation facility,Education,14-11-2023,940026,Sanctioned
170,Bihar,District_C,Constituency_31,MP_Name_31,BR/308/2022-2023/50170 - Construction of Health facility,Education,11-04-2024,596555,Sanctioned
171,Uttar Pradesh,District_D,Constituency_32,MP_Name_32,UP/764/2022-2023/50171 - Construction of Education facility,Health,25-07-2022,400241,Sanctioned
172,Uttar Pradesh,District_E,Constituency_32,MP_Name_32,UP/146/2023-2024/50172 - Construction of Health facility,Education,19-06-2024,1804015,Sanctioned
173,Uttar Pradesh,District_E,Constituency_32,MP_Name_32,UP/760/2022-2023/50173 - Construction of Electricity facility,Roads,02-08-2021,931003,Sanctioned
174,Uttar Pradesh,District_D,Constituency_32,MP_Name_32,UP/423/2022-2023/50174 - Construction of Drinking Water facility,Electricity,08-11-2024,830537,Sanctioned
175,Uttar Pradesh,District_B,Constituency_32,MP_Name_32,UP/701/2021-2022/50175 - Construction of Electricity facility,Drinking Water,17-10-2024,1199474,Sanctioned
176,Uttar Pradesh,District_E,Constituency_32,MP_Name_32,UP/432/2023-2024/50176 - Construction of Electricity facility,Electricity,15-11-2024,889643,Sanctioned
177,Uttar Pradesh,District_E,Constituency_32,MP_Name_32,UP/226/2021-2022/50177 - Construction of Electricity facility,Education,25-06-2023,1609082,Sanctioned
178,Uttar Pradesh,District_C,Constituency_33,MP_Name_33,UP/621/2022-2023/50178 - Construction of Health facility,Roads,12-02-2024,1437676,Sanctioned
179,Uttar Pradesh,District_B,Constituency_33,MP_Name_33,UP/670/2021-2022/50179 - Construction of Drinking Water facility,Drinking Water,23-12-2023,1817142,Sanctioned
180,Uttar Pradesh,District_B,Constituency_33,MP_Name_33,UP/749/2021-2022/50180 - Construction of Sanitation facility,Drinking Water,21-08-2023,927985,Sanctioned
181,Uttar Pradesh,District_B,Constituency_33,MP_Name_33,UP/945/2022-2023/50181 - Construction of Education facility,Electricity,03-05-2023,1426270,Sanctioned
182,Uttar Pradesh,District_B,Constituency_33,MP_Name_33,UP/725/2022-2023/50182 - Construction of Sanitation facility,Health,06-09-2022,642034,Sanctioned
183,Uttar Pradesh,District_C,Constituency_33,MP_Name_33,UP/694/2022-2023/50183 - Construction of Roads facility,Health,20-09-2024,828106,Sanctioned
184,Uttar Pradesh,District_B,Constituency_33,MP_Name_33,UP/566/2022-2023/50184 - Construction of Electricity facility,Drinking Water,07-04-2021,1605986,Sanctioned
185,Uttar Pradesh,District_C,Constituency_33,MP_Name_33,UP/316/2022-2023/50185 - Construction of Roads facility,Sanitation,10-12-2022,747175,Sanctioned
186,Madhya Pradesh,District_E,Constituency_34,MP_Name_34,MP/434/2022-2023/50186 - Construction of Health facility,Roads,26-12-2022,1009860,Sanctioned
187,Madhya Pradesh,District_B,Constituency_34,MP_Name_34,MP/972/2021-2022/50187 - Construction of Education facility,Electricity,07-09-2023,1607460,Sanctioned
188,Madhya Pradesh,District_D,Constituency_34,MP_Name_34,MP/742/2022-2023/50188 - Construction of Health facility,Roads,08-04-2022,883061,Sanctioned
189,Madhya Pradesh,District_B,Constituency_34,MP_Name_34,MP/560/2021-2022/50189 - Construction of Sanitation facility,Drinking Water,22-04-2021,1762220,Sanctioned
190,Madhya Pradesh,District_D,Constituency_34,MP_Name_34,MP/630/2023-2024/50190 - Construction of Roads facility,Health,30-10-2022,834904,Sanctioned
191,Madhya Pradesh,District_C,Constituency_34,MP_Name_34,MP/390/2023-2024/50191 - Construction of Electricity facility,Education,20-07-2023,1738850,Sanctioned
192,Gujarat,District_C,Constituency_35,MP_Name_35,GJ/437/2022-2023/50192 - Construction of Drinking Water facility,Roads,05-02-2023,1209530,Sanctioned
193,Gujarat,District_C,Constituency_35,MP_Name_35,GJ/607/2022-2023/50193 - Construction of Drinking Water facility,Education,30-06-2022,1148461,Sanctioned
194,Gujarat,District_A,Constituency_35,MP_Name_35,GJ/511/2021-2022/50194 - Construction of Electricity facility,Education,16-02-2021,622789,Sanctioned
195,West Bengal,District_C,Constituency_36,MP_Name_36,WB/979/2023-2024/50195 - Construction of Roads facility,Education,24-07-2024,857769,Sanctioned
196,West Bengal,District_A,Constituency_36,MP_Name_36,WB/947/2021-2022/50196 - Construction of Electricity facility,Drinking Water,27-07-2024,880860,Sanctioned
197,West Bengal,District_D,Constituency_36,MP_Name_36,WB/842/2023-2024/50197 - Construction of Drinking Water facility,Roads,21-04-2022,1559671,Sanctioned
198,Madhya Pradesh,District_A,Constituency_37,MP_Name_37,MP/276/2022-2023/50198 - Construction of Electricity facility,Electricity,18-12-2022,1008066,Sanctioned
199,Madhya Pradesh,District_D,Constituency_37,MP_Name_37,MP/515/2021-2022/50199 - Construction of Health facility,Health,04-03-2023,1642468,Sanctioned
200,Madhya Pradesh,District_A,Constituency_37,MP_Name_37,MP/297/2023-2024/50200 - Construction of Sanitation facility,Education,07-02-2023,840669,Sanctioned
201,Karnataka,District_E,Constituency_38,MP_Name_38,KA/242/2021-2022/50201 - Construction of Education facility,Roads,17-09-2024,1547663,Sanctioned
202,Karnataka,District_A,Constituency_38,MP_Name_38,KA/838/2021-2022/50202 - Construction of Electricity facility,Roads,22-01-2024,694854,Sanctioned
203,Karnataka,District_A,Constituency_38,MP_Name_38,KA/949/2022-2023/50203 - Construction of Sanitation facility,Health,27-09-2023,984262,Sanctioned
204,West Bengal,District_B,Constituency_39,MP_Name_39,WB/859/2021-2022/50204 - Construction of Health facility,Health,28-09-2022,1771551,Sanctioned
205,West Bengal,District_D,Constituency_39,MP_Name_39,WB/388/2022-2023/50205 - Construction of Drinking Water facility,Electricity,07-08-2023,1090479,Sanctioned
206,West Bengal,District_D,Constituency_39,MP_Name_39,WB/994/2023-2024/50206 - Construction of Electricity facility,Sanitation,18-09-2024,588006,Sanctioned
207,West Bengal,District_B,Constituency_39,MP_Name_39,WB/456/2021-2022/50207 - Construction of Drinking Water facility,Health,01-01-2024,1537916,Sanctioned
208,Gujarat,District_E,Constituency_40,MP_Name_40,GJ/449/2021-2022/50208 - Construction of Electricity facility,Education,09-12-2024,761839,Sanctioned
209,Gujarat,District_B,Constituency_40,MP_Name_40,GJ/746/2021-2022/50209 - Construction of Electricity facility,Roads,01-01-2023,422045,Sanctioned
210,Gujarat,District_D,Constituency_40,MP_Name_40,GJ/948/2022-2023/50210 - Construction of Roads facility,Electricity,11-11-2021,1604237,Sanctioned
211,Gujarat,District_A,Constituency_40,MP_Name_40,GJ/974/2022-2023/50211 - Construction of Drinking Water facility,Drinking Water,25-05-2024,1310809,Sanctioned
212,Gujarat,District_D,Constituency_40,MP_Name_40,GJ/723/2023-2024/50212 - Construction of Education facility,Electricity,01-10-2024,1077229,Sanctioned
213,Gujarat,District_A,Constituency_40,MP_Name_40,GJ/874/2023-2024/50213 - Construction of Sanitation facility,Electricity,19-01-2024,1849323,Sanctioned
214,Gujarat,District_A,Constituency_40,MP_Name_40,GJ/556/2021-2022/50214 - Construction of Education facility,Electricity,15-01-2021,662676,Sanctioned
215,Rajasthan,District_D,Constituency_41,MP_Name_41,RJ/927/2022-2023/50215 - Construction of Electricity facility,Roads,02-06-2023,1404123,Sanctioned
216,Rajasthan,District_A,Constituency_41,MP_Name_41,RJ/225/2023-2024/50216 - Construction of Electricity facility,Education,27-02-2022,1715533,Sanctioned
217,Rajasthan,District_B,Constituency_41,MP_Name_41,RJ/932/2021-2022/50217 - Construction of Health facility,Electricity,30-04-2021,1803104,Sanctioned
218,West Bengal,District_D,Constituency_42,MP_Name_42,WB/852/2022-2023/50218 - Construction of Education facility,Drinking Water,13-03-2022,693658,Sanctioned
219,West Bengal,District_A,Constituency_42,MP_Name_42,WB/508/2022-2023/50219 - Construction of Roads facility,Sanitation,15-10-2023,675493,Sanctioned
220,West Bengal,District_A,Constituency_42,MP_Name_42,WB/702/2022-2023/50220 - Construction of Health facility,Health,12-03-2023,728592,Sanctioned
221,West Bengal,District_C,Constituency_42,MP_Name_42,WB/747/2021-2022/50221 - Construction of Health facility,Education,10-01-2023,1166900,Sanctioned
222,West Bengal,District_C,Constituency_42,MP_Name_42,WB/888/2021-2022/50222 - Construction of Drinking Water facility,Electricity,21-02-2021,973522,Sanctioned
223,West Bengal,District_D,Constituency_42,MP_Name_42,WB/101/2023-2024/50223 - Construction of Education facility,Roads,22-08-2022,828787,Sanctioned
224,West Bengal,District_C,Constituency_42,MP_Name_42,WB/869/2023-2024/50224 - Construction of Drinking Water facility,Education,26-07-2021,646480,Sanctioned
225,West Bengal,District_C,Constituency_42,MP_Name_42,WB/488/2022-2023/50225 - Construction of Education facility,Drinking Water,18-04-2024,1236173,Sanctioned
226,Delhi,District_A,Constituency_43,MP_Name_43,DL/720/2021-2022/50226 - Construction of Education facility,Sanitation,27-01-2023,1003809,Sanctioned
227,Delhi,District_C,Constituency_43,MP_Name_43,DL/511/2021-2022/50227 - Construction of Sanitation facility,Sanitation,14-06-2023,408062,Sanctioned
228,Delhi,District_A,Constituency_43,MP_Name_43,DL/359/2022-2023/50228 - Construction of Electricity facility,Roads,12-07-2021,779789,Sanctioned
229,Delhi,District_E,Constituency_43,MP_Name_43,DL/662/2021-2022/50229 - Construction of Sanitation facility,Sanitation,20-03-2024,1711346,Sanctioned
230,Delhi,District_A,Constituency_43,MP_Name_43,DL/857/2022-2023/50230 - Construction of Education facility,Electricity,07-06-2021,684600,Sanctioned
231,Maharashtra,District_E,Constituency_44,MP_Name_44,MH/626/2021-2022/50231 - Construction of Education facility,Sanitation,26-07-2023,759148,Sanctioned
232,Maharashtra,District_C,Constituency_44,MP_Name_44,MH/425/2021-2022/50232 - Construction of Electricity facility,Drinking Water,30-06-2022,1344296,Sanctioned
233,Maharashtra,District_E,Constituency_44,MP_Name_44,MH/705/2022-2023/50233 - Construction of Roads facility,Electricity,26-07-2024,403796,Sanctioned
234,Maharashtra,District_B,Constituency_44,MP_Name_44,MH/442/2022-2023/50234 - Construction of Electricity facility,Drinking Water,14-10-2021,1157442,Sanctioned
235,Maharashtra,District_D,Constituency_44,MP_Name_44,MH/116/2021-2022/50235 - Construction of Electricity facility,Electricity,03-05-2022,1675453,Sanctioned
236,Maharashtra,District_D,Constituency_44,MP_Name_44,MH/714/2021-2022/50236 - Construction of Drinking Water facility,Education,06-02-2023,1526710,Sanctioned
237,Maharashtra,District_A,Constituency_44,MP_Name_44,MH/583/2022-2023/50237 - Construction of Drinking Water facility,Electricity,17-12-2023,503845,Sanctioned
238,Maharashtra,District_A,Constituency_44,MP_Name_44,MH/405/2023-2024/50238 - Construction of Drinking Water facility,Education,24-09-2022,1108206,Sanctioned
239,West Bengal,District_A,Constituency_45,MP_Name_45,WB/403/2023-2024/50239 - Construction of Electricity facility,Sanitation,09-06-2022,1279206,Sanctioned
240,West Bengal,District_D,Constituency_45,MP_Name_45,WB/175/2021-2022/50240 - Construction of Electricity facility,Health,06-03-2023,459104,Sanctioned
241,West Bengal,District_A,Constituency_45,MP_Name_45,WB/566/2023-2024/50241 - Construction of Health facility,Health,14-10-2022,1574559,Sanctioned
242,West Bengal,District_D,Constituency_45,MP_Name_45,WB/222/2023-2024/50242 - Construction of Roads facility,Drinking Water,05-08-2023,1889952,Sanctioned
243,West Bengal,District_B,Constituency_45,MP_Name_45,WB/126/2021-2022/50243 - Construction of Drinking Water facility,Drinking Water,07-01-2022,1383836,Sanctioned
244,West Bengal,District_C,Constituency_45,MP_Name_45,WB/605/2023-2024/50244 - Construction of Roads facility,Electricity,24-01-2021,1683714,Sanctioned
245,West Bengal,District_B,Constituency_45,MP_Name_45,WB/329/2021-2022/50245 - Construction of Electricity facility,Drinking Water,23-06-2024,491472,Sanctioned
246,West Bengal,District_A,Constituency_45,MP_Name_45,WB/951/2023-2024/50246 - Construction of Education facility,Electricity,29-12-2021,1694331,Sanctioned
247,Gujarat,District_D,Constituency_46,MP_Name_46,GJ/431/2021-2022/50247 - Construction of Sanitation facility,Education,16-12-2022,866955,Sanctioned
248,Gujarat,District_E,Constituency_46,MP_Name_46,GJ/648/2023-2024/50248 - Construction of Health facility,Roads,02-07-2024,1607708,Sanctioned
249,Gujarat,District_A,Constituency_46,MP_Name_46,GJ/688/2022-2023/50249 - Construction of Electricity facility,Electricity,14-08-2022,1167213,Sanctioned
250,Gujarat,District_B,Constituency_46,MP_Name_46,GJ/962/2023-2024/50250 - Construction of Sanitation facility,Roads,03-10-2022,1306746,Sanctioned
251,Gujarat,District_C,Constituency_46,MP_Name_46,GJ/707/2023-2024/50251 - Construction of Sanitation facility,Electricity,29-08-2024,516923,Sanctioned
252,Gujarat,District_E,Constituency_46,MP_Name_46,GJ/287/2021-2022/50252 - Construction of Sanitation facility,Sanitation,25-10-2023,1875437,Sanctioned
253,Maharashtra,District_B,Constituency_47,MP_Name_47,MH/535/2023-2024/50253 - Construction of Health facility,Sanitation,08-12-2022,411389,Sanctioned
254,Maharashtra,District_E,Constituency_47,MP_Name_47,MH/608/2022-2023/50254 - Construction of Electricity facility,Education,23-07-2021,496825,Sanctioned
255,Maharashtra,District_A,Constituency_47,MP_Name_47,MH/545/2023-2024/50255 - Construction of Roads facility,Electricity,26-10-2023,1038874,Sanctioned
256,Maharashtra,District_E,Constituency_47,MP_Name_47,MH/263/2022-2023/50256 - Construction of Health facility,Health,28-07-2024,1725654,Sanctioned
257,Maharashtra,District_B,Constituency_47,MP_Name_47,MH/386/2023-2024/50257 - Construction of Roads facility,Sanitation,02-03-2024,1216577,Sanctioned
258,West Bengal,District_B,Constituency_48,MP_Name_48,WB/748/2023-2024/50258 - Construction of Drinking Water facility,Sanitation,08-04-2024,1627287,Sanctioned
259,West Bengal,District_C,Constituency_48,MP_Name_48,WB/438/2023-2024/50259 - Construction of Roads facility,Drinking Water,12-10-2021,1272934,Sanctioned
260,West Bengal,District_B,Constituency_48,MP_Name_48,WB/194/2021-2022/50260 - Construction of Electricity facility,Drinking Water,06-06-2021,1013940,Sanctioned
261,West Bengal,District_D,Constituency_48,MP_Name_48,WB/272/2021-2022/50261 - Construction of Drinking Water facility,Roads,08-04-2024,637008,Sanctioned
262,West Bengal,District_C,Constituency_48,MP_Name_48,WB/562/2023-2024/50262 - Construction of Electricity facility,Sanitation,31-03-2024,1159121,Sanctioned
263,Tamil Nadu,District_B,Constituency_49,MP_Name_49,TN/231/2023-2024/50263 - Construction of Sanitation facility,Health,17-01-2024,1049568,Sanctioned
264,Tamil Nadu,District_E,Constituency_49,MP_Name_49,TN/991/2021-2022/50264 - Construction of Roads facility,Education,16-05-2024,966645,Sanctioned
265,Tamil Nadu,District_D,Constituency_49,MP_Name_49,TN/315/2022-2023/50265 - Construction of Education facility,Drinking Water,05-08-2024,843996,Sanctioned
266,Tamil Nadu,District_B,Constituency_49,MP_Name_49,TN/548/2021-2022/50266 - Construction of Sanitation facility,Education,09-06-2021,1609639,Sanctioned
267,Tamil Nadu,District_E,Constituency_49,MP_Name_49,TN/729/2021-2022/50267 - Construction of Sanitation facility,Roads,26-04-2024,825313,Sanctioned
268,Delhi,District_E,Constituency_50,MP_Name_50,DL/198/2023-2024/50268 - Construction of Drinking Water facility,Education,30-04-2023,1611171,Sanctioned
269,Delhi,District_A,Constituency_50,MP_Name_50,DL/723/2021-2022/50269 - Construction of Education facility,Roads,23-09-2024,1156149,Sanctioned
270,Delhi,District_E,Constituency_50,MP_Name_50,DL/164/2022-2023/50270 - Construction of Education facility,Health,31-10-2024,787561,Sanctioned
271,Delhi,District_A,Constituency_50,MP_Name_50,DL/568/2022-2023/50271 - Construction of Electricity facility,Electricity,12-07-2024,1541312,Sanctioned
272,Uttar Pradesh,District_B,Constituency_51,MP_Name_51,UP/519/2021-2022/50272 - Construction of Sanitation facility,Electricity,10-12-2021,810888,Sanctioned
273,Uttar Pradesh,District_B,Constituency_51,MP_Name_51,UP/264/2022-2023/50273 - Construction of Drinking Water facility,Roads,15-02-2023,1516671,Sanctioned
274,Uttar Pradesh,District_D,Constituency_51,MP_Name_51,UP/728/2021-2022/50274 - Construction of Roads facility,Sanitation,09-11-2022,437547,Sanctioned
275,Delhi,District_B,Constituency_52,MP_Name_52,DL/578/2023-2024/50275 - Construction of Health facility,Drinking Water,07-12-2024,1673008,Sanctioned
276,Delhi,District_A,Constituency_52,MP_Name_52,DL/748/2021-2022/50276 - Construction of Electricity facility,Drinking Water,30-09-2021,1462811,Sanctioned
277,Delhi,District_D,Constituency_52,MP_Name_52,DL/761/2021-2022/50277 - Construction of Education facility,Electricity,06-12-2021,1847221,Sanctioned
278,Delhi,District_A,Constituency_52,MP_Name_52,DL/735/2022-2023/50278 - Construction of Health facility,Roads,10-04-2021,1601105,Sanctioned
279,Delhi,District_B,Constituency_52,MP_Name_52,DL/364/2021-2022/50279 - Construction of Roads facility,Electricity,13-04-2023,912584,Sanctioned
280,Bihar,District_A,Constituency_53,MP_Name_53,BR/631/2022-2023/50280 - Construction of Electricity facility,Education,06-08-2024,478468,Sanctioned
281,Bihar,District_B,Constituency_53,MP_Name_53,BR/112/2022-2023/50281 - Construction of Health facility,Education,20-05-2021,849970,Sanctioned
282,Bihar,District_E,Constituency_53,MP_Name_53,BR/607/2022-2023/50282 - Construction of Electricity facility,Education,19-07-2024,982581,Sanctioned
283,Bihar,District_D,Constituency_53,MP_Name_53,BR/324/2023-2024/50283 - Construction of Roads facility,Electricity,13-08-2021,1189144,Sanctioned
284,Bihar,District_A,Constituency_53,MP_Name_53,BR/369/2021-2022/50284 - Construction of Drinking Water facility,Electricity,12-02-2021,1244107,Sanctioned
285,Bihar,District_E,Constituency_53,MP_Name_53,BR/686/2022-2023/50285 - Construction of Sanitation facility,Electricity,19-12-2022,743696,Sanctioned
286,Delhi,District_A,Constituency_54,MP_Name_54,DL/846/2023-2024/50286 - Construction of Education facility,Sanitation,15-03-2024,1206844,Sanctioned
287,Delhi,District_E,Constituency_54,MP_Name_54,DL/173/2023-2024/50287 - Construction of Sanitation facility,Electricity,10-03-2023,1186290,Sanctioned
288,Delhi,District_D,Constituency_54,MP_Name_54,DL/185/2022-2023/50288 - Construction of Roads facility,Education,15-02-2023,1848254,Sanctioned
289,Uttar Pradesh,District_D,Constituency_55,MP_Name_55,UP/877/2022-2023/50289 - Construction of Health facility,Roads,22-07-2022,496180,Sanctioned
290,Uttar Pradesh,District_C,Constituency_55,MP_Name_55,UP/681/2022-2023/50290 - Construction of Electricity facility,Roads,29-01-2021,1823852,Sanctioned
291,Uttar Pradesh,District_C,Constituency_55,MP_Name_55,UP/467/2022-2023/50291 - Construction of Sanitation facility,Sanitation,07-12-2022,1779600,Sanctioned
292,Uttar Pradesh,District_B,Constituency_55,MP_Name_55,UP/846/2021-2022/50292 - Construction of Drinking Water facility,Health,19-06-2022,891049,Sanctioned
293,Uttar Pradesh,District_D,Constituency_55,MP_Name_55,UP/262/2022-2023/50293 - Construction of Sanitation facility,Electricity,19-05-2022,1026058,Sanctioned
294,Uttar Pradesh,District_E,Constituency_55,MP_Name_55,UP/568/2022-2023/50294 - Construction of Health facility,Roads,10-09-2021,1783665,Sanctioned
295,Uttar Pradesh,District_C,Constituency_55,MP_Name_55,UP/163/2023-2024/50295 - Construction of Electricity facility,Health,11-01-2022,876449,Sanctioned
296,Karnataka,District_A,Constituency_56,MP_Name_56,KA/851/2021-2022/50296 - Construction of Health facility,Education,30-03-2023,1244318,Sanctioned
297,Karnataka,District_D,Constituency_56,MP_Name_56,KA/115/2023-2024/50297 - Construction of Drinking Water facility,Electricity,01-10-2024,795296,Sanctioned
298,Karnataka,District_C,Constituency_56,MP_Name_56,KA/528/2022-2023/50298 - Construction of Health facility,Sanitation,01-06-2021,1107187,Sanctioned
299,Karnataka,District_D,Constituency_56,MP_Name_56,KA/868/2021-2022/50299 - Construction of Sanitation facility,Drinking Water,02-07-2024,657278,Sanctioned
300,Karnataka,District_C,Constituency_56,MP_Name_56,KA/697/2021-2022/50300 - Construction of Roads facility,Sanitation,12-12-2022,1038631,Sanctioned
301,Karnataka,District_C,Constituency_56,MP_Name_56,KA/203/2022-2023/50301 - Construction of Education facility,Education,15-02-2022,864189,Sanctioned
302,Karnataka,District_B,Constituency_56,MP_Name_56,KA/540/2022-2023/50302 - Construction of Drinking Water facility,Sanitation,08-03-2023,563853,Sanctioned
303,Karnataka,District_A,Constituency_56,MP_Name_56,KA/926/2021-2022/50303 - Construction of Roads facility,Sanitation,13-06-2024,1567392,Sanctioned
304,Rajasthan,District_C,Constituency_57,MP_Name_57,RJ/809/2023-2024/50304 - Construction of Electricity facility,Roads,31-05-2022,919501,Sanctioned
305,Rajasthan,District_A,Constituency_57,MP_Name_57,RJ/884/2021-2022/50305 - Construction of Electricity facility,Health,17-05-2024,1835509,Sanctioned
306,Rajasthan,District_D,Constituency_57,MP_Name_57,RJ/128/2022-2023/50306 - Construction of Electricity facility,Health,10-03-2022,1446457,Sanctioned
307,Rajasthan,District_D,Constituency_57,MP_Name_57,RJ/194/2022-2023/50307 - Construction of Drinking Water facility,Sanitation,01-10-2024,1744057,Sanctioned
308,Rajasthan,District_A,Constituency_57,MP_Name_57,RJ/947/2023-2024/50308 - Construction of Education facility,Drinking Water,01-03-2022,1438134,Sanctioned
309,Karnataka,District_E,Constituency_58,MP_Name_58,KA/669/2021-2022/50309 - Construction of Roads facility,Drinking Water,22-03-2022,1201969,Sanctioned
310,Karnataka,District_B,Constituency_58,MP_Name_58,KA/458/2023-2024/50310 - Construction of Roads facility,Electricity,25-08-2024,832975,Sanctioned
311,Karnataka,District_C,Constituency_58,MP_Name_58,KA/177/2021-2022/50311 - Construction of Roads facility,Sanitation,25-02-2022,1191265,Sanctioned
312,Karnataka,District_B,Constituency_58,MP_Name_58,KA/541/2022-2023/50312 - Construction of Education facility,Health,19-02-2023,869207,Sanctioned
313,Karnataka,District_A,Constituency_58,MP_Name_58,KA/654/2023-2024/50313 - Construction of Health facility,Electricity,19-05-2023,591135,Sanctioned
314,Karnataka,District_C,Constituency_58,MP_Name_58,KA/365/2022-2023/50314 - Construction of Health facility,Electricity,04-02-2022,1886180,Sanctioned
315,Maharashtra,District_B,Constituency_59,MP_Name_59,MH/762/2023-2024/50315 - Construction of Education facility,Health,28-12-2021,1088803,Sanctioned
316,Maharashtra,District_E,Constituency_59,MP_Name_59,MH/352/2023-2024/50316 - Construction of Drinking Water facility,Sanitation,08-03-2023,1426997,Sanctioned
317,Maharashtra,District_E,Constituency_59,MP_Name_59,MH/785/2021-2022/50317 - Construction of Health facility,Roads,20-02-2022,603501,Sanctioned
318,West Bengal,District_C,Constituency_60,MP_Name_60,WB/983/2022-2023/50318 - Construction of Sanitation facility,Roads,02-10-2024,1494362,Sanctioned
319,West Bengal,District_B,Constituency_60,MP_Name_60,WB/614/2021-2022/50319 - Construction of Roads facility,Roads,18-06-2021,793616,Sanctioned
320,West Bengal,District_A,Constituency_60,MP_Name_60,WB/108/2022-2023/50320 - Construction of Roads facility,Drinking Water,06-09-2022,1082590,Sanctioned
321,West Bengal,District_B,Constituency_60,MP_Name_60,WB/325/2021-2022/50321 - Construction of Electricity facility,Education,08-05-2022,1154464,Sanctioned
322,West Bengal,District_A,Constituency_60,MP_Name_60,WB/321/2021-2022/50322 - Construction of Electricity facility,Health,04-07-2023,1703717,Sanctioned
323,Tamil Nadu,District_A,Constituency_61,MP_Name_61,TN/120/2021-2022/50323 - Construction of Sanitation facility,Roads,12-04-2022,914875,Sanctioned
324,Tamil Nadu,District_D,Constituency_61,MP_Name_61,TN/941/2023-2024/50324 - Construction of Electricity facility,Sanitation,10-03-2024,1567958,Sanctioned
325,Tamil Nadu,District_B,Constituency_61,MP_Name_61,TN/662/2022-2023/50325 - Construction of Health facility,Education,23-07-2023,554865,Sanctioned
326,Tamil Nadu,District_E,Constituency_61,MP_Name_61,TN/313/2023-2024/50326 - Construction of Electricity facility,Roads,22-01-2023,1337227,Sanctioned
327,Tamil Nadu,District_B,Constituency_61,MP_Name_61,TN/116/2022-2023/50327 - Construction of Education facility,Sanitation,30-06-2023,1435327,Sanctioned
328,Tamil Nadu,District_A,Constituency_61,MP_Name_61,TN/984/2023-2024/50328 - Construction of Sanitation facility,Education,12-11-2022,668187,Sanctioned
329,Tamil Nadu,District_D,Constituency_61,MP_Name_61,TN/164/2021-2022/50329 - Construction of Drinking Water facility,Health,24-02-2024,1277812,Sanctioned
330,Uttar Pradesh,District_B,Constituency_62,MP_Name_62,UP/970/2023-2024/50330 - Construction of Education facility,Education,21-04-2021,401516,Sanctioned
331,Uttar Pradesh,District_E,Constituency_62,MP_Name_62,UP/660/2022-2023/50331 - Construction of Electricity facility,Health,15-03-2024,561148,Sanctioned
332,Uttar Pradesh,District_E,Constituency_62,MP_Name_62,UP/775/2021-2022/50332 - Construction of Sanitation facility,Electricity,05-05-2024,678473,Sanctioned
333,Uttar Pradesh,District_C,Constituency_62,MP_Name_62,UP/346/2023-2024/50333 - Construction of Drinking Water facility,Education,09-03-2021,758096,Sanctioned
334,Uttar Pradesh,District_C,Constituency_62,MP_Name_62,UP/669/2023-2024/50334 - Construction of Drinking Water facility,Health,30-11-2022,470875,Sanctioned
335,Madhya Pradesh,District_B,Constituency_63,MP_Name_63,MP/370/2021-2022/50335 - Construction of Education facility,Sanitation,05-06-2021,408706,Sanctioned
336,Madhya Pradesh,District_E,Constituency_63,MP_Name_63,MP/996/2021-2022/50336 - Construction of Education facility,Education,11-07-2022,1117964,Sanctioned
337,Madhya Pradesh,District_E,Constituency_63,MP_Name_63,MP/777/2021-2022/50337 - Construction of Sanitation facility,Drinking Water,22-01-2023,708723,Sanctioned
338,Madhya Pradesh,District_D,Constituency_63,MP_Name_63,MP/475/2023-2024/50338 - Construction of Electricity facility,Education,02-07-2021,1144404,Sanctioned
339,Madhya Pradesh,District_A,Constituency_63,MP_Name_63,MP/929/2021-2022/50339 - Construction of Health facility,Sanitation,01-02-2023,1850752,Sanctioned
340,Madhya Pradesh,District_D,Constituency_63,MP_Name_63,MP/527/2023-2024/50340 - Construction of Roads facility,Health,03-06-2024,1016645,Sanctioned
341,Madhya Pradesh,District_D,Constituency_63,MP_Name_63,MP/348/2023-2024/50341 - Construction of Electricity facility,Health,15-09-2023,1350379,Sanctioned
342,Madhya Pradesh,District_B,Constituency_63,MP_Name_63,MP/979/2021-2022/50342 - Construction of Roads facility,Drinking Water,12-01-2023,1135840,Sanctioned
343,Delhi,District_E,Constituency_64,MP_Name_64,DL/441/2022-2023/50343 - Construction of Roads facility,Sanitation,04-05-2024,489677,Sanctioned
344,Delhi,District_A,Constituency_64,MP_Name_64,DL/744/2022-2023/50344 - Construction of Electricity facility,Health,13-08-2022,1023483,Sanctioned
345,Delhi,District_C,Constituency_64,MP_Name_64,DL/273/2022-2023/50345 - Construction of Roads facility,Sanitation,13-10-2023,1339414,Sanctioned
346,Delhi,District_B,Constituency_64,MP_Name_64,DL/750/2023-2024/50346 - Construction of Roads facility,Sanitation,04-12-2023,1879847,Sanctioned
347,Delhi,District_C,Constituency_64,MP_Name_64,DL/389/2021-2022/50347 - Construction of Electricity facility,Health,29-07-2022,1702675,Sanctioned
348,Tamil Nadu,District_A,Constituency_65,MP_Name_65,TN/589/2022-2023/50348 - Construction of Sanitation facility,Electricity,22-09-2021,867213,Sanctioned
349,Tamil Nadu,District_A,Constituency_65,MP_Name_65,TN/368/2023-2024/50349 - Construction of Health facility,Roads,11-04-2021,1341953,Sanctioned
350,Tamil Nadu,District_D,Constituency_65,MP_Name_65,TN/359/2022-2023/50350 - Construction of Sanitation facility,Sanitation,18-02-2022,444083,Sanctioned
351,Gujarat,District_B,Constituency_66,MP_Name_66,GJ/245/2023-2024/50351 - Construction of Electricity facility,Electricity,17-05-2021,664757,Sanctioned
352,Gujarat,District_D,Constituency_66,MP_Name_66,GJ/608/2021-2022/50352 - Construction of Drinking Water facility,Electricity,09-09-2022,1453634,Sanctioned
353,Gujarat,District_E,Constituency_66,MP_Name_66,GJ/456/2021-2022/50353 - Construction of Electricity facility,Electricity,17-08-2021,1659339,Sanctioned
354,Gujarat,District_A,Constituency_66,MP_Name_66,GJ/965/2023-2024/50354 - Construction of Drinking Water facility,Drinking Water,28-07-2022,1094171,Sanctioned
355,Gujarat,District_C,Constituency_66,MP_Name_66,GJ/127/2023-2024/50355 - Construction of Drinking Water facility,Drinking Water,07-12-2024,1480547,Sanctioned
356,Gujarat,District_A,Constituency_66,MP_Name_66,GJ/404/2022-2023/50356 - Construction of Electricity facility,Sanitation,02-06-2022,1896636,Sanctioned
357,Gujarat,District_C,Constituency_66,MP_Name_66,GJ/177/2022-2023/50357 - Construction of Roads facility,Roads,09-02-2022,1166792,Sanctioned
358,Madhya Pradesh,District_C,Constituency_67,MP_Name_67,MP/985/2022-2023/50358 - Construction of Electricity facility,Drinking Water,11-05-2023,1371068,Sanctioned
359,Madhya Pradesh,District_C,Constituency_67,MP_Name_67,MP/106/2022-2023/50359 - Construction of Drinking Water facility,Education,16-08-2021,568362,Sanctioned
360,Madhya Pradesh,District_D,Constituency_67,MP_Name_67,MP/606/2022-2023/50360 - Construction of Health facility,Electricity,23-08-2022,1245076,Sanctioned
361,Madhya Pradesh,District_B,Constituency_67,MP_Name_67,MP/148/2022-2023/50361 - Construction of Drinking Water facility,Sanitation,23-04-2023,631565,Sanctioned
362,Karnataka,District_E,Constituency_68,MP_Name_68,KA/638/2022-2023/50362 - Construction of Sanitation facility,Drinking Water,11-04-2023,1055724,Sanctioned
363,Karnataka,District_E,Constituency_68,MP_Name_68,KA/571/2022-2023/50363 - Construction of Education facility,Education,17-06-2023,1196683,Sanctioned
364,Karnataka,District_B,Constituency_68,MP_Name_68,KA/266/2021-2022/50364 - Construction of Electricity facility,Electricity,28-10-2021,1693746,Sanctioned
365,Karnataka,District_B,Constituency_68,MP_Name_68,KA/271/2021-2022/50365 - Construction of Drinking Water facility,Electricity,15-12-2024,553251,Sanctioned
366,Karnataka,District_B,Constituency_68,MP_Name_68,KA/788/2022-2023/50366 - Construction of Sanitation facility,Electricity,01-05-2022,497224,Sanctioned
367,Karnataka,District_C,Constituency_68,MP_Name_68,KA/435/2022-2023/50367 - Construction of Roads facility,Electricity,22-02-2024,986554,Sanctioned
368,Karnataka,District_E,Constituency_68,MP_Name_68,KA/200/2023-2024/50368 - Construction of Sanitation facility,Electricity,16-03-2023,1520966,Sanctioned
369,Karnataka,District_A,Constituency_68,MP_Name_68,KA/171/2021-2022/50369 - Construction of Sanitation facility,Electricity,15-04-2023,778486,Sanctioned
370,Delhi,District_A,Constituency_69,MP_Name_69,DL/465/2021-2022/50370 - Construction of Roads facility,Education,27-06-2024,1232830,Sanctioned
371,Delhi,District_B,Constituency_69,MP_Name_69,DL/603/2022-2023/50371 - Construction of Health facility,Electricity,15-01-2022,1127006,Sanctioned
372,Delhi,District_C,Constituency_69,MP_Name_69,DL/559/2021-2022/50372 - Construction of Education facility,Electricity,29-03-2022,1048287,Sanctioned
373,Delhi,District_A,Constituency_69,MP_Name_69,DL/646/2023-2024/50373 - Construction of Drinking Water facility,Roads,24-03-2024,1292651,Sanctioned
374,Delhi,District_C,Constituency_69,MP_Name_69,DL/241/2021-2022/50374 - Construction of Electricity facility,Electricity,27-04-2021,1858507,Sanctioned
375,Delhi,District_C,Constituency_69,MP_Name_69,DL/503/2021-2022/50375 - Construction of Roads facility,Drinking Water,13-03-2022,1529640,Sanctioned
376,Delhi,District_E,Constituency_69,MP_Name_69,DL/289/2022-2023/50376 - Construction of Sanitation facility,Health,03-07-2023,979734,Sanctioned
377,Delhi,District_D,Constituency_69,MP_Name_69,DL/881/2023-2024/50377 - Construction of Electricity facility,Electricity,09-02-2022,451921,Sanctioned
378,Maharashtra,District_C,Constituency_70,MP_Name_70,MH/623/2021-2022/50378 - Construction of Sanitation facility,Health,11-08-2023,1332544,Sanctioned
379,Maharashtra,District_C,Constituency_70,MP_Name_70,MH/688/2021-2022/50379 - Construction of Sanitation facility,Roads,14-11-2022,817043,Sanctioned
380,Maharashtra,District_C,Constituency_70,MP_Name_70,MH/382/2021-2022/50380 - Construction of Sanitation facility,Health,05-12-2022,1623345,Sanctioned
381,Maharashtra,District_D,Constituency_70,MP_Name_70,MH/456/2022-2023/50381 - Construction of Sanitation facility,Roads,08-02-2022,1678928,Sanctioned
382,Maharashtra,District_C,Constituency_70,MP_Name_70,MH/422/2022-2023/50382 - Construction of Electricity facility,Drinking Water,03-06-2021,619588,Sanctioned
383,Madhya Pradesh,District_E,Constituency_71,MP_Name_71,MP/101/2021-2022/50383 - Construction of Sanitation facility,Health,06-12-2024,1302895,Sanctioned
384,Madhya Pradesh,District_B,Constituency_71,MP_Name_71,MP/818/2022-2023/50384 - Construction of Drinking Water facility,Electricity,15-07-2021,1000622,Sanctioned
385,Madhya Pradesh,District_A,Constituency_71,MP_Name_71,MP/232/2021-2022/50385 - Construction of Roads facility,Drinking Water,23-11-2021,1012950,Sanctioned
386,Madhya Pradesh,District_A,Constituency_71,MP_Name_71,MP/533/2022-2023/50386 - Construction of Sanitation facility,Health,20-12-2024,604027,Sanctioned
387,Madhya Pradesh,District_C,Constituency_71,MP_Name_71,MP/548/2022-2023/50387 - Construction of Health facility,Sanitation,13-11-2022,1664446,Sanctioned
388,Delhi,District_A,Constituency_72,MP_Name_72,DL/526/2022-2023/50388 - Construction of Education facility,Health,10-08-2021,1399036,Sanctioned
389,Delhi,District_B,Constituency_72,MP_Name_72,DL/749/2021-2022/50389 - Construction of Roads facility,Sanitation,18-04-2021,1107306,Sanctioned
390,Delhi,District_A,Constituency_72,MP_Name_72,DL/809/2023-2024/50390 - Construction of Electricity facility,Roads,08-10-2024,1554937,Sanctioned
391,Delhi,District_E,Constituency_72,MP_Name_72,DL/667/2022-2023/50391 - Construction of Electricity facility,Health,26-05-2024,429623,Sanctioned
392,Bihar,District_A,Constituency_73,MP_Name_73,BR/395/2022-2023/50392 - Construction of Sanitation facility,Drinking Water,12-06-2023,1198118,Sanctioned
393,Bihar,District_B,Constituency_73,MP_Name_73,BR/230/2021-2022/50393 - Construction of Roads facility,Sanitation,06-02-2022,1343625,Sanctioned
394,Bihar,District_E,Constituency_73,MP_Name_73,BR/590/2021-2022/50394 - Construction of Sanitation facility,Drinking Water,25-07-2024,1355578,Sanctioned
395,Bihar,District_E,Constituency_73,MP_Name_73,BR/211/2022-2023/50395 - Construction of Education facility,Roads,22-04-2024,1434896,Sanctioned
396,Bihar,District_D,Constituency_73,MP_Name_73,BR/750/2023-2024/50396 - Construction of Education facility,Electricity,31-05-2024,1073126,Sanctioned
397,Bihar,District_D,Constituency_73,MP_Name_73,BR/758/2022-2023/50397 - Construction of Electricity facility,Drinking Water,30-12-2024,850871,Sanctioned
398,Karnataka,District_C,Constituency_74,MP_Name_74,KA/322/2021-2022/50398 - Construction of Electricity facility,Drinking Water,06-02-2023,1521340,Sanctioned
399,Karnataka,District_D,Constituency_74,MP_Name_74,KA/540/2022-2023/50399 - Construction of Drinking Water facility,Sanitation,07-04-2021,1766981,Sanctioned
400,Karnataka,District_D,Constituency_74,MP_Name_74,KA/301/2023-2024/50400 - Construction of Sanitation facility,Drinking Water,20-10-2022,955157,Sanctioned
401,Karnataka,District_E,Constituency_74,MP_Name_74,KA/841/2021-2022/50401 - Construction of Drinking Water facility,Drinking Water,05-09-2022,1739777,Sanctioned
402,Karnataka,District_E,Constituency_74,MP_Name_74,KA/733/2021-2022/50402 - Construction of Sanitation facility,Sanitation,01-06-2023,674196,Sanctioned
403,Karnataka,District_D,Constituency_74,MP_Name_74,KA/570/2021-2022/50403 - Construction of Education facility,Electricity,11-03-2021,423436,Sanctioned
404,Karnataka,District_A,Constituency_74,MP_Name_74,KA/927/2023-2024/50404 - Construction of Education facility,Education,15-09-2021,452446,Sanctioned
405,Karnataka,District_B,Constituency_74,MP_Name_74,KA/607/2022-2023/50405 - Construction of Electricity facility,Health,29-01-2022,1240828,Sanctioned
406,Maharashtra,District_C,Constituency_75,MP_Name_75,MH/507/2021-2022/50406 - Construction of Electricity facility,Sanitation,15-06-2022,880463,Sanctioned
407,Maharashtra,District_B,Constituency_75,MP_Name_75,MH/247/2021-2022/50407 - Construction of Health facility,Education,02-03-2024,1893204,Sanctioned
408,Maharashtra,District_E,Constituency_75,MP_Name_75,MH/391/2021-2022/50408 - Construction of Health facility,Roads,04-02-2023,1843829,Sanctioned
409,Maharashtra,District_D,Constituency_75,MP_Name_75,MH/192/2022-2023/50409 - Construction of Health facility,Drinking Water,25-04-2021,1866029,Sanctioned
410,Maharashtra,District_E,Constituency_75,MP_Name_75,MH/719/2021-2022/50410 - Construction of Drinking Water facility,Education,29-09-2022,1769320,Sanctioned
411,Maharashtra,District_C,Constituency_75,MP_Name_75,MH/289/2023-2024/50411 - Construction of Education facility,Drinking Water,27-12-2024,402938,Sanctioned
412,Maharashtra,District_C,Constituency_75,MP_Name_75,MH/776/2021-2022/50412 - Construction of Sanitation facility,Sanitation,17-02-2021,551596,Sanctioned
413,Maharashtra,District_A,Constituency_76,MP_Name_76,MH/388/2023-2024/50413 - Construction of Drinking Water facility,Sanitation,17-11-2023,844757,Sanctioned
414,Maharashtra,District_D,Constituency_76,MP_Name_76,MH/255/2022-2023/50414 - Construction of Education facility,Electricity,25-06-2022,1283377,Sanctioned
415,Maharashtra,District_D,Constituency_76,MP_Name_76,MH/442/2021-2022/50415 - Construction of Health facility,Drinking Water,31-10-2024,1333875,Sanctioned
416,Maharashtra,District_E,Constituency_76,MP_Name_76,MH/795/2022-2023/50416 - Construction of Sanitation facility,Sanitation,08-07-2024,484981,Sanctioned
417,Maharashtra,District_E,Constituency_76,MP_Name_76,MH/480/2021-2022/50417 - Construction of Roads facility,Health,15-10-2024,1784445,Sanctioned
418,Maharashtra,District_D,Constituency_76,MP_Name_76,MH/402/2023-2024/50418 - Construction of Roads facility,Electricity,09-08-2023,1084193,Sanctioned
419,Maharashtra,District_C,Constituency_77,MP_Name_77,MH/929/2022-2023/50419 - Construction of Roads facility,Health,07-07-2023,779208,Sanctioned
420,Maharashtra,District_D,Constituency_77,MP_Name_77,MH/688/2021-2022/50420 - Construction of Drinking Water facility,Drinking Water,27-06-2021,411972,Sanctioned
421,Maharashtra,District_C,Constituency_77,MP_Name_77,MH/282/2023-2024/50421 - Construction of Education facility,Sanitation,15-02-2023,1543836,Sanctioned
422,Maharashtra,District_C,Constituency_77,MP_Name_77,MH/701/2021-2022/50422 - Construction of Electricity facility,Health,10-04-2024,1478826,Sanctioned
423,Maharashtra,District_D,Constituency_77,MP_Name_77,MH/699/2022-2023/50423 - Construction of Sanitation facility,Health,06-08-2023,1766870,Sanctioned
424,Maharashtra,District_C,Constituency_77,MP_Name_77,MH/680/2021-2022/50424 - Construction of Education facility,Drinking Water,24-06-2023,1251153,Sanctioned
425,Gujarat,District_E,Constituency_78,MP_Name_78,GJ/178/2022-2023/50425 - Construction of Sanitation facility,Health,09-04-2023,1322744,Sanctioned
426,Gujarat,District_E,Constituency_78,MP_Name_78,GJ/133/2021-2022/50426 - Construction of Education facility,Roads,02-01-2023,1728154,Sanctioned
427,Gujarat,District_A,Constituency_78,MP_Name_78,GJ/612/2022-2023/50427 - Construction of Sanitation facility,Sanitation,18-08-2024,1032992,Sanctioned
428,Gujarat,District_D,Constituency_78,MP_Name_78,GJ/821/2021-2022/50428 - Construction of Health facility,Electricity,01-05-2021,1844273,Sanctioned
429,Gujarat,District_E,Constituency_79,MP_Name_79,GJ/474/2021-2022/50429 - Construction of Roads facility,Education,17-09-2021,1117451,Sanctioned
430,Gujarat,District_C,Constituency_79,MP_Name_79,GJ/166/2021-2022/50430 - Construction of Education facility,Health,16-07-2022,1070448,Sanctioned
431,Gujarat,District_C,Constituency_79,MP_Name_79,GJ/146/2023-2024/50431 - Construction of Health facility,Education,23-01-2023,480859,Sanctioned
432,Gujarat,District_E,Constituency_79,MP_Name_79,GJ/300/2021-2022/50432 - Construction of Drinking Water facility,Drinking Water,14-08-2024,1301862,Sanctioned
433,Gujarat,District_B,Constituency_79,MP_Name_79,GJ/433/2022-2023/50433 - Construction of Sanitation facility,Sanitation,01-06-2022,516763,Sanctioned
434,Gujarat,District_B,Constituency_79,MP_Name_79,GJ/477/2022-2023/50434 - Construction of Electricity facility,Sanitation,21-03-2023,689179,Sanctioned
435,Madhya Pradesh,District_B,Constituency_80,MP_Name_80,MP/334/2022-2023/50435 - Construction of Roads facility,Health,01-11-2022,699627,Sanctioned
436,Madhya Pradesh,District_C,Constituency_80,MP_Name_80,MP/172/2023-2024/50436 - Construction of Sanitation facility,Education,25-02-2024,612801,Sanctioned
437,Madhya Pradesh,District_C,Constituency_80,MP_Name_80,MP/671/2023-2024/50437 - Construction of Drinking Water facility,Roads,20-02-2024,747970,Sanctioned
438,Madhya Pradesh,District_D,Constituency_80,MP_Name_80,MP/490/2022-2023/50438 - Construction of Sanitation facility,Electricity,31-07-2022,1576506,Sanctioned
439,Madhya Pradesh,District_B,Constituency_80,MP_Name_80,MP/808/2023-2024/50439 - Construction of Roads facility,Drinking Water,01-11-2023,1764736,Sanctioned
440,Madhya Pradesh,District_A,Constituency_80,MP_Name_80,MP/317/2022-2023/50440 - Construction of Drinking Water facility,Drinking Water,04-02-2024,405576,Sanctioned
441,Madhya Pradesh,District_D,Constituency_80,MP_Name_80,MP/290/2023-2024/50441 - Construction of Drinking Water facility,Health,20-04-2021,821558,Sanctioned
442,Madhya Pradesh,District_C,Constituency_80,MP_Name_80,MP/946/2023-2024/50442 - Construction of Sanitation facility,Health,09-08-2021,983201,Sanctioned
443,Tamil Nadu,District_B,Constituency_81,MP_Name_81,TN/619/2021-2022/50443 - Construction of Electricity facility,Health,01-09-2024,1392767,Sanctioned
444,Tamil Nadu,District_A,Constituency_81,MP_Name_81,TN/548/2021-2022/50444 - Construction of Drinking Water facility,Drinking Water,18-08-2021,707854,Sanctioned
445,Tamil Nadu,District_B,Constituency_81,MP_Name_81,TN/391/2021-2022/50445 - Construction of Sanitation facility,Health,27-11-2021,798695,Sanctioned
446,Tamil Nadu,District_B,Constituency_81,MP_Name_81,TN/643/2023-2024/50446 - Construction of Sanitation facility,Electricity,11-06-2021,472715,Sanctioned
447,Tamil Nadu,District_D,Constituency_81,MP_Name_81,TN/528/2021-2022/50447 - Construction of Roads facility,Roads,15-11-2023,1431779,Sanctioned
448,Tamil Nadu,District_B,Constituency_81,MP_Name_81,TN/494/2022-2023/50448 - Construction of Sanitation facility,Drinking Water,22-10-2022,1047790,Sanctioned
449,Tamil Nadu,District_C,Constituency_81,MP_Name_81,TN/284/2022-2023/50449 - Construction of Health facility,Roads,12-09-2021,966607,Sanctioned
450,Karnataka,District_A,Constituency_82,MP_Name_82,KA/341/2023-2024/50450 - Construction of Education facility,Electricity,20-12-2024,1581075,Sanctioned
451,Karnataka,District_E,Constituency_82,MP_Name_82,KA/991/2021-2022/50451 - Construction of Health facility,Roads,08-07-2023,1710282,Sanctioned
452,Karnataka,District_B,Constituency_82,MP_Name_82,KA/188/2021-2022/50452 - Construction of Drinking Water facility,Drinking Water,24-01-2024,441040,Sanctioned
453,Karnataka,District_D,Constituency_82,MP_Name_82,KA/343/2022-2023/50453 - Construction of Health facility,Electricity,05-08-2024,1721512,Sanctioned
454,Karnataka,District_B,Constituency_83,MP_Name_83,KA/764/2022-2023/50454 - Construction of Education facility,Electricity,15-07-2021,1074440,Sanctioned
455,Karnataka,District_D,Constituency_83,MP_Name_83,KA/186/2022-2023/50455 - Construction of Drinking Water facility,Electricity,21-07-2022,1664433,Sanctioned
456,Karnataka,District_A,Constituency_83,MP_Name_83,KA/585/2021-2022/50456 - Construction of Electricity facility,Roads,25-12-2021,1747805,Sanctioned
457,Karnataka,District_A,Constituency_83,MP_Name_83,KA/106/2023-2024/50457 - Construction of Education facility,Sanitation,31-05-2023,1138815,Sanctioned
458,Bihar,District_B,Constituency_84,MP_Name_84,BR/274/2022-2023/50458 - Construction of Drinking Water facility,Sanitation,19-12-2023,1799693,Sanctioned
459,Bihar,District_B,Constituency_84,MP_Name_84,BR/322/2022-2023/50459 - Construction of Roads facility,Sanitation,23-05-2022,829852,Sanctioned
460,Bihar,District_E,Constituency_84,MP_Name_84,BR/654/2021-2022/50460 - Construction of Electricity facility,Roads,21-05-2021,1424507,Sanctioned
461,Maharashtra,District_E,Constituency_85,MP_Name_85,MH/269/2023-2024/50461 - Construction of Education facility,Roads,23-05-2021,1060863,Sanctioned
462,Maharashtra,District_C,Constituency_85,MP_Name_85,MH/284/2022-2023/50462 - Construction of Roads facility,Drinking Water,19-11-2021,638794,Sanctioned
463,Maharashtra,District_C,Constituency_85,MP_Name_85,MH/895/2022-2023/50463 - Construction of Drinking Water facility,Roads,08-09-2024,842668,Sanctioned
464,Maharashtra,District_C,Constituency_85,MP_Name_85,MH/594/2021-2022/50464 - Construction of Sanitation facility,Health,22-08-2022,1315629,Sanctioned
465,Maharashtra,District_A,Constituency_85,MP_Name_85,MH/891/2021-2022/50465 - Construction of Drinking Water facility,Health,30-05-2022,458495,Sanctioned
466,Maharashtra,District_A,Constituency_85,MP_Name_85,MH/456/2021-2022/50466 - Construction of Electricity facility,Education,27-05-2024,1482037,Sanctioned
467,Rajasthan,District_D,Constituency_86,MP_Name_86,RJ/779/2023-2024/50467 - Construction of Education facility,Drinking Water,15-03-2023,556535,Sanctioned
468,Rajasthan,District_C,Constituency_86,MP_Name_86,RJ/241/2021-2022/50468 - Construction of Drinking Water facility,Electricity,26-06-2024,1615231,Sanctioned
469,Rajasthan,District_D,Constituency_86,MP_Name_86,RJ/769/2022-2023/50469 - Construction of Health facility,Roads,18-11-2023,1003799,Sanctioned
470,Rajasthan,District_D,Constituency_86,MP_Name_86,RJ/443/2021-2022/50470 - Construction of Electricity facility,Health,15-09-2023,865937,Sanctioned
471,Rajasthan,District_D,Constituency_86,MP_Name_86,RJ/274/2021-2022/50471 - Construction of Health facility,Electricity,22-02-2022,1249073,Sanctioned
472,Rajasthan,District_A,Constituency_86,MP_Name_86,RJ/257/2022-2023/50472 - Construction of Electricity facility,Drinking Water,16-11-2022,1836231,Sanctioned
473,Rajasthan,District_E,Constituency_86,MP_Name_86,RJ/974/2022-2023/50473 - Construction of Drinking Water facility,Health,29-04-2021,1525444,Sanctioned
474,Rajasthan,District_B,Constituency_86,MP_Name_86,RJ/933/2023-2024/50474 - Construction of Roads facility,Sanitation,12-12-2022,1700433,Sanctioned
475,Bihar,District_C,Constituency_87,MP_Name_87,BR/842/2021-2022/50475 - Construction of Roads facility,Health,16-03-2021,1619936,Sanctioned
476,Bihar,District_D,Constituency_87,MP_Name_87,BR/100/2022-2023/50476 - Construction of Education facility,Sanitation,19-03-2023,558352,Sanctioned
477,Bihar,District_A,Constituency_87,MP_Name_87,BR/509/2022-2023/50477 - Construction of Roads facility,Electricity,12-08-2022,813876,Sanctioned
478,Bihar,District_E,Constituency_87,MP_Name_87,BR/275/2023-2024/50478 - Construction of Electricity facility,Electricity,23-04-2021,1266204,Sanctioned
479,Bihar,District_C,Constituency_87,MP_Name_87,BR/269/2021-2022/50479 - Construction of Electricity facility,Drinking Water,03-08-2022,1055703,Sanctioned
480,Bihar,District_C,Constituency_87,MP_Name_87,BR/417/2021-2022/50480 - Construction of Electricity facility,Electricity,17-01-2022,1463667,Sanctioned
481,Bihar,District_D,Constituency_87,MP_Name_87,BR/169/2021-2022/50481 - Construction of Roads facility,Drinking Water,17-06-2023,1365360,Sanctioned
482,Bihar,District_B,Constituency_87,MP_Name_87,BR/847/2021-2022/50482 - Construction of Drinking Water facility,Drinking Water,08-04-2021,1510113,Sanctioned
483,Maharashtra,District_C,Constituency_88,MP_Name_88,MH/469/2022-2023/50483 - Construction of Roads facility,Drinking Water,10-10-2022,674043,Sanctioned
484,Maharashtra,District_D,Constituency_88,MP_Name_88,MH/915/2023-2024/50484 - Construction of Electricity facility,Roads,05-12-2023,1886021,Sanctioned
485,Maharashtra,District_C,Constituency_88,MP_Name_88,MH/472/2022-2023/50485 - Construction of Sanitation facility,Sanitation,27-06-2022,656859,Sanctioned
486,Maharashtra,District_E,Constituency_88,MP_Name_88,MH/215/2023-2024/50486 - Construction of Education facility,Roads,27-01-2024,1876310,Sanctioned
487,Rajasthan,District_E,Constituency_89,MP_Name_89,RJ/699/2021-2022/50487 - Construction of Sanitation facility,Education,16-09-2021,450608,Sanctioned
488,Rajasthan,District_A,Constituency_89,MP_Name_89,RJ/933/2023-2024/50488 - Construction of Roads facility,Roads,03-11-2021,1231617,Sanctioned
489,Rajasthan,District_A,Constituency_89,MP_Name_89,RJ/700/2022-2023/50489 - Construction of Sanitation facility,Sanitation,26-07-2023,1072744,Sanctioned
490,Bihar,District_E,Constituency_90,MP_Name_90,BR/316/2021-2022/50490 - Construction of Electricity facility,Sanitation,29-01-2023,694133,Sanctioned
491,Bihar,District_D,Constituency_90,MP_Name_90,BR/175/2022-2023/50491 - Construction of Roads facility,Electricity,26-12-2023,953277,Sanctioned
492,Bihar,District_A,Constituency_90,MP_Name_90,BR/884/2021-2022/50492 - Construction of Roads facility,Roads,01-03-2024,1078224,Sanctioned
493,Bihar,District_C,Constituency_90,MP_Name_90,BR/225/2023-2024/50493 - Construction of Drinking Water facility,Electricity,01-07-2022,666938,Sanctioned
494,Bihar,District_C,Constituency_90,MP_Name_90,BR/658/2022-2023/50494 - Construction of Education facility,Roads,31-07-2022,844561,Sanctioned
495,Bihar,District_D,Constituency_90,MP_Name_90,BR/838/2022-2023/50495 - Construction of Health facility,Roads,21-12-2022,1704351,Sanctioned
496,Bihar,District_E,Constituency_90,MP_Name_90,BR/947/2023-2024/50496 - Construction of Education facility,Sanitation,02-01-2024,466514,Sanctioned
497,Bihar,District_B,Constituency_90,MP_Name_90,BR/511/2021-2022/50497 - Construction of Electricity facility,Roads,10-11-2022,730970,Sanctioned
498,Karnataka,District_E,Constituency_91,MP_Name_91,KA/470/2021-2022/50498 - Construction of Electricity facility,Drinking Water,04-04-2024,537720,Sanctioned
499,Karnataka,District_C,Constituency_91,MP_Name_91,KA/353/2021-2022/50499 - Construction of Roads facility,Drinking Water,21-06-2024,659111,Sanctioned
500,Karnataka,District_E,Constituency_91,MP_Name_91,KA/324/2021-2022/50500 - Construction of Education facility,Education,03-11-2023,1131890,Sanctioned
501,Karnataka,District_A,Constituency_91,MP_Name_91,KA/908/2021-2022/50501 - Construction of Education facility,Drinking Water,25-12-2023,1511662,Sanctioned
502,Karnataka,District_C,Constituency_91,MP_Name_91,KA/930/2022-2023/50502 - Construction of Electricity facility,Drinking Water,05-04-2022,1791428,Sanctioned
503,Karnataka,District_B,Constituency_91,MP_Name_91,KA/688/2021-2022/50503 - Construction of Education facility,Education,16-11-2023,1119011,Sanctioned
504,Karnataka,District_D,Constituency_92,MP_Name_92,KA/494/2023-2024/50504 - Construction of Sanitation facility,Education,19-02-2022,1888007,Sanctioned
505,Karnataka,District_E,Constituency_92,MP_Name_92,KA/194/2021-2022/50505 - Construction of Electricity facility,Health,20-10-2021,1290079,Sanctioned
506,Karnataka,District_C,Constituency_92,MP_Name_92,KA/512/2021-2022/50506 - Construction of Health facility,Health,25-02-2021,1204747,Sanctioned
507,Karnataka,District_E,Constituency_92,MP_Name_92,KA/739/2023-2024/50507 - Construction of Drinking Water facility,Roads,01-03-2021,750759,Sanctioned
508,Karnataka,District_B,Constituency_92,MP_Name_92,KA/631/2022-2023/50508 - Construction of Roads facility,Education,14-02-2024,422813,Sanctioned
509,Karnataka,District_A,Constituency_92,MP_Name_92,KA/993/2021-2022/50509 - Construction of Roads facility,Electricity,03-03-2021,737068,Sanctioned
510,Karnataka,District_D,Constituency_92,MP_Name_92,KA/646/2021-2022/50510 - Construction of Drinking Water facility,Sanitation,20-07-2022,628148,Sanctioned
511,Gujarat,District_D,Constituency_93,MP_Name_93,GJ/485/2022-2023/50511 - Construction of Roads facility,Drinking Water,07-02-2023,1655889,Sanctioned
512,Gujarat,District_A,Constituency_93,MP_Name_93,GJ/633/2023-2024/50512 - Construction of Electricity facility,Health,21-08-2021,1071528,Sanctioned
513,Gujarat,District_E,Constituency_93,MP_Name_93,GJ/431/2022-2023/50513 - Construction of Health facility,Sanitation,28-11-2022,1308963,Sanctioned
514,Gujarat,District_D,Constituency_93,MP_Name_93,GJ/256/2021-2022/50514 - Construction of Health facility,Roads,11-03-2024,1181481,Sanctioned
515,Gujarat,District_C,Constituency_93,MP_Name_93,GJ/479/2021-2022/50515 - Construction of Electricity facility,Education,05-02-2021,1099272,Sanctioned
516,Gujarat,District_A,Constituency_93,MP_Name_93,GJ/293/2022-2023/50516 - Construction of Electricity facility,Sanitation,12-03-2021,1215372,Sanctioned
517,Gujarat,District_E,Constituency_93,MP_Name_93,GJ/617/2023-2024/50517 - Construction of Electricity facility,Electricity,13-11-2023,1682376,Sanctioned
518,Gujarat,District_A,Constituency_93,MP_Name_93,GJ/215/2023-2024/50518 - Construction of Education facility,Drinking Water,10-01-2021,1775579,Sanctioned
519,Maharashtra,District_A,Constituency_94,MP_Name_94,MH/790/2021-2022/50519 - Construction of Drinking Water facility,Education,13-04-2024,1837430,Sanctioned
520,Maharashtra,District_A,Constituency_94,MP_Name_94,MH/605/2021-2022/50520 - Construction of Health facility,Electricity,21-05-2024,1268575,Sanctioned
521,Maharashtra,District_C,Constituency_94,MP_Name_94,MH/243/2023-2024/50521 - Construction of Education facility,Drinking Water,11-08-2022,1149500,Sanctioned
522,Maharashtra,District_E,Constituency_94,MP_Name_94,MH/268/2022-2023/50522 - Construction of Drinking Water facility,Sanitation,27-04-2021,1145247,Sanctioned
523,Maharashtra,District_B,Constituency_94,MP_Name_94,MH/867/2023-2024/50523 - Construction of Sanitation facility,Education,27-01-2023,1045895,Sanctioned
524,West Bengal,District_D,Constituency_95,MP_Name_95,WB/609/2022-2023/50524 - Construction of Roads facility,Education,02-06-2023,403803,Sanctioned
525,West Bengal,District_B,Constituency_95,MP_Name_95,WB/277/2023-2024/50525 - Construction of Education facility,Drinking Water,12-07-2021,1652334,Sanctioned
526,West Bengal,District_B,Constituency_95,MP_Name_95,WB/310/2022-2023/50526 - Construction of Health facility,Health,13-04-2022,1009142,Sanctioned
527,West Bengal,District_D,Constituency_95,MP_Name_95,WB/515/2021-2022/50527 - Construction of Education facility,Health,01-09-2021,1266042,Sanctioned
528,West Bengal,District_A,Constituency_95,MP_Name_95,WB/714/2023-2024/50528 - Construction of Education facility,Drinking Water,09-02-2022,1474809,Sanctioned
529,West Bengal,District_C,Constituency_95,MP_Name_95,WB/653/2022-2023/50529 - Construction of Electricity facility,Electricity,08-10-2023,1052718,Sanctioned
530,West Bengal,District_E,Constituency_95,MP_Name_95,WB/242/2022-2023/50530 - Construction of Drinking Water facility,Sanitation,02-06-2022,512046,Sanctioned
531,West Bengal,District_D,Constituency_95,MP_Name_95,WB/393/2023-2024/50531 - Construction of Education facility,Electricity,02-08-2023,438451,Sanctioned
532,Uttar Pradesh,District_C,Constituency_96,MP_Name_96,UP/542/2021-2022/50532 - Construction of Health facility,Electricity,20-09-2021,1133633,Sanctioned
533,Uttar Pradesh,District_D,Constituency_96,MP_Name_96,UP/500/2023-2024/50533 - Construction of Drinking Water facility,Electricity,10-05-2023,586113,Sanctioned
534,Uttar Pradesh,District_A,Constituency_96,MP_Name_96,UP/615/2021-2022/50534 - Construction of Electricity facility,Electricity,02-04-2024,1346803,Sanctioned
535,Gujarat,District_B,Constituency_97,MP_Name_97,GJ/378/2022-2023/50535 - Construction of Sanitation facility,Roads,17-04-2021,956174,Sanctioned
536,Gujarat,District_A,Constituency_97,MP_Name_97,GJ/344/2022-2023/50536 - Construction of Sanitation facility,Education,28-08-2022,1028360,Sanctioned
537,Gujarat,District_C,Constituency_97,MP_Name_97,GJ/410/2021-2022/50537 - Construction of Electricity facility,Electricity,29-05-2022,460333,Sanctioned
538,Gujarat,District_B,Constituency_97,MP_Name_97,GJ/792/2022-2023/50538 - Construction of Sanitation facility,Education,16-04-2021,1320273,Sanctioned
539,Gujarat,District_B,Constituency_97,MP_Name_97,GJ/624/2021-2022/50539 - Construction of Drinking Water facility,Education,11-12-2021,1674493,Sanctioned
540,Gujarat,District_D,Constituency_97,MP_Name_97,GJ/611/2021-2022/50540 - Construction of Education facility,Roads,20-08-2024,555157,Sanctioned
541,Bihar,District_B,Constituency_98,MP_Name_98,BR/883/2021-2022/50541 - Construction of Drinking Water facility,Electricity,11-11-2022,424782,Sanctioned
542,Bihar,District_E,Constituency_98,MP_Name_98,BR/245/2021-2022/50542 - Construction of Education facility,Sanitation,25-08-2021,1154740,Sanctioned
543,Bihar,District_E,Constituency_98,MP_Name_98,BR/980/2023-2024/50543 - Construction of Health facility,Health,22-05-2021,1897893,Sanctioned
544,Bihar,District_C,Constituency_98,MP_Name_98,BR/563/2021-2022/50544 - Construction of Health facility,Sanitation,12-12-2021,1559087,Sanctioned
545,Gujarat,District_A,Constituency_99,MP_Name_99,GJ/389/2023-2024/50545 - Construction of Roads facility,Education,25-01-2021,1338957,Sanctioned
546,Gujarat,District_A,Constituency_99,MP_Name_99,GJ/312/2022-2023/50546 - Construction of Electricity facility,Electricity,02-07-2022,673650,Sanctioned
547,Gujarat,District_D,Constituency_99,MP_Name_99,GJ/129/2022-2023/50547 - Construction of Health facility,Drinking Water,26-07-2023,1089767,Sanctioned
548,Gujarat,District_E,Constituency_99,MP_Name_99,GJ/313/2021-2022/50548 - Construction of Electricity facility,Education,21-08-2024,959384,Sanctioned
549,Gujarat,District_C,Constituency_99,MP_Name_99,GJ/887/2021-2022/50549 - Construction of Education facility,Electricity,06-10-2024,1604934,Sanctioned
550,Gujarat,District_C,Constituency_99,MP_Name_99,GJ/573/2022-2023/50550 - Construction of Roads facility,Education,21-12-2024,1891964,Sanctioned
551,Gujarat,District_C,Constituency_100,MP_Name_100,GJ/175/2023-2024/50551 - Construction of Sanitation facility,Sanitation,11-05-2021,1518251,Sanctioned
552,Gujarat,District_B,Constituency_100,MP_Name_100,GJ/906/2022-2023/50552 - Construction of Roads facility,Drinking Water,30-10-2022,1218341,Sanctioned
553,Gujarat,District_B,Constituency_100,MP_Name_100,GJ/851/2021-2022/50553 - Construction of Roads facility,Roads,19-05-2023,536398,Sanctioned
554,Gujarat,District_D,Constituency_100,MP_Name_100,GJ/168/2023-2024/50554 - Construction of Education facility,Sanitation,08-04-2022,1150857,Sanctioned
555,Gujarat,District_D,Constituency_100,MP_Name_100,GJ/338/2022-2023/50555 - Construction of Health facility,Roads,22-09-2021,1880431,Sanctioned
556,Gujarat,District_D,Constituency_100,MP_Name_100,GJ/667/2022-2023/50556 - Construction of Electricity facility,Drinking Water,16-03-2021,1105878,Sanctioned
557,Gujarat,District_C,Constituency_100,MP_Name_100,GJ/667/2021-2022/50557 - Construction of Electricity facility,Health,08-05-2024,597228,Sanctioned
558,Gujarat,District_A,Constituency_100,MP_Name_100,GJ/195/2022-2023/50558 - Construction of Electricity facility,Education,01-08-2024,1121553,Sanctioned
559,Uttar Pradesh,District_D,Constituency_101,MP_Name_101,UP/644/2023-2024/50559 - Construction of Roads facility,Education,16-05-2021,1446149,Sanctioned
560,Uttar Pradesh,District_D,Constituency_101,MP_Name_101,UP/196/2023-2024/50560 - Construction of Sanitation facility,Sanitation,03-12-2022,545288,Sanctioned
561,Uttar Pradesh,District_D,Constituency_101,MP_Name_101,UP/781/2021-2022/50561 - Construction of Health facility,Education,01-04-2023,1810217,Sanctioned
562,Uttar Pradesh,District_E,Constituency_101,MP_Name_101,UP/104/2021-2022/50562 - Construction of Education facility,Health,19-08-2021,1363033,Sanctioned
563,Uttar Pradesh,District_C,Constituency_101,MP_Name_101,UP/726/2022-2023/50563 - Construction of Drinking Water facility,Health,02-10-2022,1379579,Sanctioned
564,Uttar Pradesh,District_B,Constituency_101,MP_Name_101,UP/724/2023-2024/50564 - Construction of Drinking Water facility,Sanitation,10-02-2022,478678,Sanctioned
565,Uttar Pradesh,District_D,Constituency_101,MP_Name_101,UP/476/2021-2022/50565 - Construction of Drinking Water facility,Sanitation,27-06-2024,1842824,Sanctioned
566,Rajasthan,District_C,Constituency_102,MP_Name_102,RJ/454/2023-2024/50566 - Construction of Health facility,Electricity,10-06-2022,1204863,Sanctioned
567,Rajasthan,District_E,Constituency_102,MP_Name_102,RJ/686/2021-2022/50567 - Construction of Drinking Water facility,Drinking Water,30-07-2022,1719517,Sanctioned
568,Rajasthan,District_B,Constituency_102,MP_Name_102,RJ/809/2023-2024/50568 - Construction of Drinking Water facility,Drinking Water,13-11-2021,1866445,Sanctioned
569,Rajasthan,District_B,Constituency_102,MP_Name_102,RJ/460/2023-2024/50569 - Construction of Roads facility,Health,16-02-2022,1684753,Sanctioned
570,Rajasthan,District_C,Constituency_102,MP_Name_102,RJ/814/2022-2023/50570 - Construction of Sanitation facility,Health,15-08-2021,629089,Sanctioned
571,Rajasthan,District_C,Constituency_102,MP_Name_102,RJ/488/2021-2022/50571 - Construction of Sanitation facility,Drinking Water,10-06-2021,1528525,Sanctioned
572,Rajasthan,District_C,Constituency_102,MP_Name_102,RJ/326/2023-2024/50572 - Construction of Roads facility,Drinking Water,19-07-2022,1448069,Sanctioned
573,Delhi,District_C,Constituency_103,MP_Name_103,DL/174/2022-2023/50573 - Construction of Electricity facility,Health,11-05-2021,1549057,Sanctioned
574,Delhi,District_E,Constituency_103,MP_Name_103,DL/402/2023-2024/50574 - Construction of Health facility,Electricity,26-10-2022,464108,Sanctioned
575,Delhi,District_C,Constituency_103,MP_Name_103,DL/964/2023-2024/50575 - Construction of Drinking Water facility,Sanitation,02-01-2023,1516751,Sanctioned
576,Delhi,District_C,Constituency_103,MP_Name_103,DL/895/2023-2024/50576 - Construction of Drinking Water facility,Sanitation,07-01-2023,1800104,Sanctioned
577,Delhi,District_A,Constituency_103,MP_Name_103,DL/877/2022-2023/50577 - Construction of Drinking Water facility,Electricity,16-05-2022,1287908,Sanctioned
578,Delhi,District_A,Constituency_103,MP_Name_103,DL/658/2023-2024/50578 - Construction of Sanitation facility,Education,06-05-2024,1121219,Sanctioned
579,Karnataka,District_A,Constituency_104,MP_Name_104,KA/209/2023-2024/50579 - Construction of Drinking Water facility,Roads,30-04-2022,906013,Sanctioned
580,Karnataka,District_E,Constituency_104,MP_Name_104,KA/246/2021-2022/50580 - Construction of Sanitation facility,Education,30-10-2022,663598,Sanctioned
581,Karnataka,District_E,Constituency_104,MP_Name_104,KA/702/2022-2023/50581 - Construction of Roads facility,Sanitation,28-12-2023,1806898,Sanctioned
582,Karnataka,District_A,Constituency_104,MP_Name_104,KA/673/2022-2023/50582 - Construction of Education facility,Roads,18-12-2024,1883223,Sanctioned
583,Karnataka,District_B,Constituency_104,MP_Name_104,KA/929/2022-2023/50583 - Construction of Electricity facility,Drinking Water,27-12-2024,1040333,Sanctioned
584,Karnataka,District_E,Constituency_104,MP_Name_104,KA/592/2023-2024/50584 - Construction of Health facility,Drinking Water,20-07-2022,1567956,Sanctioned
585,Karnataka,District_B,Constituency_104,MP_Name_104,KA/557/2021-2022/50585 - Construction of Roads facility,Health,24-06-2024,1852744,Sanctioned
586,Karnataka,District_C,Constituency_104,MP_Name_104,KA/455/2023-2024/50586 - Construction of Electricity facility,Health,14-07-2024,708889,Sanctioned
587,Bihar,District_A,Constituency_105,MP_Name_105,BR/552/2021-2022/50587 - Construction of Roads facility,Sanitation,13-07-2022,547968,Sanctioned
588,Bihar,District_C,Constituency_105,MP_Name_105,BR/515/2022-2023/50588 - Construction of Education facility,Sanitation,18-12-2023,472989,Sanctioned
589,Bihar,District_E,Constituency_105,MP_Name_105,BR/202/2021-2022/50589 - Construction of Electricity facility,Sanitation,08-12-2022,1858812,Sanctioned
590,Bihar,District_B,Constituency_105,MP_Name_105,BR/988/2023-2024/50590 - Construction of Sanitation facility,Education,28-09-2024,872897,Sanctioned
591,Bihar,District_C,Constituency_105,MP_Name_105,BR/555/2022-2023/50591 - Construction of Sanitation facility,Electricity,06-05-2022,1161614,Sanctioned
592,Bihar,District_D,Constituency_105,MP_Name_105,BR/676/2022-2023/50592 - Construction of Electricity facility,Health,29-06-2024,473036,Sanctioned
593,Tamil Nadu,District_B,Constituency_106,MP_Name_106,TN/266/2022-2023/50593 - Construction of Health facility,Sanitation,19-09-2022,1034659,Sanctioned
594,Tamil Nadu,District_B,Constituency_106,MP_Name_106,TN/600/2021-2022/50594 - Construction of Drinking Water facility,Electricity,26-08-2021,1626404,Sanctioned
595,Tamil Nadu,District_D,Constituency_106,MP_Name_106,TN/441/2022-2023/50595 - Construction of Drinking Water facility,Roads,21-04-2022,1596955,Sanctioned
596,Tamil Nadu,District_E,Constituency_106,MP_Name_106,TN/725/2021-2022/50596 - Construction of Electricity facility,Education,26-08-2024,1137257,Sanctioned
597,Tamil Nadu,District_D,Constituency_106,MP_Name_106,TN/803/2021-2022/50597 - Construction of Health facility,Education,23-02-2024,1481264,Sanctioned
598,Maharashtra,District_E,Constituency_107,MP_Name_107,MH/275/2023-2024/50598 - Construction of Sanitation facility,Education,26-03-2021,412977,Sanctioned
599,Maharashtra,District_C,Constituency_107,MP_Name_107,MH/277/2022-2023/50599 - Construction of Roads facility,Sanitation,22-07-2024,1170278,Sanctioned
600,Maharashtra,District_D,Constituency_107,MP_Name_107,MH/163/2023-2024/50600 - Construction of Electricity facility,Education,19-01-2022,736612,Sanctioned
601,Maharashtra,District_A,Constituency_107,MP_Name_107,MH/622/2022-2023/50601 - Construction of Sanitation facility,Education,21-01-2021,1165781,Sanctioned
602,Maharashtra,District_E,Constituency_107,MP_Name_107,MH/490/2021-2022/50602 - Construction of Sanitation facility,Roads,17-06-2024,1578565,Sanctioned
603,Maharashtra,District_D,Constituency_108,MP_Name_108,MH/663/2022-2023/50603 - Construction of Drinking Water facility,Sanitation,06-10-2021,1174537,Sanctioned
604,Maharashtra,District_B,Constituency_108,MP_Name_108,MH/836/2023-2024/50604 - Construction of Roads facility,Roads,17-08-2022,836122,Sanctioned
605,Maharashtra,District_D,Constituency_108,MP_Name_108,MH/893/2021-2022/50605 - Construction of Education facility,Electricity,29-06-2023,1849210,Sanctioned
606,Delhi,District_C,Constituency_109,MP_Name_109,DL/269/2022-2023/50606 - Construction of Electricity facility,Drinking Water,11-03-2023,708684,Sanctioned
607,Delhi,District_E,Constituency_109,MP_Name_109,DL/501/2021-2022/50607 - Construction of Drinking Water facility,Electricity,24-12-2021,1814774,Sanctioned
608,Delhi,District_B,Constituency_109,MP_Name_109,DL/948/2023-2024/50608 - Construction of Health facility,Roads,16-09-2021,405881,Sanctioned
609,Delhi,District_E,Constituency_109,MP_Name_109,DL/619/2021-2022/50609 - Construction of Electricity facility,Drinking Water,03-06-2024,862153,Sanctioned
610,Delhi,District_A,Constituency_109,MP_Name_109,DL/124/2023-2024/50610 - Construction of Drinking Water facility,Drinking Water,23-05-2024,1377845,Sanctioned
611,Maharashtra,District_C,Constituency_110,MP_Name_110,MH/615/2023-2024/50611 - Construction of Drinking Water facility,Health,16-05-2024,770003,Sanctioned
612,Maharashtra,District_C,Constituency_110,MP_Name_110,MH/702/2021-2022/50612 - Construction of Electricity facility,Electricity,13-01-2023,1397424,Sanctioned
613,Maharashtra,District_E,Constituency_110,MP_Name_110,MH/750/2023-2024/50613 - Construction of Education facility,Drinking Water,24-03-2023,1486158,Sanctioned
614,Maharashtra,District_A,Constituency_110,MP_Name_110,MH/121/2021-2022/50614 - Construction of Roads facility,Sanitation,04-02-2021,433113,Sanctioned
615,Maharashtra,District_E,Constituency_110,MP_Name_110,MH/577/2021-2022/50615 - Construction of Electricity facility,Roads,28-06-2022,1429788,Sanctioned
616,Bihar,District_E,Constituency_111,MP_Name_111,BR/428/2021-2022/50616 - Construction of Sanitation facility,Education,22-08-2022,1335139,Sanctioned
617,Bihar,District_B,Constituency_111,MP_Name_111,BR/942/2023-2024/50617 - Construction of Roads facility,Sanitation,14-12-2021,1345603,Sanctioned
618,Bihar,District_E,Constituency_111,MP_Name_111,BR/648/2022-2023/50618 - Construction of Roads facility,Drinking Water,05-09-2021,592469,Sanctioned
619,Bihar,District_E,Constituency_111,MP_Name_111,BR/282/2021-2022/50619 - Construction of Drinking Water facility,Education,19-08-2021,1727636,Sanctioned
620,Bihar,District_A,Constituency_111,MP_Name_111,BR/580/2021-2022/50620 - Construction of Education facility,Education,26-07-2021,964701,Sanctioned
621,Bihar,District_D,Constituency_111,MP_Name_111,BR/663/2022-2023/50621 - Construction of Roads facility,Health,24-09-2022,1866753,Sanctioned
622,Bihar,District_B,Constituency_111,MP_Name_111,BR/580/2022-2023/50622 - Construction of Drinking Water facility,Roads,14-02-2023,955557,Sanctioned
623,Maharashtra,District_C,Constituency_112,MP_Name_112,MH/458/2022-2023/50623 - Construction of Sanitation facility,Health,14-10-2021,628376,Sanctioned
624,Maharashtra,District_E,Constituency_112,MP_Name_112,MH/780/2022-2023/50624 - Construction of Drinking Water facility,Drinking Water,24-07-2021,1478600,Sanctioned
625,Maharashtra,District_C,Constituency_112,MP_Name_112,MH/556/2023-2024/50625 - Construction of Education facility,Sanitation,09-11-2021,1271110,Sanctioned
626,Maharashtra,District_C,Constituency_112,MP_Name_112,MH/961/2022-2023/50626 - Construction of Drinking Water facility,Roads,26-12-2022,922958,Sanctioned
627,Rajasthan,District_C,Constituency_113,MP_Name_113,RJ/141/2023-2024/50627 - Construction of Health facility,Health,03-04-2021,1417683,Sanctioned
628,Rajasthan,District_A,Constituency_113,MP_Name_113,RJ/457/2023-2024/50628 - Construction of Electricity facility,Electricity,22-03-2024,1093873,Sanctioned
629,Rajasthan,District_C,Constituency_113,MP_Name_113,RJ/520/2022-2023/50629 - Construction of Health facility,Electricity,26-04-2022,1158940,Sanctioned
630,Rajasthan,District_A,Constituency_113,MP_Name_113,RJ/127/2021-2022/50630 - Construction of Electricity facility,Health,26-10-2024,1057798,Sanctioned
631,Rajasthan,District_A,Constituency_113,MP_Name_113,RJ/192/2022-2023/50631 - Construction of Electricity facility,Sanitation,12-04-2022,564424,Sanctioned
632,Rajasthan,District_E,Constituency_113,MP_Name_113,RJ/650/2022-2023/50632 - Construction of Education facility,Roads,04-09-2024,1767424,Sanctioned
633,Gujarat,District_C,Constituency_114,MP_Name_114,GJ/204/2021-2022/50633 - Construction of Health facility,Drinking Water,05-01-2023,448019,Sanctioned
634,Gujarat,District_A,Constituency_114,MP_Name_114,GJ/891/2023-2024/50634 - Construction of Electricity facility,Electricity,25-11-2022,1596566,Sanctioned
635,Gujarat,District_D,Constituency_114,MP_Name_114,GJ/803/2021-2022/50635 - Construction of Sanitation facility,Sanitation,18-09-2024,1709848,Sanctioned
636,Karnataka,District_C,Constituency_115,MP_Name_115,KA/841/2021-2022/50636 - Construction of Education facility,Health,26-03-2024,1532267,Sanctioned
637,Karnataka,District_A,Constituency_115,MP_Name_115,KA/297/2021-2022/50637 - Construction of Drinking Water facility,Drinking Water,11-03-2022,1407709,Sanctioned
638,Karnataka,District_A,Constituency_115,MP_Name_115,KA/373/2021-2022/50638 - Construction of Health facility,Electricity,04-10-2024,1411298,Sanctioned
639,Karnataka,District_B,Constituency_115,MP_Name_115,KA/245/2023-2024/50639 - Construction of Roads facility,Drinking Water,09-10-2021,1811212,Sanctioned
640,Karnataka,District_A,Constituency_115,MP_Name_115,KA/875/2022-2023/50640 - Construction of Health facility,Electricity,05-07-2022,547448,Sanctioned
641,Karnataka,District_A,Constituency_115,MP_Name_115,KA/271/2023-2024/50641 - Construction of Education facility,Sanitation,27-02-2022,1455919,Sanctioned
642,Delhi,District_A,Constituency_116,MP_Name_116,DL/475/2022-2023/50642 - Construction of Electricity facility,Drinking Water,20-01-2024,911903,Sanctioned
643,Delhi,District_D,Constituency_116,MP_Name_116,DL/902/2023-2024/50643 - Construction of Roads facility,Roads,12-09-2021,1426926,Sanctioned
644,Delhi,District_C,Constituency_116,MP_Name_116,DL/227/2022-2023/50644 - Construction of Education facility,Electricity,19-01-2023,1481468,Sanctioned
645,Bihar,District_A,Constituency_117,MP_Name_117,BR/587/2022-2023/50645 - Construction of Drinking Water facility,Drinking Water,07-07-2021,1010768,Sanctioned
646,Bihar,District_C,Constituency_117,MP_Name_117,BR/488/2022-2023/50646 - Construction of Health facility,Sanitation,09-07-2024,475047,Sanctioned
647,Bihar,District_C,Constituency_117,MP_Name_117,BR/579/2021-2022/50647 - Construction of Health facility,Roads,19-11-2021,1017101,Sanctioned
648,Bihar,District_B,Constituency_117,MP_Name_117,BR/415/2023-2024/50648 - Construction of Education facility,Electricity,13-12-2024,1458841,Sanctioned
649,Bihar,District_B,Constituency_117,MP_Name_117,BR/987/2021-2022/50649 - Construction of Roads facility,Electricity,09-04-2022,983410,Sanctioned
650,Bihar,District_E,Constituency_117,MP_Name_117,BR/866/2021-2022/50650 - Construction of Electricity facility,Roads,20-02-2022,589398,Sanctioned
651,Tamil Nadu,District_A,Constituency_118,MP_Name_118,TN/835/2021-2022/50651 - Construction of Sanitation facility,Sanitation,15-01-2022,913687,Sanctioned
652,Tamil Nadu,District_E,Constituency_118,MP_Name_118,TN/639/2022-2023/50652 - Construction of Electricity facility,Sanitation,11-07-2023,511277,Sanctioned
653,Tamil Nadu,District_E,Constituency_118,MP_Name_118,TN/772/2021-2022/50653 - Construction of Roads facility,Health,18-10-2024,1189667,Sanctioned
654,Madhya Pradesh,District_A,Constituency_119,MP_Name_119,MP/572/2023-2024/50654 - Construction of Health facility,Roads,11-04-2022,1071331,Sanctioned
655,Madhya Pradesh,District_C,Constituency_119,MP_Name_119,MP/874/2022-2023/50655 - Construction of Sanitation facility,Health,25-02-2022,1161194,Sanctioned
656,Madhya Pradesh,District_C,Constituency_119,MP_Name_119,MP/182/2022-2023/50656 - Construction of Education facility,Health,12-02-2023,1616424,Sanctioned
657,Madhya Pradesh,District_D,Constituency_119,MP_Name_119,MP/678/2023-2024/50657 - Construction of Health facility,Drinking Water,25-08-2021,1787984,Sanctioned
658,Madhya Pradesh,District_B,Constituency_119,MP_Name_119,MP/185/2021-2022/50658 - Construction of Education facility,Drinking Water,17-11-2024,1685023,Sanctioned
659,Madhya Pradesh,District_E,Constituency_119,MP_Name_119,MP/303/2023-2024/50659 - Construction of Drinking Water facility,Health,12-07-2022,1618726,Sanctioned
660,Madhya Pradesh,District_E,Constituency_119,MP_Name_119,MP/561/2022-2023/50660 - Construction of Drinking Water facility,Health,23-09-2023,809553,Sanctioned
661,Maharashtra,District_C,Constituency_120,MP_Name_120,MH/872/2021-2022/50661 - Construction of Education facility,Drinking Water,13-09-2022,831545,Sanctioned
662,Maharashtra,District_E,Constituency_120,MP_Name_120,MH/463/2023-2024/50662 - Construction of Electricity facility,Electricity,24-01-2021,706387,Sanctioned
663,Maharashtra,District_D,Constituency_120,MP_Name_120,MH/678/2022-2023/50663 - Construction of Sanitation facility,Roads,23-03-2022,1080902,Sanctioned
664,Maharashtra,District_C,Constituency_120,MP_Name_120,MH/546/2023-2024/50664 - Construction of Health facility,Education,16-09-2024,1285239,Sanctioned
665,Gujarat,District_A,Constituency_121,MP_Name_121,GJ/541/2021-2022/50665 - Construction of Health facility,Sanitation,11-07-2023,609530,Sanctioned
666,Gujarat,District_A,Constituency_121,MP_Name_121,GJ/788/2023-2024/50666 - Construction of Drinking Water facility,Health,04-04-2021,1756944,Sanctioned
667,Gujarat,District_D,Constituency_121,MP_Name_121,GJ/409/2023-2024/50667 - Construction of Drinking Water facility,Education,26-11-2021,1666167,Sanctioned
668,Gujarat,District_A,Constituency_121,MP_Name_121,GJ/824/2023-2024/50668 - Construction of Electricity facility,Electricity,26-07-2021,1452685,Sanctioned
669,Gujarat,District_D,Constituency_121,MP_Name_121,GJ/516/2022-2023/50669 - Construction of Health facility,Sanitation,10-01-2022,719981,Sanctioned
670,West Bengal,District_B,Constituency_122,MP_Name_122,WB/813/2022-2023/50670 - Construction of Drinking Water facility,Health,08-02-2023,444894,Sanctioned
671,West Bengal,District_D,Constituency_122,MP_Name_122,WB/282/2021-2022/50671 - Construction of Drinking Water facility,Electricity,25-02-2022,1800553,Sanctioned
672,West Bengal,District_D,Constituency_122,MP_Name_122,WB/693/2022-2023/50672 - Construction of Electricity facility,Roads,24-12-2023,1154721,Sanctioned
673,Gujarat,District_E,Constituency_123,MP_Name_123,GJ/838/2023-2024/50673 - Construction of Roads facility,Drinking Water,17-05-2024,895269,Sanctioned
674,Gujarat,District_C,Constituency_123,MP_Name_123,GJ/972/2021-2022/50674 - Construction of Health facility,Roads,27-05-2022,1593060,Sanctioned
675,Gujarat,District_C,Constituency_123,MP_Name_123,GJ/606/2022-2023/50675 - Construction of Electricity facility,Health,24-10-2023,1285803,Sanctioned
676,Gujarat,District_A,Constituency_123,MP_Name_123,GJ/987/2022-2023/50676 - Construction of Sanitation facility,Health,19-07-2022,921742,Sanctioned
677,Gujarat,District_B,Constituency_123,MP_Name_123,GJ/417/2021-2022/50677 - Construction of Health facility,Drinking Water,17-06-2024,1797830,Sanctioned
678,Gujarat,District_D,Constituency_123,MP_Name_123,GJ/331/2023-2024/50678 - Construction of Electricity facility,Education,19-06-2022,806823,Sanctioned
679,Gujarat,District_B,Constituency_124,MP_Name_124,GJ/434/2022-2023/50679 - Construction of Electricity facility,Health,12-09-2024,583354,Sanctioned
680,Gujarat,District_E,Constituency_124,MP_Name_124,GJ/548/2023-2024/50680 - Construction of Health facility,Health,05-08-2024,1026817,Sanctioned
681,Gujarat,District_B,Constituency_124,MP_Name_124,GJ/296/2023-2024/50681 - Construction of Roads facility,Sanitation,13-10-2023,851341,Sanctioned
682,Bihar,District_A,Constituency_125,MP_Name_125,BR/514/2022-2023/50682 - Construction of Drinking Water facility,Sanitation,26-03-2021,442396,Sanctioned
683,Bihar,District_B,Constituency_125,MP_Name_125,BR/692/2023-2024/50683 - Construction of Roads facility,Sanitation,15-05-2023,1052985,Sanctioned
684,Bihar,District_E,Constituency_125,MP_Name_125,BR/897/2023-2024/50684 - Construction of Sanitation facility,Electricity,23-02-2021,1654048,Sanctioned
685,Delhi,District_C,Constituency_126,MP_Name_126,DL/740/2021-2022/50685 - Construction of Education facility,Sanitation,13-05-2024,1869930,Sanctioned
686,Delhi,District_B,Constituency_126,MP_Name_126,DL/635/2023-2024/50686 - Construction of Electricity facility,Drinking Water,09-04-2021,934857,Sanctioned
687,Delhi,District_C,Constituency_126,MP_Name_126,DL/156/2023-2024/50687 - Construction of Health facility,Roads,17-12-2021,935146,Sanctioned
688,Delhi,District_E,Constituency_126,MP_Name_126,DL/358/2022-2023/50688 - Construction of Health facility,Sanitation,22-04-2024,1472795,Sanctioned
689,Delhi,District_B,Constituency_126,MP_Name_126,DL/474/2023-2024/50689 - Construction of Electricity facility,Sanitation,11-11-2022,815178,Sanctioned
690,West Bengal,District_D,Constituency_127,MP_Name_127,WB/981/2022-2023/50690 - Construction of Electricity facility,Health,26-09-2024,1852872,Sanctioned
691,West Bengal,District_D,Constituency_127,MP_Name_127,WB/786/2021-2022/50691 - Construction of Drinking Water facility,Electricity,27-08-2022,646712,Sanctioned
692,West Bengal,District_C,Constituency_127,MP_Name_127,WB/439/2022-2023/50692 - Construction of Education facility,Drinking Water,24-09-2024,1022751,Sanctioned
693,West Bengal,District_A,Constituency_127,MP_Name_127,WB/899/2021-2022/50693 - Construction of Health facility,Drinking Water,12-06-2023,1417892,Sanctioned
694,West Bengal,District_B,Constituency_127,MP_Name_127,WB/288/2023-2024/50694 - Construction of Education facility,Education,05-12-2022,1866361,Sanctioned
695,Madhya Pradesh,District_D,Constituency_128,MP_Name_128,MP/767/2022-2023/50695 - Construction of Health facility,Education,29-06-2021,457000,Sanctioned
696,Madhya Pradesh,District_C,Constituency_128,MP_Name_128,MP/174/2021-2022/50696 - Construction of Drinking Water facility,Roads,05-07-2021,880274,Sanctioned
697,Madhya Pradesh,District_B,Constituency_128,MP_Name_128,MP/974/2023-2024/50697 - Construction of Sanitation facility,Drinking Water,06-04-2023,845729,Sanctioned
698,Delhi,District_B,Constituency_129,MP_Name_129,DL/691/2022-2023/50698 - Construction of Drinking Water facility,Sanitation,18-02-2022,1019876,Sanctioned
699,Delhi,District_B,Constituency_129,MP_Name_129,DL/538/2022-2023/50699 - Construction of Health facility,Roads,23-05-2024,1862130,Sanctioned
700,Delhi,District_C,Constituency_129,MP_Name_129,DL/475/2021-2022/50700 - Construction of Sanitation facility,Roads,30-04-2023,1084071,Sanctioned
701,Rajasthan,District_A,Constituency_130,MP_Name_130,RJ/455/2022-2023/50701 - Construction of Electricity facility,Roads,29-01-2022,1667660,Sanctioned
702,Rajasthan,District_D,Constituency_130,MP_Name_130,RJ/600/2023-2024/50702 - Construction of Roads facility,Drinking Water,03-05-2022,1681216,Sanctioned
703,Rajasthan,District_E,Constituency_130,MP_Name_130,RJ/677/2021-2022/50703 - Construction of Sanitation facility,Health,01-06-2024,614641,Sanctioned
704,Rajasthan,District_D,Constituency_130,MP_Name_130,RJ/370/2022-2023/50704 - Construction of Roads facility,Roads,26-12-2024,1432250,Sanctioned
705,Rajasthan,District_A,Constituency_130,MP_Name_130,RJ/212/2023-2024/50705 - Construction of Drinking Water facility,Sanitation,25-02-2021,989050,Sanctioned
706,Tamil Nadu,District_B,Constituency_131,MP_Name_131,TN/732/2021-2022/50706 - Construction of Education facility,Drinking Water,29-09-2022,1054616,Sanctioned
707,Tamil Nadu,District_A,Constituency_131,MP_Name_131,TN/994/2023-2024/50707 - Construction of Health facility,Roads,11-06-2022,1785742,Sanctioned
708,Tamil Nadu,District_A,Constituency_131,MP_Name_131,TN/658/2022-2023/50708 - Construction of Health facility,Drinking Water,14-12-2024,1099740,Sanctioned
709,Tamil Nadu,District_C,Constituency_131,MP_Name_131,TN/884/2022-2023/50709 - Construction of Roads facility,Roads,24-11-2024,1561192,Sanctioned
710,Tamil Nadu,District_C,Constituency_131,MP_Name_131,TN/694/2022-2023/50710 - Construction of Electricity facility,Roads,24-08-2023,832775,Sanctioned
711,Madhya Pradesh,District_C,Constituency_132,MP_Name_132,MP/517/2023-2024/50711 - Construction of Roads facility,Drinking Water,05-09-2021,460928,Sanctioned
712,Madhya Pradesh,District_D,Constituency_132,MP_Name_132,MP/852/2022-2023/50712 - Construction of Drinking Water facility,Electricity,09-11-2021,1756093,Sanctioned
713,Madhya Pradesh,District_A,Constituency_132,MP_Name_132,MP/152/2022-2023/50713 - Construction of Sanitation facility,Electricity,20-03-2021,710709,Sanctioned
714,Madhya Pradesh,District_C,Constituency_132,MP_Name_132,MP/794/2021-2022/50714 - Construction of Education facility,Roads,26-04-2023,546434,Sanctioned
715,Madhya Pradesh,District_C,Constituency_132,MP_Name_132,MP/929/2021-2022/50715 - Construction of Sanitation facility,Health,25-02-2022,692351,Sanctioned
716,Madhya Pradesh,District_D,Constituency_132,MP_Name_132,MP/794/2021-2022/50716 - Construction of Sanitation facility,Health,10-02-2024,713665,Sanctioned
717,Madhya Pradesh,District_E,Constituency_132,MP_Name_132,MP/968/2022-2023/50717 - Construction of Education facility,Education,29-08-2024,1297209,Sanctioned
718,Madhya Pradesh,District_B,Constituency_132,MP_Name_132,MP/915/2023-2024/50718 - Construction of Education facility,Education,08-11-2022,876889,Sanctioned
719,West Bengal,District_A,Constituency_133,MP_Name_133,WB/277/2022-2023/50719 - Construction of Sanitation facility,Education,04-06-2024,1644752,Sanctioned
720,West Bengal,District_C,Constituency_133,MP_Name_133,WB/630/2021-2022/50720 - Construction of Roads facility,Electricity,08-05-2022,628840,Sanctioned
721,West Bengal,District_B,Constituency_133,MP_Name_133,WB/187/2022-2023/50721 - Construction of Drinking Water facility,Electricity,26-10-2021,572841,Sanctioned
722,Rajasthan,District_B,Constituency_134,MP_Name_134,RJ/891/2022-2023/50722 - Construction of Drinking Water facility,Health,30-08-2021,537428,Sanctioned
723,Rajasthan,District_D,Constituency_134,MP_Name_134,RJ/264/2021-2022/50723 - Construction of Roads facility,Roads,20-04-2024,1282983,Sanctioned
724,Rajasthan,District_C,Constituency_134,MP_Name_134,RJ/116/2023-2024/50724 - Construction of Education facility,Health,15-08-2023,1397986,Sanctioned
725,Rajasthan,District_C,Constituency_134,MP_Name_134,RJ/111/2021-2022/50725 - Construction of Sanitation facility,Drinking Water,01-03-2021,1079855,Sanctioned
726,Rajasthan,District_A,Constituency_135,MP_Name_135,RJ/279/2023-2024/50726 - Construction of Electricity facility,Sanitation,30-09-2023,652374,Sanctioned
727,Rajasthan,District_E,Constituency_135,MP_Name_135,RJ/681/2023-2024/50727 - Construction of Drinking Water facility,Drinking Water,08-08-2021,907598,Sanctioned
728,Rajasthan,District_C,Constituency_135,MP_Name_135,RJ/679/2022-2023/50728 - Construction of Sanitation facility,Education,17-03-2023,1096112,Sanctioned
729,Rajasthan,District_D,Constituency_135,MP_Name_135,RJ/556/2021-2022/50729 - Construction of Health facility,Health,12-07-2024,612865,Sanctioned
730,Rajasthan,District_E,Constituency_135,MP_Name_135,RJ/465/2021-2022/50730 - Construction of Education facility,Sanitation,09-03-2021,518113,Sanctioned
731,Karnataka,District_A,Constituency_136,MP_Name_136,KA/166/2023-2024/50731 - Construction of Roads facility,Roads,28-05-2021,413474,Sanctioned
732,Karnataka,District_B,Constituency_136,MP_Name_136,KA/198/2021-2022/50732 - Construction of Roads facility,Sanitation,02-02-2022,922122,Sanctioned
733,Karnataka,District_D,Constituency_136,MP_Name_136,KA/906/2023-2024/50733 - Construction of Education facility,Health,18-06-2022,524616,Sanctioned
734,Delhi,District_A,Constituency_137,MP_Name_137,DL/855/2023-2024/50734 - Construction of Health facility,Sanitation,07-08-2021,1833453,Sanctioned
735,Delhi,District_E,Constituency_137,MP_Name_137,DL/610/2021-2022/50735 - Construction of Electricity facility,Electricity,24-08-2021,1419691,Sanctioned
736,Delhi,District_D,Constituency_137,MP_Name_137,DL/732/2021-2022/50736 - Construction of Roads facility,Electricity,14-06-2022,1750076,Sanctioned
737,Delhi,District_A,Constituency_137,MP_Name_137,DL/811/2023-2024/50737 - Construction of Electricity facility,Sanitation,18-04-2022,467435,Sanctioned
738,Delhi,District_D,Constituency_137,MP_Name_137,DL/351/2022-2023/50738 - Construction of Roads facility,Electricity,28-06-2021,1755740,Sanctioned
739,Delhi,District_B,Constituency_137,MP_Name_137,DL/750/2021-2022/50739 - Construction of Sanitation facility,Education,10-03-2022,651337,Sanctioned
740,Delhi,District_A,Constituency_137,MP_Name_137,DL/882/2023-2024/50740 - Construction of Roads facility,Education,06-11-2023,566656,Sanctioned
741,Delhi,District_C,Constituency_137,MP_Name_137,DL/861/2021-2022/50741 - Construction of Electricity facility,Health,10-01-2022,1138949,Sanctioned
742,Rajasthan,District_B,Constituency_138,MP_Name_138,RJ/149/2021-2022/50742 - Construction of Education facility,Sanitation,18-09-2023,1356566,Sanctioned
743,Rajasthan,District_A,Constituency_138,MP_Name_138,RJ/960/2023-2024/50743 - Construction of Drinking Water facility,Sanitation,10-11-2024,464098,Sanctioned
744,Rajasthan,District_C,Constituency_138,MP_Name_138,RJ/782/2023-2024/50744 - Construction of Electricity facility,Drinking Water,13-04-2024,876385,Sanctioned
745,Rajasthan,District_C,Constituency_138,MP_Name_138,RJ/329/2022-2023/50745 - Construction of Drinking Water facility,Drinking Water,10-11-2023,1633594,Sanctioned
746,Rajasthan,District_C,Constituency_138,MP_Name_138,RJ/965/2022-2023/50746 - Construction of Drinking Water facility,Roads,26-06-2021,1032323,Sanctioned
747,Rajasthan,District_A,Constituency_138,MP_Name_138,RJ/159/2022-2023/50747 - Construction of Education facility,Health,26-10-2023,1725970,Sanctioned
748,Rajasthan,District_A,Constituency_138,MP_Name_138,RJ/341/2021-2022/50748 - Construction of Sanitation facility,Drinking Water,13-03-2021,721863,Sanctioned
749,Rajasthan,District_E,Constituency_138,MP_Name_138,RJ/465/2022-2023/50749 - Construction of Education facility,Electricity,17-12-2024,492230,Sanctioned
750,Gujarat,District_B,Constituency_139,MP_Name_139,GJ/421/2021-2022/50750 - Construction of Education facility,Education,29-11-2024,1463445,Sanctioned
751,Gujarat,District_E,Constituency_139,MP_Name_139,GJ/614/2022-2023/50751 - Construction of Health facility,Education,16-03-2023,815883,Sanctioned
752,Gujarat,District_D,Constituency_139,MP_Name_139,GJ/223/2023-2024/50752 - Construction of Drinking Water facility,Drinking Water,28-03-2023,1526951,Sanctioned
753,Gujarat,District_C,Constituency_139,MP_Name_139,GJ/376/2023-2024/50753 - Construction of Roads facility,Roads,30-06-2022,749052,Sanctioned
754,Gujarat,District_B,Constituency_139,MP_Name_139,GJ/357/2023-2024/50754 - Construction of Health facility,Electricity,21-01-2022,1193225,Sanctioned
755,Madhya Pradesh,District_B,Constituency_140,MP_Name_140,MP/769/2022-2023/50755 - Construction of Health facility,Health,15-09-2024,1854806,Sanctioned
756,Madhya Pradesh,District_C,Constituency_140,MP_Name_140,MP/998/2022-2023/50756 - Construction of Sanitation facility,Electricity,10-07-2022,727982,Sanctioned
757,Madhya Pradesh,District_A,Constituency_140,MP_Name_140,MP/278/2022-2023/50757 - Construction of Education facility,Roads,16-01-2024,1177897,Sanctioned
758,Madhya Pradesh,District_B,Constituency_140,MP_Name_140,MP/914/2023-2024/50758 - Construction of Education facility,Health,24-01-2024,1891542,Sanctioned
759,Karnataka,District_B,Constituency_141,MP_Name_141,KA/518/2022-2023/50759 - Construction of Education facility,Sanitation,06-01-2021,1755341,Sanctioned
760,Karnataka,District_A,Constituency_141,MP_Name_141,KA/242/2021-2022/50760 - Construction of Health facility,Sanitation,02-08-2021,1718225,Sanctioned
761,Karnataka,District_D,Constituency_141,MP_Name_141,KA/124/2022-2023/50761 - Construction of Education facility,Sanitation,05-05-2021,749930,Sanctioned
762,Karnataka,District_B,Constituency_141,MP_Name_141,KA/709/2021-2022/50762 - Construction of Education facility,Roads,07-01-2021,895270,Sanctioned
763,Karnataka,District_C,Constituency_141,MP_Name_141,KA/900/2021-2022/50763 - Construction of Health facility,Health,05-01-2024,1335022,Sanctioned
764,Karnataka,District_B,Constituency_141,MP_Name_141,KA/513/2023-2024/50764 - Construction of Health facility,Education,01-03-2021,595572,Sanctioned
765,Karnataka,District_E,Constituency_141,MP_Name_141,KA/396/2021-2022/50765 - Construction of Drinking Water facility,Drinking Water,16-06-2024,650727,Sanctioned
766,Maharashtra,District_B,Constituency_142,MP_Name_142,MH/852/2021-2022/50766 - Construction of Sanitation facility,Roads,27-06-2021,1432978,Sanctioned
767,Maharashtra,District_C,Constituency_142,MP_Name_142,MH/670/2023-2024/50767 - Construction of Education facility,Electricity,26-12-2024,972879,Sanctioned
768,Maharashtra,District_D,Constituency_142,MP_Name_142,MH/376/2021-2022/50768 - Construction of Electricity facility,Drinking Water,14-06-2022,1217046,Sanctioned
769,Maharashtra,District_C,Constituency_142,MP_Name_142,MH/225/2022-2023/50769 - Construction of Health facility,Sanitation,08-06-2022,400864,Sanctioned
770,Maharashtra,District_E,Constituency_142,MP_Name_142,MH/211/2023-2024/50770 - Construction of Health facility,Health,04-06-2024,1368026,Sanctioned
771,Maharashtra,District_D,Constituency_142,MP_Name_142,MH/621/2022-2023/50771 - Construction of Sanitation facility,Electricity,05-02-2023,980470,Sanctioned
772,Gujarat,District_E,Constituency_143,MP_Name_143,GJ/129/2022-2023/50772 - Construction of Drinking Water facility,Roads,26-01-2024,425193,Sanctioned
773,Gujarat,District_B,Constituency_143,MP_Name_143,GJ/935/2023-2024/50773 - Construction of Education facility,Health,11-12-2022,1236649,Sanctioned
774,Gujarat,District_E,Constituency_143,MP_Name_143,GJ/347/2021-2022/50774 - Construction of Electricity facility,Education,04-11-2023,1159665,Sanctioned
775,Gujarat,District_B,Constituency_143,MP_Name_143,GJ/353/2023-2024/50775 - Construction of Drinking Water facility,Electricity,11-04-2023,1201216,Sanctioned
776,Gujarat,District_A,Constituency_143,MP_Name_143,GJ/915/2022-2023/50776 - Construction of Electricity facility,Sanitation,07-08-2024,779709,Sanctioned
777,Gujarat,District_D,Constituency_143,MP_Name_143,GJ/807/2021-2022/50777 - Construction of Sanitation facility,Electricity,28-12-2022,594515,Sanctioned
778,Gujarat,District_A,Constituency_143,MP_Name_143,GJ/929/2023-2024/50778 - Construction of Sanitation facility,Health,19-12-2024,446176,Sanctioned
779,Gujarat,District_D,Constituency_143,MP_Name_143,GJ/595/2023-2024/50779 - Construction of Sanitation facility,Sanitation,11-09-2024,1540134,Sanctioned
780,Madhya Pradesh,District_E,Constituency_144,MP_Name_144,MP/609/2023-2024/50780 - Construction of Sanitation facility,Education,21-01-2022,643156,Sanctioned
781,Madhya Pradesh,District_B,Constituency_144,MP_Name_144,MP/926/2022-2023/50781 - Construction of Sanitation facility,Electricity,03-05-2022,1788634,Sanctioned
782,Madhya Pradesh,District_D,Constituency_144,MP_Name_144,MP/387/2023-2024/50782 - Construction of Sanitation facility,Roads,25-04-2021,852195,Sanctioned
783,Madhya Pradesh,District_A,Constituency_144,MP_Name_144,MP/949/2021-2022/50783 - Construction of Electricity facility,Drinking Water,10-02-2021,1519389,Sanctioned
784,Gujarat,District_D,Constituency_145,MP_Name_145,GJ/676/2022-2023/50784 - Construction of Drinking Water facility,Sanitation,11-09-2022,1801808,Sanctioned
785,Gujarat,District_D,Constituency_145,MP_Name_145,GJ/128/2021-2022/50785 - Construction of Health facility,Roads,17-07-2022,869778,Sanctioned
786,Gujarat,District_E,Constituency_145,MP_Name_145,GJ/166/2021-2022/50786 - Construction of Education facility,Health,10-06-2023,1533394,Sanctioned
787,Gujarat,District_E,Constituency_145,MP_Name_145,GJ/232/2021-2022/50787 - Construction of Drinking Water facility,Health,05-12-2023,924547,Sanctioned
788,Gujarat,District_A,Constituency_145,MP_Name_145,GJ/588/2021-2022/50788 - Construction of Electricity facility,Drinking Water,31-01-2022,1541640,Sanctioned
789,Gujarat,District_D,Constituency_145,MP_Name_145,GJ/475/2023-2024/50789 - Construction of Education facility,Health,12-03-2023,1797137,Sanctioned
790,Gujarat,District_A,Constituency_145,MP_Name_145,GJ/323/2021-2022/50790 - Construction of Drinking Water facility,Electricity,01-02-2022,591397,Sanctioned
791,Karnataka,District_E,Constituency_146,MP_Name_146,KA/713/2021-2022/50791 - Construction of Education facility,Health,09-12-2024,1619392,Sanctioned
792,Karnataka,District_E,Constituency_146,MP_Name_146,KA/744/2021-2022/50792 - Construction of Education facility,Roads,18-09-2021,1621041,Sanctioned
793,Karnataka,District_C,Constituency_146,MP_Name_146,KA/237/2023-2024/50793 - Construction of Education facility,Drinking Water,17-06-2023,980954,Sanctioned
794,Karnataka,District_A,Constituency_146,MP_Name_146,KA/115/2021-2022/50794 - Construction of Drinking Water facility,Roads,11-03-2021,1663274,Sanctioned
795,Karnataka,District_D,Constituency_146,MP_Name_146,KA/150/2021-2022/50795 - Construction of Roads facility,Health,10-10-2022,478117,Sanctioned
796,Karnataka,District_E,Constituency_146,MP_Name_146,KA/534/2023-2024/50796 - Construction of Electricity facility,Sanitation,10-11-2021,1674121,Sanctioned
797,Karnataka,District_E,Constituency_146,MP_Name_146,KA/433/2021-2022/50797 - Construction of Sanitation facility,Education,12-02-2021,523040,Sanctioned
798,Karnataka,District_A,Constituency_147,MP_Name_147,KA/417/2023-2024/50798 - Construction of Electricity facility,Health,04-05-2021,1741380,Sanctioned
799,Karnataka,District_D,Constituency_147,MP_Name_147,KA/262/2021-2022/50799 - Construction of Drinking Water facility,Electricity,10-06-2024,701372,Sanctioned
800,Karnataka,District_D,Constituency_147,MP_Name_147,KA/506/2022-2023/50800 - Construction of Drinking Water facility,Roads,15-10-2021,507978,Sanctioned
801,Karnataka,District_D,Constituency_147,MP_Name_147,KA/564/2022-2023/50801 - Construction of Health facility,Education,11-05-2024,1430257,Sanctioned
802,Karnataka,District_A,Constituency_147,MP_Name_147,KA/736/2021-2022/50802 - Construction of Sanitation facility,Electricity,07-11-2021,1360763,Sanctioned
803,Karnataka,District_A,Constituency_147,MP_Name_147,KA/903/2021-2022/50803 - Construction of Roads facility,Health,09-12-2024,1816841,Sanctioned
804,Maharashtra,District_B,Constituency_148,MP_Name_148,MH/261/2021-2022/50804 - Construction of Health facility,Sanitation,18-06-2022,1471805,Sanctioned
805,Maharashtra,District_A,Constituency_148,MP_Name_148,MH/270/2021-2022/50805 - Construction of Education facility,Health,20-04-2024,786550,Sanctioned
806,Maharashtra,District_C,Constituency_148,MP_Name_148,MH/727/2023-2024/50806 - Construction of Health facility,Health,29-11-2024,1213533,Sanctioned
807,Maharashtra,District_C,Constituency_148,MP_Name_148,MH/243/2021-2022/50807 - Construction of Drinking Water facility,Sanitation,17-12-2021,1647477,Sanctioned
808,Maharashtra,District_C,Constituency_148,MP_Name_148,MH/886/2021-2022/50808 - Construction of Sanitation facility,Drinking Water,09-01-2023,675200,Sanctioned
809,Maharashtra,District_C,Constituency_148,MP_Name_148,MH/627/2021-2022/50809 - Construction of Health facility,Drinking Water,15-12-2023,1547927,Sanctioned
810,Maharashtra,District_C,Constituency_148,MP_Name_148,MH/582/2023-2024/50810 - Construction of Sanitation facility,Education,09-07-2023,627954,Sanctioned
811,Maharashtra,District_B,Constituency_149,MP_Name_149,MH/501/2022-2023/50811 - Construction of Drinking Water facility,Drinking Water,08-04-2023,471822,Sanctioned
812,Maharashtra,District_E,Constituency_149,MP_Name_149,MH/615/2023-2024/50812 - Construction of Sanitation facility,Health,15-07-2022,1052604,Sanctioned
813,Maharashtra,District_C,Constituency_149,MP_Name_149,MH/759/2023-2024/50813 - Construction of Roads facility,Health,31-01-2022,667652,Sanctioned
814,Maharashtra,District_C,Constituency_149,MP_Name_149,MH/168/2023-2024/50814 - Construction of Drinking Water facility,Sanitation,10-08-2021,1139322,Sanctioned
815,Maharashtra,District_D,Constituency_149,MP_Name_149,MH/855/2021-2022/50815 - Construction of Drinking Water facility,Electricity,16-05-2023,1557242,Sanctioned
816,Maharashtra,District_B,Constituency_149,MP_Name_149,MH/457/2022-2023/50816 - Construction of Education facility,Drinking Water,15-12-2022,1868443,Sanctioned
817,Maharashtra,District_B,Constituency_149,MP_Name_149,MH/729/2022-2023/50817 - Construction of Electricity facility,Drinking Water,05-04-2024,1461261,Sanctioned
818,Maharashtra,District_D,Constituency_149,MP_Name_149,MH/424/2021-2022/50818 - Construction of Education facility,Sanitation,19-02-2024,1782242,Sanctioned
819,Uttar Pradesh,District_C,Constituency_150,MP_Name_150,UP/475/2023-2024/50819 - Construction of Drinking Water facility,Drinking Water,23-01-2022,1858136,Sanctioned
820,Uttar Pradesh,District_C,Constituency_150,MP_Name_150,UP/459/2023-2024/50820 - Construction of Roads facility,Electricity,27-12-2021,1249929,Sanctioned
821,Uttar Pradesh,District_A,Constituency_150,MP_Name_150,UP/115/2023-2024/50821 - Construction of Roads facility,Roads,25-12-2024,1812017,Sanctioned
822,Uttar Pradesh,District_D,Constituency_150,MP_Name_150,UP/987/2022-2023/50822 - Construction of Health facility,Education,13-11-2024,823982,Sanctioned
823,Uttar Pradesh,District_C,Constituency_150,MP_Name_150,UP/724/2022-2023/50823 - Construction of Sanitation facility,Electricity,19-01-2024,1382842,Sanctioned
824,Uttar Pradesh,District_E,Constituency_150,MP_Name_150,UP/252/2023-2024/50824 - Construction of Sanitation facility,Drinking Water,26-10-2022,1152335,Sanctioned
825,Bihar,District_D,Constituency_151,MP_Name_151,BR/558/2021-2022/50825 - Construction of Drinking Water facility,Education,03-11-2023,1671655,Sanctioned
826,Bihar,District_A,Constituency_151,MP_Name_151,BR/831/2023-2024/50826 - Construction of Electricity facility,Education,04-09-2021,735720,Sanctioned
827,Bihar,District_A,Constituency_151,MP_Name_151,BR/919/2023-2024/50827 - Construction of Drinking Water facility,Sanitation,01-04-2021,1160302,Sanctioned
828,Bihar,District_E,Constituency_151,MP_Name_151,BR/735/2021-2022/50828 - Construction of Drinking Water facility,Education,18-04-2024,1312779,Sanctioned
829,Bihar,District_B,Constituency_151,MP_Name_151,BR/101/2021-2022/50829 - Construction of Sanitation facility,Electricity,10-04-2023,1199569,Sanctioned
830,Rajasthan,District_D,Constituency_152,MP_Name_152,RJ/145/2021-2022/50830 - Construction of Education facility,Drinking Water,03-01-2024,1883368,Sanctioned
831,Rajasthan,District_C,Constituency_152,MP_Name_152,RJ/515/2022-2023/50831 - Construction of Electricity facility,Education,19-09-2023,701758,Sanctioned
832,Rajasthan,District_B,Constituency_152,MP_Name_152,RJ/599/2023-2024/50832 - Construction of Drinking Water facility,Roads,29-03-2021,1011126,Sanctioned
833,Gujarat,District_A,Constituency_153,MP_Name_153,GJ/794/2022-2023/50833 - Construction of Roads facility,Roads,05-10-2023,787977,Sanctioned
834,Gujarat,District_C,Constituency_153,MP_Name_153,GJ/377/2021-2022/50834 - Construction of Electricity facility,Drinking Water,20-02-2024,1668785,Sanctioned
835,Gujarat,District_A,Constituency_153,MP_Name_153,GJ/309/2022-2023/50835 - Construction of Education facility,Sanitation,20-01-2023,439028,Sanctioned
836,Gujarat,District_E,Constituency_153,MP_Name_153,GJ/630/2022-2023/50836 - Construction of Roads facility,Health,12-07-2022,717430,Sanctioned
837,Gujarat,District_A,Constituency_153,MP_Name_153,GJ/250/2022-2023/50837 - Construction of Electricity facility,Drinking Water,22-05-2021,941090,Sanctioned
838,Gujarat,District_A,Constituency_153,MP_Name_153,GJ/679/2021-2022/50838 - Construction of Drinking Water facility,Sanitation,25-05-2021,484961,Sanctioned
839,Gujarat,District_B,Constituency_153,MP_Name_153,GJ/872/2022-2023/50839 - Construction of Education facility,Roads,10-01-2022,759562,Sanctioned
840,Gujarat,District_D,Constituency_153,MP_Name_153,GJ/940/2021-2022/50840 - Construction of Electricity facility,Roads,18-07-2022,487748,Sanctioned
841,Karnataka,District_D,Constituency_154,MP_Name_154,KA/355/2023-2024/50841 - Construction of Education facility,Health,12-03-2022,758428,Sanctioned
842,Karnataka,District_B,Constituency_154,MP_Name_154,KA/809/2023-2024/50842 - Construction of Sanitation facility,Sanitation,12-02-2021,739246,Sanctioned
843,Karnataka,District_E,Constituency_154,MP_Name_154,KA/227/2022-2023/50843 - Construction of Sanitation facility,Education,05-07-2021,896693,Sanctioned
844,Karnataka,District_B,Constituency_154,MP_Name_154,KA/395/2023-2024/50844 - Construction of Health facility,Electricity,17-01-2023,993025,Sanctioned
845,Bihar,District_C,Constituency_155,MP_Name_155,BR/453/2021-2022/50845 - Construction of Electricity facility,Health,17-07-2022,746599,Sanctioned
846,Bihar,District_A,Constituency_155,MP_Name_155,BR/474/2023-2024/50846 - Construction of Drinking Water facility,Electricity,13-06-2023,1432825,Sanctioned
847,Bihar,District_A,Constituency_155,MP_Name_155,BR/273/2021-2022/50847 - Construction of Health facility,Electricity,15-10-2024,442719,Sanctioned
848,Karnataka,District_C,Constituency_156,MP_Name_156,KA/798/2021-2022/50848 - Construction of Education facility,Sanitation,31-01-2021,670589,Sanctioned
849,Karnataka,District_A,Constituency_156,MP_Name_156,KA/623/2022-2023/50849 - Construction of Education facility,Roads,11-07-2021,625318,Sanctioned
850,Karnataka,District_B,Constituency_156,MP_Name_156,KA/538/2023-2024/50850 - Construction of Electricity facility,Roads,08-07-2024,775676,Sanctioned
851,Karnataka,District_C,Constituency_156,MP_Name_156,KA/950/2023-2024/50851 - Construction of Education facility,Electricity,18-07-2023,682238,Sanctioned
852,Karnataka,District_C,Constituency_156,MP_Name_156,KA/495/2022-2023/50852 - Construction of Education facility,Education,16-10-2022,655159,Sanctioned
853,Karnataka,District_B,Constituency_156,MP_Name_156,KA/356/2021-2022/50853 - Construction of Electricity facility,Education,18-03-2021,1366650,Sanctioned
854,Karnataka,District_D,Constituency_156,MP_Name_156,KA/727/2021-2022/50854 - Construction of Education facility,Education,10-07-2024,1208822,Sanctioned
855,Karnataka,District_C,Constituency_156,MP_Name_156,KA/749/2021-2022/50855 - Construction of Education facility,Sanitation,03-02-2023,1450523,Sanctioned
856,Karnataka,District_B,Constituency_157,MP_Name_157,KA/824/2021-2022/50856 - Construction of Education facility,Drinking Water,29-08-2021,1055846,Sanctioned
857,Karnataka,District_A,Constituency_157,MP_Name_157,KA/237/2023-2024/50857 - Construction of Sanitation facility,Sanitation,28-05-2024,1573707,Sanctioned
858,Karnataka,District_A,Constituency_157,MP_Name_157,KA/456/2023-2024/50858 - Construction of Drinking Water facility,Sanitation,12-12-2023,1744434,Sanctioned
859,Karnataka,District_E,Constituency_157,MP_Name_157,KA/921/2021-2022/50859 - Construction of Health facility,Sanitation,06-08-2023,570014,Sanctioned
860,Karnataka,District_C,Constituency_157,MP_Name_157,KA/827/2022-2023/50860 - Construction of Roads facility,Sanitation,19-10-2022,1458584,Sanctioned
861,Karnataka,District_B,Constituency_157,MP_Name_157,KA/874/2022-2023/50861 - Construction of Drinking Water facility,Health,18-05-2021,1034085,Sanctioned
862,Karnataka,District_D,Constituency_157,MP_Name_157,KA/211/2023-2024/50862 - Construction of Health facility,Drinking Water,02-08-2023,466128,Sanctioned
863,Gujarat,District_D,Constituency_158,MP_Name_158,GJ/941/2023-2024/50863 - Construction of Drinking Water facility,Roads,17-01-2023,943248,Sanctioned
864,Gujarat,District_A,Constituency_158,MP_Name_158,GJ/828/2022-2023/50864 - Construction of Drinking Water facility,Electricity,06-01-2024,792085,Sanctioned
865,Gujarat,District_C,Constituency_158,MP_Name_158,GJ/310/2022-2023/50865 - Construction of Drinking Water facility,Electricity,30-01-2021,924612,Sanctioned
866,West Bengal,District_E,Constituency_159,MP_Name_159,WB/518/2022-2023/50866 - Construction of Drinking Water facility,Health,03-10-2022,1544799,Sanctioned
867,West Bengal,District_D,Constituency_159,MP_Name_159,WB/152/2022-2023/50867 - Construction of Drinking Water facility,Roads,05-04-2024,1090006,Sanctioned
868,West Bengal,District_B,Constituency_159,MP_Name_159,WB/450/2022-2023/50868 - Construction of Health facility,Health,12-08-2024,1071014,Sanctioned
869,West Bengal,District_E,Constituency_159,MP_Name_159,WB/959/2021-2022/50869 - Construction of Education facility,Roads,19-06-2022,1807824,Sanctioned
870,Rajasthan,District_C,Constituency_160,MP_Name_160,RJ/828/2021-2022/50870 - Construction of Sanitation facility,Sanitation,02-12-2021,468461,Sanctioned
871,Rajasthan,District_B,Constituency_160,MP_Name_160,RJ/482/2023-2024/50871 - Construction of Education facility,Education,01-08-2023,1470139,Sanctioned
872,Rajasthan,District_C,Constituency_160,MP_Name_160,RJ/148/2021-2022/50872 - Construction of Sanitation facility,Drinking Water,11-07-2022,904868,Sanctioned
873,Rajasthan,District_A,Constituency_160,MP_Name_160,RJ/299/2021-2022/50873 - Construction of Health facility,Electricity,05-02-2022,1056482,Sanctioned
874,Rajasthan,District_E,Constituency_160,MP_Name_160,RJ/839/2023-2024/50874 - Construction of Health facility,Drinking Water,12-01-2023,513367,Sanctioned
875,Madhya Pradesh,District_A,Constituency_161,MP_Name_161,MP/555/2023-2024/50875 - Construction of Roads facility,Electricity,07-04-2021,1633393,Sanctioned
876,Madhya Pradesh,District_E,Constituency_161,MP_Name_161,MP/680/2021-2022/50876 - Construction of Sanitation facility,Electricity,04-12-2022,532138,Sanctioned
877,Madhya Pradesh,District_B,Constituency_161,MP_Name_161,MP/486/2023-2024/50877 - Construction of Roads facility,Sanitation,16-12-2023,1534291,Sanctioned
878,Tamil Nadu,District_A,Constituency_162,MP_Name_162,TN/310/2021-2022/50878 - Construction of Sanitation facility,Health,06-10-2024,751948,Sanctioned
879,Tamil Nadu,District_A,Constituency_162,MP_Name_162,TN/855/2021-2022/50879 - Construction of Sanitation facility,Education,26-01-2022,1080723,Sanctioned
880,Tamil Nadu,District_D,Constituency_162,MP_Name_162,TN/132/2023-2024/50880 - Construction of Sanitation facility,Drinking Water,09-12-2023,1839584,Sanctioned
881,Tamil Nadu,District_B,Constituency_162,MP_Name_162,TN/764/2021-2022/50881 - Construction of Electricity facility,Health,15-12-2021,1056192,Sanctioned
882,Tamil Nadu,District_B,Constituency_162,MP_Name_162,TN/929/2021-2022/50882 - Construction of Education facility,Electricity,10-08-2022,1629423,Sanctioned
883,Tamil Nadu,District_D,Constituency_162,MP_Name_162,TN/625/2021-2022/50883 - Construction of Health facility,Electricity,03-07-2023,448683,Sanctioned
884,Tamil Nadu,District_A,Constituency_162,MP_Name_162,TN/294/2021-2022/50884 - Construction of Drinking Water facility,Electricity,24-07-2022,548072,Sanctioned
885,West Bengal,District_D,Constituency_163,MP_Name_163,WB/324/2021-2022/50885 - Construction of Drinking Water facility,Roads,21-01-2024,1780280,Sanctioned
886,West Bengal,District_E,Constituency_163,MP_Name_163,WB/107/2021-2022/50886 - Construction of Health facility,Roads,09-04-2024,1699482,Sanctioned
887,West Bengal,District_A,Constituency_163,MP_Name_163,WB/344/2023-2024/50887 - Construction of Education facility,Roads,18-05-2021,1071576,Sanctioned
888,West Bengal,District_C,Constituency_163,MP_Name_163,WB/864/2022-2023/50888 - Construction of Roads facility,Health,18-12-2024,1105582,Sanctioned
889,West Bengal,District_C,Constituency_163,MP_Name_163,WB/125/2022-2023/50889 - Construction of Sanitation facility,Education,03-08-2024,1401536,Sanctioned
890,Bihar,District_E,Constituency_164,MP_Name_164,BR/903/2023-2024/50890 - Construction of Roads facility,Electricity,26-02-2022,1855303,Sanctioned
891,Bihar,District_E,Constituency_164,MP_Name_164,BR/543/2022-2023/50891 - Construction of Education facility,Drinking Water,09-08-2021,1515483,Sanctioned
892,Bihar,District_A,Constituency_164,MP_Name_164,BR/420/2023-2024/50892 - Construction of Health facility,Health,25-09-2022,1177533,Sanctioned
893,Bihar,District_D,Constituency_164,MP_Name_164,BR/208/2022-2023/50893 - Construction of Education facility,Roads,15-05-2021,955910,Sanctioned
894,Bihar,District_B,Constituency_164,MP_Name_164,BR/223/2023-2024/50894 - Construction of Electricity facility,Electricity,09-11-2022,1626348,Sanctioned
895,Bihar,District_E,Constituency_164,MP_Name_164,BR/364/2021-2022/50895 - Construction of Education facility,Electricity,12-06-2024,1182624,Sanctioned
896,Bihar,District_C,Constituency_164,MP_Name_164,BR/830/2023-2024/50896 - Construction of Drinking Water facility,Roads,12-08-2024,1412727,Sanctioned
897,West Bengal,District_B,Constituency_165,MP_Name_165,WB/908/2021-2022/50897 - Construction of Roads facility,Education,26-03-2024,1433331,Sanctioned
898,West Bengal,District_C,Constituency_165,MP_Name_165,WB/377/2023-2024/50898 - Construction of Drinking Water facility,Electricity,31-10-2021,1107875,Sanctioned
899,West Bengal,District_A,Constituency_165,MP_Name_165,WB/502/2021-2022/50899 - Construction of Health facility,Drinking Water,13-09-2024,882162,Sanctioned
900,West Bengal,District_C,Constituency_165,MP_Name_165,WB/143/2022-2023/50900 - Construction of Electricity facility,Sanitation,08-08-2022,1310552,Sanctioned
901,West Bengal,District_C,Constituency_165,MP_Name_165,WB/682/2023-2024/50901 - Construction of Sanitation facility,Education,29-07-2021,1187586,Sanctioned
902,West Bengal,District_A,Constituency_165,MP_Name_165,WB/812/2022-2023/50902 - Construction of Sanitation facility,Electricity,20-12-2021,1469728,Sanctioned
903,West Bengal,District_B,Constituency_165,MP_Name_165,WB/241/2022-2023/50903 - Construction of Sanitation facility,Roads,04-01-2024,1309262,Sanctioned
904,West Bengal,District_B,Constituency_166,MP_Name_166,WB/302/2023-2024/50904 - Construction of Roads facility,Electricity,11-12-2022,459289,Sanctioned
905,West Bengal,District_C,Constituency_166,MP_Name_166,WB/625/2023-2024/50905 - Construction of Sanitation facility,Drinking Water,16-09-2024,410561,Sanctioned
906,West Bengal,District_D,Constituency_166,MP_Name_166,WB/130/2021-2022/50906 - Construction of Electricity facility,Sanitation,20-02-2023,986980,Sanctioned
907,West Bengal,District_A,Constituency_166,MP_Name_166,WB/896/2021-2022/50907 - Construction of Sanitation facility,Health,18-03-2021,1787295,Sanctioned
908,West Bengal,District_A,Constituency_166,MP_Name_166,WB/420/2021-2022/50908 - Construction of Sanitation facility,Drinking Water,30-06-2022,1437680,Sanctioned
909,Madhya Pradesh,District_E,Constituency_167,MP_Name_167,MP/779/2021-2022/50909 - Construction of Health facility,Drinking Water,06-02-2023,517140,Sanctioned
910,Madhya Pradesh,District_A,Constituency_167,MP_Name_167,MP/727/2022-2023/50910 - Construction of Sanitation facility,Education,09-01-2024,904204,Sanctioned
911,Madhya Pradesh,District_C,Constituency_167,MP_Name_167,MP/130/2022-2023/50911 - Construction of Drinking Water facility,Health,29-01-2021,800732,Sanctioned
912,Madhya Pradesh,District_E,Constituency_167,MP_Name_167,MP/292/2023-2024/50912 - Construction of Roads facility,Electricity,30-01-2023,1027317,Sanctioned
913,Madhya Pradesh,District_A,Constituency_167,MP_Name_167,MP/886/2022-2023/50913 - Construction of Electricity facility,Drinking Water,31-12-2022,1435894,Sanctioned
914,Karnataka,District_B,Constituency_168,MP_Name_168,KA/496/2022-2023/50914 - Construction of Health facility,Health,25-03-2021,574748,Sanctioned
915,Karnataka,District_B,Constituency_168,MP_Name_168,KA/906/2021-2022/50915 - Construction of Education facility,Electricity,11-12-2023,1158100,Sanctioned
916,Karnataka,District_B,Constituency_168,MP_Name_168,KA/497/2023-2024/50916 - Construction of Education facility,Sanitation,26-02-2024,1569437,Sanctioned
917,Karnataka,District_E,Constituency_168,MP_Name_168,KA/766/2022-2023/50917 - Construction of Roads facility,Roads,02-03-2023,1074111,Sanctioned
918,Bihar,District_E,Constituency_169,MP_Name_169,BR/815/2022-2023/50918 - Construction of Electricity facility,Health,01-09-2022,1636664,Sanctioned
919,Bihar,District_A,Constituency_169,MP_Name_169,BR/780/2022-2023/50919 - Construction of Drinking Water facility,Drinking Water,07-10-2024,1118673,Sanctioned
920,Bihar,District_C,Constituency_169,MP_Name_169,BR/932/2021-2022/50920 - Construction of Electricity facility,Electricity,20-07-2024,1747204,Sanctioned
921,Bihar,District_C,Constituency_170,MP_Name_170,BR/157/2021-2022/50921 - Construction of Education facility,Electricity,01-01-2023,1603310,Sanctioned
922,Bihar,District_D,Constituency_170,MP_Name_170,BR/199/2023-2024/50922 - Construction of Sanitation facility,Roads,10-11-2021,411831,Sanctioned
923,Bihar,District_D,Constituency_170,MP_Name_170,BR/991/2021-2022/50923 - Construction of Sanitation facility,Education,09-06-2021,1226024,Sanctioned
924,Karnataka,District_E,Constituency_171,MP_Name_171,KA/192/2022-2023/50924 - Construction of Sanitation facility,Electricity,12-06-2021,1349296,Sanctioned
925,Karnataka,District_A,Constituency_171,MP_Name_171,KA/438/2023-2024/50925 - Construction of Electricity facility,Drinking Water,22-10-2021,1847319,Sanctioned
926,Karnataka,District_A,Constituency_171,MP_Name_171,KA/869/2021-2022/50926 - Construction of Education facility,Roads,24-07-2021,1501293,Sanctioned
927,Bihar,District_C,Constituency_172,MP_Name_172,BR/829/2021-2022/50927 - Construction of Roads facility,Sanitation,25-07-2024,709179,Sanctioned
928,Bihar,District_B,Constituency_172,MP_Name_172,BR/434/2023-2024/50928 - Construction of Education facility,Health,01-10-2024,444953,Sanctioned
929,Bihar,District_A,Constituency_172,MP_Name_172,BR/893/2021-2022/50929 - Construction of Education facility,Education,06-03-2022,1583119,Sanctioned
930,Bihar,District_B,Constituency_172,MP_Name_172,BR/596/2021-2022/50930 - Construction of Health facility,Sanitation,16-09-2022,565023,Sanctioned
931,Delhi,District_D,Constituency_173,MP_Name_173,DL/436/2022-2023/50931 - Construction of Electricity facility,Electricity,20-06-2021,1309040,Sanctioned
932,Delhi,District_D,Constituency_173,MP_Name_173,DL/110/2023-2024/50932 - Construction of Electricity facility,Sanitation,02-06-2021,731399,Sanctioned
933,Delhi,District_A,Constituency_173,MP_Name_173,DL/333/2023-2024/50933 - Construction of Drinking Water facility,Education,17-03-2022,642684,Sanctioned
934,Delhi,District_C,Constituency_173,MP_Name_173,DL/104/2021-2022/50934 - Construction of Roads facility,Roads,22-05-2021,1470671,Sanctioned
935,West Bengal,District_B,Constituency_174,MP_Name_174,WB/646/2023-2024/50935 - Construction of Electricity facility,Electricity,27-03-2023,1200897,Sanctioned
936,West Bengal,District_B,Constituency_174,MP_Name_174,WB/405/2023-2024/50936 - Construction of Electricity facility,Sanitation,28-11-2021,1780005,Sanctioned
937,West Bengal,District_C,Constituency_174,MP_Name_174,WB/909/2023-2024/50937 - Construction of Sanitation facility,Education,29-01-2022,1020106,Sanctioned
938,Tamil Nadu,District_E,Constituency_175,MP_Name_175,TN/343/2022-2023/50938 - Construction of Electricity facility,Drinking Water,31-08-2024,1514270,Sanctioned
939,Tamil Nadu,District_A,Constituency_175,MP_Name_175,TN/175/2021-2022/50939 - Construction of Drinking Water facility,Education,09-03-2022,470752,Sanctioned
940,Tamil Nadu,District_A,Constituency_175,MP_Name_175,TN/578/2021-2022/50940 - Construction of Roads facility,Roads,08-10-2021,1669133,Sanctioned
941,Tamil Nadu,District_C,Constituency_175,MP_Name_175,TN/505/2022-2023/50941 - Construction of Electricity facility,Education,01-05-2023,525233,Sanctioned
942,Tamil Nadu,District_A,Constituency_175,MP_Name_175,TN/866/2022-2023/50942 - Construction of Electricity facility,Sanitation,15-08-2024,1193259,Sanctioned
943,Tamil Nadu,District_B,Constituency_175,MP_Name_175,TN/123/2023-2024/50943 - Construction of Education facility,Sanitation,16-05-2024,1403436,Sanctioned
944,Tamil Nadu,District_D,Constituency_175,MP_Name_175,TN/576/2022-2023/50944 - Construction of Electricity facility,Drinking Water,07-12-2021,1691304,Sanctioned
945,Tamil Nadu,District_B,Constituency_175,MP_Name_175,TN/223/2021-2022/50945 - Construction of Electricity facility,Drinking Water,09-01-2022,1658579,Sanctioned
946,Rajasthan,District_B,Constituency_176,MP_Name_176,RJ/328/2022-2023/50946 - Construction of Health facility,Sanitation,06-02-2022,969342,Sanctioned
947,Rajasthan,District_E,Constituency_176,MP_Name_176,RJ/502/2021-2022/50947 - Construction of Electricity facility,Drinking Water,07-02-2024,1375036,Sanctioned
948,Rajasthan,District_E,Constituency_176,MP_Name_176,RJ/993/2021-2022/50948 - Construction of Education facility,Drinking Water,10-04-2021,1484233,Sanctioned
949,Rajasthan,District_E,Constituency_176,MP_Name_176,RJ/506/2022-2023/50949 - Construction of Health facility,Health,16-03-2021,1214014,Sanctioned
950,Rajasthan,District_C,Constituency_176,MP_Name_176,RJ/610/2022-2023/50950 - Construction of Roads facility,Roads,07-05-2022,490208,Sanctioned
951,Rajasthan,District_C,Constituency_176,MP_Name_176,RJ/294/2021-2022/50951 - Construction of Electricity facility,Drinking Water,09-05-2024,660581,Sanctioned
952,Rajasthan,District_A,Constituency_176,MP_Name_176,RJ/809/2023-2024/50952 - Construction of Health facility,Roads,19-10-2024,1687776,Sanctioned
953,Delhi,District_D,Constituency_177,MP_Name_177,DL/925/2021-2022/50953 - Construction of Drinking Water facility,Health,20-05-2023,523980,Sanctioned
954,Delhi,District_C,Constituency_177,MP_Name_177,DL/716/2022-2023/50954 - Construction of Drinking Water facility,Electricity,11-05-2021,540856,Sanctioned
955,Delhi,District_B,Constituency_177,MP_Name_177,DL/154/2023-2024/50955 - Construction of Electricity facility,Roads,09-05-2022,745610,Sanctioned
956,Delhi,District_B,Constituency_177,MP_Name_177,DL/288/2022-2023/50956 - Construction of Roads facility,Education,20-09-2023,797980,Sanctioned
957,Delhi,District_D,Constituency_177,MP_Name_177,DL/179/2023-2024/50957 - Construction of Health facility,Roads,07-02-2022,1593825,Sanctioned
958,Delhi,District_B,Constituency_177,MP_Name_177,DL/849/2023-2024/50958 - Construction of Roads facility,Sanitation,30-11-2022,782762,Sanctioned
959,Delhi,District_B,Constituency_177,MP_Name_177,DL/663/2022-2023/50959 - Construction of Health facility,Electricity,05-02-2021,1429840,Sanctioned
960,Delhi,District_A,Constituency_177,MP_Name_177,DL/757/2023-2024/50960 - Construction of Health facility,Education,05-12-2023,999285,Sanctioned
961,Rajasthan,District_C,Constituency_178,MP_Name_178,RJ/901/2022-2023/50961 - Construction of Sanitation facility,Education,19-04-2022,1733006,Sanctioned
962,Rajasthan,District_A,Constituency_178,MP_Name_178,RJ/119/2022-2023/50962 - Construction of Education facility,Roads,20-11-2024,1391125,Sanctioned
963,Rajasthan,District_A,Constituency_178,MP_Name_178,RJ/394/2021-2022/50963 - Construction of Health facility,Roads,19-05-2021,1780973,Sanctioned
964,Karnataka,District_B,Constituency_179,MP_Name_179,KA/581/2023-2024/50964 - Construction of Roads facility,Health,03-12-2023,410092,Sanctioned
965,Karnataka,District_B,Constituency_179,MP_Name_179,KA/700/2023-2024/50965 - Construction of Health facility,Education,26-06-2021,1632703,Sanctioned
966,Karnataka,District_C,Constituency_179,MP_Name_179,KA/287/2021-2022/50966 - Construction of Health facility,Drinking Water,23-04-2024,1246959,Sanctioned
967,Karnataka,District_A,Constituency_179,MP_Name_179,KA/495/2021-2022/50967 - Construction of Health facility,Education,09-10-2022,662755,Sanctioned
968,Gujarat,District_D,Constituency_180,MP_Name_180,GJ/138/2021-2022/50968 - Construction of Electricity facility,Electricity,05-10-2023,696277,Sanctioned
969,Gujarat,District_E,Constituency_180,MP_Name_180,GJ/798/2021-2022/50969 - Construction of Sanitation facility,Health,28-02-2022,568209,Sanctioned
970,Gujarat,District_A,Constituency_180,MP_Name_180,GJ/740/2021-2022/50970 - Construction of Sanitation facility,Sanitation,14-05-2021,404778,Sanctioned
971,Gujarat,District_D,Constituency_180,MP_Name_180,GJ/153/2021-2022/50971 - Construction of Sanitation facility,Education,20-11-2023,1228886,Sanctioned
972,Bihar,District_E,Constituency_181,MP_Name_181,BR/278/2023-2024/50972 - Construction of Electricity facility,Education,01-03-2023,1312651,Sanctioned
973,Bihar,District_A,Constituency_181,MP_Name_181,BR/787/2022-2023/50973 - Construction of Education facility,Education,13-11-2024,1036286,Sanctioned
974,Bihar,District_B,Constituency_181,MP_Name_181,BR/597/2023-2024/50974 - Construction of Health facility,Health,10-01-2022,1329150,Sanctioned
975,Bihar,District_A,Constituency_181,MP_Name_181,BR/604/2021-2022/50975 - Construction of Roads facility,Electricity,15-11-2022,990359,Sanctioned
976,Bihar,District_B,Constituency_181,MP_Name_181,BR/802/2023-2024/50976 - Construction of Drinking Water facility,Drinking Water,19-07-2024,606204,Sanctioned
977,Bihar,District_D,Constituency_181,MP_Name_181,BR/661/2021-2022/50977 - Construction of Health facility,Sanitation,06-07-2021,901140,Sanctioned
978,Bihar,District_A,Constituency_181,MP_Name_181,BR/740/2021-2022/50978 - Construction of Drinking Water facility,Electricity,03-05-2024,1468112,Sanctioned
979,Bihar,District_E,Constituency_181,MP_Name_181,BR/303/2021-2022/50979 - Construction of Electricity facility,Education,14-11-2022,700106,Sanctioned
980,Rajasthan,District_B,Constituency_182,MP_Name_182,RJ/634/2021-2022/50980 - Construction of Drinking Water facility,Roads,01-10-2024,1266607,Sanctioned
981,Rajasthan,District_D,Constituency_182,MP_Name_182,RJ/924/2022-2023/50981 - Construction of Sanitation facility,Health,19-08-2022,640591,Sanctioned
982,Rajasthan,District_C,Constituency_182,MP_Name_182,RJ/439/2022-2023/50982 - Construction of Sanitation facility,Drinking Water,05-11-2024,1529331,Sanctioned
983,Rajasthan,District_A,Constituency_182,MP_Name_182,RJ/225/2022-2023/50983 - Construction of Sanitation facility,Electricity,29-01-2024,1833964,Sanctioned
984,Rajasthan,District_A,Constituency_182,MP_Name_182,RJ/316/2023-2024/50984 - Construction of Sanitation facility,Electricity,07-07-2022,1736323,Sanctioned
985,Rajasthan,District_D,Constituency_182,MP_Name_182,RJ/655/2022-2023/50985 - Construction of Roads facility,Health,05-12-2021,881448,Sanctioned
986,Rajasthan,District_B,Constituency_182,MP_Name_182,RJ/820/2023-2024/50986 - Construction of Sanitation facility,Electricity,18-07-2023,1123184,Sanctioned
987,Rajasthan,District_A,Constituency_182,MP_Name_182,RJ/171/2023-2024/50987 - Construction of Electricity facility,Drinking Water,04-04-2024,425403,Sanctioned
988,Bihar,District_B,Constituency_183,MP_Name_183,BR/641/2023-2024/50988 - Construction of Sanitation facility,Drinking Water,02-08-2022,1376623,Sanctioned
989,Bihar,District_C,Constituency_183,MP_Name_183,BR/514/2023-2024/50989 - Construction of Sanitation facility,Education,19-01-2023,1321002,Sanctioned
990,Bihar,District_D,Constituency_183,MP_Name_183,BR/242/2022-2023/50990 - Construction of Electricity facility,Sanitation,11-07-2023,1013867,Sanctioned
991,West Bengal,District_E,Constituency_184,MP_Name_184,WB/598/2023-2024/50991 - Construction of Drinking Water facility,Education,11-02-2021,1213821,Sanctioned
992,West Bengal,District_D,Constituency_184,MP_Name_184,WB/924/2023-2024/50992 - Construction of Health facility,Drinking Water,21-07-2024,1257609,Sanctioned
993,West Bengal,District_C,Constituency_184,MP_Name_184,WB/583/2022-2023/50993 - Construction of Health facility,Roads,21-05-2021,954790,Sanctioned
994,West Bengal,District_C,Constituency_184,MP_Name_184,WB/872/2022-2023/50994 - Construction of Drinking Water facility,Roads,07-06-2023,1076706,Sanctioned
995,West Bengal,District_B,Constituency_184,MP_Name_184,WB/517/2022-2023/50995 - Construction of Health facility,Health,15-08-2021,942035,Sanctioned
996,Rajasthan,District_C,Constituency_185,MP_Name_185,RJ/641/2021-2022/50996 - Construction of Health facility,Drinking Water,21-03-2021,1380023,Sanctioned
997,Rajasthan,District_E,Constituency_185,MP_Name_185,RJ/454/2021-2022/50997 - Construction of Drinking Water facility,Electricity,17-12-2024,714394,Sanctioned
998,Rajasthan,District_C,Constituency_185,MP_Name_185,RJ/142/2021-2022/50998 - Construction of Roads facility,Drinking Water,16-03-2024,877714,Sanctioned
999,Rajasthan,District_C,Constituency_185,MP_Name_185,RJ/992/2022-2023/50999 - Construction of Electricity facility,Electricity,27-12-2024,1210163,Sanctioned
1000,Rajasthan,District_C,Constituency_185,MP_Name_185,RJ/755/2021-2022/51000 - Construction of Education facility,Education,15-11-2022,958765,Sanctioned
1001,Rajasthan,District_B,Constituency_185,MP_Name_185,RJ/233/2021-2022/51001 - Construction of Roads facility,Electricity,19-04-2021,1290390,Sanctioned
1002,Rajasthan,District_B,Constituency_185,MP_Name_185,RJ/965/2023-2024/51002 - Construction of Electricity facility,Drinking Water,02-10-2022,1071839,Sanctioned
1003,Rajasthan,District_A,Constituency_185,MP_Name_185,RJ/254/2023-2024/51003 - Construction of Electricity facility,Education,24-01-2022,1645265,Sanctioned
1004,Uttar Pradesh,District_A,Constituency_186,MP_Name_186,UP/639/2022-2023/51004 - Construction of Electricity facility,Drinking Water,13-09-2024,887561,Sanctioned
1005,Uttar Pradesh,District_E,Constituency_186,MP_Name_186,UP/354/2022-2023/51005 - Construction of Roads facility,Education,25-11-2024,1285896,Sanctioned
1006,Uttar Pradesh,District_D,Constituency_186,MP_Name_186,UP/807/2023-2024/51006 - Construction of Electricity facility,Roads,04-12-2022,720491,Sanctioned
1007,Uttar Pradesh,District_B,Constituency_186,MP_Name_186,UP/116/2023-2024/51007 - Construction of Health facility,Electricity,07-06-2023,713445,Sanctioned
1008,Uttar Pradesh,District_B,Constituency_186,MP_Name_186,UP/851/2021-2022/51008 - Construction of Education facility,Education,28-11-2024,1141998,Sanctioned
1009,Uttar Pradesh,District_D,Constituency_186,MP_Name_186,UP/689/2023-2024/51009 - Construction of Sanitation facility,Roads,01-10-2022,567976,Sanctioned
1010,Uttar Pradesh,District_E,Constituency_186,MP_Name_186,UP/661/2021-2022/51010 - Construction of Drinking Water facility,Health,24-12-2021,1400397,Sanctioned
1011,Bihar,District_E,Constituency_187,MP_Name_187,BR/874/2022-2023/51011 - Construction of Sanitation facility,Roads,27-10-2021,945098,Sanctioned
1012,Bihar,District_B,Constituency_187,MP_Name_187,BR/495/2023-2024/51012 - Construction of Roads facility,Roads,17-08-2023,1680699,Sanctioned
1013,Bihar,District_D,Constituency_187,MP_Name_187,BR/293/2022-2023/51013 - Construction of Drinking Water facility,Electricity,05-02-2022,1273268,Sanctioned
1014,Bihar,District_E,Constituency_187,MP_Name_187,BR/857/2023-2024/51014 - Construction of Education facility,Drinking Water,29-06-2023,407486,Sanctioned
1015,Bihar,District_E,Constituency_187,MP_Name_187,BR/724/2023-2024/51015 - Construction of Roads facility,Health,14-09-2023,943220,Sanctioned
1016,Bihar,District_C,Constituency_187,MP_Name_187,BR/961/2023-2024/51016 - Construction of Education facility,Sanitation,18-10-2023,473484,Sanctioned
1017,Gujarat,District_E,Constituency_188,MP_Name_188,GJ/105/2022-2023/51017 - Construction of Sanitation facility,Education,02-05-2024,1316128,Sanctioned
1018,Gujarat,District_A,Constituency_188,MP_Name_188,GJ/350/2022-2023/51018 - Construction of Health facility,Health,25-04-2024,919785,Sanctioned
1019,Gujarat,District_D,Constituency_188,MP_Name_188,GJ/309/2021-2022/51019 - Construction of Drinking Water facility,Electricity,25-12-2021,511146,Sanctioned
1020,Gujarat,District_D,Constituency_188,MP_Name_188,GJ/727/2023-2024/51020 - Construction of Roads facility,Sanitation,27-02-2023,455372,Sanctioned
1021,Gujarat,District_A,Constituency_188,MP_Name_188,GJ/204/2021-2022/51021 - Construction of Electricity facility,Education,09-10-2024,877683,Sanctioned
1022,Gujarat,District_D,Constituency_188,MP_Name_188,GJ/740/2022-2023/51022 - Construction of Electricity facility,Education,26-02-2023,816544,Sanctioned
1023,Gujarat,District_D,Constituency_188,MP_Name_188,GJ/482/2023-2024/51023 - Construction of Sanitation facility,Electricity,27-01-2021,1214956,Sanctioned
1024,Tamil Nadu,District_A,Constituency_189,MP_Name_189,TN/216/2022-2023/51024 - Construction of Electricity facility,Sanitation,13-06-2022,1345514,Sanctioned
1025,Tamil Nadu,District_A,Constituency_189,MP_Name_189,TN/155/2022-2023/51025 - Construction of Education facility,Education,27-12-2021,1079469,Sanctioned
1026,Tamil Nadu,District_D,Constituency_189,MP_Name_189,TN/761/2023-2024/51026 - Construction of Roads facility,Education,22-05-2023,1734155,Sanctioned
1027,Bihar,District_A,Constituency_190,MP_Name_190,BR/274/2021-2022/51027 - Construction of Health facility,Education,11-01-2024,1657037,Sanctioned
1028,Bihar,District_D,Constituency_190,MP_Name_190,BR/138/2021-2022/51028 - Construction of Education facility,Roads,06-07-2024,1075756,Sanctioned
1029,Bihar,District_C,Constituency_190,MP_Name_190,BR/582/2023-2024/51029 - Construction of Roads facility,Drinking Water,31-03-2024,835592,Sanctioned
1030,Bihar,District_C,Constituency_190,MP_Name_190,BR/908/2023-2024/51030 - Construction of Education facility,Electricity,26-05-2024,1254196,Sanctioned
1031,Bihar,District_D,Constituency_190,MP_Name_190,BR/408/2023-2024/51031 - Construction of Education facility,Roads,14-06-2024,409728,Sanctioned
1032,Bihar,District_D,Constituency_190,MP_Name_190,BR/903/2021-2022/51032 - Construction of Electricity facility,Drinking Water,03-10-2023,1642936,Sanctioned
1033,Bihar,District_B,Constituency_190,MP_Name_190,BR/936/2023-2024/51033 - Construction of Education facility,Health,05-12-2023,847768,Sanctioned
1034,Bihar,District_C,Constituency_190,MP_Name_190,BR/785/2023-2024/51034 - Construction of Roads facility,Sanitation,16-04-2023,523389,Sanctioned
1035,Bihar,District_E,Constituency_191,MP_Name_191,BR/421/2023-2024/51035 - Construction of Electricity facility,Roads,21-02-2021,750583,Sanctioned
1036,Bihar,District_A,Constituency_191,MP_Name_191,BR/351/2021-2022/51036 - Construction of Roads facility,Electricity,04-03-2022,753345,Sanctioned
1037,Bihar,District_C,Constituency_191,MP_Name_191,BR/987/2021-2022/51037 - Construction of Health facility,Health,26-05-2023,863710,Sanctioned
1038,Bihar,District_D,Constituency_191,MP_Name_191,BR/236/2022-2023/51038 - Construction of Electricity facility,Roads,07-09-2023,1479621,Sanctioned
1039,Bihar,District_D,Constituency_191,MP_Name_191,BR/566/2023-2024/51039 - Construction of Education facility,Drinking Water,06-08-2021,1882770,Sanctioned
1040,Delhi,District_A,Constituency_192,MP_Name_192,DL/329/2021-2022/51040 - Construction of Drinking Water facility,Health,06-06-2024,531090,Sanctioned
1041,Delhi,District_A,Constituency_192,MP_Name_192,DL/391/2021-2022/51041 - Construction of Electricity facility,Roads,29-10-2023,830840,Sanctioned
1042,Delhi,District_D,Constituency_192,MP_Name_192,DL/506/2022-2023/51042 - Construction of Health facility,Education,20-04-2023,469051,Sanctioned
1043,Delhi,District_E,Constituency_192,MP_Name_192,DL/911/2021-2022/51043 - Construction of Electricity facility,Education,05-06-2023,1374202,Sanctioned
1044,Delhi,District_D,Constituency_192,MP_Name_192,DL/831/2022-2023/51044 - Construction of Drinking Water facility,Sanitation,09-09-2022,1801369,Sanctioned
1045,Delhi,District_E,Constituency_192,MP_Name_192,DL/948/2022-2023/51045 - Construction of Drinking Water facility,Health,29-10-2023,1419640,Sanctioned
1046,Karnataka,District_B,Constituency_193,MP_Name_193,KA/698/2021-2022/51046 - Construction of Drinking Water facility,Education,29-07-2023,453004,Sanctioned
1047,Karnataka,District_E,Constituency_193,MP_Name_193,KA/231/2021-2022/51047 - Construction of Drinking Water facility,Sanitation,08-05-2022,1898249,Sanctioned
1048,Karnataka,District_C,Constituency_193,MP_Name_193,KA/126/2021-2022/51048 - Construction of Electricity facility,Health,29-08-2023,1579109,Sanctioned
1049,Karnataka,District_E,Constituency_193,MP_Name_193,KA/839/2021-2022/51049 - Construction of Sanitation facility,Roads,12-01-2022,938799,Sanctioned
1050,Karnataka,District_D,Constituency_193,MP_Name_193,KA/105/2021-2022/51050 - Construction of Education facility,Education,19-06-2024,1423547,Sanctioned
1051,Karnataka,District_C,Constituency_193,MP_Name_193,KA/283/2021-2022/51051 - Construction of Health facility,Education,05-07-2021,907718,Sanctioned
1052,Rajasthan,District_B,Constituency_194,MP_Name_194,RJ/743/2022-2023/51052 - Construction of Drinking Water facility,Health,21-09-2023,1819754,Sanctioned
1053,Rajasthan,District_B,Constituency_194,MP_Name_194,RJ/207/2021-2022/51053 - Construction of Roads facility,Roads,25-10-2022,1248992,Sanctioned
1054,Rajasthan,District_C,Constituency_194,MP_Name_194,RJ/109/2023-2024/51054 - Construction of Drinking Water facility,Electricity,15-07-2024,1732622,Sanctioned
1055,Rajasthan,District_B,Constituency_194,MP_Name_194,RJ/990/2022-2023/51055 - Construction of Education facility,Roads,16-03-2022,1229960,Sanctioned
1056,Rajasthan,District_C,Constituency_194,MP_Name_194,RJ/381/2023-2024/51056 - Construction of Health facility,Roads,16-06-2021,1371623,Sanctioned
1057,Rajasthan,District_E,Constituency_194,MP_Name_194,RJ/614/2021-2022/51057 - Construction of Health facility,Education,13-12-2022,914671,Sanctioned
1058,Rajasthan,District_A,Constituency_194,MP_Name_194,RJ/619/2021-2022/51058 - Construction of Health facility,Health,14-11-2024,868671,Sanctioned
1059,Gujarat,District_E,Constituency_195,MP_Name_195,GJ/751/2022-2023/51059 - Construction of Roads facility,Education,28-10-2021,503234,Sanctioned
1060,Gujarat,District_B,Constituency_195,MP_Name_195,GJ/593/2023-2024/51060 - Construction of Health facility,Electricity,27-05-2021,850361,Sanctioned
1061,Gujarat,District_E,Constituency_195,MP_Name_195,GJ/908/2022-2023/51061 - Construction of Roads facility,Drinking Water,17-12-2023,1278765,Sanctioned
1062,Gujarat,District_A,Constituency_195,MP_Name_195,GJ/302/2023-2024/51062 - Construction of Health facility,Health,14-01-2022,906369,Sanctioned
1063,Uttar Pradesh,District_C,Constituency_196,MP_Name_196,UP/848/2022-2023/51063 - Construction of Electricity facility,Drinking Water,24-08-2024,464553,Sanctioned
1064,Uttar Pradesh,District_B,Constituency_196,MP_Name_196,UP/846/2022-2023/51064 - Construction of Sanitation facility,Electricity,01-11-2021,1042641,Sanctioned
1065,Uttar Pradesh,District_B,Constituency_196,MP_Name_196,UP/655/2021-2022/51065 - Construction of Sanitation facility,Electricity,11-08-2023,1538641,Sanctioned
1066,Uttar Pradesh,District_D,Constituency_196,MP_Name_196,UP/891/2021-2022/51066 - Construction of Education facility,Education,04-06-2022,1045509,Sanctioned
1067,Uttar Pradesh,District_D,Constituency_196,MP_Name_196,UP/857/2023-2024/51067 - Construction of Health facility,Electricity,30-09-2022,746346,Sanctioned
1068,Uttar Pradesh,District_A,Constituency_196,MP_Name_196,UP/337/2022-2023/51068 - Construction of Drinking Water facility,Education,26-06-2021,819051,Sanctioned
1069,Uttar Pradesh,District_A,Constituency_196,MP_Name_196,UP/310/2023-2024/51069 - Construction of Health facility,Roads,07-09-2024,1205733,Sanctioned
1070,Uttar Pradesh,District_C,Constituency_196,MP_Name_196,UP/942/2022-2023/51070 - Construction of Roads facility,Roads,11-08-2023,1331386,Sanctioned
1071,Gujarat,District_D,Constituency_197,MP_Name_197,GJ/521/2021-2022/51071 - Construction of Electricity facility,Health,04-08-2021,1605103,Sanctioned
1072,Gujarat,District_E,Constituency_197,MP_Name_197,GJ/236/2023-2024/51072 - Construction of Sanitation facility,Drinking Water,06-04-2023,758213,Sanctioned
1073,Gujarat,District_C,Constituency_197,MP_Name_197,GJ/522/2023-2024/51073 - Construction of Sanitation facility,Electricity,15-05-2022,972967,Sanctioned
1074,Gujarat,District_A,Constituency_197,MP_Name_197,GJ/488/2022-2023/51074 - Construction of Drinking Water facility,Education,28-10-2021,1420595,Sanctioned
1075,Gujarat,District_B,Constituency_197,MP_Name_197,GJ/770/2021-2022/51075 - Construction of Electricity facility,Electricity,25-03-2023,989479,Sanctioned
1076,Maharashtra,District_B,Constituency_198,MP_Name_198,MH/806/2023-2024/51076 - Construction of Roads facility,Roads,04-07-2022,1441134,Sanctioned
1077,Maharashtra,District_E,Constituency_198,MP_Name_198,MH/426/2023-2024/51077 - Construction of Electricity facility,Sanitation,07-01-2022,998024,Sanctioned
1078,Maharashtra,District_C,Constituency_198,MP_Name_198,MH/553/2023-2024/51078 - Construction of Health facility,Sanitation,03-12-2023,1437653,Sanctioned
1079,Maharashtra,District_C,Constituency_198,MP_Name_198,MH/719/2022-2023/51079 - Construction of Electricity facility,Electricity,12-05-2022,1069000,Sanctioned
1080,Bihar,District_B,Constituency_199,MP_Name_199,BR/552/2021-2022/51080 - Construction of Education facility,Drinking Water,28-12-2024,779514,Sanctioned
1081,Bihar,District_C,Constituency_199,MP_Name_199,BR/699/2021-2022/51081 - Construction of Electricity facility,Sanitation,20-10-2023,456063,Sanctioned
1082,Bihar,District_B,Constituency_199,MP_Name_199,BR/967/2023-2024/51082 - Construction of Roads facility,Education,01-04-2024,1067666,Sanctioned
1083,Bihar,District_D,Constituency_199,MP_Name_199,BR/801/2021-2022/51083 - Construction of Education facility,Electricity,30-10-2021,1367117,Sanctioned
1084,Delhi,District_B,Constituency_200,MP_Name_200,DL/622/2021-2022/51084 - Construction of Sanitation facility,Education,10-06-2022,445041,Sanctioned
1085,Delhi,District_D,Constituency_200,MP_Name_200,DL/952/2021-2022/51085 - Construction of Roads facility,Education,17-05-2021,523374,Sanctioned
1086,Delhi,District_B,Constituency_200,MP_Name_200,DL/835/2021-2022/51086 - Construction of Education facility,Sanitation,09-07-2022,1727140,Sanctioned
1087,Delhi,District_A,Constituency_200,MP_Name_200,DL/527/2021-2022/51087 - Construction of Health facility,Electricity,21-03-2022,1072617,Sanctioned
1088,Delhi,District_D,Constituency_200,MP_Name_200,DL/901/2023-2024/51088 - Construction of Drinking Water facility,Drinking Water,01-08-2022,1372639,Sanctioned
1089,Delhi,District_B,Constituency_200,MP_Name_200,DL/166/2021-2022/51089 - Construction of Education facility,Health,12-04-2024,1339837,Sanctioned
1090,Maharashtra,District_C,Constituency_201,MP_Name_201,MH/691/2023-2024/51090 - Construction of Health facility,Electricity,09-01-2024,455056,Sanctioned
1091,Maharashtra,District_D,Constituency_201,MP_Name_201,MH/853/2023-2024/51091 - Construction of Electricity facility,Health,25-09-2023,1341782,Sanctioned
1092,Maharashtra,District_B,Constituency_201,MP_Name_201,MH/645/2021-2022/51092 - Construction of Roads facility,Education,29-12-2022,1701884,Sanctioned
1093,Maharashtra,District_E,Constituency_201,MP_Name_201,MH/862/2023-2024/51093 - Construction of Sanitation facility,Electricity,10-06-2021,1879764,Sanctioned
1094,Maharashtra,District_C,Constituency_201,MP_Name_201,MH/235/2022-2023/51094 - Construction of Education facility,Electricity,17-08-2021,690950,Sanctioned
1095,Delhi,District_C,Constituency_202,MP_Name_202,DL/601/2022-2023/51095 - Construction of Health facility,Education,05-10-2021,1211769,Sanctioned
1096,Delhi,District_C,Constituency_202,MP_Name_202,DL/954/2022-2023/51096 - Construction of Sanitation facility,Health,25-01-2024,1182178,Sanctioned
1097,Delhi,District_C,Constituency_202,MP_Name_202,DL/993/2022-2023/51097 - Construction of Education facility,Drinking Water,05-08-2024,896846,Sanctioned
1098,Delhi,District_E,Constituency_202,MP_Name_202,DL/519/2023-2024/51098 - Construction of Electricity facility,Roads,31-10-2024,1235821,Sanctioned
1099,Madhya Pradesh,District_C,Constituency_203,MP_Name_203,MP/406/2021-2022/51099 - Construction of Roads facility,Drinking Water,23-12-2021,659599,Sanctioned
1100,Madhya Pradesh,District_B,Constituency_203,MP_Name_203,MP/589/2022-2023/51100 - Construction of Electricity facility,Sanitation,17-11-2024,661500,Sanctioned
1101,Madhya Pradesh,District_B,Constituency_203,MP_Name_203,MP/678/2021-2022/51101 - Construction of Health facility,Electricity,02-01-2023,913030,Sanctioned
1102,Delhi,District_E,Constituency_204,MP_Name_204,DL/226/2023-2024/51102 - Construction of Drinking Water facility,Sanitation,27-12-2023,890519,Sanctioned
1103,Delhi,District_C,Constituency_204,MP_Name_204,DL/824/2023-2024/51103 - Construction of Drinking Water facility,Health,09-03-2021,1054446,Sanctioned
1104,Delhi,District_E,Constituency_204,MP_Name_204,DL/105/2021-2022/51104 - Construction of Education facility,Electricity,30-04-2022,480413,Sanctioned
1105,Gujarat,District_C,Constituency_205,MP_Name_205,GJ/652/2023-2024/51105 - Construction of Drinking Water facility,Sanitation,06-06-2021,970983,Sanctioned
1106,Gujarat,District_C,Constituency_205,MP_Name_205,GJ/721/2021-2022/51106 - Construction of Sanitation facility,Education,15-12-2021,415605,Sanctioned
1107,Gujarat,District_C,Constituency_205,MP_Name_205,GJ/369/2022-2023/51107 - Construction of Drinking Water facility,Sanitation,29-01-2024,991228,Sanctioned
1108,Gujarat,District_C,Constituency_205,MP_Name_205,GJ/913/2021-2022/51108 - Construction of Electricity facility,Health,08-03-2024,1409616,Sanctioned
1109,Gujarat,District_C,Constituency_205,MP_Name_205,GJ/965/2023-2024/51109 - Construction of Health facility,Health,29-04-2024,1222871,Sanctioned
1110,Gujarat,District_C,Constituency_205,MP_Name_205,GJ/626/2021-2022/51110 - Construction of Drinking Water facility,Drinking Water,23-03-2021,853840,Sanctioned
1111,Maharashtra,District_B,Constituency_206,MP_Name_206,MH/541/2021-2022/51111 - Construction of Electricity facility,Health,15-01-2021,1187486,Sanctioned
1112,Maharashtra,District_B,Constituency_206,MP_Name_206,MH/228/2023-2024/51112 - Construction of Health facility,Health,05-05-2023,1089214,Sanctioned
1113,Maharashtra,District_A,Constituency_206,MP_Name_206,MH/908/2021-2022/51113 - Construction of Education facility,Education,25-08-2021,613233,Sanctioned
1114,Maharashtra,District_A,Constituency_206,MP_Name_206,MH/431/2022-2023/51114 - Construction of Electricity facility,Education,16-01-2021,541335,Sanctioned
1115,Rajasthan,District_E,Constituency_207,MP_Name_207,RJ/938/2021-2022/51115 - Construction of Education facility,Education,21-02-2023,1504856,Sanctioned
1116,Rajasthan,District_E,Constituency_207,MP_Name_207,RJ/858/2022-2023/51116 - Construction of Education facility,Drinking Water,07-11-2021,1081849,Sanctioned
1117,Rajasthan,District_A,Constituency_207,MP_Name_207,RJ/223/2023-2024/51117 - Construction of Health facility,Electricity,11-12-2023,1330634,Sanctioned
1118,Karnataka,District_D,Constituency_208,MP_Name_208,KA/902/2022-2023/51118 - Construction of Electricity facility,Education,16-07-2023,982003,Sanctioned
1119,Karnataka,District_E,Constituency_208,MP_Name_208,KA/294/2022-2023/51119 - Construction of Sanitation facility,Electricity,15-08-2024,1630998,Sanctioned
1120,Karnataka,District_A,Constituency_208,MP_Name_208,KA/818/2023-2024/51120 - Construction of Education facility,Education,13-02-2021,1619140,Sanctioned
1121,Karnataka,District_B,Constituency_208,MP_Name_208,KA/813/2023-2024/51121 - Construction of Electricity facility,Drinking Water,22-04-2021,1750046,Sanctioned
1122,Karnataka,District_E,Constituency_208,MP_Name_208,KA/358/2023-2024/51122 - Construction of Electricity facility,Sanitation,25-10-2023,1658013,Sanctioned
1123,Gujarat,District_E,Constituency_209,MP_Name_209,GJ/543/2023-2024/51123 - Construction of Sanitation facility,Sanitation,12-05-2023,1570129,Sanctioned
1124,Gujarat,District_A,Constituency_209,MP_Name_209,GJ/106/2021-2022/51124 - Construction of Education facility,Health,30-11-2024,1280462,Sanctioned
1125,Gujarat,District_A,Constituency_209,MP_Name_209,GJ/405/2023-2024/51125 - Construction of Drinking Water facility,Drinking Water,28-01-2022,589123,Sanctioned
1126,Gujarat,District_C,Constituency_209,MP_Name_209,GJ/735/2021-2022/51126 - Construction of Sanitation facility,Health,23-11-2023,1203509,Sanctioned
1127,Gujarat,District_E,Constituency_209,MP_Name_209,GJ/787/2023-2024/51127 - Construction of Sanitation facility,Education,22-01-2024,1231054,Sanctioned
1128,Gujarat,District_C,Constituency_209,MP_Name_209,GJ/138/2022-2023/51128 - Construction of Roads facility,Health,20-04-2023,1203175,Sanctioned
1129,Gujarat,District_D,Constituency_210,MP_Name_210,GJ/754/2023-2024/51129 - Construction of Drinking Water facility,Roads,19-10-2021,1893135,Sanctioned
1130,Gujarat,District_C,Constituency_210,MP_Name_210,GJ/970/2022-2023/51130 - Construction of Health facility,Health,31-12-2023,743083,Sanctioned
1131,Gujarat,District_D,Constituency_210,MP_Name_210,GJ/572/2023-2024/51131 - Construction of Education facility,Education,24-01-2023,970024,Sanctioned
1132,Gujarat,District_D,Constituency_210,MP_Name_210,GJ/221/2022-2023/51132 - Construction of Sanitation facility,Health,04-02-2023,952716,Sanctioned
1133,Gujarat,District_D,Constituency_210,MP_Name_210,GJ/665/2022-2023/51133 - Construction of Education facility,Health,04-09-2024,1034508,Sanctioned
1134,Gujarat,District_E,Constituency_210,MP_Name_210,GJ/411/2021-2022/51134 - Construction of Health facility,Sanitation,25-12-2023,734463,Sanctioned
1135,Gujarat,District_A,Constituency_210,MP_Name_210,GJ/201/2023-2024/51135 - Construction of Electricity facility,Electricity,23-08-2022,490487,Sanctioned
1136,Maharashtra,District_D,Constituency_211,MP_Name_211,MH/333/2021-2022/51136 - Construction of Roads facility,Education,11-01-2022,1123300,Sanctioned
1137,Maharashtra,District_B,Constituency_211,MP_Name_211,MH/971/2021-2022/51137 - Construction of Roads facility,Education,28-06-2022,1200584,Sanctioned
1138,Maharashtra,District_A,Constituency_211,MP_Name_211,MH/632/2023-2024/51138 - Construction of Drinking Water facility,Electricity,25-02-2024,1513460,Sanctioned
1139,Maharashtra,District_D,Constituency_211,MP_Name_211,MH/631/2023-2024/51139 - Construction of Roads facility,Sanitation,23-08-2022,1210638,Sanctioned
1140,Maharashtra,District_D,Constituency_211,MP_Name_211,MH/653/2023-2024/51140 - Construction of Education facility,Roads,23-10-2021,1209460,Sanctioned
1141,Maharashtra,District_B,Constituency_211,MP_Name_211,MH/919/2022-2023/51141 - Construction of Electricity facility,Drinking Water,20-05-2021,1560591,Sanctioned
1142,Maharashtra,District_B,Constituency_211,MP_Name_211,MH/342/2022-2023/51142 - Construction of Sanitation facility,Electricity,28-09-2024,1785059,Sanctioned
1143,Maharashtra,District_B,Constituency_211,MP_Name_211,MH/690/2023-2024/51143 - Construction of Sanitation facility,Drinking Water,06-10-2024,1620208,Sanctioned
1144,Bihar,District_A,Constituency_212,MP_Name_212,BR/372/2021-2022/51144 - Construction of Electricity facility,Health,15-02-2021,1363538,Sanctioned
1145,Bihar,District_D,Constituency_212,MP_Name_212,BR/319/2022-2023/51145 - Construction of Health facility,Sanitation,12-02-2024,1016564,Sanctioned
1146,Bihar,District_A,Constituency_212,MP_Name_212,BR/166/2021-2022/51146 - Construction of Electricity facility,Sanitation,08-10-2023,1131710,Sanctioned
1147,Bihar,District_D,Constituency_212,MP_Name_212,BR/881/2021-2022/51147 - Construction of Health facility,Electricity,16-06-2023,977577,Sanctioned
1148,Madhya Pradesh,District_D,Constituency_213,MP_Name_213,MP/664/2022-2023/51148 - Construction of Health facility,Drinking Water,20-11-2024,1300035,Sanctioned
1149,Madhya Pradesh,District_B,Constituency_213,MP_Name_213,MP/497/2023-2024/51149 - Construction of Health facility,Roads,08-12-2022,485498,Sanctioned
1150,Madhya Pradesh,District_E,Constituency_213,MP_Name_213,MP/361/2021-2022/51150 - Construction of Roads facility,Roads,11-02-2024,970948,Sanctioned
1151,Madhya Pradesh,District_B,Constituency_213,MP_Name_213,MP/877/2022-2023/51151 - Construction of Electricity facility,Roads,16-08-2022,718395,Sanctioned
1152,Madhya Pradesh,District_E,Constituency_213,MP_Name_213,MP/164/2021-2022/51152 - Construction of Health facility,Education,20-09-2024,744345,Sanctioned
1153,Madhya Pradesh,District_B,Constituency_213,MP_Name_213,MP/246/2023-2024/51153 - Construction of Roads facility,Roads,07-04-2021,1641810,Sanctioned
1154,Bihar,District_D,Constituency_214,MP_Name_214,BR/686/2023-2024/51154 - Construction of Drinking Water facility,Sanitation,29-04-2023,1100348,Sanctioned
1155,Bihar,District_B,Constituency_214,MP_Name_214,BR/572/2022-2023/51155 - Construction of Sanitation facility,Drinking Water,20-12-2022,420215,Sanctioned
1156,Bihar,District_B,Constituency_214,MP_Name_214,BR/813/2023-2024/51156 - Construction of Roads facility,Sanitation,28-06-2021,689133,Sanctioned
1157,Bihar,District_C,Constituency_214,MP_Name_214,BR/300/2022-2023/51157 - Construction of Health facility,Drinking Water,19-10-2021,1129793,Sanctioned
1158,Bihar,District_D,Constituency_214,MP_Name_214,BR/855/2022-2023/51158 - Construction of Education facility,Drinking Water,16-02-2022,882742,Sanctioned
1159,Bihar,District_B,Constituency_214,MP_Name_214,BR/324/2022-2023/51159 - Construction of Sanitation facility,Electricity,24-09-2021,1348907,Sanctioned
1160,Bihar,District_B,Constituency_214,MP_Name_214,BR/885/2021-2022/51160 - Construction of Sanitation facility,Electricity,13-03-2024,509735,Sanctioned
1161,Uttar Pradesh,District_B,Constituency_215,MP_Name_215,UP/777/2023-2024/51161 - Construction of Health facility,Education,23-07-2023,734195,Sanctioned
1162,Uttar Pradesh,District_B,Constituency_215,MP_Name_215,UP/612/2023-2024/51162 - Construction of Education facility,Roads,28-07-2023,946711,Sanctioned
1163,Uttar Pradesh,District_D,Constituency_215,MP_Name_215,UP/290/2022-2023/51163 - Construction of Education facility,Roads,21-03-2023,1008831,Sanctioned
1164,Uttar Pradesh,District_A,Constituency_215,MP_Name_215,UP/206/2023-2024/51164 - Construction of Health facility,Roads,02-10-2024,1596407,Sanctioned
1165,Uttar Pradesh,District_B,Constituency_215,MP_Name_215,UP/840/2023-2024/51165 - Construction of Roads facility,Education,31-03-2024,1426478,Sanctioned
1166,Uttar Pradesh,District_B,Constituency_215,MP_Name_215,UP/619/2022-2023/51166 - Construction of Sanitation facility,Sanitation,14-07-2024,882275,Sanctioned
1167,Uttar Pradesh,District_A,Constituency_215,MP_Name_215,UP/321/2023-2024/51167 - Construction of Sanitation facility,Drinking Water,04-08-2022,453190,Sanctioned
1168,Uttar Pradesh,District_D,Constituency_215,MP_Name_215,UP/783/2021-2022/51168 - Construction of Health facility,Roads,21-01-2022,688372,Sanctioned
1169,Bihar,District_E,Constituency_216,MP_Name_216,BR/965/2022-2023/51169 - Construction of Electricity facility,Sanitation,16-09-2021,1230064,Sanctioned
1170,Bihar,District_D,Constituency_216,MP_Name_216,BR/941/2022-2023/51170 - Construction of Drinking Water facility,Roads,22-12-2022,604487,Sanctioned
1171,Bihar,District_E,Constituency_216,MP_Name_216,BR/850/2023-2024/51171 - Construction of Electricity facility,Electricity,23-02-2022,1375877,Sanctioned
1172,Uttar Pradesh,District_E,Constituency_217,MP_Name_217,UP/435/2021-2022/51172 - Construction of Education facility,Sanitation,10-04-2024,1336825,Sanctioned
1173,Uttar Pradesh,District_E,Constituency_217,MP_Name_217,UP/751/2021-2022/51173 - Construction of Electricity facility,Roads,21-08-2021,1328198,Sanctioned
1174,Uttar Pradesh,District_E,Constituency_217,MP_Name_217,UP/730/2023-2024/51174 - Construction of Education facility,Drinking Water,20-06-2023,1081623,Sanctioned
1175,Uttar Pradesh,District_C,Constituency_217,MP_Name_217,UP/836/2023-2024/51175 - Construction of Sanitation facility,Sanitation,26-06-2022,1312959,Sanctioned
1176,Gujarat,District_B,Constituency_218,MP_Name_218,GJ/547/2023-2024/51176 - Construction of Drinking Water facility,Education,02-11-2023,692747,Sanctioned
1177,Gujarat,District_E,Constituency_218,MP_Name_218,GJ/855/2022-2023/51177 - Construction of Sanitation facility,Electricity,23-04-2024,753578,Sanctioned
1178,Gujarat,District_E,Constituency_218,MP_Name_218,GJ/306/2022-2023/51178 - Construction of Electricity facility,Health,26-11-2024,1879664,Sanctioned
1179,Gujarat,District_D,Constituency_218,MP_Name_218,GJ/432/2022-2023/51179 - Construction of Sanitation facility,Sanitation,26-09-2021,916095,Sanctioned
1180,West Bengal,District_B,Constituency_219,MP_Name_219,WB/424/2022-2023/51180 - Construction of Electricity facility,Electricity,20-11-2022,1196474,Sanctioned
1181,West Bengal,District_D,Constituency_219,MP_Name_219,WB/647/2022-2023/51181 - Construction of Health facility,Electricity,14-11-2022,995166,Sanctioned
1182,West Bengal,District_A,Constituency_219,MP_Name_219,WB/465/2021-2022/51182 - Construction of Drinking Water facility,Drinking Water,19-01-2021,638498,Sanctioned
1183,West Bengal,District_A,Constituency_219,MP_Name_219,WB/462/2021-2022/51183 - Construction of Roads facility,Sanitation,14-12-2022,1543993,Sanctioned
1184,West Bengal,District_C,Constituency_219,MP_Name_219,WB/353/2021-2022/51184 - Construction of Drinking Water facility,Drinking Water,21-09-2022,1304434,Sanctioned
1185,West Bengal,District_C,Constituency_219,MP_Name_219,WB/849/2021-2022/51185 - Construction of Education facility,Drinking Water,19-08-2024,1322654,Sanctioned
1186,West Bengal,District_C,Constituency_219,MP_Name_219,WB/771/2021-2022/51186 - Construction of Sanitation facility,Electricity,08-12-2021,1446358,Sanctioned
1187,Tamil Nadu,District_B,Constituency_220,MP_Name_220,TN/739/2021-2022/51187 - Construction of Roads facility,Health,29-03-2022,1384116,Sanctioned
1188,Tamil Nadu,District_B,Constituency_220,MP_Name_220,TN/198/2021-2022/51188 - Construction of Sanitation facility,Education,07-11-2021,1629278,Sanctioned
1189,Tamil Nadu,District_D,Constituency_220,MP_Name_220,TN/377/2022-2023/51189 - Construction of Sanitation facility,Sanitation,10-08-2023,781928,Sanctioned
1190,Tamil Nadu,District_B,Constituency_220,MP_Name_220,TN/386/2021-2022/51190 - Construction of Health facility,Health,29-04-2022,566295,Sanctioned
1191,Tamil Nadu,District_A,Constituency_220,MP_Name_220,TN/408/2021-2022/51191 - Construction of Health facility,Health,06-05-2023,1396445,Sanctioned
1192,Tamil Nadu,District_C,Constituency_220,MP_Name_220,TN/208/2021-2022/51192 - Construction of Health facility,Education,24-12-2023,1128484,Sanctioned
1193,Maharashtra,District_D,Constituency_221,MP_Name_221,MH/810/2023-2024/51193 - Construction of Sanitation facility,Sanitation,23-12-2023,1878284,Sanctioned
1194,Maharashtra,District_D,Constituency_221,MP_Name_221,MH/610/2023-2024/51194 - Construction of Electricity facility,Electricity,02-11-2023,996048,Sanctioned
1195,Maharashtra,District_D,Constituency_221,MP_Name_221,MH/316/2021-2022/51195 - Construction of Roads facility,Sanitation,13-11-2023,1327147,Sanctioned
1196,Maharashtra,District_D,Constituency_221,MP_Name_221,MH/805/2023-2024/51196 - Construction of Education facility,Electricity,22-02-2024,589913,Sanctioned
1197,Maharashtra,District_C,Constituency_221,MP_Name_221,MH/886/2022-2023/51197 - Construction of Electricity facility,Education,17-09-2022,1670799,Sanctioned
1198,Maharashtra,District_E,Constituency_221,MP_Name_221,MH/463/2022-2023/51198 - Construction of Sanitation facility,Roads,07-07-2022,1035773,Sanctioned
1199,Maharashtra,District_B,Constituency_222,MP_Name_222,MH/581/2021-2022/51199 - Construction of Health facility,Roads,11-05-2021,500265,Sanctioned
1200,Maharashtra,District_A,Constituency_222,MP_Name_222,MH/572/2023-2024/51200 - Construction of Sanitation facility,Sanitation,26-10-2021,1186475,Sanctioned
1201,Maharashtra,District_C,Constituency_222,MP_Name_222,MH/615/2022-2023/51201 - Construction of Education facility,Sanitation,09-06-2023,1014095,Sanctioned
1202,Maharashtra,District_D,Constituency_222,MP_Name_222,MH/989/2021-2022/51202 - Construction of Drinking Water facility,Drinking Water,22-04-2024,731723,Sanctioned
1203,Madhya Pradesh,District_B,Constituency_223,MP_Name_223,MP/794/2021-2022/51203 - Construction of Drinking Water facility,Drinking Water,07-11-2021,1524542,Sanctioned
1204,Madhya Pradesh,District_E,Constituency_223,MP_Name_223,MP/982/2022-2023/51204 - Construction of Education facility,Sanitation,11-05-2021,545073,Sanctioned
1205,Madhya Pradesh,District_D,Constituency_223,MP_Name_223,MP/169/2022-2023/51205 - Construction of Roads facility,Drinking Water,04-09-2022,581284,Sanctioned
1206,Madhya Pradesh,District_E,Constituency_223,MP_Name_223,MP/361/2021-2022/51206 - Construction of Education facility,Electricity,26-04-2021,977493,Sanctioned
1207,Madhya Pradesh,District_A,Constituency_223,MP_Name_223,MP/125/2021-2022/51207 - Construction of Sanitation facility,Sanitation,07-04-2023,695746,Sanctioned
1208,Madhya Pradesh,District_A,Constituency_223,MP_Name_223,MP/361/2023-2024/51208 - Construction of Sanitation facility,Drinking Water,25-03-2023,763017,Sanctioned
1209,Uttar Pradesh,District_A,Constituency_224,MP_Name_224,UP/601/2023-2024/51209 - Construction of Roads facility,Electricity,15-10-2023,1020156,Sanctioned
1210,Uttar Pradesh,District_D,Constituency_224,MP_Name_224,UP/450/2022-2023/51210 - Construction of Electricity facility,Electricity,27-04-2021,1455626,Sanctioned
1211,Uttar Pradesh,District_D,Constituency_224,MP_Name_224,UP/973/2021-2022/51211 - Construction of Sanitation facility,Roads,26-10-2022,488502,Sanctioned
1212,Gujarat,District_D,Constituency_225,MP_Name_225,GJ/211/2021-2022/51212 - Construction of Electricity facility,Roads,31-03-2024,1811130,Sanctioned
1213,Gujarat,District_A,Constituency_225,MP_Name_225,GJ/644/2023-2024/51213 - Construction of Education facility,Roads,12-01-2024,1825615,Sanctioned
1214,Gujarat,District_B,Constituency_225,MP_Name_225,GJ/195/2021-2022/51214 - Construction of Sanitation facility,Health,05-11-2023,592940,Sanctioned
1215,Gujarat,District_C,Constituency_225,MP_Name_225,GJ/625/2022-2023/51215 - Construction of Drinking Water facility,Roads,15-03-2024,1112302,Sanctioned
1216,Gujarat,District_C,Constituency_225,MP_Name_225,GJ/748/2021-2022/51216 - Construction of Electricity facility,Roads,01-08-2021,1746322,Sanctioned
1217,Gujarat,District_D,Constituency_225,MP_Name_225,GJ/737/2023-2024/51217 - Construction of Sanitation facility,Sanitation,31-01-2022,1610115,Sanctioned
1218,Rajasthan,District_E,Constituency_226,MP_Name_226,RJ/695/2022-2023/51218 - Construction of Roads facility,Education,09-05-2023,1580375,Sanctioned
1219,Rajasthan,District_A,Constituency_226,MP_Name_226,RJ/270/2021-2022/51219 - Construction of Education facility,Sanitation,18-12-2021,1199543,Sanctioned
1220,Rajasthan,District_A,Constituency_226,MP_Name_226,RJ/849/2021-2022/51220 - Construction of Health facility,Sanitation,23-12-2024,1826579,Sanctioned
1221,Rajasthan,District_A,Constituency_226,MP_Name_226,RJ/779/2023-2024/51221 - Construction of Electricity facility,Health,18-03-2023,1378895,Sanctioned
1222,Rajasthan,District_E,Constituency_226,MP_Name_226,RJ/901/2023-2024/51222 - Construction of Drinking Water facility,Roads,19-06-2023,458044,Sanctioned
1223,Rajasthan,District_E,Constituency_226,MP_Name_226,RJ/328/2021-2022/51223 - Construction of Health facility,Drinking Water,12-06-2024,1532278,Sanctioned
1224,Rajasthan,District_D,Constituency_226,MP_Name_226,RJ/936/2021-2022/51224 - Construction of Education facility,Health,18-12-2024,412046,Sanctioned
1225,Rajasthan,District_D,Constituency_226,MP_Name_226,RJ/358/2023-2024/51225 - Construction of Drinking Water facility,Drinking Water,04-02-2022,1118031,Sanctioned
1226,West Bengal,District_C,Constituency_227,MP_Name_227,WB/572/2023-2024/51226 - Construction of Roads facility,Electricity,29-11-2022,580761,Sanctioned
1227,West Bengal,District_E,Constituency_227,MP_Name_227,WB/654/2021-2022/51227 - Construction of Electricity facility,Education,29-03-2021,1880337,Sanctioned
1228,West Bengal,District_D,Constituency_227,MP_Name_227,WB/556/2021-2022/51228 - Construction of Roads facility,Health,30-11-2022,443838,Sanctioned
1229,West Bengal,District_D,Constituency_227,MP_Name_227,WB/374/2022-2023/51229 - Construction of Electricity facility,Education,09-02-2023,1775391,Sanctioned
1230,West Bengal,District_E,Constituency_227,MP_Name_227,WB/611/2023-2024/51230 - Construction of Electricity facility,Health,20-09-2021,1538932,Sanctioned
1231,West Bengal,District_A,Constituency_227,MP_Name_227,WB/921/2023-2024/51231 - Construction of Sanitation facility,Health,06-09-2021,701102,Sanctioned
1232,West Bengal,District_A,Constituency_227,MP_Name_227,WB/728/2021-2022/51232 - Construction of Drinking Water facility,Electricity,30-05-2023,1107139,Sanctioned
1233,Maharashtra,District_C,Constituency_228,MP_Name_228,MH/840/2021-2022/51233 - Construction of Drinking Water facility,Roads,17-06-2024,556378,Sanctioned
1234,Maharashtra,District_D,Constituency_228,MP_Name_228,MH/807/2022-2023/51234 - Construction of Drinking Water facility,Electricity,16-08-2021,1137073,Sanctioned
1235,Maharashtra,District_C,Constituency_228,MP_Name_228,MH/875/2023-2024/51235 - Construction of Sanitation facility,Education,21-04-2021,685408,Sanctioned
1236,Maharashtra,District_D,Constituency_228,MP_Name_228,MH/738/2021-2022/51236 - Construction of Electricity facility,Roads,23-09-2022,1384527,Sanctioned
1237,Maharashtra,District_E,Constituency_228,MP_Name_228,MH/139/2021-2022/51237 - Construction of Education facility,Education,28-06-2021,665858,Sanctioned
1238,Maharashtra,District_D,Constituency_228,MP_Name_228,MH/602/2021-2022/51238 - Construction of Education facility,Sanitation,04-07-2021,842352,Sanctioned
1239,West Bengal,District_E,Constituency_229,MP_Name_229,WB/361/2022-2023/51239 - Construction of Sanitation facility,Electricity,24-10-2021,789902,Sanctioned
1240,West Bengal,District_B,Constituency_229,MP_Name_229,WB/712/2023-2024/51240 - Construction of Electricity facility,Drinking Water,03-10-2024,1781966,Sanctioned
1241,West Bengal,District_B,Constituency_229,MP_Name_229,WB/179/2023-2024/51241 - Construction of Roads facility,Education,30-10-2024,786866,Sanctioned
1242,Delhi,District_E,Constituency_230,MP_Name_230,DL/733/2021-2022/51242 - Construction of Sanitation facility,Roads,13-06-2022,1750206,Sanctioned
1243,Delhi,District_D,Constituency_230,MP_Name_230,DL/489/2023-2024/51243 - Construction of Electricity facility,Roads,18-01-2021,1145927,Sanctioned
1244,Delhi,District_A,Constituency_230,MP_Name_230,DL/735/2022-2023/51244 - Construction of Health facility,Roads,28-03-2022,679346,Sanctioned
1245,Delhi,District_C,Constituency_230,MP_Name_230,DL/654/2023-2024/51245 - Construction of Electricity facility,Sanitation,17-09-2022,1458802,Sanctioned
1246,Delhi,District_B,Constituency_230,MP_Name_230,DL/718/2022-2023/51246 - Construction of Health facility,Electricity,02-12-2024,1502568,Sanctioned
1247,Delhi,District_A,Constituency_230,MP_Name_230,DL/202/2021-2022/51247 - Construction of Electricity facility,Roads,22-08-2022,1424793,Sanctioned
1248,Delhi,District_E,Constituency_230,MP_Name_230,DL/669/2021-2022/51248 - Construction of Education facility,Sanitation,30-10-2024,847188,Sanctioned
1249,Delhi,District_E,Constituency_231,MP_Name_231,DL/649/2021-2022/51249 - Construction of Drinking Water facility,Electricity,26-01-2021,507166,Sanctioned
1250,Delhi,District_D,Constituency_231,MP_Name_231,DL/599/2022-2023/51250 - Construction of Drinking Water facility,Health,02-05-2024,1119863,Sanctioned
1251,Delhi,District_A,Constituency_231,MP_Name_231,DL/622/2022-2023/51251 - Construction of Roads facility,Drinking Water,29-06-2023,1396063,Sanctioned
1252,Delhi,District_E,Constituency_231,MP_Name_231,DL/618/2021-2022/51252 - Construction of Health facility,Roads,03-08-2021,1170028,Sanctioned
1253,Delhi,District_A,Constituency_231,MP_Name_231,DL/526/2022-2023/51253 - Construction of Education facility,Electricity,26-05-2022,1252441,Sanctioned
1254,Delhi,District_D,Constituency_231,MP_Name_231,DL/572/2022-2023/51254 - Construction of Roads facility,Drinking Water,16-03-2024,979392,Sanctioned
1255,Tamil Nadu,District_B,Constituency_232,MP_Name_232,TN/225/2023-2024/51255 - Construction of Health facility,Electricity,22-05-2021,1546144,Sanctioned
1256,Tamil Nadu,District_E,Constituency_232,MP_Name_232,TN/754/2021-2022/51256 - Construction of Sanitation facility,Education,22-04-2024,1080913,Sanctioned
1257,Tamil Nadu,District_D,Constituency_232,MP_Name_232,TN/939/2022-2023/51257 - Construction of Roads facility,Roads,16-06-2024,1086902,Sanctioned
1258,Tamil Nadu,District_C,Constituency_232,MP_Name_232,TN/806/2022-2023/51258 - Construction of Sanitation facility,Roads,29-10-2023,1331497,Sanctioned
1259,Tamil Nadu,District_D,Constituency_232,MP_Name_232,TN/541/2023-2024/51259 - Construction of Sanitation facility,Drinking Water,11-12-2024,1196654,Sanctioned
1260,Tamil Nadu,District_A,Constituency_232,MP_Name_232,TN/878/2022-2023/51260 - Construction of Health facility,Education,10-05-2024,1345785,Sanctioned
1261,Tamil Nadu,District_A,Constituency_232,MP_Name_232,TN/711/2023-2024/51261 - Construction of Education facility,Sanitation,10-04-2023,1241210,Sanctioned
1262,Tamil Nadu,District_E,Constituency_232,MP_Name_232,TN/383/2023-2024/51262 - Construction of Drinking Water facility,Electricity,28-09-2021,1340509,Sanctioned
1263,Karnataka,District_E,Constituency_233,MP_Name_233,KA/999/2022-2023/51263 - Construction of Sanitation facility,Health,09-08-2024,594555,Sanctioned
1264,Karnataka,District_B,Constituency_233,MP_Name_233,KA/388/2021-2022/51264 - Construction of Education facility,Electricity,14-10-2024,748770,Sanctioned
1265,Karnataka,District_D,Constituency_233,MP_Name_233,KA/679/2022-2023/51265 - Construction of Electricity facility,Roads,09-10-2021,1320936,Sanctioned
1266,Karnataka,District_B,Constituency_233,MP_Name_233,KA/408/2022-2023/51266 - Construction of Drinking Water facility,Education,04-09-2022,1760398,Sanctioned
1267,Karnataka,District_D,Constituency_233,MP_Name_233,KA/352/2022-2023/51267 - Construction of Health facility,Electricity,11-06-2023,466015,Sanctioned
1268,Karnataka,District_A,Constituency_233,MP_Name_233,KA/892/2021-2022/51268 - Construction of Drinking Water facility,Drinking Water,21-12-2024,1097582,Sanctioned
1269,Bihar,District_B,Constituency_234,MP_Name_234,BR/543/2021-2022/51269 - Construction of Roads facility,Sanitation,21-04-2021,518775,Sanctioned
1270,Bihar,District_D,Constituency_234,MP_Name_234,BR/978/2023-2024/51270 - Construction of Education facility,Drinking Water,08-07-2022,1327522,Sanctioned
1271,Bihar,District_A,Constituency_234,MP_Name_234,BR/641/2023-2024/51271 - Construction of Sanitation facility,Education,04-01-2023,1417859,Sanctioned
1272,Bihar,District_A,Constituency_234,MP_Name_234,BR/420/2023-2024/51272 - Construction of Sanitation facility,Roads,10-07-2022,773077,Sanctioned
1273,Bihar,District_D,Constituency_234,MP_Name_234,BR/397/2022-2023/51273 - Construction of Roads facility,Electricity,27-02-2023,1715207,Sanctioned
1274,Bihar,District_C,Constituency_234,MP_Name_234,BR/349/2022-2023/51274 - Construction of Drinking Water facility,Drinking Water,16-01-2021,1846690,Sanctioned
1275,Bihar,District_B,Constituency_234,MP_Name_234,BR/552/2023-2024/51275 - Construction of Electricity facility,Education,16-09-2022,952033,Sanctioned
1276,Madhya Pradesh,District_C,Constituency_235,MP_Name_235,MP/520/2022-2023/51276 - Construction of Roads facility,Health,10-12-2023,1096165,Sanctioned
1277,Madhya Pradesh,District_E,Constituency_235,MP_Name_235,MP/533/2021-2022/51277 - Construction of Electricity facility,Sanitation,02-10-2022,1841146,Sanctioned
1278,Madhya Pradesh,District_A,Constituency_235,MP_Name_235,MP/123/2022-2023/51278 - Construction of Education facility,Education,17-02-2024,1196401,Sanctioned
1279,Madhya Pradesh,District_E,Constituency_235,MP_Name_235,MP/912/2023-2024/51279 - Construction of Education facility,Education,12-09-2021,835897,Sanctioned
1280,Madhya Pradesh,District_E,Constituency_235,MP_Name_235,MP/631/2022-2023/51280 - Construction of Sanitation facility,Health,05-11-2021,1546217,Sanctioned
1281,Bihar,District_C,Constituency_236,MP_Name_236,BR/715/2022-2023/51281 - Construction of Drinking Water facility,Health,03-10-2021,1577119,Sanctioned
1282,Bihar,District_B,Constituency_236,MP_Name_236,BR/430/2023-2024/51282 - Construction of Drinking Water facility,Education,26-10-2023,1766414,Sanctioned
1283,Bihar,District_A,Constituency_236,MP_Name_236,BR/313/2021-2022/51283 - Construction of Education facility,Education,28-08-2022,1436908,Sanctioned
1284,West Bengal,District_A,Constituency_237,MP_Name_237,WB/339/2023-2024/51284 - Construction of Health facility,Health,26-04-2022,666344,Sanctioned
1285,West Bengal,District_D,Constituency_237,MP_Name_237,WB/460/2023-2024/51285 - Construction of Electricity facility,Education,05-06-2024,567691,Sanctioned
1286,West Bengal,District_D,Constituency_237,MP_Name_237,WB/270/2023-2024/51286 - Construction of Sanitation facility,Electricity,30-05-2022,1501337,Sanctioned
1287,West Bengal,District_B,Constituency_237,MP_Name_237,WB/721/2023-2024/51287 - Construction of Education facility,Electricity,17-04-2022,1220236,Sanctioned
1288,West Bengal,District_C,Constituency_237,MP_Name_237,WB/678/2023-2024/51288 - Construction of Roads facility,Drinking Water,19-08-2023,1847532,Sanctioned
1289,West Bengal,District_C,Constituency_237,MP_Name_237,WB/831/2023-2024/51289 - Construction of Sanitation facility,Electricity,31-08-2024,1367729,Sanctioned
1290,Uttar Pradesh,District_A,Constituency_238,MP_Name_238,UP/887/2021-2022/51290 - Construction of Drinking Water facility,Health,30-07-2022,516653,Sanctioned
1291,Uttar Pradesh,District_A,Constituency_238,MP_Name_238,UP/114/2021-2022/51291 - Construction of Roads facility,Health,20-12-2023,1099483,Sanctioned
1292,Uttar Pradesh,District_A,Constituency_238,MP_Name_238,UP/205/2022-2023/51292 - Construction of Drinking Water facility,Health,09-11-2023,1789756,Sanctioned
1293,Uttar Pradesh,District_C,Constituency_238,MP_Name_238,UP/891/2022-2023/51293 - Construction of Health facility,Sanitation,13-10-2021,928873,Sanctioned
1294,Uttar Pradesh,District_D,Constituency_238,MP_Name_238,UP/934/2023-2024/51294 - Construction of Health facility,Education,18-09-2023,502679,Sanctioned
1295,Uttar Pradesh,District_A,Constituency_238,MP_Name_238,UP/779/2023-2024/51295 - Construction of Health facility,Health,01-12-2022,1754952,Sanctioned
1296,Uttar Pradesh,District_A,Constituency_238,MP_Name_238,UP/931/2021-2022/51296 - Construction of Health facility,Health,09-01-2021,1873933,Sanctioned
1297,Uttar Pradesh,District_B,Constituency_238,MP_Name_238,UP/394/2021-2022/51297 - Construction of Drinking Water facility,Education,24-06-2023,1704700,Sanctioned
1298,Karnataka,District_E,Constituency_239,MP_Name_239,KA/281/2023-2024/51298 - Construction of Health facility,Health,18-09-2024,744200,Sanctioned
1299,Karnataka,District_D,Constituency_239,MP_Name_239,KA/917/2021-2022/51299 - Construction of Drinking Water facility,Sanitation,14-07-2024,473744,Sanctioned
1300,Karnataka,District_A,Constituency_239,MP_Name_239,KA/831/2023-2024/51300 - Construction of Electricity facility,Electricity,25-06-2023,1034196,Sanctioned
1301,Karnataka,District_D,Constituency_239,MP_Name_239,KA/800/2022-2023/51301 - Construction of Roads facility,Sanitation,07-03-2022,1688880,Sanctioned
1302,Karnataka,District_D,Constituency_239,MP_Name_239,KA/157/2022-2023/51302 - Construction of Health facility,Sanitation,10-03-2022,1125501,Sanctioned
1303,Karnataka,District_C,Constituency_239,MP_Name_239,KA/249/2023-2024/51303 - Construction of Health facility,Education,24-07-2023,913511,Sanctioned
1304,Delhi,District_C,Constituency_240,MP_Name_240,DL/199/2023-2024/51304 - Construction of Drinking Water facility,Sanitation,04-01-2021,846850,Sanctioned
1305,Delhi,District_C,Constituency_240,MP_Name_240,DL/163/2022-2023/51305 - Construction of Electricity facility,Roads,27-06-2022,1615794,Sanctioned
1306,Delhi,District_D,Constituency_240,MP_Name_240,DL/370/2021-2022/51306 - Construction of Roads facility,Education,20-04-2023,1843594,Sanctioned
1307,Madhya Pradesh,District_B,Constituency_241,MP_Name_241,MP/219/2021-2022/51307 - Construction of Education facility,Roads,01-01-2021,1817372,Sanctioned
1308,Madhya Pradesh,District_C,Constituency_241,MP_Name_241,MP/210/2022-2023/51308 - Construction of Drinking Water facility,Roads,04-02-2024,1733568,Sanctioned
1309,Madhya Pradesh,District_B,Constituency_241,MP_Name_241,MP/263/2023-2024/51309 - Construction of Health facility,Roads,03-03-2022,621334,Sanctioned
1310,Madhya Pradesh,District_B,Constituency_241,MP_Name_241,MP/575/2021-2022/51310 - Construction of Roads facility,Roads,29-06-2021,1497433,Sanctioned
1311,Madhya Pradesh,District_D,Constituency_241,MP_Name_241,MP/529/2023-2024/51311 - Construction of Drinking Water facility,Drinking Water,08-01-2021,1501723,Sanctioned
1312,Madhya Pradesh,District_C,Constituency_241,MP_Name_241,MP/644/2023-2024/51312 - Construction of Roads facility,Health,22-09-2021,1816433,Sanctioned
1313,Maharashtra,District_B,Constituency_242,MP_Name_242,MH/101/2022-2023/51313 - Construction of Electricity facility,Roads,07-10-2022,440180,Sanctioned
1314,Maharashtra,District_A,Constituency_242,MP_Name_242,MH/237/2022-2023/51314 - Construction of Education facility,Sanitation,10-01-2021,736775,Sanctioned
1315,Maharashtra,District_A,Constituency_242,MP_Name_242,MH/775/2021-2022/51315 - Construction of Education facility,Roads,30-04-2021,549373,Sanctioned
1316,Maharashtra,District_B,Constituency_242,MP_Name_242,MH/582/2022-2023/51316 - Construction of Education facility,Sanitation,03-09-2024,794604,Sanctioned
1317,Maharashtra,District_D,Constituency_243,MP_Name_243,MH/311/2021-2022/51317 - Construction of Education facility,Electricity,31-08-2023,1477392,Sanctioned
1318,Maharashtra,District_E,Constituency_243,MP_Name_243,MH/418/2022-2023/51318 - Construction of Sanitation facility,Roads,25-09-2023,1484162,Sanctioned
1319,Maharashtra,District_B,Constituency_243,MP_Name_243,MH/857/2022-2023/51319 - Construction of Electricity facility,Electricity,28-04-2024,772712,Sanctioned
1320,Maharashtra,District_D,Constituency_243,MP_Name_243,MH/194/2021-2022/51320 - Construction of Sanitation facility,Education,05-02-2023,1260056,Sanctioned
1321,Maharashtra,District_A,Constituency_243,MP_Name_243,MH/475/2021-2022/51321 - Construction of Electricity facility,Health,16-05-2021,1013338,Sanctioned
1322,Bihar,District_C,Constituency_244,MP_Name_244,BR/144/2021-2022/51322 - Construction of Drinking Water facility,Electricity,21-03-2023,450126,Sanctioned
1323,Bihar,District_B,Constituency_244,MP_Name_244,BR/689/2021-2022/51323 - Construction of Sanitation facility,Sanitation,02-04-2024,608226,Sanctioned
1324,Bihar,District_C,Constituency_244,MP_Name_244,BR/592/2023-2024/51324 - Construction of Education facility,Sanitation,24-08-2024,1541967,Sanctioned
1325,Bihar,District_A,Constituency_244,MP_Name_244,BR/709/2021-2022/51325 - Construction of Roads facility,Education,14-07-2021,833701,Sanctioned
1326,Bihar,District_A,Constituency_244,MP_Name_244,BR/442/2022-2023/51326 - Construction of Drinking Water facility,Sanitation,06-09-2023,584766,Sanctioned
1327,Rajasthan,District_B,Constituency_245,MP_Name_245,RJ/634/2022-2023/51327 - Construction of Electricity facility,Roads,17-01-2023,1744207,Sanctioned
1328,Rajasthan,District_D,Constituency_245,MP_Name_245,RJ/740/2021-2022/51328 - Construction of Health facility,Roads,11-08-2021,618036,Sanctioned
1329,Rajasthan,District_B,Constituency_245,MP_Name_245,RJ/568/2022-2023/51329 - Construction of Roads facility,Education,18-02-2023,1430810,Sanctioned
1330,Rajasthan,District_E,Constituency_245,MP_Name_245,RJ/824/2023-2024/51330 - Construction of Drinking Water facility,Health,24-09-2024,1060424,Sanctioned
1331,Rajasthan,District_E,Constituency_245,MP_Name_245,RJ/852/2021-2022/51331 - Construction of Drinking Water facility,Roads,19-03-2021,1074096,Sanctioned
