sr_no,state,constituency,mp_name,work,vendor_name,expenditure_date,fund_disbursed_amount
1,Uttar Pradesh,Constituency_2,MP_Name_2,Work_2,XYZ Builders,06-06-2023,95981
2,Uttar Pradesh,Constituency_3,MP_Name_3,Work_3,XYZ Builders,03-06-2022,464539
3,Uttar Pradesh,Constituency_4,MP_Name_4,Work_4,XYZ Builders,31-12-2021,410615
4,Karnataka,Constituency_5,MP_Name_5,Work_5,Rural Works Dept,28-02-2022,173855
5,Maharashtra,Constituency_6,MP_Name_6,Work_6,Global Infra,07-09-2023,388018
6,Uttar Pradesh,Constituency_7,MP_Name_7,Work_7,XYZ Builders,14-05-2021,488363
7,Tamil Nadu,Constituency_8,MP_Name_8,Work_8,XYZ Builders,04-05-2022,382988
8,Uttar Pradesh,Constituency_9,MP_Name_9,Work_9,Global Infra,06-02-2021,347250
9,Uttar Pradesh,Constituency_10,MP_Name_10,Work_10,Global Infra,13-01-2022,168527
10,Tamil Nadu,Constituency_11,MP_Name_11,Work_11,State PWD,15-02-2023,76908
11,Maharashtra,Constituency_12,MP_Name_12,Work_12,Global Infra,12-05-2023,248067
12,Tamil Nadu,Constituency_13,MP_Name_13,Work_13,State PWD,01-03-2021,296000
13,Maharashtra,Constituency_14,MP_Name_14,Work_14,Rural Works Dept,10-07-2022,415081
14,Gujarat,Constituency_15,MP_Name_15,Work_15,State PWD,13-01-2023,252169
15,Karnataka,Constituency_16,MP_Name_16,Work_16,ABC Constructions,09-03-2023,361135
16,Gujarat,Constituency_17,MP_Name_17,Work_17,Global Infra,02-05-2023,433254
17,Gujarat,Constituency_18,MP_Name_18,Work_18,Rural Works Dept,10-08-2022,167845
18,Tamil Nadu,Constituency_19,MP_Name_19,Work_19,State PWD,16-05-2021,153305
19,Gujarat,Constituency_20,MP_Name_20,Work_20,Global Infra,06-06-2022,356465
20,Karnataka,Constituency_21,MP_Name_21,Work_21,ABC Constructions,01-10-2022,152878
21,Delhi,Constituency_22,MP_Name_22,Work_22,Global Infra,08-07-2022,400799
22,Maharashtra,Constituency_23,MP_Name_23,Work_23,XYZ Builders,05-03-2021,320610
23,Tamil Nadu,Constituency_24,MP_Name_24,Work_24,XYZ Builders,14-11-2023,487782
24,Tamil Nadu,Constituency_25,MP_Name_25,Work_25,ABC Constructions,19-02-2023,480942
25,Tamil Nadu,Constituency_26,MP_Name_26,Work_26,State PWD,10-03-2023,127622
26,Gujarat,Constituency_27,MP_Name_27,Work_27,XYZ Builders,10-10-2021,195973
27,Gujarat,Constituency_28,MP_Name_28,Work_28,ABC Constructions,19-04-2022,342351
28,Delhi,Constituency_29,MP_Name_29,Work_29,XYZ Builders,04-10-2023,244300
29,Gujarat,Constituency_30,MP_Name_30,Work_30,Rural Works Dept,26-01-2022,170022
30,Karnataka,Constituency_31,MP_Name_31,Work_31,Global Infra,18-11-2021,466096
31,Tamil Nadu,Constituency_32,MP_Name_32,Work_32,XYZ Builders,01-02-2021,426007
32,Uttar Pradesh,Constituency_33,MP_Name_33,Work_33,State PWD,29-11-2021,131041
33,Uttar Pradesh,Constituency_34,MP_Name_34,Work_34,State PWD,10-09-2022,120881
34,Delhi,Constituency_35,MP_Name_35,Work_35,XYZ Builders,13-11-2021,249705
35,Delhi,Constituency_36,MP_Name_36,Work_36,ABC Constructions,22-01-2021,441936
36,Karnataka,Constituency_37,MP_Name_37,Work_37,XYZ Builders,23-05-2023,453946
37,Karnataka,Constituency_38,MP_Name_38,Work_38,Rural Works Dept,11-07-2022,351046
38,Gujarat,Constituency_39,MP_Name_39,Work_39,XYZ Builders,11-07-2022,121121
39,Maharashtra,Constituency_40,MP_Name_40,Work_40,ABC Constructions,30-05-2022,156561
40,Uttar Pradesh,Constituency_41,MP_Name_41,Work_41,Global Infra,25-09-2021,83026
41,Uttar Pradesh,Constituency_42,MP_Name_42,Work_42,State PWD,18-05-2022,465724
42,Maharashtra,Constituency_43,MP_Name_43,Work_43,State PWD,07-12-2023,354670
43,Maharashtra,Constituency_44,MP_Name_44,Work_44,ABC Constructions,18-09-2022,303293
44,Maharashtra,Constituency_45,MP_Name_45,Work_45,XYZ Builders,19-12-2021,310852
45,Maharashtra,Constituency_46,MP_Name_46,Work_46,State PWD,03-03-2023,61966
46,Uttar Pradesh,Constituency_47,MP_Name_47,Work_47,XYZ Builders,06-07-2022,420282
47,Delhi,Constituency_48,MP_Name_48,Work_48,XYZ Builders,02-04-2022,212178
48,Delhi,Constituency_49,MP_Name_49,Work_49,State PWD,23-10-2021,339106
49,Tamil Nadu,Constituency_50,MP_Name_50,Work_50,Rural Works Dept,24-05-2022,187822
50,Gujarat,Constituency_51,MP_Name_51,Work_51,ABC Constructions,09-02-2021,165062
51,Uttar Pradesh,Constituency_52,MP_Name_52,Work_52,ABC Constructions,07-12-2022,471000
52,Tamil Nadu,Constituency_53,MP_Name_53,Work_53,State PWD,20-07-2023,253326
53,Uttar Pradesh,Constituency_54,MP_Name_54,Work_54,Rural Works Dept,02-09-2023,192701
54,Gujarat,Constituency_55,MP_Name_55,Work_55,ABC Constructions,28-03-2023,441416
55,Uttar Pradesh,Constituency_56,MP_Name_56,Work_56,Rural Works Dept,19-08-2022,468896
56,Tamil Nadu,Constituency_57,MP_Name_57,Work_57,Global Infra,13-05-2022,210022
57,Uttar Pradesh,Constituency_58,MP_Name_58,Work_58,Global Infra,23-07-2023,66411
58,Tamil Nadu,Constituency_59,MP_Name_59,Work_59,ABC Constructions,10-07-2022,107968
59,Maharashtra,Constituency_60,MP_Name_60,Work_60,XYZ Builders,05-01-2023,99140
60,Tamil Nadu,Constituency_61,MP_Name_61,Work_61,XYZ Builders,21-02-2022,251276
61,Maharashtra,Constituency_62,MP_Name_62,Work_62,Global Infra,24-06-2023,106196
62,Tamil Nadu,Constituency_63,MP_Name_63,Work_63,ABC Constructions,12-07-2022,304293
63,Uttar Pradesh,Constituency_64,MP_Name_64,Work_64,ABC Constructions,04-09-2023,120012
64,Karnataka,Constituency_65,MP_Name_65,Work_65,ABC Constructions,07-08-2021,65215
65,Delhi,Constituency_66,MP_Name_66,Work_66,Global Infra,30-10-2023,233142
66,Maharashtra,Constituency_67,MP_Name_67,Work_67,XYZ Builders,21-02-2023,423887
67,Karnataka,Constituency_68,MP_Name_68,Work_68,ABC Constructions,01-04-2021,276763
68,Karnataka,Constituency_69,MP_Name_69,Work_69,XYZ Builders,15-06-2021,60111
69,Gujarat,Constituency_70,MP_Name_70,Work_70,XYZ Builders,23-12-2022,104137
70,Tamil Nadu,Constituency_71,MP_Name_71,Work_71,XYZ Builders,12-05-2022,277667
71,Karnataka,Constituency_72,MP_Name_72,Work_72,ABC Constructions,07-10-2023,398569
72,Maharashtra,Constituency_73,MP_Name_73,Work_73,XYZ Builders,25-05-2021,93281
73,Tamil Nadu,Constituency_74,MP_Name_74,Work_74,XYZ Builders,25-11-2021,154902
74,Gujarat,Constituency_75,MP_Name_75,Work_75,Global Infra,20-11-2022,464421
75,Uttar Pradesh,Constituency_76,MP_Name_76,Work_76,ABC Constructions,26-04-2022,390120
76,Delhi,Constituency_77,MP_Name_77,Work_77,Rural Works Dept,11-10-2021,100505
77,Uttar Pradesh,Constituency_78,MP_Name_78,Work_78,Global Infra,12-08-2022,73935
78,Delhi,Constituency_79,MP_Name_79,Work_79,State PWD,27-06-2021,54414
79,Karnataka,Constituency_80,MP_Name_80,Work_80,ABC Constructions,12-08-2021,172318
80,Delhi,Constituency_81,MP_Name_81,Work_81,Rural Works Dept,01-02-2021,123208
81,Gujarat,Constituency_82,MP_Name_82,Work_82,XYZ Builders,07-04-2022,182501
82,Delhi,Constituency_83,MP_Name_83,Work_83,XYZ Builders,16-06-2023,158031
83,Karnataka,Constituency_84,MP_Name_84,Work_84,Rural Works Dept,09-07-2022,385276
84,Karnataka,Constituency_85,MP_Name_85,Work_85,Global Infra,23-01-2021,284726
85,Tamil Nadu,Constituency_86,MP_Name_86,Work_86,Rural Works Dept,06-09-2023,317056
86,Karnataka,Constituency_87,MP_Name_87,Work_87,XYZ Builders,12-10-2023,58294
87,Tamil Nadu,Constituency_88,MP_Name_88,Work_88,Global Infra,05-11-2022,176584
88,Uttar Pradesh,Constituency_89,MP_Name_89,Work_89,State PWD,21-02-2023,56252
89,Uttar Pradesh,Constituency_90,MP_Name_90,Work_90,Rural Works Dept,22-12-2021,295912
90,Tamil Nadu,Constituency_91,MP_Name_91,Work_91,Global Infra,10-04-2023,186806
91,Tamil Nadu,Constituency_92,MP_Name_92,Work_92,State PWD,17-05-2023,328622
92,Maharashtra,Constituency_93,MP_Name_93,Work_93,ABC Constructions,09-05-2021,432536
93,Gujarat,Constituency_94,MP_Name_94,Work_94,ABC Constructions,01-11-2022,301432
94,Maharashtra,Constituency_95,MP_Name_95,Work_95,XYZ Builders,28-08-2022,475634
95,Delhi,Constituency_96,MP_Name_96,Work_96,Global Infra,16-02-2021,352041
96,Uttar Pradesh,Constituency_97,MP_Name_97,Work_97,ABC Constructions,07-07-2022,216206
97,Karnataka,Constituency_98,MP_Name_98,Work_98,Global Infra,28-11-2023,64672
98,Uttar Pradesh,Constituency_99,MP_Name_99,Work_99,Rural Works Dept,23-03-2023,153430
99,Gujarat,Constituency_100,MP_Name_100,Work_100,Rural Works Dept,03-03-2021,398150
100,Tamil Nadu,Constituency_101,MP_Name_101,Work_101,XYZ Builders,04-08-2021,363344
101,Tamil Nadu,Constituency_102,MP_Name_102,Work_102,XYZ Builders,09-04-2022,402546
102,Delhi,Constituency_103,MP_Name_103,Work_103,Rural Works Dept,09-09-2021,206151
103,Delhi,Constituency_104,MP_Name_104,Work_104,XYZ Builders,21-06-2022,339198
104,Gujarat,Constituency_105,MP_Name_105,Work_105,State PWD,09-08-2022,110537
105,Gujarat,Constituency_106,MP_Name_106,Work_106,Global Infra,21-05-2021,284976
106,Uttar Pradesh,Constituency_107,MP_Name_107,Work_107,ABC Constructions,22-03-2021,261997
107,Maharashtra,Constituency_108,MP_Name_108,Work_108,Global Infra,07-05-2023,491714
108,Uttar Pradesh,Constituency_109,MP_Name_109,Work_109,ABC Constructions,30-09-2023,52920
109,Gujarat,Constituency_110,MP_Name_110,Work_110,XYZ Builders,13-02-2023,450594
110,Delhi,Constituency_111,MP_Name_111,Work_111,State PWD,21-02-2022,426328
111,Maharashtra,Constituency_112,MP_Name_112,Work_112,ABC Constructions,04-04-2021,222646
112,Karnataka,Constituency_113,MP_Name_113,Work_113,Rural Works Dept,13-11-2022,169008
113,Gujarat,Constituency_114,MP_Name_114,Work_114,State PWD,10-08-2021,332743
114,Karnataka,Constituency_115,MP_Name_115,Work_115,State PWD,19-07-2021,71443
115,Maharashtra,Constituency_116,MP_Name_116,Work_116,Rural Works Dept,15-01-2021,61029
116,Gujarat,Constituency_117,MP_Name_117,Work_117,Global Infra,02-04-2022,230895
117,Uttar Pradesh,Constituency_118,MP_Name_118,Work_118,XYZ Builders,04-01-2021,109872
118,Maharashtra,Constituency_119,MP_Name_119,Work_119,ABC Constructions,28-02-2021,333435
119,Tamil Nadu,Constituency_120,MP_Name_120,Work_120,XYZ Builders,06-06-2022,379361
120,Karnataka,Constituency_121,MP_Name_121,Work_121,Global Infra,18-03-2021,395603
121,Karnataka,Constituency_122,MP_Name_122,Work_122,State PWD,12-12-2022,182461
122,Tamil Nadu,Constituency_123,MP_Name_123,Work_123,Rural Works Dept,10-08-2022,90931
123,Karnataka,Constituency_124,MP_Name_124,Work_124,State PWD,24-02-2021,385603
124,Uttar Pradesh,Constituency_125,MP_Name_125,Work_125,Rural Works Dept,15-06-2023,114417
125,Gujarat,Constituency_126,MP_Name_126,Work_126,ABC Constructions,31-01-2023,465791
126,Uttar Pradesh,Constituency_127,MP_Name_127,Work_127,Global Infra,12-06-2021,217319
127,Tamil Nadu,Constituency_128,MP_Name_128,Work_128,Global Infra,31-03-2021,215905
128,Tamil Nadu,Constituency_129,MP_Name_129,Work_129,ABC Constructions,12-03-2023,234464
129,Delhi,Constituency_130,MP_Name_130,Work_130,Rural Works Dept,17-06-2023,228809
130,Tamil Nadu,Constituency_131,MP_Name_131,Work_131,XYZ Builders,20-09-2022,127164
131,Karnataka,Constituency_132,MP_Name_132,Work_132,Rural Works Dept,08-12-2021,228337
132,Maharashtra,Constituency_133,MP_Name_133,Work_133,State PWD,15-03-2022,150576
133,Uttar Pradesh,Constituency_134,MP_Name_134,Work_134,Rural Works Dept,05-06-2022,81948
134,Maharashtra,Constituency_135,MP_Name_135,Work_135,ABC Constructions,17-10-2023,179458
135,Uttar Pradesh,Constituency_136,MP_Name_136,Work_136,ABC Constructions,07-10-2021,336042
136,Gujarat,Constituency_137,MP_Name_137,Work_137,Global Infra,28-08-2021,61576
137,Tamil Nadu,Constituency_138,MP_Name_138,Work_138,XYZ Builders,28-06-2021,428041
138,Tamil Nadu,Constituency_139,MP_Name_139,Work_139,XYZ Builders,18-04-2021,182114
139,Gujarat,Constituency_140,MP_Name_140,Work_140,Global Infra,09-11-2022,60393
140,Maharashtra,Constituency_141,MP_Name_141,Work_141,Global Infra,12-01-2021,298669
141,Delhi,Constituency_142,MP_Name_142,Work_142,State PWD,26-07-2022,422757
142,Maharashtra,Constituency_143,MP_Name_143,Work_143,Global Infra,25-10-2022,156657
143,Uttar Pradesh,Constituency_144,MP_Name_144,Work_144,Global Infra,17-08-2022,89356
144,Delhi,Constituency_145,MP_Name_145,Work_145,Rural Works Dept,25-09-2022,476029
145,Karnataka,Constituency_146,MP_Name_146,Work_146,Rural Works Dept,16-07-2022,284500
146,Uttar Pradesh,Constituency_147,MP_Name_147,Work_147,State PWD,24-01-2021,357691
147,Delhi,Constituency_148,MP_Name_148,Work_148,Global Infra,20-02-2023,151911
148,Tamil Nadu,Constituency_149,MP_Name_149,Work_149,XYZ Builders,21-02-2021,384802
149,Tamil Nadu,Constituency_150,MP_Name_150,Work_150,Rural Works Dept,09-04-2021,156905
150,Maharashtra,Constituency_151,MP_Name_151,Work_151,Global Infra,19-02-2022,215305
151,Karnataka,Constituency_152,MP_Name_152,Work_152,ABC Constructions,13-06-2021,130547
152,Delhi,Constituency_153,MP_Name_153,Work_153,Global Infra,06-07-2023,407076
153,Tamil Nadu,Constituency_154,MP_Name_154,Work_154,ABC Constructions,21-07-2022,313193
154,Karnataka,Constituency_155,MP_Name_155,Work_155,Global Infra,02-09-2023,400983
155,Karnataka,Constituency_156,MP_Name_156,Work_156,State PWD,08-03-2022,234762
156,Delhi,Constituency_157,MP_Name_157,Work_157,XYZ Builders,30-11-2022,463114
157,Tamil Nadu,Constituency_158,MP_Name_158,Work_158,ABC Constructions,16-09-2022,84970
158,Maharashtra,Constituency_159,MP_Name_159,Work_159,State PWD,21-01-2022,390834
159,Maharashtra,Constituency_160,MP_Name_160,Work_160,Global Infra,26-12-2023,359355
160,Gujarat,Constituency_161,MP_Name_161,Work_161,ABC Constructions,28-08-2023,477810
161,Tamil Nadu,Constituency_162,MP_Name_162,Work_162,Rural Works Dept,16-11-2022,138877
162,Delhi,Constituency_163,MP_Name_163,Work_163,XYZ Builders,11-01-2022,53852
163,Delhi,Constituency_164,MP_Name_164,Work_164,Global Infra,11-10-2021,237178
164,Maharashtra,Constituency_165,MP_Name_165,Work_165,ABC Constructions,21-07-2023,352360
165,Maharashtra,Constituency_166,MP_Name_166,Work_166,ABC Constructions,24-05-2021,486167
166,Gujarat,Constituency_167,MP_Name_167,Work_167,XYZ Builders,01-10-2023,367446
167,Delhi,Constituency_168,MP_Name_168,Work_168,Global Infra,07-07-2023,86213
168,Delhi,Constituency_169,MP_Name_169,Work_169,Rural Works Dept,13-12-2023,264126
169,Tamil Nadu,Constituency_170,MP_Name_170,Work_170,XYZ Builders,18-07-2023,384331
170,Delhi,Constituency_171,MP_Name_171,Work_171,State PWD,19-12-2021,104009
171,Maharashtra,Constituency_172,MP_Name_172,Work_172,Rural Works Dept,13-04-2022,242051
172,Tamil Nadu,Constituency_173,MP_Name_173,Work_173,Rural Works Dept,26-12-2022,249278
173,Delhi,Constituency_174,MP_Name_174,Work_174,ABC Constructions,25-11-2022,190009
174,Delhi,Constituency_175,MP_Name_175,Work_175,Rural Works Dept,30-01-2022,332184
175,Uttar Pradesh,Constituency_176,MP_Name_176,Work_176,ABC Constructions,03-04-2023,465989
176,Maharashtra,Constituency_177,MP_Name_177,Work_177,Rural Works Dept,23-07-2021,401523
177,Gujarat,Constituency_178,MP_Name_178,Work_178,Global Infra,28-01-2023,410944
178,Gujarat,Constituency_179,MP_Name_179,Work_179,ABC Constructions,31-07-2023,331117
179,Maharashtra,Constituency_180,MP_Name_180,Work_180,Rural Works Dept,20-05-2022,69270
180,Tamil Nadu,Constituency_181,MP_Name_181,Work_181,State PWD,17-01-2021,113959
181,Maharashtra,Constituency_182,MP_Name_182,Work_182,XYZ Builders,09-07-2022,131365
182,Uttar Pradesh,Constituency_183,MP_Name_183,Work_183,Rural Works Dept,07-05-2021,278292
183,Delhi,Constituency_184,MP_Name_184,Work_184,XYZ Builders,19-04-2022,483883
184,Delhi,Constituency_185,MP_Name_185,Work_185,Global Infra,18-12-2023,313504
185,Maharashtra,Constituency_186,MP_Name_186,Work_186,Global Infra,28-03-2022,430162
186,Uttar Pradesh,Constituency_187,MP_Name_187,Work_187,Rural Works Dept,02-03-2023,214604
187,Uttar Pradesh,Constituency_188,MP_Name_188,Work_188,Global Infra,30-09-2023,119226
188,Tamil Nadu,Constituency_189,MP_Name_189,Work_189,Rural Works Dept,01-03-2021,210495
189,Delhi,Constituency_190,MP_Name_190,Work_190,Global Infra,19-05-2021,152086
190,Tamil Nadu,Constituency_191,MP_Name_191,Work_191,Rural Works Dept,12-12-2023,333260
191,Tamil Nadu,Constituency_192,MP_Name_192,Work_192,Rural Works Dept,18-11-2021,52255
192,Tamil Nadu,Constituency_193,MP_Name_193,Work_193,ABC Constructions,16-04-2023,495307
193,Maharashtra,Constituency_194,MP_Name_194,Work_194,Global Infra,13-02-2023,288192
194,Tamil Nadu,Constituency_195,MP_Name_195,Work_195,ABC Constructions,23-07-2021,475571
195,Maharashtra,Constituency_196,MP_Name_196,Work_196,XYZ Builders,27-12-2023,314393
196,Delhi,Constituency_197,MP_Name_197,Work_197,Global Infra,06-08-2022,287207
197,Karnataka,Constituency_198,MP_Name_198,Work_198,XYZ Builders,12-07-2023,411205
198,Maharashtra,Constituency_199,MP_Name_199,Work_199,Global Infra,18-09-2021,89440
199,Karnataka,Constituency_200,MP_Name_200,Work_200,XYZ Builders,28-11-2021,53791
200,Gujarat,Constituency_201,MP_Name_201,Work_1,XYZ Builders,10-05-2023,424470
201,Uttar Pradesh,Constituency_202,MP_Name_202,Work_2,XYZ Builders,16-02-2022,474912
202,Gujarat,Constituency_203,MP_Name_203,Work_3,Global Infra,24-02-2021,194655
203,Tamil Nadu,Constituency_204,MP_Name_204,Work_4,Global Infra,20-07-2022,305040
204,Maharashtra,Constituency_205,MP_Name_205,Work_5,XYZ Builders,11-01-2022,57409
205,Delhi,Constituency_206,MP_Name_206,Work_6,Global Infra,03-09-2023,305154
206,Karnataka,Constituency_207,MP_Name_207,Work_7,State PWD,13-06-2022,285007
207,Tamil Nadu,Constituency_208,MP_Name_208,Work_8,XYZ Builders,09-04-2021,110398
208,Delhi,Constituency_209,MP_Name_209,Work_9,State PWD,01-09-2023,393096
209,Karnataka,Constituency_210,MP_Name_210,Work_10,ABC Constructions,22-11-2021,112861
210,Delhi,Constituency_211,MP_Name_211,Work_11,XYZ Builders,10-11-2021,456286
211,Uttar Pradesh,Constituency_212,MP_Name_212,Work_12,State PWD,22-03-2023,195584
212,Delhi,Constituency_213,MP_Name_213,Work_13,ABC Constructions,31-12-2022,380400
213,Karnataka,Constituency_214,MP_Name_214,Work_14,State PWD,07-04-2022,238538
214,Uttar Pradesh,Constituency_215,MP_Name_215,Work_15,Global Infra,02-08-2022,87513
215,Uttar Pradesh,Constituency_216,MP_Name_216,Work_16,Rural Works Dept,17-08-2021,396655
216,Maharashtra,Constituency_217,MP_Name_217,Work_17,Global Infra,18-09-2022,123697
217,Maharashtra,Constituency_218,MP_Name_218,Work_18,Global Infra,18-04-2022,356452
218,Tamil Nadu,Constituency_219,MP_Name_219,Work_19,Rural Works Dept,09-02-2023,317991
219,Maharashtra,Constituency_220,MP_Name_220,Work_20,Global Infra,28-06-2022,214151
220,Uttar Pradesh,Constituency_221,MP_Name_221,Work_21,ABC Constructions,26-10-2022,164957
221,Karnataka,Constituency_222,MP_Name_222,Work_22,XYZ Builders,07-03-2023,427485
222,Tamil Nadu,Constituency_223,MP_Name_223,Work_23,XYZ Builders,08-06-2021,97026
223,Gujarat,Constituency_224,MP_Name_224,Work_24,Rural Works Dept,30-01-2022,96775
224,Gujarat,Constituency_225,MP_Name_225,Work_25,ABC Constructions,03-01-2021,59965
225,Maharashtra,Constituency_226,MP_Name_226,Work_26,ABC Constructions,05-03-2021,201516
226,Uttar Pradesh,Constituency_227,MP_Name_227,Work_27,Rural Works Dept,26-05-2023,75004
227,Karnataka,Constituency_228,MP_Name_228,Work_28,XYZ Builders,27-04-2023,224017
228,Karnataka,Constituency_229,MP_Name_229,Work_29,XYZ Builders,19-08-2023,401411
229,Karnataka,Constituency_230,MP_Name_230,Work_30,XYZ Builders,31-10-2022,308673
230,Delhi,Constituency_231,MP_Name_231,Work_31,ABC Constructions,09-10-2023,333476
231,Karnataka,Constituency_232,MP_Name_232,Work_32,State PWD,02-10-2023,379538
232,Gujarat,Constituency_233,MP_Name_233,Work_33,Global Infra,27-06-2021,122585
233,Delhi,Constituency_234,MP_Name_234,Work_34,State PWD,13-08-2022,423328
234,Karnataka,Constituency_235,MP_Name_235,Work_35,Rural Works Dept,16-01-2023,206799
235,Delhi,Constituency_236,MP_Name_236,Work_36,State PWD,29-08-2021,114540
236,Karnataka,Constituency_237,MP_Name_237,Work_37,Global Infra,03-07-2023,247209
237,Maharashtra,Constituency_238,MP_Name_238,Work_38,ABC Constructions,06-01-2021,497418
238,Uttar Pradesh,Constituency_239,MP_Name_239,Work_39,XYZ Builders,10-06-2023,355802
239,Maharashtra,Constituency_240,MP_Name_240,Work_40,XYZ Builders,16-06-2022,396118
240,Maharashtra,Constituency_241,MP_Name_241,Work_41,Global Infra,26-04-2022,248914
241,Tamil Nadu,Constituency_242,MP_Name_242,Work_42,ABC Constructions,01-04-2021,232640
242,Delhi,Constituency_243,MP_Name_243,Work_43,Rural Works Dept,14-06-2021,499072
243,Delhi,Constituency_244,MP_Name_244,Work_44,ABC Constructions,19-07-2022,227825
244,Maharashtra,Constituency_245,MP_Name_245,Work_45,ABC Constructions,30-09-2021,376750
245,Uttar Pradesh,Constituency_246,MP_Name_246,Work_46,Rural Works Dept,08-10-2022,387939
246,Karnataka,Constituency_247,MP_Name_247,Work_47,XYZ Builders,30-08-2021,65628
247,Delhi,Constituency_248,MP_Name_248,Work_48,ABC Constructions,21-09-2021,180345
248,Gujarat,Constituency_249,MP_Name_249,Work_49,Global Infra,05-12-2023,455172
249,Maharashtra,Constituency_250,MP_Name_250,Work_50,XYZ Builders,24-10-2023,333388
250,Gujarat,Constituency_251,MP_Name_251,Work_51,State PWD,26-05-2023,418896
251,Maharashtra,Constituency_252,MP_Name_252,Work_52,Global Infra,13-07-2021,449398
252,Uttar Pradesh,Constituency_253,MP_Name_253,Work_53,ABC Constructions,16-11-2023,449363
253,Delhi,Constituency_254,MP_Name_254,Work_54,Global Infra,24-03-2022,242454
254,Delhi,Constituency_255,MP_Name_255,Work_55,XYZ Builders,27-09-2022,377816
255,Maharashtra,Constituency_256,MP_Name_256,Work_56,ABC Constructions,01-06-2023,366928
256,Tamil Nadu,Constituency_257,MP_Name_257,Work_57,State PWD,20-11-2022,387541
257,Karnataka,Constituency_258,MP_Name_258,Work_58,ABC Constructions,12-08-2021,428963
258,Maharashtra,Constituency_259,MP_Name_259,Work_59,XYZ Builders,17-09-2023,443597
259,Gujarat,Constituency_260,MP_Name_260,Work_60,XYZ Builders,05-07-2022,389291
260,Gujarat,Constituency_261,MP_Name_261,Work_61,XYZ Builders,06-02-2023,242459
261,Gujarat,Constituency_262,MP_Name_262,Work_62,XYZ Builders,27-04-2022,116334
262,Karnataka,Constituency_263,MP_Name_263,Work_63,XYZ Builders,26-10-2022,140218
263,Maharashtra,Constituency_264,MP_Name_264,Work_64,ABC Constructions,19-01-2021,175136
264,Maharashtra,Constituency_265,MP_Name_265,Work_65,ABC Constructions,14-12-2022,434848
265,Maharashtra,Constituency_266,MP_Name_266,Work_66,Global Infra,25-04-2022,253545
266,Uttar Pradesh,Constituency_267,MP_Name_267,Work_67,ABC Constructions,19-06-2022,186690
267,Tamil Nadu,Constituency_268,MP_Name_268,Work_68,ABC Constructions,12-06-2023,375763
268,Gujarat,Constituency_269,MP_Name_269,Work_69,State PWD,07-11-2023,421527
269,Delhi,Constituency_270,MP_Name_270,Work_70,ABC Constructions,09-02-2021,425719
270,Gujarat,Constituency_271,MP_Name_271,Work_71,Global Infra,01-01-2024,401065
271,Delhi,Constituency_272,MP_Name_272,Work_72,XYZ Builders,07-03-2023,489432
272,Gujarat,Constituency_273,MP_Name_273,Work_73,State PWD,27-09-2023,475459
273,Maharashtra,Constituency_274,MP_Name_274,Work_74,Rural Works Dept,09-12-2023,234426
274,Uttar Pradesh,Constituency_275,MP_Name_275,Work_75,Rural Works Dept,30-03-2021,155966
275,Karnataka,Constituency_276,MP_Name_276,Work_76,State PWD,10-07-2021,433368
276,Gujarat,Constituency_277,MP_Name_277,Work_77,State PWD,15-04-2021,209241
277,Maharashtra,Constituency_278,MP_Name_278,Work_78,XYZ Builders,14-07-2021,460321
278,Maharashtra,Constituency_279,MP_Name_279,Work_79,Global Infra,30-04-2022,418845
279,Uttar Pradesh,Constituency_280,MP_Name_280,Work_80,Rural Works Dept,28-12-2022,78175
280,Delhi,Constituency_281,MP_Name_281,Work_81,XYZ Builders,16-08-2022,187163
281,Uttar Pradesh,Constituency_282,MP_Name_282,Work_82,ABC Constructions,17-11-2023,460987
282,Maharashtra,Constituency_283,MP_Name_283,Work_83,State PWD,22-03-2022,310318
283,Uttar Pradesh,Constituency_284,MP_Name_284,Work_84,Global Infra,31-10-2023,419735
284,Gujarat,Constituency_285,MP_Name_285,Work_85,Global Infra,15-03-2023,101206
285,Karnataka,Constituency_286,MP_Name_286,Work_86,ABC Constructions,08-12-2022,437396
286,Uttar Pradesh,Constituency_287,MP_Name_287,Work_87,State PWD,21-01-2022,349222
287,Gujarat,Constituency_288,MP_Name_288,Work_88,Rural Works Dept,04-10-2022,159193
288,Uttar Pradesh,Constituency_289,MP_Name_289,Work_89,Global Infra,09-05-2023,204953
289,Karnataka,Constituency_290,MP_Name_290,Work_90,Global Infra,29-11-2021,466273
290,Gujarat,Constituency_291,MP_Name_291,Work_91,ABC Constructions,30-12-2023,118812
291,Gujarat,Constituency_292,MP_Name_292,Work_92,XYZ Builders,13-09-2022,466047
292,Maharashtra,Constituency_293,MP_Name_293,Work_93,Global Infra,15-12-2023,434640
293,Maharashtra,Constituency_294,MP_Name_294,Work_94,Rural Works Dept,18-08-2022,111355
294,Tamil Nadu,Constituency_295,MP_Name_295,Work_95,XYZ Builders,13-05-2023,110346
295,Maharashtra,Constituency_296,MP_Name_296,Work_96,Rural Works Dept,07-04-2023,399581
296,Gujarat,Constituency_297,MP_Name_297,Work_97,XYZ Builders,28-12-2022,176142
297,Delhi,Constituency_298,MP_Name_298,Work_98,Rural Works Dept,15-09-2021,497742
298,Gujarat,Constituency_299,MP_Name_299,Work_99,Rural Works Dept,20-04-2022,439108
299,Tamil Nadu,Constituency_300,MP_Name_300,Work_100,State PWD,09-02-2022,395516
300,Uttar Pradesh,Constituency_301,MP_Name_301,Work_101,Rural Works Dept,17-06-2021,493596
301,Delhi,Constituency_302,MP_Name_302,Work_102,ABC Constructions,08-10-2023,487899
302,Uttar Pradesh,Constituency_303,MP_Name_303,Work_103,Rural Works Dept,29-06-2021,52299
303,Tamil Nadu,Constituency_304,MP_Name_304,Work_104,Rural Works Dept,26-07-2022,103784
304,Gujarat,Constituency_305,MP_Name_305,Work_105,Global Infra,15-11-2023,476663
305,Uttar Pradesh,Constituency_306,MP_Name_306,Work_106,ABC Constructions,20-03-2021,486576
306,Tamil Nadu,Constituency_307,MP_Name_307,Work_107,ABC Constructions,15-11-2021,199724
307,Uttar Pradesh,Constituency_308,MP_Name_308,Work_108,State PWD,20-06-2022,124888
308,Karnataka,Constituency_309,MP_Name_309,Work_109,Global Infra,31-10-2022,476598
309,Delhi,Constituency_310,MP_Name_310,Work_110,XYZ Builders,13-12-2023,297464
310,Maharashtra,Constituency_311,MP_Name_311,Work_111,ABC Constructions,12-04-2021,57967
311,Maharashtra,Constituency_312,MP_Name_312,Work_112,ABC Constructions,29-09-2023,448865
312,Tamil Nadu,Constituency_313,MP_Name_313,Work_113,Global Infra,05-05-2022,461629
313,Maharashtra,Constituency_314,MP_Name_314,Work_114,State PWD,02-12-2022,359268
314,Uttar Pradesh,Constituency_315,MP_Name_315,Work_115,Global Infra,20-04-2022,163804
315,Gujarat,Constituency_316,MP_Name_316,Work_116,XYZ Builders,09-09-2022,244223
316,Gujarat,Constituency_317,MP_Name_317,Work_117,ABC Constructions,05-05-2023,184202
317,Delhi,Constituency_318,MP_Name_318,Work_118,XYZ Builders,08-03-2021,142540
318,Uttar Pradesh,Constituency_319,MP_Name_319,Work_119,ABC Constructions,14-08-2023,437913
319,Gujarat,Constituency_320,MP_Name_320,Work_120,ABC Constructions,15-07-2021,118412
320,Delhi,Constituency_321,MP_Name_321,Work_121,State PWD,04-03-2021,401951
321,Uttar Pradesh,Constituency_322,MP_Name_322,Work_122,ABC Constructions,13-10-2023,444343
322,Karnataka,Constituency_323,MP_Name_323,Work_123,State PWD,11-03-2023,370689
323,Karnataka,Constituency_324,MP_Name_324,Work_124,ABC Constructions,30-07-2023,273070
324,Maharashtra,Constituency_325,MP_Name_325,Work_125,State PWD,12-08-2023,326191
325,Delhi,Constituency_326,MP_Name_326,Work_126,Global Infra,23-08-2021,96917
326,Tamil Nadu,Constituency_327,MP_Name_327,Work_127,Rural Works Dept,22-03-2021,351973
327,Maharashtra,Constituency_328,MP_Name_328,Work_128,ABC Constructions,17-12-2022,276223
328,Tamil Nadu,Constituency_329,MP_Name_329,Work_129,State PWD,31-12-2022,292256
329,Tamil Nadu,Constituency_330,MP_Name_330,Work_130,Global Infra,11-02-2022,402024
330,Gujarat,Constituency_331,MP_Name_331,Work_131,ABC Constructions,11-02-2021,422908
331,Karnataka,Constituency_332,MP_Name_332,Work_132,XYZ Builders,22-09-2022,293541
332,Uttar Pradesh,Constituency_333,MP_Name_333,Work_133,XYZ Builders,10-11-2021,50841
333,Delhi,Constituency_334,MP_Name_334,Work_134,Rural Works Dept,23-06-2023,311441
334,Karnataka,Constituency_335,MP_Name_335,Work_135,XYZ Builders,07-07-2021,180576
335,Tamil Nadu,Constituency_336,MP_Name_336,Work_136,Global Infra,10-08-2023,73765
336,Karnataka,Constituency_337,MP_Name_337,Work_137,Rural Works Dept,27-11-2021,220393
337,Uttar Pradesh,Constituency_338,MP_Name_338,Work_138,Rural Works Dept,21-07-2022,143812
338,Uttar Pradesh,Constituency_339,MP_Name_339,Work_139,Global Infra,02-05-2023,413807
339,Gujarat,Constituency_340,MP_Name_340,Work_140,State PWD,01-02-2021,391197
340,Maharashtra,Constituency_341,MP_Name_341,Work_141,Rural Works Dept,14-10-2022,448014
341,Uttar Pradesh,Constituency_342,MP_Name_342,Work_142,Global Infra,13-06-2022,295566
342,Maharashtra,Constituency_343,MP_Name_343,Work_143,Global Infra,12-11-2021,360598
343,Tamil Nadu,Constituency_344,MP_Name_344,Work_144,ABC Constructions,11-05-2022,398637
344,Tamil Nadu,Constituency_345,MP_Name_345,Work_145,Global Infra,30-06-2023,56938
345,Tamil Nadu,Constituency_346,MP_Name_346,Work_146,XYZ Builders,08-07-2021,353252
346,Delhi,Constituency_347,MP_Name_347,Work_147,State PWD,14-08-2023,103598
347,Delhi,Constituency_348,MP_Name_348,Work_148,Global Infra,28-01-2021,478434
348,Karnataka,Constituency_349,MP_Name_349,Work_149,State PWD,20-07-2023,253440
349,Uttar Pradesh,Constituency_350,MP_Name_350,Work_150,Rural Works Dept,18-03-2023,375302
350,Gujarat,Constituency_351,MP_Name_351,Work_151,Global Infra,01-09-2021,411459
351,Maharashtra,Constituency_352,MP_Name_352,Work_152,ABC Constructions,04-11-2023,257543
352,Gujarat,Constituency_353,MP_Name_353,Work_153,Global Infra,04-11-2022,287987
353,Maharashtra,Constituency_354,MP_Name_354,Work_154,ABC Constructions,22-05-2023,121733
354,Maharashtra,Constituency_355,MP_Name_355,Work_155,XYZ Builders,10-05-2022,306026
355,Karnataka,Constituency_356,MP_Name_356,Work_156,State PWD,01-12-2021,295707
356,Uttar Pradesh,Constituency_357,MP_Name_357,Work_157,XYZ Builders,28-04-2022,109036
357,Uttar Pradesh,Constituency_358,MP_Name_358,Work_158,ABC Constructions,21-07-2023,387858
358,Gujarat,Constituency_359,MP_Name_359,Work_159,XYZ Builders,06-08-2023,278083
359,Tamil Nadu,Constituency_360,MP_Name_360,Work_160,ABC Constructions,18-01-2022,226898
360,Tamil Nadu,Constituency_361,MP_Name_361,Work_161,Global Infra,10-12-2021,96484
361,Maharashtra,Constituency_362,MP_Name_362,Work_162,State PWD,15-01-2021,396613
362,Maharashtra,Constituency_363,MP_Name_363,Work_163,XYZ Builders,28-05-2022,308968
363,Maharashtra,Constituency_364,MP_Name_364,Work_164,ABC Constructions,27-03-2021,64924
364,Maharashtra,Constituency_365,MP_Name_365,Work_165,XYZ Builders,18-03-2022,191303
365,Delhi,Constituency_366,MP_Name_366,Work_166,Rural Works Dept,14-05-2021,317360
366,Uttar Pradesh,Constituency_367,MP_Name_367,Work_167,ABC Constructions,23-04-2023,99283
367,Delhi,Constituency_368,MP_Name_368,Work_168,Rural Works Dept,12-02-2021,437368
368,Delhi,Constituency_369,MP_Name_369,Work_169,XYZ Builders,11-01-2022,437374
369,Uttar Pradesh,Constituency_370,MP_Name_370,Work_170,ABC Constructions,30-05-2022,409931
370,Maharashtra,Constituency_371,MP_Name_371,Work_171,Rural Works Dept,27-02-2023,411013
371,Delhi,Constituency_372,MP_Name_372,Work_172,ABC Constructions,16-04-2023,304076
372,Tamil Nadu,Constituency_373,MP_Name_373,Work_173,Global Infra,22-11-2023,208194
373,Delhi,Constituency_374,MP_Name_374,Work_174,State PWD,17-09-2021,97054
374,Tamil Nadu,Constituency_375,MP_Name_375,Work_175,ABC Constructions,04-05-2022,477190
375,Maharashtra,Constituency_376,MP_Name_376,Work_176,State PWD,06-02-2023,284383
376,Tamil Nadu,Constituency_377,MP_Name_377,Work_177,ABC Constructions,01-01-2021,353112
377,Karnataka,Constituency_378,MP_Name_378,Work_178,ABC Constructions,25-11-2021,257777
378,Delhi,Constituency_379,MP_Name_379,Work_179,ABC Constructions,27-02-2022,387239
379,Gujarat,Constituency_380,MP_Name_380,Work_180,Global Infra,31-07-2021,413382
380,Karnataka,Constituency_381,MP_Name_381,Work_181,ABC Constructions,18-10-2023,146134
381,Karnataka,Constituency_382,MP_Name_382,Work_182,State PWD,19-08-2023,143115
382,Tamil Nadu,Constituency_383,MP_Name_383,Work_183,Rural Works Dept,26-03-2023,320567
383,Maharashtra,Constituency_384,MP_Name_384,Work_184,Global Infra,28-11-2023,442986
384,Delhi,Constituency_385,MP_Name_385,Work_185,Rural Works Dept,03-04-2021,52126
385,Maharashtra,Constituency_386,MP_Name_386,Work_186,XYZ Builders,06-07-2021,403617
386,Uttar Pradesh,Constituency_387,MP_Name_387,Work_187,State PWD,30-01-2021,282124
387,Delhi,Constituency_388,MP_Name_388,Work_188,XYZ Builders,25-05-2022,439419
388,Karnataka,Constituency_389,MP_Name_389,Work_189,XYZ Builders,26-03-2021,393296
389,Tamil Nadu,Constituency_390,MP_Name_390,Work_190,XYZ Builders,31-07-2023,53543
390,Karnataka,Constituency_391,MP_Name_391,Work_191,XYZ Builders,07-04-2022,363300
391,Delhi,Constituency_392,MP_Name_392,Work_192,XYZ Builders,13-09-2023,243247
392,Tamil Nadu,Constituency_393,MP_Name_393,Work_193,Rural Works Dept,05-02-2023,266531
393,Delhi,Constituency_394,MP_Name_394,Work_194,Rural Works Dept,01-02-2022,106552
394,Maharashtra,Constituency_395,MP_Name_395,Work_195,State PWD,19-09-2022,214202
395,Gujarat,Constituency_396,MP_Name_396,Work_196,XYZ Builders,14-08-2023,382245
396,Delhi,Constituency_397,MP_Name_397,Work_197,ABC Constructions,03-06-2021,273771
397,Tamil Nadu,Constituency_398,MP_Name_398,Work_198,ABC Constructions,05-03-2023,242354
398,Tamil Nadu,Constituency_399,MP_Name_399,Work_199,Global Infra,15-12-2023,392500
399,Uttar Pradesh,Constituency_400,MP_Name_400,Work_200,ABC Constructions,01-09-2021,125698
400,Gujarat,Constituency_401,MP_Name_401,Work_1,ABC Constructions,19-06-2023,363945
401,Maharashtra,Constituency_402,MP_Name_402,Work_2,XYZ Builders,01-06-2023,408679
402,Tamil Nadu,Constituency_403,MP_Name_403,Work_3,Rural Works Dept,28-06-2022,135202
403,Karnataka,Constituency_404,MP_Name_404,Work_4,Global Infra,04-06-2022,89099
404,Maharashtra,Constituency_405,MP_Name_405,Work_5,Rural Works Dept,12-11-2023,367374
405,Karnataka,Constituency_406,MP_Name_406,Work_6,Rural Works Dept,07-05-2021,178134
406,Tamil Nadu,Constituency_407,MP_Name_407,Work_7,XYZ Builders,20-01-2022,57954
407,Uttar Pradesh,Constituency_408,MP_Name_408,Work_8,Global Infra,06-10-2022,112943
408,Tamil Nadu,Constituency_409,MP_Name_409,Work_9,Global Infra,01-12-2022,363798
409,Delhi,Constituency_410,MP_Name_410,Work_10,Global Infra,08-08-2022,354709
410,Tamil Nadu,Constituency_411,MP_Name_411,Work_11,XYZ Builders,31-08-2022,147981
411,Gujarat,Constituency_412,MP_Name_412,Work_12,State PWD,01-01-2022,84462
412,Gujarat,Constituency_413,MP_Name_413,Work_13,ABC Constructions,16-12-2023,198639
413,Maharashtra,Constituency_414,MP_Name_414,Work_14,XYZ Builders,08-09-2022,277963
414,Uttar Pradesh,Constituency_415,MP_Name_415,Work_15,XYZ Builders,08-01-2022,259886
415,Tamil Nadu,Constituency_416,MP_Name_416,Work_16,XYZ Builders,29-07-2023,450257
416,Gujarat,Constituency_417,MP_Name_417,Work_17,Rural Works Dept,06-10-2022,229298
417,Uttar Pradesh,Constituency_418,MP_Name_418,Work_18,Global Infra,08-09-2021,445724
418,Gujarat,Constituency_419,MP_Name_419,Work_19,State PWD,05-06-2022,464052
419,Uttar Pradesh,Constituency_420,MP_Name_420,Work_20,State PWD,05-10-2023,474891
420,Uttar Pradesh,Constituency_421,MP_Name_421,Work_21,ABC Constructions,17-02-2022,311875
421,Tamil Nadu,Constituency_422,MP_Name_422,Work_22,Global Infra,13-12-2023,319445
422,Delhi,Constituency_423,MP_Name_423,Work_23,ABC Constructions,23-04-2022,440384
423,Maharashtra,Constituency_424,MP_Name_424,Work_24,Global Infra,31-03-2022,167103
424,Maharashtra,Constituency_425,MP_Name_425,Work_25,ABC Constructions,12-12-2023,267932
425,Karnataka,Constituency_426,MP_Name_426,Work_26,Rural Works Dept,30-08-2022,62621
426,Karnataka,Constituency_427,MP_Name_427,Work_27,Rural Works Dept,20-11-2022,211172
427,Gujarat,Constituency_428,MP_Name_428,Work_28,XYZ Builders,30-06-2023,166966
428,Delhi,Constituency_429,MP_Name_429,Work_29,Rural Works Dept,25-06-2022,336700
429,Maharashtra,Constituency_430,MP_Name_430,Work_30,Rural Works Dept,02-10-2022,142467
430,Maharashtra,Constituency_431,MP_Name_431,Work_31,XYZ Builders,11-09-2022,86632
431,Maharashtra,Constituency_432,MP_Name_432,Work_32,State PWD,08-12-2023,345859
432,Tamil Nadu,Constituency_433,MP_Name_433,Work_33,Global Infra,17-03-2021,171973
433,Delhi,Constituency_434,MP_Name_434,Work_34,State PWD,28-06-2023,432544
434,Delhi,Constituency_435,MP_Name_435,Work_35,ABC Constructions,17-08-2023,350293
435,Uttar Pradesh,Constituency_436,MP_Name_436,Work_36,XYZ Builders,12-06-2022,196024
436,Tamil Nadu,Constituency_437,MP_Name_437,Work_37,ABC Constructions,30-04-2023,160815
437,Karnataka,Constituency_438,MP_Name_438,Work_38,XYZ Builders,26-02-2021,400700
438,Delhi,Constituency_439,MP_Name_439,Work_39,XYZ Builders,19-05-2022,485117
439,Tamil Nadu,Constituency_440,MP_Name_440,Work_40,ABC Constructions,15-07-2022,263117
440,Gujarat,Constituency_441,MP_Name_441,Work_41,ABC Constructions,27-09-2021,74465
441,Delhi,Constituency_442,MP_Name_442,Work_42,XYZ Builders,12-01-2023,497635
442,Delhi,Constituency_443,MP_Name_443,Work_43,Rural Works Dept,29-11-2021,223899
443,Karnataka,Constituency_444,MP_Name_444,Work_44,Global Infra,08-07-2023,389657
444,Tamil Nadu,Constituency_445,MP_Name_445,Work_45,Rural Works Dept,11-05-2022,60223
445,Karnataka,Constituency_446,MP_Name_446,Work_46,Rural Works Dept,23-03-2021,204781
446,Delhi,Constituency_447,MP_Name_447,Work_47,Global Infra,23-10-2022,405090
447,Delhi,Constituency_448,MP_Name_448,Work_48,XYZ Builders,04-09-2021,448492
448,Tamil Nadu,Constituency_449,MP_Name_449,Work_49,Rural Works Dept,14-10-2022,429344
449,Tamil Nadu,Constituency_450,MP_Name_450,Work_50,Rural Works Dept,28-09-2021,75782
450,Delhi,Constituency_451,MP_Name_451,Work_51,Rural Works Dept,16-09-2023,136316
451,Uttar Pradesh,Constituency_452,MP_Name_452,Work_52,Global Infra,17-07-2022,430917
452,Gujarat,Constituency_453,MP_Name_453,Work_53,XYZ Builders,24-09-2023,225748
453,Gujarat,Constituency_454,MP_Name_454,Work_54,Global Infra,14-12-2023,60322
454,Gujarat,Constituency_455,MP_Name_455,Work_55,XYZ Builders,24-07-2021,496515
455,Gujarat,Constituency_456,MP_Name_456,Work_56,Global Infra,12-10-2023,329634
456,Maharashtra,Constituency_457,MP_Name_457,Work_57,State PWD,19-04-2022,255565
457,Uttar Pradesh,Constituency_458,MP_Name_458,Work_58,Global Infra,26-09-2021,327290
458,Tamil Nadu,Constituency_459,MP_Name_459,Work_59,ABC Constructions,12-04-2022,454305
459,Uttar Pradesh,Constituency_460,MP_Name_460,Work_60,ABC Constructions,15-04-2021,411895
460,Uttar Pradesh,Constituency_461,MP_Name_461,Work_61,XYZ Builders,16-05-2022,478211
461,Gujarat,Constituency_462,MP_Name_462,Work_62,Rural Works Dept,22-05-2023,80836
462,Maharashtra,Constituency_463,MP_Name_463,Work_63,Rural Works Dept,03-03-2023,394060
463,Delhi,Constituency_464,MP_Name_464,Work_64,Rural Works Dept,01-09-2022,135846
464,Tamil Nadu,Constituency_465,MP_Name_465,Work_65,ABC Constructions,10-09-2021,435542
465,Gujarat,Constituency_466,MP_Name_466,Work_66,State PWD,09-10-2022,209677
466,Gujarat,Constituency_467,MP_Name_467,Work_67,State PWD,09-12-2022,237387
467,Gujarat,Constituency_468,MP_Name_468,Work_68,State PWD,19-02-2021,344980
468,Karnataka,Constituency_469,MP_Name_469,Work_69,Rural Works Dept,20-12-2022,392245
469,Karnataka,Constituency_470,MP_Name_470,Work_70,XYZ Builders,22-05-2021,343519
470,Uttar Pradesh,Constituency_471,MP_Name_471,Work_71,XYZ Builders,04-07-2023,210881
471,Maharashtra,Constituency_472,MP_Name_472,Work_72,Global Infra,28-08-2022,339576
472,Gujarat,Constituency_473,MP_Name_473,Work_73,Global Infra,29-12-2021,268211
473,Maharashtra,Constituency_474,MP_Name_474,Work_74,ABC Constructions,30-09-2022,68662
474,Karnataka,Constituency_475,MP_Name_475,Work_75,ABC Constructions,10-11-2021,341914
475,Gujarat,Constituency_476,MP_Name_476,Work_76,Rural Works Dept,02-05-2021,252734
476,Tamil Nadu,Constituency_477,MP_Name_477,Work_77,Rural Works Dept,01-07-2022,156378
477,Delhi,Constituency_478,MP_Name_478,Work_78,Global Infra,21-12-2022,61719
478,Tamil Nadu,Constituency_479,MP_Name_479,Work_79,XYZ Builders,11-04-2021,456044
479,Delhi,Constituency_480,MP_Name_480,Work_80,ABC Constructions,10-05-2023,249735
480,Maharashtra,Constituency_481,MP_Name_481,Work_81,Rural Works Dept,29-08-2023,208994
481,Delhi,Constituency_482,MP_Name_482,Work_82,ABC Constructions,25-09-2021,375205
482,Uttar Pradesh,Constituency_483,MP_Name_483,Work_83,Global Infra,02-12-2022,364764
483,Maharashtra,Constituency_484,MP_Name_484,Work_84,Global Infra,04-08-2022,300575
484,Uttar Pradesh,Constituency_485,MP_Name_485,Work_85,State PWD,31-01-2023,70060
485,Uttar Pradesh,Constituency_486,MP_Name_486,Work_86,State PWD,07-12-2022,372579
486,Uttar Pradesh,Constituency_487,MP_Name_487,Work_87,Rural Works Dept,20-05-2022,157491
487,Gujarat,Constituency_488,MP_Name_488,Work_88,XYZ Builders,23-11-2023,288728
488,Tamil Nadu,Constituency_489,MP_Name_489,Work_89,ABC Constructions,25-02-2021,227801
489,Delhi,Constituency_490,MP_Name_490,Work_90,ABC Constructions,24-08-2023,181068
490,Uttar Pradesh,Constituency_491,MP_Name_491,Work_91,State PWD,26-01-2021,479928
491,Maharashtra,Constituency_492,MP_Name_492,Work_92,XYZ Builders,07-03-2022,346831
492,Tamil Nadu,Constituency_493,MP_Name_493,Work_93,Global Infra,31-07-2022,226169
493,Uttar Pradesh,Constituency_494,MP_Name_494,Work_94,Global Infra,26-04-2023,221202
494,Delhi,Constituency_495,MP_Name_495,Work_95,XYZ Builders,24-01-2021,438524
495,Tamil Nadu,Constituency_496,MP_Name_496,Work_96,XYZ Builders,19-03-2022,304810
496,Uttar Pradesh,Constituency_497,MP_Name_497,Work_97,Global Infra,01-11-2021,473603
497,Gujarat,Constituency_498,MP_Name_498,Work_98,Rural Works Dept,14-04-2023,478565
498,Uttar Pradesh,Constituency_499,MP_Name_499,Work_99,Global Infra,19-04-2022,416079
499,Uttar Pradesh,Constituency_500,MP_Name_500,Work_100,Rural Works Dept,27-08-2023,285482
500,Maharashtra,Constituency_501,MP_Name_501,Work_101,XYZ Builders,21-09-2023,135925
501,Karnataka,Constituency_502,MP_Name_502,Work_102,Global Infra,23-08-2021,177418
502,Delhi,Constituency_503,MP_Name_503,Work_103,ABC Constructions,06-10-2022,413764
503,Karnataka,Constituency_504,MP_Name_504,Work_104,XYZ Builders,26-11-2022,388166
504,Gujarat,Constituency_505,MP_Name_505,Work_105,Rural Works Dept,20-05-2022,442702
505,Maharashtra,Constituency_506,MP_Name_506,Work_106,Global Infra,13-10-2023,493156
506,Maharashtra,Constituency_507,MP_Name_507,Work_107,Rural Works Dept,11-05-2022,370134
507,Maharashtra,Constituency_508,MP_Name_508,Work_108,ABC Constructions,04-01-2022,167699
508,Delhi,Constituency_509,MP_Name_509,Work_109,State PWD,18-10-2023,468240
509,Maharashtra,Constituency_510,MP_Name_510,Work_110,ABC Constructions,04-09-2021,454246
510,Delhi,Constituency_511,MP_Name_511,Work_111,Global Infra,10-03-2021,185766
511,Delhi,Constituency_512,MP_Name_512,Work_112,Global Infra,28-05-2021,487300
512,Karnataka,Constituency_513,MP_Name_513,Work_113,Rural Works Dept,30-07-2021,241449
513,Uttar Pradesh,Constituency_514,MP_Name_514,Work_114,Rural Works Dept,22-02-2021,430566
514,Tamil Nadu,Constituency_515,MP_Name_515,Work_115,State PWD,10-04-2022,100859
515,Uttar Pradesh,Constituency_516,MP_Name_516,Work_116,State PWD,23-04-2021,461040
516,Karnataka,Constituency_517,MP_Name_517,Work_117,ABC Constructions,03-11-2023,166465
517,Tamil Nadu,Constituency_518,MP_Name_518,Work_118,Rural Works Dept,10-06-2021,370659
518,Uttar Pradesh,Constituency_519,MP_Name_519,Work_119,XYZ Builders,08-09-2021,448825
519,Maharashtra,Constituency_520,MP_Name_520,Work_120,Global Infra,18-09-2022,336584
520,Delhi,Constituency_521,MP_Name_521,Work_121,ABC Constructions,07-04-2021,100070
521,Maharashtra,Constituency_522,MP_Name_522,Work_122,ABC Constructions,22-03-2023,151873
522,Delhi,Constituency_523,MP_Name_523,Work_123,State PWD,01-03-2021,141895
523,Delhi,Constituency_524,MP_Name_524,Work_124,ABC Constructions,04-11-2023,237808
524,Maharashtra,Constituency_525,MP_Name_525,Work_125,XYZ Builders,05-12-2023,315147
525,Uttar Pradesh,Constituency_526,MP_Name_526,Work_126,Global Infra,14-09-2023,453709
526,Gujarat,Constituency_527,MP_Name_527,Work_127,State PWD,13-04-2023,75116
527,Uttar Pradesh,Constituency_528,MP_Name_528,Work_128,Rural Works Dept,19-03-2021,273343
528,Tamil Nadu,Constituency_529,MP_Name_529,Work_129,ABC Constructions,03-11-2023,497349
529,Maharashtra,Constituency_530,MP_Name_530,Work_130,Rural Works Dept,17-07-2022,418192
530,Tamil Nadu,Constituency_531,MP_Name_531,Work_131,State PWD,20-03-2023,69644
531,Delhi,Constituency_532,MP_Name_532,Work_132,Rural Works Dept,16-08-2022,125857
532,Uttar Pradesh,Constituency_533,MP_Name_533,Work_133,Rural Works Dept,01-08-2022,221705
533,Maharashtra,Constituency_534,MP_Name_534,Work_134,XYZ Builders,28-01-2021,221768
534,Uttar Pradesh,Constituency_535,MP_Name_535,Work_135,XYZ Builders,07-02-2023,489179
535,Uttar Pradesh,Constituency_536,MP_Name_536,Work_136,XYZ Builders,26-04-2021,393308
536,Maharashtra,Constituency_537,MP_Name_537,Work_137,State PWD,17-08-2022,283677
537,Uttar Pradesh,Constituency_538,MP_Name_538,Work_138,Global Infra,19-04-2022,475824
538,Delhi,Constituency_539,MP_Name_539,Work_139,Global Infra,19-10-2021,118081
539,Uttar Pradesh,Constituency_540,MP_Name_540,Work_140,Rural Works Dept,06-09-2021,402572
540,Uttar Pradesh,Constituency_541,MP_Name_541,Work_141,ABC Constructions,16-10-2021,231492
541,Maharashtra,Constituency_542,MP_Name_542,Work_142,State PWD,13-12-2021,483029
542,Maharashtra,Constituency_543,MP_Name_543,Work_143,Global Infra,05-06-2022,471531
543,Karnataka,Constituency_1,MP_Name_1,Work_144,State PWD,08-06-2021,52333
544,Tamil Nadu,Constituency_2,MP_Name_2,Work_145,XYZ Builders,17-05-2021,329185
545,Uttar Pradesh,Constituency_3,MP_Name_3,Work_146,State PWD,30-12-2023,474532
546,Uttar Pradesh,Constituency_4,MP_Name_4,Work_147,Global Infra,03-09-2021,154793
547,Karnataka,Constituency_5,MP_Name_5,Work_148,Rural Works Dept,25-02-2021,434481
548,Karnataka,Constituency_6,MP_Name_6,Work_149,Rural Works Dept,12-12-2022,51492
549,Tamil Nadu,Constituency_7,MP_Name_7,Work_150,Rural Works Dept,23-12-2022,80002
550,Karnataka,Constituency_8,MP_Name_8,Work_151,State PWD,05-01-2022,397999
551,Tamil Nadu,Constituency_9,MP_Name_9,Work_152,Rural Works Dept,14-09-2022,75761
552,Tamil Nadu,Constituency_10,MP_Name_10,Work_153,Global Infra,30-12-2021,340459
553,Tamil Nadu,Constituency_11,MP_Name_11,Work_154,ABC Constructions,03-10-2022,394107
554,Tamil Nadu,Constituency_12,MP_Name_12,Work_155,State PWD,23-04-2022,177852
555,Delhi,Constituency_13,MP_Name_13,Work_156,Rural Works Dept,03-10-2021,241234
556,Karnataka,Constituency_14,MP_Name_14,Work_157,Global Infra,15-04-2021,457484
557,Tamil Nadu,Constituency_15,MP_Name_15,Work_158,Global Infra,07-07-2021,133838
558,Maharashtra,Constituency_16,MP_Name_16,Work_159,Global Infra,22-06-2023,186067
559,Uttar Pradesh,Constituency_17,MP_Name_17,Work_160,Global Infra,05-10-2022,172773
560,Maharashtra,Constituency_18,MP_Name_18,Work_161,Rural Works Dept,10-03-2022,125304
561,Maharashtra,Constituency_19,MP_Name_19,Work_162,State PWD,19-11-2022,453889
562,Karnataka,Constituency_20,MP_Name_20,Work_163,Rural Works Dept,16-07-2023,160638
563,Tamil Nadu,Constituency_21,MP_Name_21,Work_164,Rural Works Dept,23-08-2022,58701
564,Karnataka,Constituency_22,MP_Name_22,Work_165,Rural Works Dept,26-04-2023,172149
565,Uttar Pradesh,Constituency_23,MP_Name_23,Work_166,Global Infra,23-11-2023,453541
566,Gujarat,Constituency_24,MP_Name_24,Work_167,ABC Constructions,28-05-2022,62278
567,Gujarat,Constituency_25,MP_Name_25,Work_168,Rural Works Dept,27-09-2021,234579
568,Tamil Nadu,Constituency_26,MP_Name_26,Work_169,XYZ Builders,28-01-2021,391789
569,Uttar Pradesh,Constituency_27,MP_Name_27,Work_170,State PWD,26-01-2021,215051
570,Gujarat,Constituency_28,MP_Name_28,Work_171,XYZ Builders,04-12-2021,489430
571,Karnataka,Constituency_29,MP_Name_29,Work_172,ABC Constructions,20-12-2023,250495
572,Delhi,Constituency_30,MP_Name_30,Work_173,Global Infra,09-01-2022,96391
573,Tamil Nadu,Constituency_31,MP_Name_31,Work_174,XYZ Builders,06-05-2021,153954
574,Maharashtra,Constituency_32,MP_Name_32,Work_175,State PWD,20-05-2023,292537
575,Uttar Pradesh,Constituency_33,MP_Name_33,Work_176,Rural Works Dept,01-09-2021,449901
576,Delhi,Constituency_34,MP_Name_34,Work_177,State PWD,03-03-2023,284791
577,Tamil Nadu,Constituency_35,MP_Name_35,Work_178,Rural Works Dept,10-07-2023,365879
578,Karnataka,Constituency_36,MP_Name_36,Work_179,XYZ Builders,28-06-2021,217494
579,Maharashtra,Constituency_37,MP_Name_37,Work_180,ABC Constructions,14-04-2023,191771
580,Uttar Pradesh,Constituency_38,MP_Name_38,Work_181,ABC Constructions,08-08-2021,280943
581,Maharashtra,Constituency_39,MP_Name_39,Work_182,Global Infra,29-07-2023,252423
582,Tamil Nadu,Constituency_40,MP_Name_40,Work_183,State PWD,03-08-2022,476808
583,Karnataka,Constituency_41,MP_Name_41,Work_184,Global Infra,02-06-2021,68149
584,Karnataka,Constituency_42,MP_Name_42,Work_185,ABC Constructions,28-01-2023,69374
585,Tamil Nadu,Constituency_43,MP_Name_43,Work_186,ABC Constructions,19-05-2023,276510
586,Karnataka,Constituency_44,MP_Name_44,Work_187,Global Infra,26-04-2023,189480
587,Uttar Pradesh,Constituency_45,MP_Name_45,Work_188,Rural Works Dept,17-03-2023,135078
588,Gujarat,Constituency_46,MP_Name_46,Work_189,Rural Works Dept,09-03-2021,302552
589,Tamil Nadu,Constituency_47,MP_Name_47,Work_190,Global Infra,13-07-2022,382943
590,Karnataka,Constituency_48,MP_Name_48,Work_191,Rural Works Dept,19-06-2023,83162
591,Gujarat,Constituency_49,MP_Name_49,Work_192,XYZ Builders,13-03-2021,135296
592,Gujarat,Constituency_50,MP_Name_50,Work_193,XYZ Builders,03-03-2023,303330
593,Uttar Pradesh,Constituency_51,MP_Name_51,Work_194,ABC Constructions,16-02-2021,405050
594,Tamil Nadu,Constituency_52,MP_Name_52,Work_195,ABC Constructions,02-07-2023,201503
595,Karnataka,Constituency_53,MP_Name_53,Work_196,Rural Works Dept,25-09-2023,136567
596,Delhi,Constituency_54,MP_Name_54,Work_197,ABC Constructions,31-05-2022,494115
597,Karnataka,Constituency_55,MP_Name_55,Work_198,ABC Constructions,31-01-2022,101756
598,Uttar Pradesh,Constituency_56,MP_Name_56,Work_199,State PWD,22-02-2021,456944
599,Tamil Nadu,Constituency_57,MP_Name_57,Work_200,XYZ Builders,08-02-2022,67067
600,Uttar Pradesh,Constituency_58,MP_Name_58,Work_1,XYZ Builders,06-01-2021,50762
601,Delhi,Constituency_59,MP_Name_59,Work_2,Global Infra,04-01-2023,55218
602,Delhi,Constituency_60,MP_Name_60,Work_3,Global Infra,23-05-2023,99847
603,Uttar Pradesh,Constituency_61,MP_Name_61,Work_4,State PWD,17-11-2022,461143
604,Karnataka,Constituency_62,MP_Name_62,Work_5,Rural Works Dept,25-01-2023,437324
605,Maharashtra,Constituency_63,MP_Name_63,Work_6,ABC Constructions,11-08-2021,227488
606,Uttar Pradesh,Constituency_64,MP_Name_64,Work_7,XYZ Builders,12-11-2023,283849
607,Delhi,Constituency_65,MP_Name_65,Work_8,Global Infra,24-07-2021,435654
608,Tamil Nadu,Constituency_66,MP_Name_66,Work_9,ABC Constructions,05-01-2023,499165
609,Uttar Pradesh,Constituency_67,MP_Name_67,Work_10,Global Infra,17-04-2022,141515
610,Tamil Nadu,Constituency_68,MP_Name_68,Work_11,State PWD,22-01-2023,372505
611,Delhi,Constituency_69,MP_Name_69,Work_12,Rural Works Dept,16-02-2022,228152
612,Tamil Nadu,Constituency_70,MP_Name_70,Work_13,ABC Constructions,27-04-2022,197630
613,Uttar Pradesh,Constituency_71,MP_Name_71,Work_14,ABC Constructions,30-04-2022,148956
614,Maharashtra,Constituency_72,MP_Name_72,Work_15,XYZ Builders,03-06-2021,283072
615,Karnataka,Constituency_73,MP_Name_73,Work_16,State PWD,06-03-2023,249616
616,Gujarat,Constituency_74,MP_Name_74,Work_17,ABC Constructions,06-12-2022,210848
617,Maharashtra,Constituency_75,MP_Name_75,Work_18,XYZ Builders,05-09-2021,156841
618,Tamil Nadu,Constituency_76,MP_Name_76,Work_19,Global Infra,11-11-2022,473778
619,Uttar Pradesh,Constituency_77,MP_Name_77,Work_20,Rural Works Dept,16-12-2022,488444
620,Maharashtra,Constituency_78,MP_Name_78,Work_21,Rural Works Dept,06-08-2021,60683
621,Delhi,Constituency_79,MP_Name_79,Work_22,State PWD,07-11-2021,207560
622,Karnataka,Constituency_80,MP_Name_80,Work_23,ABC Constructions,03-06-2022,372298
623,Tamil Nadu,Constituency_81,MP_Name_81,Work_24,Global Infra,20-07-2021,333343
624,Gujarat,Constituency_82,MP_Name_82,Work_25,ABC Constructions,20-08-2022,288123
625,Delhi,Constituency_83,MP_Name_83,Work_26,State PWD,30-11-2021,360972
626,Gujarat,Constituency_84,MP_Name_84,Work_27,ABC Constructions,01-04-2021,116627
627,Uttar Pradesh,Constituency_85,MP_Name_85,Work_28,XYZ Builders,13-09-2022,87755
628,Uttar Pradesh,Constituency_86,MP_Name_86,Work_29,XYZ Builders,29-01-2023,235528
629,Gujarat,Constituency_87,MP_Name_87,Work_30,Global Infra,18-03-2022,398471
630,Maharashtra,Constituency_88,MP_Name_88,Work_31,ABC Constructions,11-11-2022,446008
631,Delhi,Constituency_89,MP_Name_89,Work_32,Global Infra,14-03-2023,97717
632,Uttar Pradesh,Constituency_90,MP_Name_90,Work_33,State PWD,02-12-2023,438092
633,Gujarat,Constituency_91,MP_Name_91,Work_34,Global Infra,09-03-2021,274248
634,Karnataka,Constituency_92,MP_Name_92,Work_35,Rural Works Dept,04-11-2022,451042
635,Uttar Pradesh,Constituency_93,MP_Name_93,Work_36,XYZ Builders,07-04-2022,435759
636,Maharashtra,Constituency_94,MP_Name_94,Work_37,XYZ Builders,13-11-2022,369740
637,Gujarat,Constituency_95,MP_Name_95,Work_38,ABC Constructions,18-09-2022,395166
638,Maharashtra,Constituency_96,MP_Name_96,Work_39,State PWD,18-05-2021,237343
639,Tamil Nadu,Constituency_97,MP_Name_97,Work_40,State PWD,28-05-2021,412755
640,Gujarat,Constituency_98,MP_Name_98,Work_41,Global Infra,12-07-2021,339429
641,Maharashtra,Constituency_99,MP_Name_99,Work_42,State PWD,07-09-2021,334643
642,Delhi,Constituency_100,MP_Name_100,Work_43,XYZ Builders,22-01-2021,326471
643,Maharashtra,Constituency_101,MP_Name_101,Work_44,ABC Constructions,20-03-2023,359369
644,Maharashtra,Constituency_102,MP_Name_102,Work_45,State PWD,13-07-2021,153400
645,Uttar Pradesh,Constituency_103,MP_Name_103,Work_46,Rural Works Dept,17-02-2022,265951
646,Gujarat,Constituency_104,MP_Name_104,Work_47,Rural Works Dept,26-12-2022,64171
647,Uttar Pradesh,Constituency_105,MP_Name_105,Work_48,Global Infra,19-12-2023,217222
648,Uttar Pradesh,Constituency_106,MP_Name_106,Work_49,Rural Works Dept,10-08-2022,310392
649,Maharashtra,Constituency_107,MP_Name_107,Work_50,ABC Constructions,08-08-2023,140210
650,Tamil Nadu,Constituency_108,MP_Name_108,Work_51,XYZ Builders,11-08-2022,241993
651,Maharashtra,Constituency_109,MP_Name_109,Work_52,ABC Constructions,09-01-2021,365952
652,Delhi,Constituency_110,MP_Name_110,Work_53,XYZ Builders,06-12-2022,318046
653,Uttar Pradesh,Constituency_111,MP_Name_111,Work_54,ABC Constructions,09-02-2023,467047
654,Maharashtra,Constituency_112,MP_Name_112,Work_55,XYZ Builders,21-11-2023,75566
655,Maharashtra,Constituency_113,MP_Name_113,Work_56,XYZ Builders,11-01-2022,204242
656,Tamil Nadu,Constituency_114,MP_Name_114,Work_57,XYZ Builders,11-07-2023,111502
657,Karnataka,Constituency_115,MP_Name_115,Work_58,Rural Works Dept,01-06-2022,117356
658,Gujarat,Constituency_116,MP_Name_116,Work_59,Rural Works Dept,19-08-2023,293462
659,Tamil Nadu,Constituency_117,MP_Name_117,Work_60,Rural Works Dept,09-09-2022,455846
660,Gujarat,Constituency_118,MP_Name_118,Work_61,ABC Constructions,01-05-2022,68750
661,Karnataka,Constituency_119,MP_Name_119,Work_62,Global Infra,18-12-2021,270110
662,Tamil Nadu,Constituency_120,MP_Name_120,Work_63,XYZ Builders,28-11-2023,121822
663,Karnataka,Constituency_121,MP_Name_121,Work_64,Global Infra,21-09-2023,256113
664,Maharashtra,Constituency_122,MP_Name_122,Work_65,State PWD,02-05-2021,66569
665,Tamil Nadu,Constituency_123,MP_Name_123,Work_66,State PWD,18-02-2023,101858
666,Maharashtra,Constituency_124,MP_Name_124,Work_67,Global Infra,23-11-2022,466150
667,Karnataka,Constituency_125,MP_Name_125,Work_68,ABC Constructions,02-03-2023,184329
668,Tamil Nadu,Constituency_126,MP_Name_126,Work_69,State PWD,23-05-2021,164117
669,Maharashtra,Constituency_127,MP_Name_127,Work_70,Global Infra,26-09-2022,236496
670,Gujarat,Constituency_128,MP_Name_128,Work_71,ABC Constructions,14-07-2022,78093
671,Maharashtra,Constituency_129,MP_Name_129,Work_72,XYZ Builders,08-09-2021,137313
672,Uttar Pradesh,Constituency_130,MP_Name_130,Work_73,State PWD,08-09-2023,216475
673,Maharashtra,Constituency_131,MP_Name_131,Work_74,XYZ Builders,25-01-2021,322523
674,Delhi,Constituency_132,MP_Name_132,Work_75,State PWD,03-11-2021,248283
675,Gujarat,Constituency_133,MP_Name_133,Work_76,XYZ Builders,03-05-2022,171809
676,Delhi,Constituency_134,MP_Name_134,Work_77,XYZ Builders,22-11-2023,475171
677,Maharashtra,Constituency_135,MP_Name_135,Work_78,Rural Works Dept,05-05-2023,471876
678,Maharashtra,Constituency_136,MP_Name_136,Work_79,State PWD,11-04-2022,395617
679,Gujarat,Constituency_137,MP_Name_137,Work_80,XYZ Builders,11-09-2021,126773
680,Tamil Nadu,Constituency_138,MP_Name_138,Work_81,ABC Constructions,11-08-2021,147631
681,Maharashtra,Constituency_139,MP_Name_139,Work_82,XYZ Builders,10-08-2021,161805
682,Tamil Nadu,Constituency_140,MP_Name_140,Work_83,ABC Constructions,19-06-2021,113258
683,Uttar Pradesh,Constituency_141,MP_Name_141,Work_84,Global Infra,21-03-2023,400755
684,Karnataka,Constituency_142,MP_Name_142,Work_85,Rural Works Dept,23-05-2022,76919
685,Gujarat,Constituency_143,MP_Name_143,Work_86,Global Infra,26-02-2022,324418
686,Gujarat,Constituency_144,MP_Name_144,Work_87,State PWD,21-04-2021,298703
687,Uttar Pradesh,Constituency_145,MP_Name_145,Work_88,Global Infra,10-08-2022,54379
688,Karnataka,Constituency_146,MP_Name_146,Work_89,State PWD,14-10-2022,66858
689,Uttar Pradesh,Constituency_147,MP_Name_147,Work_90,XYZ Builders,28-11-2023,366580
690,Delhi,Constituency_148,MP_Name_148,Work_91,Rural Works Dept,18-07-2022,285790
691,Uttar Pradesh,Constituency_149,MP_Name_149,Work_92,Rural Works Dept,22-12-2022,220323
692,Tamil Nadu,Constituency_150,MP_Name_150,Work_93,State PWD,16-06-2021,430543
693,Karnataka,Constituency_151,MP_Name_151,Work_94,ABC Constructions,26-02-2023,220923
694,Gujarat,Constituency_152,MP_Name_152,Work_95,Rural Works Dept,04-06-2022,204099
695,Karnataka,Constituency_153,MP_Name_153,Work_96,ABC Constructions,26-12-2021,443579
696,Delhi,Constituency_154,MP_Name_154,Work_97,ABC Constructions,02-07-2021,203542
697,Uttar Pradesh,Constituency_155,MP_Name_155,Work_98,ABC Constructions,24-03-2023,252959
698,Tamil Nadu,Constituency_156,MP_Name_156,Work_99,State PWD,22-09-2023,383214
699,Gujarat,Constituency_157,MP_Name_157,Work_100,ABC Constructions,17-12-2023,90285
700,Gujarat,Constituency_158,MP_Name_158,Work_101,XYZ Builders,09-01-2021,66531
701,Delhi,Constituency_159,MP_Name_159,Work_102,State PWD,23-10-2023,85228
702,Tamil Nadu,Constituency_160,MP_Name_160,Work_103,XYZ Builders,06-12-2023,305926
703,Uttar Pradesh,Constituency_161,MP_Name_161,Work_104,ABC Constructions,18-08-2021,184222
704,Uttar Pradesh,Constituency_162,MP_Name_162,Work_105,XYZ Builders,23-01-2021,458318
705,Tamil Nadu,Constituency_163,MP_Name_163,Work_106,Rural Works Dept,11-03-2023,454256
706,Gujarat,Constituency_164,MP_Name_164,Work_107,State PWD,03-06-2022,302696
707,Tamil Nadu,Constituency_165,MP_Name_165,Work_108,Global Infra,21-06-2021,189500
708,Gujarat,Constituency_166,MP_Name_166,Work_109,State PWD,05-02-2021,471249
709,Maharashtra,Constituency_167,MP_Name_167,Work_110,Rural Works Dept,10-03-2022,432768
710,Gujarat,Constituency_168,MP_Name_168,Work_111,Rural Works Dept,22-03-2022,312099
711,Gujarat,Constituency_169,MP_Name_169,Work_112,ABC Constructions,10-11-2022,430929
712,Delhi,Constituency_170,MP_Name_170,Work_113,XYZ Builders,30-12-2023,51971
713,Tamil Nadu,Constituency_171,MP_Name_171,Work_114,State PWD,11-03-2022,489074
714,Gujarat,Constituency_172,MP_Name_172,Work_115,Rural Works Dept,04-06-2023,414902
715,Delhi,Constituency_173,MP_Name_173,Work_116,State PWD,24-04-2021,316313
716,Maharashtra,Constituency_174,MP_Name_174,Work_117,ABC Constructions,11-05-2023,334118
717,Delhi,Constituency_175,MP_Name_175,Work_118,Rural Works Dept,22-03-2023,90140
718,Karnataka,Constituency_176,MP_Name_176,Work_119,Global Infra,04-01-2023,141706
719,Tamil Nadu,Constituency_177,MP_Name_177,Work_120,ABC Constructions,15-06-2022,55636
720,Tamil Nadu,Constituency_178,MP_Name_178,Work_121,Rural Works Dept,15-11-2022,256304
721,Uttar Pradesh,Constituency_179,MP_Name_179,Work_122,Global Infra,21-09-2023,364091
722,Uttar Pradesh,Constituency_180,MP_Name_180,Work_123,Rural Works Dept,18-05-2023,78335
723,Delhi,Constituency_181,MP_Name_181,Work_124,XYZ Builders,12-04-2022,472056
724,Uttar Pradesh,Constituency_182,MP_Name_182,Work_125,State PWD,03-02-2021,452144
725,Maharashtra,Constituency_183,MP_Name_183,Work_126,ABC Constructions,04-07-2023,68268
726,Gujarat,Constituency_184,MP_Name_184,Work_127,XYZ Builders,17-04-2023,241915
727,Uttar Pradesh,Constituency_185,MP_Name_185,Work_128,State PWD,03-05-2021,193936
728,Delhi,Constituency_186,MP_Name_186,Work_129,Global Infra,05-05-2022,66005
729,Gujarat,Constituency_187,MP_Name_187,Work_130,XYZ Builders,29-01-2021,370216
730,Gujarat,Constituency_188,MP_Name_188,Work_131,Global Infra,27-07-2021,363506
731,Tamil Nadu,Constituency_189,MP_Name_189,Work_132,State PWD,20-04-2021,226632
732,Karnataka,Constituency_190,MP_Name_190,Work_133,State PWD,07-12-2022,283201
733,Maharashtra,Constituency_191,MP_Name_191,Work_134,XYZ Builders,18-01-2023,463194
734,Delhi,Constituency_192,MP_Name_192,Work_135,Rural Works Dept,25-11-2022,487709
735,Uttar Pradesh,Constituency_193,MP_Name_193,Work_136,Rural Works Dept,22-06-2023,356937
736,Karnataka,Constituency_194,MP_Name_194,Work_137,State PWD,10-05-2022,321825
737,Karnataka,Constituency_195,MP_Name_195,Work_138,Rural Works Dept,23-08-2023,494414
738,Delhi,Constituency_196,MP_Name_196,Work_139,State PWD,14-09-2021,75145
739,Maharashtra,Constituency_197,MP_Name_197,Work_140,ABC Constructions,28-07-2023,317295
740,Tamil Nadu,Constituency_198,MP_Name_198,Work_141,Rural Works Dept,29-09-2021,175154
741,Gujarat,Constituency_199,MP_Name_199,Work_142,XYZ Builders,29-12-2021,397264
742,Karnataka,Constituency_200,MP_Name_200,Work_143,Global Infra,01-01-2022,443815
743,Delhi,Constituency_201,MP_Name_201,Work_144,XYZ Builders,27-11-2023,321314
744,Tamil Nadu,Constituency_202,MP_Name_202,Work_145,ABC Constructions,25-08-2022,201184
745,Karnataka,Constituency_203,MP_Name_203,Work_146,Rural Works Dept,25-06-2021,486729
746,Tamil Nadu,Constituency_204,MP_Name_204,Work_147,Rural Works Dept,25-02-2021,422754
747,Karnataka,Constituency_205,MP_Name_205,Work_148,State PWD,28-06-2022,345669
748,Gujarat,Constituency_206,MP_Name_206,Work_149,Rural Works Dept,06-01-2023,66700
749,Tamil Nadu,Constituency_207,MP_Name_207,Work_150,State PWD,01-01-2023,460112
750,Maharashtra,Constituency_208,MP_Name_208,Work_151,Rural Works Dept,16-03-2023,481078
751,Tamil Nadu,Constituency_209,MP_Name_209,Work_152,ABC Constructions,08-02-2022,55211
752,Delhi,Constituency_210,MP_Name_210,Work_153,XYZ Builders,15-11-2023,84363
753,Delhi,Constituency_211,MP_Name_211,Work_154,State PWD,18-01-2022,424896
754,Karnataka,Constituency_212,MP_Name_212,Work_155,XYZ Builders,24-11-2022,296090
755,Uttar Pradesh,Constituency_213,MP_Name_213,Work_156,Global Infra,03-10-2022,467570
756,Tamil Nadu,Constituency_214,MP_Name_214,Work_157,Rural Works Dept,13-05-2021,325665
757,Uttar Pradesh,Constituency_215,MP_Name_215,Work_158,XYZ Builders,13-03-2023,242015
758,Karnataka,Constituency_216,MP_Name_216,Work_159,XYZ Builders,30-09-2022,275945
759,Uttar Pradesh,Constituency_217,MP_Name_217,Work_160,Rural Works Dept,01-06-2022,295154
760,Tamil Nadu,Constituency_218,MP_Name_218,Work_161,Global Infra,29-01-2023,180465
761,Uttar Pradesh,Constituency_219,MP_Name_219,Work_162,ABC Constructions,13-08-2023,362519
762,Tamil Nadu,Constituency_220,MP_Name_220,Work_163,State PWD,27-04-2021,383593
763,Tamil Nadu,Constituency_221,MP_Name_221,Work_164,State PWD,26-04-2021,205427
764,Tamil Nadu,Constituency_222,MP_Name_222,Work_165,Global Infra,30-10-2023,64516
765,Delhi,Constituency_223,MP_Name_223,Work_166,State PWD,17-11-2023,322219
766,Gujarat,Constituency_224,MP_Name_224,Work_167,Global Infra,02-09-2023,303684
767,Tamil Nadu,Constituency_225,MP_Name_225,Work_168,XYZ Builders,12-12-2023,355181
768,Gujarat,Constituency_226,MP_Name_226,Work_169,Rural Works Dept,15-11-2022,353084
769,Maharashtra,Constituency_227,MP_Name_227,Work_170,State PWD,15-12-2021,253919
770,Maharashtra,Constituency_228,MP_Name_228,Work_171,Rural Works Dept,15-01-2022,335945
771,Delhi,Constituency_229,MP_Name_229,Work_172,ABC Constructions,15-11-2021,377147
772,Tamil Nadu,Constituency_230,MP_Name_230,Work_173,ABC Constructions,14-07-2023,380717
773,Maharashtra,Constituency_231,MP_Name_231,Work_174,State PWD,24-08-2022,446698
774,Delhi,Constituency_232,MP_Name_232,Work_175,Global Infra,12-05-2021,239901
775,Maharashtra,Constituency_233,MP_Name_233,Work_176,Rural Works Dept,26-08-2022,148147
776,Karnataka,Constituency_234,MP_Name_234,Work_177,Rural Works Dept,11-05-2022,396693
777,Gujarat,Constituency_235,MP_Name_235,Work_178,XYZ Builders,11-09-2022,438278
778,Gujarat,Constituency_236,MP_Name_236,Work_179,Rural Works Dept,13-11-2021,177391
779,Karnataka,Constituency_237,MP_Name_237,Work_180,Rural Works Dept,13-09-2022,333493
780,Gujarat,Constituency_238,MP_Name_238,Work_181,Rural Works Dept,08-08-2023,258067
781,Gujarat,Constituency_239,MP_Name_239,Work_182,State PWD,15-01-2023,262128
782,Maharashtra,Constituency_240,MP_Name_240,Work_183,XYZ Builders,18-01-2023,181510
783,Gujarat,Constituency_241,MP_Name_241,Work_184,State PWD,23-03-2022,74064
784,Delhi,Constituency_242,MP_Name_242,Work_185,XYZ Builders,14-05-2023,344487
785,Karnataka,Constituency_243,MP_Name_243,Work_186,Global Infra,31-12-2023,275428
786,Maharashtra,Constituency_244,MP_Name_244,Work_187,XYZ Builders,25-08-2022,124808
787,Tamil Nadu,Constituency_245,MP_Name_245,Work_188,Rural Works Dept,09-04-2021,400232
788,Karnataka,Constituency_246,MP_Name_246,Work_189,State PWD,28-10-2021,432991
789,Uttar Pradesh,Constituency_247,MP_Name_247,Work_190,XYZ Builders,14-04-2023,163263
790,Uttar Pradesh,Constituency_248,MP_Name_248,Work_191,ABC Constructions,17-03-2021,448638
791,Gujarat,Constituency_249,MP_Name_249,Work_192,XYZ Builders,04-09-2023,340853
792,Uttar Pradesh,Constituency_250,MP_Name_250,Work_193,State PWD,20-07-2023,90570
793,Uttar Pradesh,Constituency_251,MP_Name_251,Work_194,State PWD,26-05-2021,388529
794,Delhi,Constituency_252,MP_Name_252,Work_195,State PWD,28-07-2022,404736
795,Maharashtra,Constituency_253,MP_Name_253,Work_196,Global Infra,01-05-2023,374117
796,Karnataka,Constituency_254,MP_Name_254,Work_197,State PWD,18-05-2022,190949
797,Delhi,Constituency_255,MP_Name_255,Work_198,Global Infra,26-11-2022,401090
798,Gujarat,Constituency_256,MP_Name_256,Work_199,State PWD,13-01-2023,449253
799,Uttar Pradesh,Constituency_257,MP_Name_257,Work_200,ABC Constructions,15-01-2023,399414
800,Gujarat,Constituency_258,MP_Name_258,Work_1,State PWD,24-11-2022,304089
801,Uttar Pradesh,Constituency_259,MP_Name_259,Work_2,XYZ Builders,11-12-2022,373989
802,Karnataka,Constituency_260,MP_Name_260,Work_3,Rural Works Dept,26-02-2022,399435
803,Tamil Nadu,Constituency_261,MP_Name_261,Work_4,State PWD,08-01-2022,116700
804,Karnataka,Constituency_262,MP_Name_262,Work_5,Rural Works Dept,20-04-2022,211589
805,Karnataka,Constituency_263,MP_Name_263,Work_6,State PWD,16-01-2023,325991
806,Tamil Nadu,Constituency_264,MP_Name_264,Work_7,State PWD,14-01-2022,464459
807,Tamil Nadu,Constituency_265,MP_Name_265,Work_8,Global Infra,06-11-2022,269331
808,Karnataka,Constituency_266,MP_Name_266,Work_9,Rural Works Dept,22-12-2023,157358
809,Maharashtra,Constituency_267,MP_Name_267,Work_10,XYZ Builders,02-02-2021,385914
810,Uttar Pradesh,Constituency_268,MP_Name_268,Work_11,ABC Constructions,18-11-2022,225704
811,Gujarat,Constituency_269,MP_Name_269,Work_12,Rural Works Dept,22-04-2023,272193
812,Maharashtra,Constituency_270,MP_Name_270,Work_13,Rural Works Dept,10-01-2021,363832
813,Maharashtra,Constituency_271,MP_Name_271,Work_14,State PWD,06-10-2023,311933
814,Delhi,Constituency_272,MP_Name_272,Work_15,State PWD,04-08-2021,470931
815,Tamil Nadu,Constituency_273,MP_Name_273,Work_16,Rural Works Dept,30-11-2023,269660
816,Uttar Pradesh,Constituency_274,MP_Name_274,Work_17,Global Infra,18-08-2021,94819
817,Maharashtra,Constituency_275,MP_Name_275,Work_18,ABC Constructions,11-01-2022,476992
818,Delhi,Constituency_276,MP_Name_276,Work_19,XYZ Builders,03-01-2023,221070
819,Tamil Nadu,Constituency_277,MP_Name_277,Work_20,State PWD,25-07-2022,209207
820,Maharashtra,Constituency_278,MP_Name_278,Work_21,State PWD,19-01-2023,352499
821,Gujarat,Constituency_279,MP_Name_279,Work_22,Rural Works Dept,05-03-2021,223290
822,Uttar Pradesh,Constituency_280,MP_Name_280,Work_23,Global Infra,09-10-2023,472839
823,Uttar Pradesh,Constituency_281,MP_Name_281,Work_24,ABC Constructions,31-01-2021,176170
824,Delhi,Constituency_282,MP_Name_282,Work_25,Rural Works Dept,05-02-2021,398775
825,Tamil Nadu,Constituency_283,MP_Name_283,Work_26,Global Infra,16-12-2021,458802
826,Delhi,Constituency_284,MP_Name_284,Work_27,Rural Works Dept,05-07-2023,494687
827,Gujarat,Constituency_285,MP_Name_285,Work_28,XYZ Builders,14-12-2021,332784
828,Karnataka,Constituency_286,MP_Name_286,Work_29,State PWD,03-02-2021,357055
829,Maharashtra,Constituency_287,MP_Name_287,Work_30,Global Infra,18-07-2023,299123
830,Uttar Pradesh,Constituency_288,MP_Name_288,Work_31,Global Infra,15-05-2022,300055
831,Tamil Nadu,Constituency_289,MP_Name_289,Work_32,State PWD,15-09-2021,401012
832,Tamil Nadu,Constituency_290,MP_Name_290,Work_33,State PWD,01-03-2021,160046
833,Karnataka,Constituency_291,MP_Name_291,Work_34,Rural Works Dept,19-11-2023,449493
834,Maharashtra,Constituency_292,MP_Name_292,Work_35,ABC Constructions,27-09-2021,334967
835,Uttar Pradesh,Constituency_293,MP_Name_293,Work_36,Rural Works Dept,14-04-2021,293646
836,Gujarat,Constituency_294,MP_Name_294,Work_37,ABC Constructions,17-11-2022,335057
837,Delhi,Constituency_295,MP_Name_295,Work_38,Rural Works Dept,06-03-2023,461480
838,Delhi,Constituency_296,MP_Name_296,Work_39,Rural Works Dept,23-04-2023,302617
839,Uttar Pradesh,Constituency_297,MP_Name_297,Work_40,Rural Works Dept,13-01-2022,151567
840,Delhi,Constituency_298,MP_Name_298,Work_41,Rural Works Dept,24-08-2022,266488
841,Tamil Nadu,Constituency_299,MP_Name_299,Work_42,Rural Works Dept,27-08-2023,121738
842,Tamil Nadu,Constituency_300,MP_Name_300,Work_43,Rural Works Dept,06-12-2021,410399
843,Karnataka,Constituency_301,MP_Name_301,Work_44,Global Infra,07-09-2021,439144
844,Gujarat,Constituency_302,MP_Name_302,Work_45,XYZ Builders,04-09-2023,82180
845,Uttar Pradesh,Constituency_303,MP_Name_303,Work_46,ABC Constructions,05-08-2021,67254
846,Gujarat,Constituency_304,MP_Name_304,Work_47,State PWD,01-09-2022,455309
847,Gujarat,Constituency_305,MP_Name_305,Work_48,XYZ Builders,23-02-2023,267539
848,Tamil Nadu,Constituency_306,MP_Name_306,Work_49,Rural Works Dept,07-02-2023,151733
849,Uttar Pradesh,Constituency_307,MP_Name_307,Work_50,Global Infra,10-11-2022,421136
850,Gujarat,Constituency_308,MP_Name_308,Work_51,ABC Constructions,19-06-2021,480900
851,Karnataka,Constituency_309,MP_Name_309,Work_52,Global Infra,25-12-2022,301763
852,Karnataka,Constituency_310,MP_Name_310,Work_53,Rural Works Dept,06-02-2021,440243
853,Karnataka,Constituency_311,MP_Name_311,Work_54,ABC Constructions,05-07-2022,193801
854,Delhi,Constituency_312,MP_Name_312,Work_55,XYZ Builders,06-12-2021,488638
855,Uttar Pradesh,Constituency_313,MP_Name_313,Work_56,ABC Constructions,28-12-2021,121780
856,Gujarat,Constituency_314,MP_Name_314,Work_57,XYZ Builders,14-06-2022,285168
857,Maharashtra,Constituency_315,MP_Name_315,Work_58,ABC Constructions,10-11-2022,399590
858,Tamil Nadu,Constituency_316,MP_Name_316,Work_59,ABC Constructions,25-03-2021,306968
859,Gujarat,Constituency_317,MP_Name_317,Work_60,State PWD,17-12-2022,224590
860,Gujarat,Constituency_318,MP_Name_318,Work_61,Rural Works Dept,23-06-2023,421535
861,Karnataka,Constituency_319,MP_Name_319,Work_62,State PWD,17-04-2021,104485
862,Karnataka,Constituency_320,MP_Name_320,Work_63,ABC Constructions,19-02-2023,443106
863,Gujarat,Constituency_321,MP_Name_321,Work_64,Global Infra,09-09-2021,411497
864,Delhi,Constituency_322,MP_Name_322,Work_65,State PWD,17-01-2023,119383
865,Uttar Pradesh,Constituency_323,MP_Name_323,Work_66,State PWD,16-01-2021,324020
866,Tamil Nadu,Constituency_324,MP_Name_324,Work_67,ABC Constructions,18-11-2023,491987
867,Tamil Nadu,Constituency_325,MP_Name_325,Work_68,Global Infra,06-07-2021,145476
868,Delhi,Constituency_326,MP_Name_326,Work_69,Rural Works Dept,02-05-2021,252751
869,Delhi,Constituency_327,MP_Name_327,Work_70,XYZ Builders,25-12-2021,267421
870,Maharashtra,Constituency_328,MP_Name_328,Work_71,XYZ Builders,18-06-2022,124196
871,Delhi,Constituency_329,MP_Name_329,Work_72,XYZ Builders,23-11-2021,420800
872,Gujarat,Constituency_330,MP_Name_330,Work_73,XYZ Builders,17-06-2021,419198
873,Uttar Pradesh,Constituency_331,MP_Name_331,Work_74,State PWD,28-08-2021,420210
874,Delhi,Constituency_332,MP_Name_332,Work_75,ABC Constructions,22-08-2021,296673
875,Karnataka,Constituency_333,MP_Name_333,Work_76,XYZ Builders,05-03-2021,168689
876,Uttar Pradesh,Constituency_334,MP_Name_334,Work_77,XYZ Builders,25-01-2021,169547
877,Karnataka,Constituency_335,MP_Name_335,Work_78,XYZ Builders,06-01-2021,260218
878,Delhi,Constituency_336,MP_Name_336,Work_79,State PWD,28-04-2022,254178
879,Tamil Nadu,Constituency_337,MP_Name_337,Work_80,Rural Works Dept,10-09-2023,241865
880,Tamil Nadu,Constituency_338,MP_Name_338,Work_81,State PWD,23-01-2023,323900
881,Uttar Pradesh,Constituency_339,MP_Name_339,Work_82,State PWD,08-11-2021,487765
882,Maharashtra,Constituency_340,MP_Name_340,Work_83,ABC Constructions,02-10-2021,407893
883,Gujarat,Constituency_341,MP_Name_341,Work_84,Rural Works Dept,13-03-2023,245014
884,Uttar Pradesh,Constituency_342,MP_Name_342,Work_85,State PWD,12-04-2023,56341
885,Maharashtra,Constituency_343,MP_Name_343,Work_86,State PWD,21-03-2022,383516
886,Gujarat,Constituency_344,MP_Name_344,Work_87,Global Infra,16-04-2023,393895
887,Maharashtra,Constituency_345,MP_Name_345,Work_88,State PWD,30-03-2023,193344
888,Tamil Nadu,Constituency_346,MP_Name_346,Work_89,Global Infra,28-04-2021,423687
889,Delhi,Constituency_347,MP_Name_347,Work_90,State PWD,27-11-2023,195031
890,Uttar Pradesh,Constituency_348,MP_Name_348,Work_91,XYZ Builders,03-01-2023,424525
891,Uttar Pradesh,Constituency_349,MP_Name_349,Work_92,XYZ Builders,12-08-2021,358155
892,Uttar Pradesh,Constituency_350,MP_Name_350,Work_93,Global Infra,25-12-2022,483447
893,Karnataka,Constituency_351,MP_Name_351,Work_94,Global Infra,24-08-2022,462478
894,Tamil Nadu,Constituency_352,MP_Name_352,Work_95,XYZ Builders,06-01-2023,219713
895,Tamil Nadu,Constituency_353,MP_Name_353,Work_96,Rural Works Dept,08-06-2023,179023
896,Gujarat,Constituency_354,MP_Name_354,Work_97,Global Infra,07-10-2021,292003
897,Delhi,Constituency_355,MP_Name_355,Work_98,XYZ Builders,08-04-2021,256889
898,Delhi,Constituency_356,MP_Name_356,Work_99,XYZ Builders,06-05-2021,264185
899,Maharashtra,Constituency_357,MP_Name_357,Work_100,Rural Works Dept,16-11-2022,57208
900,Uttar Pradesh,Constituency_358,MP_Name_358,Work_101,State PWD,20-06-2022,281115
901,Gujarat,Constituency_359,MP_Name_359,Work_102,ABC Constructions,13-07-2021,304498
902,Delhi,Constituency_360,MP_Name_360,Work_103,XYZ Builders,17-10-2022,65041
903,Tamil Nadu,Constituency_361,MP_Name_361,Work_104,Rural Works Dept,20-05-2021,463329
904,Tamil Nadu,Constituency_362,MP_Name_362,Work_105,ABC Constructions,22-06-2022,367453
905,Tamil Nadu,Constituency_363,MP_Name_363,Work_106,Rural Works Dept,04-11-2022,423161
906,Gujarat,Constituency_364,MP_Name_364,Work_107,XYZ Builders,07-08-2022,169650
907,Maharashtra,Constituency_365,MP_Name_365,Work_108,Global Infra,06-01-2021,340651
908,Gujarat,Constituency_366,MP_Name_366,Work_109,Global Infra,12-06-2022,289938
909,Tamil Nadu,Constituency_367,MP_Name_367,Work_110,ABC Constructions,19-08-2022,91592
910,Maharashtra,Constituency_368,MP_Name_368,Work_111,State PWD,31-01-2022,287846
911,Gujarat,Constituency_369,MP_Name_369,Work_112,XYZ Builders,11-09-2022,214260
912,Karnataka,Constituency_370,MP_Name_370,Work_113,ABC Constructions,30-04-2021,403359
913,Tamil Nadu,Constituency_371,MP_Name_371,Work_114,Rural Works Dept,27-04-2023,197510
914,Karnataka,Constituency_372,MP_Name_372,Work_115,XYZ Builders,03-05-2021,358428
915,Gujarat,Constituency_373,MP_Name_373,Work_116,Global Infra,30-01-2023,346361
916,Gujarat,Constituency_374,MP_Name_374,Work_117,ABC Constructions,08-03-2021,336153
917,Delhi,Constituency_375,MP_Name_375,Work_118,ABC Constructions,13-07-2021,399837
918,Gujarat,Constituency_376,MP_Name_376,Work_119,Global Infra,03-09-2022,380834
919,Maharashtra,Constituency_377,MP_Name_377,Work_120,ABC Constructions,22-10-2022,135184
920,Tamil Nadu,Constituency_378,MP_Name_378,Work_121,Rural Works Dept,24-07-2023,105817
921,Maharashtra,Constituency_379,MP_Name_379,Work_122,XYZ Builders,03-09-2021,292649
922,Tamil Nadu,Constituency_380,MP_Name_380,Work_123,Rural Works Dept,17-06-2022,225740
923,Karnataka,Constituency_381,MP_Name_381,Work_124,XYZ Builders,10-05-2022,408973
924,Maharashtra,Constituency_382,MP_Name_382,Work_125,Rural Works Dept,14-05-2021,494910
925,Delhi,Constituency_383,MP_Name_383,Work_126,ABC Constructions,15-07-2022,212612
926,Uttar Pradesh,Constituency_384,MP_Name_384,Work_127,ABC Constructions,01-01-2023,118926
927,Delhi,Constituency_385,MP_Name_385,Work_128,Global Infra,06-12-2022,60217
928,Tamil Nadu,Constituency_386,MP_Name_386,Work_129,State PWD,12-04-2021,271071
929,Karnataka,Constituency_387,MP_Name_387,Work_130,Rural Works Dept,21-08-2021,147756
930,Uttar Pradesh,Constituency_388,MP_Name_388,Work_131,Rural Works Dept,26-12-2023,112140
931,Tamil Nadu,Constituency_389,MP_Name_389,Work_132,Rural Works Dept,15-07-2021,218981
932,Delhi,Constituency_390,MP_Name_390,Work_133,State PWD,13-08-2021,228311
933,Maharashtra,Constituency_391,MP_Name_391,Work_134,Global Infra,27-09-2022,211770
934,Gujarat,Constituency_392,MP_Name_392,Work_135,ABC Constructions,12-02-2023,156707
935,Gujarat,Constituency_393,MP_Name_393,Work_136,XYZ Builders,07-06-2022,156468
936,Karnataka,Constituency_394,MP_Name_394,Work_137,XYZ Builders,17-11-2021,50916
937,Gujarat,Constituency_395,MP_Name_395,Work_138,XYZ Builders,18-06-2022,312984
938,Uttar Pradesh,Constituency_396,MP_Name_396,Work_139,XYZ Builders,21-08-2022,101859
939,Gujarat,Constituency_397,MP_Name_397,Work_140,Rural Works Dept,21-12-2021,54354
940,Maharashtra,Constituency_398,MP_Name_398,Work_141,XYZ Builders,27-07-2021,454849
941,Tamil Nadu,Constituency_399,MP_Name_399,Work_142,XYZ Builders,24-04-2023,459582
942,Karnataka,Constituency_400,MP_Name_400,Work_143,State PWD,07-08-2023,146834
943,Tamil Nadu,Constituency_401,MP_Name_401,Work_144,Global Infra,10-11-2021,63156
944,Karnataka,Constituency_402,MP_Name_402,Work_145,State PWD,31-12-2021,54491
945,Uttar Pradesh,Constituency_403,MP_Name_403,Work_146,XYZ Builders,08-11-2021,305899
946,Karnataka,Constituency_404,MP_Name_404,Work_147,State PWD,02-03-2022,443732
947,Karnataka,Constituency_405,MP_Name_405,Work_148,ABC Constructions,19-05-2021,279814
948,Karnataka,Constituency_406,MP_Name_406,Work_149,XYZ Builders,23-07-2022,440733
949,Karnataka,Constituency_407,MP_Name_407,Work_150,ABC Constructions,22-08-2022,380184
950,Delhi,Constituency_408,MP_Name_408,Work_151,Global Infra,25-10-2023,96461
951,Tamil Nadu,Constituency_409,MP_Name_409,Work_152,Rural Works Dept,05-11-2023,55372
952,Tamil Nadu,Constituency_410,MP_Name_410,Work_153,ABC Constructions,08-08-2023,115584
953,Uttar Pradesh,Constituency_411,MP_Name_411,Work_154,ABC Constructions,27-09-2022,108365
954,Tamil Nadu,Constituency_412,MP_Name_412,Work_155,State PWD,13-05-2023,94125
955,Uttar Pradesh,Constituency_413,MP_Name_413,Work_156,Rural Works Dept,14-12-2021,239027
956,Gujarat,Constituency_414,MP_Name_414,Work_157,Rural Works Dept,07-11-2023,139021
957,Delhi,Constituency_415,MP_Name_415,Work_158,ABC Constructions,09-07-2023,268755
958,Delhi,Constituency_416,MP_Name_416,Work_159,Rural Works Dept,30-04-2022,202569
959,Gujarat,Constituency_417,MP_Name_417,Work_160,State PWD,02-12-2023,289856
960,Delhi,Constituency_418,MP_Name_418,Work_161,Rural Works Dept,01-05-2023,416893
961,Uttar Pradesh,Constituency_419,MP_Name_419,Work_162,Rural Works Dept,28-06-2022,465073
962,Gujarat,Constituency_420,MP_Name_420,Work_163,State PWD,26-01-2023,263283
963,Uttar Pradesh,Constituency_421,MP_Name_421,Work_164,XYZ Builders,02-02-2022,327753
964,Delhi,Constituency_422,MP_Name_422,Work_165,State PWD,20-05-2022,315631
965,Tamil Nadu,Constituency_423,MP_Name_423,Work_166,Global Infra,04-11-2021,96962
966,Gujarat,Constituency_424,MP_Name_424,Work_167,State PWD,05-06-2022,91759
967,Uttar Pradesh,Constituency_425,MP_Name_425,Work_168,Rural Works Dept,06-02-2021,379866
968,Uttar Pradesh,Constituency_426,MP_Name_426,Work_169,Global Infra,25-01-2023,290586
969,Karnataka,Constituency_427,MP_Name_427,Work_170,Global Infra,08-03-2021,202741
970,Gujarat,Constituency_428,MP_Name_428,Work_171,Global Infra,10-02-2021,486342
971,Gujarat,Constituency_429,MP_Name_429,Work_172,XYZ Builders,19-10-2023,211494
972,Maharashtra,Constituency_430,MP_Name_430,Work_173,Rural Works Dept,08-11-2021,170638
973,Tamil Nadu,Constituency_431,MP_Name_431,Work_174,XYZ Builders,06-12-2022,233575
974,Uttar Pradesh,Constituency_432,MP_Name_432,Work_175,Global Infra,30-07-2023,243012
975,Gujarat,Constituency_433,MP_Name_433,Work_176,ABC Constructions,19-03-2023,392947
976,Gujarat,Constituency_434,MP_Name_434,Work_177,ABC Constructions,02-12-2023,138565
977,Karnataka,Constituency_435,MP_Name_435,Work_178,State PWD,06-12-2021,323073
978,Tamil Nadu,Constituency_436,MP_Name_436,Work_179,Rural Works Dept,07-10-2023,434700
979,Maharashtra,Constituency_437,MP_Name_437,Work_180,ABC Constructions,14-01-2021,84947
980,Maharashtra,Constituency_438,MP_Name_438,Work_181,Global Infra,24-06-2021,266791
981,Gujarat,Constituency_439,MP_Name_439,Work_182,Rural Works Dept,20-11-2021,382515
982,Gujarat,Constituency_440,MP_Name_440,Work_183,Rural Works Dept,17-10-2021,208910
983,Uttar Pradesh,Constituency_441,MP_Name_441,Work_184,ABC Constructions,21-12-2021,451709
984,Maharashtra,Constituency_442,MP_Name_442,Work_185,State PWD,01-01-2022,317897
985,Karnataka,Constituency_443,MP_Name_443,Work_186,Rural Works Dept,01-09-2022,75856
986,Delhi,Constituency_444,MP_Name_444,Work_187,ABC Constructions,04-11-2021,482696
987,Uttar Pradesh,Constituency_445,MP_Name_445,Work_188,Rural Works Dept,19-02-2023,181442
988,Maharashtra,Constituency_446,MP_Name_446,Work_189,Global Infra,26-06-2021,122620
989,Tamil Nadu,Constituency_447,MP_Name_447,Work_190,State PWD,08-08-2021,373428
990,Tamil Nadu,Constituency_448,MP_Name_448,Work_191,Global Infra,14-04-2021,328637
991,Karnataka,Constituency_449,MP_Name_449,Work_192,XYZ Builders,11-07-2022,460379
992,Uttar Pradesh,Constituency_450,MP_Name_450,Work_193,ABC Constructions,21-11-2022,200729
993,Gujarat,Constituency_451,MP_Name_451,Work_194,ABC Constructions,24-01-2022,325831
994,Uttar Pradesh,Constituency_452,MP_Name_452,Work_195,XYZ Builders,19-04-2023,308545
995,Delhi,Constituency_453,MP_Name_453,Work_196,Rural Works Dept,08-06-2022,394501
996,Uttar Pradesh,Constituency_454,MP_Name_454,Work_197,ABC Constructions,27-11-2023,352881
997,Maharashtra,Constituency_455,MP_Name_455,Work_198,XYZ Builders,27-11-2022,268922
998,Tamil Nadu,Constituency_456,MP_Name_456,Work_199,State PWD,10-09-2022,164073
999,Tamil Nadu,Constituency_457,MP_Name_457,Work_200,State PWD,22-01-2021,427001
1000,Karnataka,Constituency_458,MP_Name_458,Work_1,Global Infra,01-09-2023,221211
1001,Delhi,Constituency_459,MP_Name_459,Work_2,Global Infra,11-02-2021,483388
1002,Delhi,Constituency_460,MP_Name_460,Work_3,State PWD,25-11-2022,77449
1003,Delhi,Constituency_461,MP_Name_461,Work_4,XYZ Builders,11-02-2022,340057
1004,Tamil Nadu,Constituency_462,MP_Name_462,Work_5,XYZ Builders,16-05-2023,75889
1005,Gujarat,Constituency_463,MP_Name_463,Work_6,State PWD,01-02-2023,254278
1006,Delhi,Constituency_464,MP_Name_464,Work_7,State PWD,19-03-2022,152787
1007,Tamil Nadu,Constituency_465,MP_Name_465,Work_8,XYZ Builders,19-05-2022,440921
1008,Delhi,Constituency_466,MP_Name_466,Work_9,Rural Works Dept,26-01-2022,235313
1009,Uttar Pradesh,Constituency_467,MP_Name_467,Work_10,XYZ Builders,28-02-2021,78133
1010,Tamil Nadu,Constituency_468,MP_Name_468,Work_11,XYZ Builders,05-04-2022,322267
1011,Delhi,Constituency_469,MP_Name_469,Work_12,ABC Constructions,05-06-2022,390798
1012,Karnataka,Constituency_470,MP_Name_470,Work_13,State PWD,08-06-2022,420932
1013,Gujarat,Constituency_471,MP_Name_471,Work_14,XYZ Builders,19-09-2021,93419
1014,Gujarat,Constituency_472,MP_Name_472,Work_15,Global Infra,09-12-2021,166671
1015,Tamil Nadu,Constituency_473,MP_Name_473,Work_16,XYZ Builders,09-08-2022,398350
1016,Gujarat,Constituency_474,MP_Name_474,Work_17,Rural Works Dept,28-04-2022,397515
1017,Tamil Nadu,Constituency_475,MP_Name_475,Work_18,Rural Works Dept,28-03-2021,116795
1018,Maharashtra,Constituency_476,MP_Name_476,Work_19,Global Infra,26-07-2023,105633
1019,Karnataka,Constituency_477,MP_Name_477,Work_20,ABC Constructions,09-09-2021,345781
1020,Gujarat,Constituency_478,MP_Name_478,Work_21,XYZ Builders,05-12-2023,298798
1021,Uttar Pradesh,Constituency_479,MP_Name_479,Work_22,State PWD,27-10-2023,76944
1022,Maharashtra,Constituency_480,MP_Name_480,Work_23,ABC Constructions,26-06-2022,306928
1023,Delhi,Constituency_481,MP_Name_481,Work_24,State PWD,14-04-2021,309088
1024,Uttar Pradesh,Constituency_482,MP_Name_482,Work_25,Global Infra,09-05-2021,440554
1025,Tamil Nadu,Constituency_483,MP_Name_483,Work_26,ABC Constructions,18-10-2021,174371
1026,Uttar Pradesh,Constituency_484,MP_Name_484,Work_27,Rural Works Dept,15-10-2022,108781
1027,Uttar Pradesh,Constituency_485,MP_Name_485,Work_28,ABC Constructions,22-10-2022,247139
1028,Karnataka,Constituency_486,MP_Name_486,Work_29,Rural Works Dept,06-09-2021,236778
1029,Karnataka,Constituency_487,MP_Name_487,Work_30,XYZ Builders,19-10-2023,388595
1030,Delhi,Constituency_488,MP_Name_488,Work_31,Global Infra,05-04-2021,103226
1031,Maharashtra,Constituency_489,MP_Name_489,Work_32,Rural Works Dept,19-04-2021,125358
1032,Gujarat,Constituency_490,MP_Name_490,Work_33,Global Infra,01-04-2022,430227
1033,Uttar Pradesh,Constituency_491,MP_Name_491,Work_34,Global Infra,14-07-2022,74743
1034,Maharashtra,Constituency_492,MP_Name_492,Work_35,Rural Works Dept,08-03-2022,149930
1035,Karnataka,Constituency_493,MP_Name_493,Work_36,ABC Constructions,21-07-2022,432855
1036,Karnataka,Constituency_494,MP_Name_494,Work_37,State PWD,28-06-2022,185780
1037,Gujarat,Constituency_495,MP_Name_495,Work_38,State PWD,26-03-2021,218519
1038,Delhi,Constituency_496,MP_Name_496,Work_39,State PWD,22-02-2021,247877
1039,Uttar Pradesh,Constituency_497,MP_Name_497,Work_40,Global Infra,27-01-2022,181863
1040,Delhi,Constituency_498,MP_Name_498,Work_41,ABC Constructions,25-11-2023,260360
1041,Delhi,Constituency_499,MP_Name_499,Work_42,Global Infra,22-12-2021,54024
1042,Karnataka,Constituency_500,MP_Name_500,Work_43,Rural Works Dept,09-08-2021,224523
1043,Tamil Nadu,Constituency_501,MP_Name_501,Work_44,ABC Constructions,06-04-2022,463853
1044,Uttar Pradesh,Constituency_502,MP_Name_502,Work_45,XYZ Builders,23-08-2022,54116
1045,Uttar Pradesh,Constituency_503,MP_Name_503,Work_46,State PWD,05-06-2021,202895
1046,Gujarat,Constituency_504,MP_Name_504,Work_47,Global Infra,04-12-2023,153806
1047,Gujarat,Constituency_505,MP_Name_505,Work_48,XYZ Builders,12-01-2023,191490
1048,Delhi,Constituency_506,MP_Name_506,Work_49,State PWD,09-09-2023,462754
1049,Gujarat,Constituency_507,MP_Name_507,Work_50,Global Infra,27-05-2022,366911
1050,Gujarat,Constituency_508,MP_Name_508,Work_51,Rural Works Dept,29-04-2021,306190
1051,Maharashtra,Constituency_509,MP_Name_509,Work_52,Rural Works Dept,10-02-2023,321393
1052,Karnataka,Constituency_510,MP_Name_510,Work_53,State PWD,30-10-2022,456976
1053,Maharashtra,Constituency_511,MP_Name_511,Work_54,XYZ Builders,11-09-2023,118563
1054,Tamil Nadu,Constituency_512,MP_Name_512,Work_55,XYZ Builders,28-05-2022,352707
1055,Tamil Nadu,Constituency_513,MP_Name_513,Work_56,Rural Works Dept,03-12-2022,120701
1056,Delhi,Constituency_514,MP_Name_514,Work_57,State PWD,02-08-2023,104188
1057,Delhi,Constituency_515,MP_Name_515,Work_58,ABC Constructions,25-09-2023,181199
1058,Delhi,Constituency_516,MP_Name_516,Work_59,State PWD,13-06-2021,454435
1059,Tamil Nadu,Constituency_517,MP_Name_517,Work_60,State PWD,11-07-2022,151587
1060,Tamil Nadu,Constituency_518,MP_Name_518,Work_61,Global Infra,17-11-2023,91057
1061,Karnataka,Constituency_519,MP_Name_519,Work_62,State PWD,30-07-2022,55991
1062,Uttar Pradesh,Constituency_520,MP_Name_520,Work_63,Global Infra,30-10-2021,365634
1063,Delhi,Constituency_521,MP_Name_521,Work_64,Rural Works Dept,09-01-2022,437677
1064,Uttar Pradesh,Constituency_522,MP_Name_522,Work_65,State PWD,13-06-2022,282648
1065,Uttar Pradesh,Constituency_523,MP_Name_523,Work_66,XYZ Builders,08-11-2023,347066
1066,Uttar Pradesh,Constituency_524,MP_Name_524,Work_67,Rural Works Dept,29-10-2022,256200
1067,Karnataka,Constituency_525,MP_Name_525,Work_68,State PWD,01-03-2021,390408
1068,Maharashtra,Constituency_526,MP_Name_526,Work_69,State PWD,30-03-2023,139295
1069,Tamil Nadu,Constituency_527,MP_Name_527,Work_70,Global Infra,12-11-2023,453544
1070,Maharashtra,Constituency_528,MP_Name_528,Work_71,ABC Constructions,23-04-2023,141238
1071,Maharashtra,Constituency_529,MP_Name_529,Work_72,State PWD,21-07-2023,289912
1072,Maharashtra,Constituency_530,MP_Name_530,Work_73,XYZ Builders,02-01-2023,488127
1073,Karnataka,Constituency_531,MP_Name_531,Work_74,Rural Works Dept,29-01-2023,390587
1074,Tamil Nadu,Constituency_532,MP_Name_532,Work_75,Rural Works Dept,11-07-2021,61883
1075,Tamil Nadu,Constituency_533,MP_Name_533,Work_76,ABC Constructions,15-06-2022,56996
1076,Maharashtra,Constituency_534,MP_Name_534,Work_77,XYZ Builders,06-08-2022,282771
1077,Uttar Pradesh,Constituency_535,MP_Name_535,Work_78,Global Infra,24-06-2022,76537
1078,Delhi,Constituency_536,MP_Name_536,Work_79,ABC Constructions,12-04-2023,360713
1079,Uttar Pradesh,Constituency_537,MP_Name_537,Work_80,XYZ Builders,17-01-2021,244923
1080,Gujarat,Constituency_538,MP_Name_538,Work_81,Rural Works Dept,10-04-2021,320424
1081,Gujarat,Constituency_539,MP_Name_539,Work_82,Global Infra,09-01-2023,319395
1082,Delhi,Constituency_540,MP_Name_540,Work_83,Rural Works Dept,22-03-2021,495571
1083,Karnataka,Constituency_541,MP_Name_541,Work_84,Rural Works Dept,18-02-2023,350639
1084,Karnataka,Constituency_542,MP_Name_542,Work_85,State PWD,12-11-2023,101945
1085,Karnataka,Constituency_543,MP_Name_543,Work_86,ABC Constructions,30-04-2022,239193
1086,Delhi,Constituency_1,MP_Name_1,Work_87,Global Infra,27-06-2021,420668
1087,Uttar Pradesh,Constituency_2,MP_Name_2,Work_88,Global Infra,06-05-2023,85967
1088,Delhi,Constituency_3,MP_Name_3,Work_89,ABC Constructions,05-12-2022,412367
1089,Gujarat,Constituency_4,MP_Name_4,Work_90,State PWD,20-08-2023,63140
1090,Delhi,Constituency_5,MP_Name_5,Work_91,ABC Constructions,22-06-2023,397392
1091,Karnataka,Constituency_6,MP_Name_6,Work_92,XYZ Builders,26-07-2021,174431
1092,Gujarat,Constituency_7,MP_Name_7,Work_93,Global Infra,20-02-2021,205262
1093,Karnataka,Constituency_8,MP_Name_8,Work_94,Global Infra,29-01-2022,79061
1094,Tamil Nadu,Constituency_9,MP_Name_9,Work_95,ABC Constructions,07-07-2021,426879
1095,Uttar Pradesh,Constituency_10,MP_Name_10,Work_96,XYZ Builders,10-04-2022,378287
1096,Gujarat,Constituency_11,MP_Name_11,Work_97,ABC Constructions,16-01-2023,204573
1097,Karnataka,Constituency_12,MP_Name_12,Work_98,State PWD,14-09-2023,52042
1098,Karnataka,Constituency_13,MP_Name_13,Work_99,Rural Works Dept,28-12-2023,354990
1099,Gujarat,Constituency_14,MP_Name_14,Work_100,ABC Constructions,12-03-2021,370603
1100,Gujarat,Constituency_15,MP_Name_15,Work_101,XYZ Builders,29-01-2022,425771
1101,Tamil Nadu,Constituency_16,MP_Name_16,Work_102,ABC Constructions,20-07-2022,103984
1102,Uttar Pradesh,Constituency_17,MP_Name_17,Work_103,ABC Constructions,20-01-2023,227787
1103,Maharashtra,Constituency_18,MP_Name_18,Work_104,ABC Constructions,25-03-2021,383542
1104,Karnataka,Constituency_19,MP_Name_19,Work_105,ABC Constructions,19-01-2022,321445
1105,Tamil Nadu,Constituency_20,MP_Name_20,Work_106,ABC Constructions,20-09-2022,396283
1106,Uttar Pradesh,Constituency_21,MP_Name_21,Work_107,Global Infra,23-03-2022,101135
1107,Uttar Pradesh,Constituency_22,MP_Name_22,Work_108,ABC Constructions,02-06-2021,136676
1108,Karnataka,Constituency_23,MP_Name_23,Work_109,State PWD,03-03-2022,497763
1109,Delhi,Constituency_24,MP_Name_24,Work_110,XYZ Builders,14-03-2023,266107
1110,Delhi,Constituency_25,MP_Name_25,Work_111,State PWD,18-09-2023,337365
1111,Gujarat,Constituency_26,MP_Name_26,Work_112,Global Infra,18-10-2021,342831
1112,Maharashtra,Constituency_27,MP_Name_27,Work_113,State PWD,25-07-2023,140819
1113,Karnataka,Constituency_28,MP_Name_28,Work_114,Rural Works Dept,10-10-2021,144865
1114,Gujarat,Constituency_29,MP_Name_29,Work_115,XYZ Builders,23-01-2023,369174
1115,Gujarat,Constituency_30,MP_Name_30,Work_116,Rural Works Dept,23-06-2023,361315
1116,Karnataka,Constituency_31,MP_Name_31,Work_117,State PWD,14-09-2023,349252
1117,Karnataka,Constituency_32,MP_Name_32,Work_118,ABC Constructions,26-12-2021,403339
1118,Delhi,Constituency_33,MP_Name_33,Work_119,Global Infra,17-07-2022,138815
1119,Delhi,Constituency_34,MP_Name_34,Work_120,Global Infra,08-09-2023,55411
1120,Delhi,Constituency_35,MP_Name_35,Work_121,XYZ Builders,15-06-2022,75683
1121,Maharashtra,Constituency_36,MP_Name_36,Work_122,XYZ Builders,20-12-2021,91513
1122,Gujarat,Constituency_37,MP_Name_37,Work_123,XYZ Builders,24-09-2021,231568
1123,Gujarat,Constituency_38,MP_Name_38,Work_124,ABC Constructions,21-10-2022,286340
1124,Maharashtra,Constituency_39,MP_Name_39,Work_125,ABC Constructions,25-07-2021,138780
1125,Delhi,Constituency_40,MP_Name_40,Work_126,ABC Constructions,01-06-2022,256133
1126,Tamil Nadu,Constituency_41,MP_Name_41,Work_127,State PWD,21-12-2023,303490
1127,Delhi,Constituency_42,MP_Name_42,Work_128,State PWD,05-11-2022,89867
1128,Delhi,Constituency_43,MP_Name_43,Work_129,State PWD,28-08-2023,353013
1129,Gujarat,Constituency_44,MP_Name_44,Work_130,Global Infra,09-10-2023,398328
1130,Gujarat,Constituency_45,MP_Name_45,Work_131,ABC Constructions,14-11-2021,364574
1131,Delhi,Constituency_46,MP_Name_46,Work_132,Rural Works Dept,27-07-2023,198162
1132,Maharashtra,Constituency_47,MP_Name_47,Work_133,ABC Constructions,07-02-2022,136182
1133,Gujarat,Constituency_48,MP_Name_48,Work_134,Rural Works Dept,07-10-2021,386624
1134,Tamil Nadu,Constituency_49,MP_Name_49,Work_135,Rural Works Dept,16-04-2021,422996
1135,Uttar Pradesh,Constituency_50,MP_Name_50,Work_136,ABC Constructions,28-06-2021,56001
1136,Uttar Pradesh,Constituency_51,MP_Name_51,Work_137,Rural Works Dept,24-11-2023,224684
1137,Delhi,Constituency_52,MP_Name_52,Work_138,Rural Works Dept,13-10-2023,254754
1138,Tamil Nadu,Constituency_53,MP_Name_53,Work_139,XYZ Builders,23-05-2022,293536
1139,Uttar Pradesh,Constituency_54,MP_Name_54,Work_140,Global Infra,13-02-2022,209428
1140,Uttar Pradesh,Constituency_55,MP_Name_55,Work_141,Global Infra,16-05-2023,401148
1141,Tamil Nadu,Constituency_56,MP_Name_56,Work_142,Global Infra,19-11-2021,269044
1142,Gujarat,Constituency_57,MP_Name_57,Work_143,Rural Works Dept,26-04-2023,234178
1143,Uttar Pradesh,Constituency_58,MP_Name_58,Work_144,State PWD,09-04-2021,83364
1144,Tamil Nadu,Constituency_59,MP_Name_59,Work_145,ABC Constructions,28-10-2022,444965
1145,Gujarat,Constituency_60,MP_Name_60,Work_146,State PWD,03-07-2023,446731
1146,Uttar Pradesh,Constituency_61,MP_Name_61,Work_147,Rural Works Dept,31-07-2023,274276
1147,Gujarat,Constituency_62,MP_Name_62,Work_148,XYZ Builders,24-12-2021,454793
1148,Maharashtra,Constituency_63,MP_Name_63,Work_149,ABC Constructions,06-12-2022,89269
1149,Gujarat,Constituency_64,MP_Name_64,Work_150,XYZ Builders,11-05-2022,114666
1150,Uttar Pradesh,Constituency_65,MP_Name_65,Work_151,Global Infra,15-04-2023,117600
1151,Maharashtra,Constituency_66,MP_Name_66,Work_152,Rural Works Dept,25-07-2023,322389
1152,Tamil Nadu,Constituency_67,MP_Name_67,Work_153,Global Infra,21-01-2022,159665
1153,Maharashtra,Constituency_68,MP_Name_68,Work_154,Global Infra,24-03-2021,283659
1154,Tamil Nadu,Constituency_69,MP_Name_69,Work_155,ABC Constructions,27-07-2022,166381
1155,Tamil Nadu,Constituency_70,MP_Name_70,Work_156,Rural Works Dept,07-07-2021,67989
1156,Tamil Nadu,Constituency_71,MP_Name_71,Work_157,Global Infra,22-08-2022,207811
1157,Gujarat,Constituency_72,MP_Name_72,Work_158,ABC Constructions,04-11-2023,251996
1158,Gujarat,Constituency_73,MP_Name_73,Work_159,XYZ Builders,09-09-2022,295459
1159,Tamil Nadu,Constituency_74,MP_Name_74,Work_160,XYZ Builders,13-02-2021,303636
1160,Karnataka,Constituency_75,MP_Name_75,Work_161,Global Infra,14-02-2021,384623
1161,Karnataka,Constituency_76,MP_Name_76,Work_162,Rural Works Dept,20-06-2022,478849
1162,Maharashtra,Constituency_77,MP_Name_77,Work_163,State PWD,03-12-2022,352786
1163,Maharashtra,Constituency_78,MP_Name_78,Work_164,XYZ Builders,25-07-2022,211872
1164,Tamil Nadu,Constituency_79,MP_Name_79,Work_165,Rural Works Dept,07-02-2023,110609
1165,Tamil Nadu,Constituency_80,MP_Name_80,Work_166,Rural Works Dept,25-03-2023,371150
1166,Karnataka,Constituency_81,MP_Name_81,Work_167,Rural Works Dept,22-04-2021,69883
1167,Karnataka,Constituency_82,MP_Name_82,Work_168,Global Infra,21-08-2023,485319
1168,Uttar Pradesh,Constituency_83,MP_Name_83,Work_169,XYZ Builders,23-05-2023,403587
1169,Uttar Pradesh,Constituency_84,MP_Name_84,Work_170,ABC Constructions,23-12-2023,116387
1170,Uttar Pradesh,Constituency_85,MP_Name_85,Work_171,Rural Works Dept,02-01-2023,457774
1171,Maharashtra,Constituency_86,MP_Name_86,Work_172,Global Infra,09-01-2022,66311
1172,Delhi,Constituency_87,MP_Name_87,Work_173,XYZ Builders,29-05-2023,470458
1173,Uttar Pradesh,Constituency_88,MP_Name_88,Work_174,Global Infra,13-03-2021,317809
1174,Maharashtra,Constituency_89,MP_Name_89,Work_175,State PWD,28-09-2021,235892
1175,Karnataka,Constituency_90,MP_Name_90,Work_176,XYZ Builders,23-04-2023,193507
1176,Delhi,Constituency_91,MP_Name_91,Work_177,State PWD,20-08-2023,472512
1177,Uttar Pradesh,Constituency_92,MP_Name_92,Work_178,XYZ Builders,10-08-2022,299562
1178,Tamil Nadu,Constituency_93,MP_Name_93,Work_179,Global Infra,20-07-2021,137995
1179,Tamil Nadu,Constituency_94,MP_Name_94,Work_180,ABC Constructions,20-07-2023,431086
1180,Tamil Nadu,Constituency_95,MP_Name_95,Work_181,XYZ Builders,14-01-2021,416268
1181,Tamil Nadu,Constituency_96,MP_Name_96,Work_182,Rural Works Dept,11-10-2021,90693
1182,Maharashtra,Constituency_97,MP_Name_97,Work_183,State PWD,18-04-2023,471949
1183,Maharashtra,Constituency_98,MP_Name_98,Work_184,Rural Works Dept,23-07-2022,268835
1184,Uttar Pradesh,Constituency_99,MP_Name_99,Work_185,ABC Constructions,18-02-2023,439831
1185,Karnataka,Constituency_100,MP_Name_100,Work_186,XYZ Builders,09-03-2023,425831
1186,Maharashtra,Constituency_101,MP_Name_101,Work_187,State PWD,24-05-2022,461604
1187,Uttar Pradesh,Constituency_102,MP_Name_102,Work_188,Global Infra,28-06-2022,376397
1188,Uttar Pradesh,Constituency_103,MP_Name_103,Work_189,ABC Constructions,27-12-2023,446966
1189,Tamil Nadu,Constituency_104,MP_Name_104,Work_190,State PWD,05-09-2023,424942
1190,Maharashtra,Constituency_105,MP_Name_105,Work_191,XYZ Builders,04-02-2023,83259
1191,Uttar Pradesh,Constituency_106,MP_Name_106,Work_192,XYZ Builders,15-02-2022,173501
1192,Maharashtra,Constituency_107,MP_Name_107,Work_193,Global Infra,09-01-2022,60327
1193,Maharashtra,Constituency_108,MP_Name_108,Work_194,State PWD,09-04-2022,251895
1194,Uttar Pradesh,Constituency_109,MP_Name_109,Work_195,ABC Constructions,18-02-2022,132517
1195,Karnataka,Constituency_110,MP_Name_110,Work_196,State PWD,08-12-2021,252283
1196,Delhi,Constituency_111,MP_Name_111,Work_197,Rural Works Dept,18-11-2023,138796
1197,Karnataka,Constituency_112,MP_Name_112,Work_198,XYZ Builders,22-02-2023,398970
1198,Gujarat,Constituency_113,MP_Name_113,Work_199,XYZ Builders,31-03-2021,206640
1199,Tamil Nadu,Constituency_114,MP_Name_114,Work_200,ABC Constructions,18-12-2021,406275
1200,Tamil Nadu,Constituency_115,MP_Name_115,Work_1,State PWD,24-03-2023,232542
1201,Gujarat,Constituency_116,MP_Name_116,Work_2,Global Infra,24-04-2022,59109
1202,Karnataka,Constituency_117,MP_Name_117,Work_3,State PWD,20-08-2023,79427
1203,Gujarat,Constituency_118,MP_Name_118,Work_4,State PWD,05-06-2021,247599
1204,Tamil Nadu,Constituency_119,MP_Name_119,Work_5,XYZ Builders,23-06-2023,270227
1205,Tamil Nadu,Constituency_120,MP_Name_120,Work_6,ABC Constructions,21-12-2023,356419
1206,Uttar Pradesh,Constituency_121,MP_Name_121,Work_7,ABC Constructions,27-09-2021,363130
1207,Uttar Pradesh,Constituency_122,MP_Name_122,Work_8,XYZ Builders,23-06-2022,317792
1208,Tamil Nadu,Constituency_123,MP_Name_123,Work_9,XYZ Builders,28-09-2023,144363
1209,Karnataka,Constituency_124,MP_Name_124,Work_10,ABC Constructions,19-12-2023,420212
1210,Maharashtra,Constituency_125,MP_Name_125,Work_11,ABC Constructions,18-12-2023,300615
1211,Karnataka,Constituency_126,MP_Name_126,Work_12,State PWD,18-07-2021,227526
1212,Uttar Pradesh,Constituency_127,MP_Name_127,Work_13,XYZ Builders,10-04-2022,66411
1213,Delhi,Constituency_128,MP_Name_128,Work_14,ABC Constructions,04-05-2021,370503
1214,Maharashtra,Constituency_129,MP_Name_129,Work_15,ABC Constructions,21-12-2021,175625
1215,Delhi,Constituency_130,MP_Name_130,Work_16,Global Infra,06-03-2022,430096
1216,Uttar Pradesh,Constituency_131,MP_Name_131,Work_17,Rural Works Dept,04-03-2023,232542
1217,Gujarat,Constituency_132,MP_Name_132,Work_18,Rural Works Dept,28-02-2021,403811
1218,Uttar Pradesh,Constituency_133,MP_Name_133,Work_19,State PWD,04-09-2023,388952
1219,Tamil Nadu,Constituency_134,MP_Name_134,Work_20,State PWD,07-03-2022,100201
1220,Maharashtra,Constituency_135,MP_Name_135,Work_21,Rural Works Dept,03-01-2021,453850
1221,Uttar Pradesh,Constituency_136,MP_Name_136,Work_22,State PWD,18-02-2021,360814
1222,Tamil Nadu,Constituency_137,MP_Name_137,Work_23,Global Infra,25-12-2023,196776
1223,Tamil Nadu,Constituency_138,MP_Name_138,Work_24,ABC Constructions,15-03-2023,108228
1224,Gujarat,Constituency_139,MP_Name_139,Work_25,Global Infra,02-04-2023,170658
1225,Delhi,Constituency_140,MP_Name_140,Work_26,ABC Constructions,20-12-2022,58549
1226,Tamil Nadu,Constituency_141,MP_Name_141,Work_27,XYZ Builders,05-04-2023,147395
1227,Uttar Pradesh,Constituency_142,MP_Name_142,Work_28,ABC Constructions,22-07-2022,99459
1228,Tamil Nadu,Constituency_143,MP_Name_143,Work_29,Global Infra,03-09-2021,79171
1229,Karnataka,Constituency_144,MP_Name_144,Work_30,ABC Constructions,08-07-2022,78101
1230,Uttar Pradesh,Constituency_145,MP_Name_145,Work_31,XYZ Builders,30-12-2023,475879
1231,Karnataka,Constituency_146,MP_Name_146,Work_32,ABC Constructions,29-06-2021,83699
1232,Tamil Nadu,Constituency_147,MP_Name_147,Work_33,ABC Constructions,29-07-2023,331595
1233,Tamil Nadu,Constituency_148,MP_Name_148,Work_34,XYZ Builders,23-10-2021,452292
1234,Delhi,Constituency_149,MP_Name_149,Work_35,ABC Constructions,07-12-2023,306080
1235,Delhi,Constituency_150,MP_Name_150,Work_36,State PWD,15-05-2021,386880
1236,Tamil Nadu,Constituency_151,MP_Name_151,Work_37,State PWD,20-11-2021,202478
1237,Maharashtra,Constituency_152,MP_Name_152,Work_38,Global Infra,30-06-2022,77514
1238,Karnataka,Constituency_153,MP_Name_153,Work_39,Rural Works Dept,24-10-2023,93663
1239,Karnataka,Constituency_154,MP_Name_154,Work_40,ABC Constructions,28-08-2022,379668
1240,Tamil Nadu,Constituency_155,MP_Name_155,Work_41,XYZ Builders,11-01-2021,152188
1241,Tamil Nadu,Constituency_156,MP_Name_156,Work_42,Rural Works Dept,08-09-2022,454171
1242,Maharashtra,Constituency_157,MP_Name_157,Work_43,ABC Constructions,18-03-2023,406046
1243,Karnataka,Constituency_158,MP_Name_158,Work_44,ABC Constructions,22-10-2023,334525
1244,Tamil Nadu,Constituency_159,MP_Name_159,Work_45,XYZ Builders,05-06-2022,285250
1245,Gujarat,Constituency_160,MP_Name_160,Work_46,ABC Constructions,23-06-2021,423923
1246,Uttar Pradesh,Constituency_161,MP_Name_161,Work_47,State PWD,06-03-2021,413557
1247,Uttar Pradesh,Constituency_162,MP_Name_162,Work_48,XYZ Builders,24-06-2023,338613
1248,Maharashtra,Constituency_163,MP_Name_163,Work_49,ABC Constructions,29-06-2021,285411
1249,Gujarat,Constituency_164,MP_Name_164,Work_50,State PWD,25-12-2021,51222
1250,Delhi,Constituency_165,MP_Name_165,Work_51,Global Infra,13-02-2021,439287
1251,Tamil Nadu,Constituency_166,MP_Name_166,Work_52,Rural Works Dept,08-07-2021,325246
1252,Karnataka,Constituency_167,MP_Name_167,Work_53,Rural Works Dept,20-10-2023,300843
1253,Tamil Nadu,Constituency_168,MP_Name_168,Work_54,Global Infra,25-02-2023,447985
1254,Karnataka,Constituency_169,MP_Name_169,Work_55,State PWD,29-06-2021,212884
1255,Delhi,Constituency_170,MP_Name_170,Work_56,XYZ Builders,19-01-2023,216039
1256,Delhi,Constituency_171,MP_Name_171,Work_57,ABC Constructions,18-07-2023,476664
1257,Gujarat,Constituency_172,MP_Name_172,Work_58,Rural Works Dept,10-07-2023,203421
1258,Delhi,Constituency_173,MP_Name_173,Work_59,ABC Constructions,15-05-2021,72884
1259,Gujarat,Constituency_174,MP_Name_174,Work_60,Rural Works Dept,23-01-2022,80750
1260,Maharashtra,Constituency_175,MP_Name_175,Work_61,Rural Works Dept,03-08-2021,117317
1261,Delhi,Constituency_176,MP_Name_176,Work_62,Global Infra,26-01-2022,140225
1262,Karnataka,Constituency_177,MP_Name_177,Work_63,Rural Works Dept,17-04-2023,135398
1263,Maharashtra,Constituency_178,MP_Name_178,Work_64,Rural Works Dept,17-05-2021,438704
1264,Tamil Nadu,Constituency_179,MP_Name_179,Work_65,Rural Works Dept,12-05-2022,403282
1265,Tamil Nadu,Constituency_180,MP_Name_180,Work_66,XYZ Builders,27-11-2021,284202
1266,Maharashtra,Constituency_181,MP_Name_181,Work_67,Global Infra,22-10-2022,182298
1267,Maharashtra,Constituency_182,MP_Name_182,Work_68,XYZ Builders,15-08-2022,353839
1268,Delhi,Constituency_183,MP_Name_183,Work_69,Rural Works Dept,10-05-2023,214638
1269,Uttar Pradesh,Constituency_184,MP_Name_184,Work_70,Global Infra,17-03-2021,188379
1270,Delhi,Constituency_185,MP_Name_185,Work_71,Rural Works Dept,06-06-2022,57800
1271,Maharashtra,Constituency_186,MP_Name_186,Work_72,Global Infra,30-05-2023,352975
1272,Tamil Nadu,Constituency_187,MP_Name_187,Work_73,Global Infra,19-08-2021,223113
1273,Karnataka,Constituency_188,MP_Name_188,Work_74,State PWD,01-09-2023,419910
1274,Delhi,Constituency_189,MP_Name_189,Work_75,XYZ Builders,23-02-2023,306236
1275,Karnataka,Constituency_190,MP_Name_190,Work_76,XYZ Builders,17-06-2022,211575
1276,Gujarat,Constituency_191,MP_Name_191,Work_77,Rural Works Dept,05-04-2022,57981
1277,Maharashtra,Constituency_192,MP_Name_192,Work_78,ABC Constructions,02-04-2021,491466
1278,Tamil Nadu,Constituency_193,MP_Name_193,Work_79,State PWD,17-04-2021,113316
1279,Gujarat,Constituency_194,MP_Name_194,Work_80,XYZ Builders,22-07-2021,250137
1280,Delhi,Constituency_195,MP_Name_195,Work_81,Global Infra,19-12-2022,178232
1281,Tamil Nadu,Constituency_196,MP_Name_196,Work_82,XYZ Builders,19-05-2023,217662
1282,Karnataka,Constituency_197,MP_Name_197,Work_83,State PWD,02-02-2021,428591
1283,Tamil Nadu,Constituency_198,MP_Name_198,Work_84,Rural Works Dept,08-06-2022,90067
1284,Delhi,Constituency_199,MP_Name_199,Work_85,ABC Constructions,17-04-2022,92950
1285,Gujarat,Constituency_200,MP_Name_200,Work_86,Rural Works Dept,06-03-2023,447540
1286,Delhi,Constituency_201,MP_Name_201,Work_87,Rural Works Dept,08-12-2021,344468
1287,Maharashtra,Constituency_202,MP_Name_202,Work_88,ABC Constructions,19-10-2021,242570
1288,Tamil Nadu,Constituency_203,MP_Name_203,Work_89,Global Infra,11-12-2021,64607
1289,Delhi,Constituency_204,MP_Name_204,Work_90,Rural Works Dept,15-08-2023,380866
1290,Tamil Nadu,Constituency_205,MP_Name_205,Work_91,ABC Constructions,09-10-2022,314659
1291,Maharashtra,Constituency_206,MP_Name_206,Work_92,XYZ Builders,01-11-2021,460591
1292,Karnataka,Constituency_207,MP_Name_207,Work_93,Global Infra,22-12-2021,118113
1293,Delhi,Constituency_208,MP_Name_208,Work_94,XYZ Builders,22-07-2022,242008
1294,Karnataka,Constituency_209,MP_Name_209,Work_95,XYZ Builders,28-10-2022,492343
1295,Gujarat,Constituency_210,MP_Name_210,Work_96,Rural Works Dept,24-03-2021,166100
1296,Tamil Nadu,Constituency_211,MP_Name_211,Work_97,Rural Works Dept,24-12-2022,488763
1297,Delhi,Constituency_212,MP_Name_212,Work_98,XYZ Builders,15-05-2021,190376
1298,Karnataka,Constituency_213,MP_Name_213,Work_99,State PWD,24-05-2021,488141
1299,Gujarat,Constituency_214,MP_Name_214,Work_100,State PWD,17-01-2021,185879
1300,Maharashtra,Constituency_215,MP_Name_215,Work_101,Global Infra,02-02-2023,417322
1301,Karnataka,Constituency_216,MP_Name_216,Work_102,Global Infra,14-01-2021,353310
1302,Delhi,Constituency_217,MP_Name_217,Work_103,Rural Works Dept,16-02-2021,185465
1303,Karnataka,Constituency_218,MP_Name_218,Work_104,Rural Works Dept,21-03-2023,466804
1304,Karnataka,Constituency_219,MP_Name_219,Work_105,XYZ Builders,02-04-2021,64086
1305,Gujarat,Constituency_220,MP_Name_220,Work_106,Rural Works Dept,31-10-2023,283529
1306,Tamil Nadu,Constituency_221,MP_Name_221,Work_107,Global Infra,13-10-2021,138145
1307,Delhi,Constituency_222,MP_Name_222,Work_108,XYZ Builders,27-12-2022,268596
1308,Delhi,Constituency_223,MP_Name_223,Work_109,Global Infra,07-02-2022,77219
1309,Uttar Pradesh,Constituency_224,MP_Name_224,Work_110,XYZ Builders,06-08-2021,366042
1310,Maharashtra,Constituency_225,MP_Name_225,Work_111,ABC Constructions,12-05-2022,99162
1311,Tamil Nadu,Constituency_226,MP_Name_226,Work_112,Global Infra,22-06-2022,431025
1312,Maharashtra,Constituency_227,MP_Name_227,Work_113,ABC Constructions,09-04-2023,349007
1313,Maharashtra,Constituency_228,MP_Name_228,Work_114,Global Infra,03-03-2021,166474
1314,Gujarat,Constituency_229,MP_Name_229,Work_115,XYZ Builders,29-01-2023,213020
1315,Maharashtra,Constituency_230,MP_Name_230,Work_116,Rural Works Dept,17-06-2022,347203
1316,Delhi,Constituency_231,MP_Name_231,Work_117,State PWD,25-01-2023,156970
1317,Karnataka,Constituency_232,MP_Name_232,Work_118,ABC Constructions,30-06-2021,443242
1318,Gujarat,Constituency_233,MP_Name_233,Work_119,ABC Constructions,13-04-2021,307681
1319,Delhi,Constituency_234,MP_Name_234,Work_120,XYZ Builders,06-11-2023,231918
1320,Tamil Nadu,Constituency_235,MP_Name_235,Work_121,ABC Constructions,21-11-2022,418504
1321,Maharashtra,Constituency_236,MP_Name_236,Work_122,Global Infra,06-11-2021,160055
1322,Delhi,Constituency_237,MP_Name_237,Work_123,ABC Constructions,23-04-2021,163421
1323,Delhi,Constituency_238,MP_Name_238,Work_124,Global Infra,19-08-2022,439838
1324,Maharashtra,Constituency_239,MP_Name_239,Work_125,Rural Works Dept,21-02-2022,439451
1325,Karnataka,Constituency_240,MP_Name_240,Work_126,Rural Works Dept,18-03-2022,304080
1326,Uttar Pradesh,Constituency_241,MP_Name_241,Work_127,Rural Works Dept,18-04-2023,429389
1327,Gujarat,Constituency_242,MP_Name_242,Work_128,XYZ Builders,28-07-2021,379679
1328,Karnataka,Constituency_243,MP_Name_243,Work_129,Global Infra,20-03-2023,298987
1329,Delhi,Constituency_244,MP_Name_244,Work_130,State PWD,25-02-2021,207651
1330,Karnataka,Constituency_245,MP_Name_245,Work_131,Rural Works Dept,19-12-2021,425044
1331,Tamil Nadu,Constituency_246,MP_Name_246,Work_132,Rural Works Dept,08-06-2023,320644
1332,Uttar Pradesh,Constituency_247,MP_Name_247,Work_133,Global Infra,16-12-2022,369302
1333,Maharashtra,Constituency_248,MP_Name_248,Work_134,ABC Constructions,04-09-2022,126245
1334,Karnataka,Constituency_249,MP_Name_249,Work_135,State PWD,29-06-2021,116075
1335,Gujarat,Constituency_250,MP_Name_250,Work_136,ABC Constructions,28-02-2021,393952
1336,Tamil Nadu,Constituency_251,MP_Name_251,Work_137,XYZ Builders,04-01-2021,317666
1337,Delhi,Constituency_252,MP_Name_252,Work_138,Global Infra,08-09-2022,445106
1338,Delhi,Constituency_253,MP_Name_253,Work_139,Rural Works Dept,20-04-2023,137534
1339,Uttar Pradesh,Constituency_254,MP_Name_254,Work_140,State PWD,07-02-2023,97556
1340,Karnataka,Constituency_255,MP_Name_255,Work_141,ABC Constructions,13-01-2022,446912
1341,Karnataka,Constituency_256,MP_Name_256,Work_142,Global Infra,20-02-2021,347387
1342,Uttar Pradesh,Constituency_257,MP_Name_257,Work_143,Global Infra,28-04-2022,176855
1343,Uttar Pradesh,Constituency_258,MP_Name_258,Work_144,Global Infra,24-03-2021,399950
1344,Gujarat,Constituency_259,MP_Name_259,Work_145,State PWD,29-11-2023,108061
1345,Delhi,Constituency_260,MP_Name_260,Work_146,State PWD,14-10-2023,401795
1346,Uttar Pradesh,Constituency_261,MP_Name_261,Work_147,Rural Works Dept,04-11-2023,334710
1347,Uttar Pradesh,Constituency_262,MP_Name_262,Work_148,XYZ Builders,16-06-2021,148661
1348,Delhi,Constituency_263,MP_Name_263,Work_149,Rural Works Dept,11-07-2023,298190
1349,Tamil Nadu,Constituency_264,MP_Name_264,Work_150,Rural Works Dept,28-12-2021,100034
1350,Gujarat,Constituency_265,MP_Name_265,Work_151,Rural Works Dept,22-03-2022,159758
1351,Uttar Pradesh,Constituency_266,MP_Name_266,Work_152,ABC Constructions,19-10-2021,293577
1352,Gujarat,Constituency_267,MP_Name_267,Work_153,XYZ Builders,10-01-2023,434655
1353,Tamil Nadu,Constituency_268,MP_Name_268,Work_154,XYZ Builders,15-01-2021,376314
1354,Karnataka,Constituency_269,MP_Name_269,Work_155,Rural Works Dept,20-12-2021,498749
1355,Uttar Pradesh,Constituency_270,MP_Name_270,Work_156,Global Infra,13-01-2022,85212
1356,Delhi,Constituency_271,MP_Name_271,Work_157,State PWD,07-11-2022,86335
1357,Tamil Nadu,Constituency_272,MP_Name_272,Work_158,ABC Constructions,03-03-2023,93045
1358,Tamil Nadu,Constituency_273,MP_Name_273,Work_159,ABC Constructions,16-01-2021,148620
1359,Karnataka,Constituency_274,MP_Name_274,Work_160,ABC Constructions,19-01-2021,475017
1360,Delhi,Constituency_275,MP_Name_275,Work_161,State PWD,05-09-2022,129011
1361,Tamil Nadu,Constituency_276,MP_Name_276,Work_162,ABC Constructions,27-11-2022,135260
1362,Delhi,Constituency_277,MP_Name_277,Work_163,ABC Constructions,02-01-2021,229962
1363,Gujarat,Constituency_278,MP_Name_278,Work_164,State PWD,16-04-2021,333937
1364,Tamil Nadu,Constituency_279,MP_Name_279,Work_165,Rural Works Dept,20-08-2023,151173
1365,Tamil Nadu,Constituency_280,MP_Name_280,Work_166,XYZ Builders,04-04-2023,113310
1366,Maharashtra,Constituency_281,MP_Name_281,Work_167,XYZ Builders,04-07-2022,66056
1367,Tamil Nadu,Constituency_282,MP_Name_282,Work_168,ABC Constructions,07-06-2023,104005
1368,Maharashtra,Constituency_283,MP_Name_283,Work_169,State PWD,07-05-2023,237981
1369,Tamil Nadu,Constituency_284,MP_Name_284,Work_170,Global Infra,04-04-2023,462851
1370,Delhi,Constituency_285,MP_Name_285,Work_171,XYZ Builders,05-10-2023,77106
1371,Maharashtra,Constituency_286,MP_Name_286,Work_172,Global Infra,23-04-2021,369554
1372,Tamil Nadu,Constituency_287,MP_Name_287,Work_173,ABC Constructions,30-09-2023,249796
1373,Gujarat,Constituency_288,MP_Name_288,Work_174,ABC Constructions,07-05-2021,156461
1374,Delhi,Constituency_289,MP_Name_289,Work_175,Global Infra,06-08-2023,200536
1375,Maharashtra,Constituency_290,MP_Name_290,Work_176,Rural Works Dept,20-06-2021,327238
1376,Gujarat,Constituency_291,MP_Name_291,Work_177,Global Infra,13-07-2023,383062
1377,Tamil Nadu,Constituency_292,MP_Name_292,Work_178,Rural Works Dept,22-01-2021,266118
1378,Karnataka,Constituency_293,MP_Name_293,Work_179,State PWD,03-09-2021,351934
1379,Delhi,Constituency_294,MP_Name_294,Work_180,Rural Works Dept,11-09-2021,90582
1380,Tamil Nadu,Constituency_295,MP_Name_295,Work_181,Rural Works Dept,22-04-2023,289488
1381,Maharashtra,Constituency_296,MP_Name_296,Work_182,Global Infra,07-05-2021,52628
1382,Maharashtra,Constituency_297,MP_Name_297,Work_183,XYZ Builders,04-12-2023,326351
1383,Karnataka,Constituency_298,MP_Name_298,Work_184,Global Infra,18-11-2023,452920
1384,Gujarat,Constituency_299,MP_Name_299,Work_185,Global Infra,19-11-2022,200924
1385,Maharashtra,Constituency_300,MP_Name_300,Work_186,Global Infra,20-09-2023,291214
1386,Uttar Pradesh,Constituency_301,MP_Name_301,Work_187,Rural Works Dept,25-01-2021,194606
1387,Gujarat,Constituency_302,MP_Name_302,Work_188,XYZ Builders,08-04-2023,128756
1388,Uttar Pradesh,Constituency_303,MP_Name_303,Work_189,State PWD,09-01-2023,69119
1389,Delhi,Constituency_304,MP_Name_304,Work_190,ABC Constructions,11-04-2021,128457
1390,Karnataka,Constituency_305,MP_Name_305,Work_191,XYZ Builders,17-04-2023,157762
1391,Karnataka,Constituency_306,MP_Name_306,Work_192,Global Infra,29-06-2021,334831
1392,Uttar Pradesh,Constituency_307,MP_Name_307,Work_193,Global Infra,17-12-2023,87666
1393,Tamil Nadu,Constituency_308,MP_Name_308,Work_194,Rural Works Dept,15-02-2021,243758
1394,Karnataka,Constituency_309,MP_Name_309,Work_195,Global Infra,29-04-2023,271923
1395,Tamil Nadu,Constituency_310,MP_Name_310,Work_196,ABC Constructions,12-05-2021,155838
1396,Karnataka,Constituency_311,MP_Name_311,Work_197,Global Infra,09-01-2022,172278
1397,Uttar Pradesh,Constituency_312,MP_Name_312,Work_198,ABC Constructions,19-01-2023,472160
1398,Gujarat,Constituency_313,MP_Name_313,Work_199,Rural Works Dept,12-10-2021,272949
1399,Gujarat,Constituency_314,MP_Name_314,Work_200,XYZ Builders,16-06-2022,422368
1400,Karnataka,Constituency_315,MP_Name_315,Work_1,State PWD,16-04-2023,133744
1401,Uttar Pradesh,Constituency_316,MP_Name_316,Work_2,Global Infra,01-01-2023,489268
1402,Tamil Nadu,Constituency_317,MP_Name_317,Work_3,State PWD,04-08-2023,111341
1403,Delhi,Constituency_318,MP_Name_318,Work_4,Global Infra,11-03-2022,399732
1404,Uttar Pradesh,Constituency_319,MP_Name_319,Work_5,State PWD,09-01-2021,400581
1405,Maharashtra,Constituency_320,MP_Name_320,Work_6,State PWD,28-02-2023,162016
1406,Gujarat,Constituency_321,MP_Name_321,Work_7,Rural Works Dept,20-01-2022,315290
1407,Delhi,Constituency_322,MP_Name_322,Work_8,XYZ Builders,28-12-2021,429512
1408,Gujarat,Constituency_323,MP_Name_323,Work_9,State PWD,18-05-2023,88454
1409,Maharashtra,Constituency_324,MP_Name_324,Work_10,State PWD,04-02-2022,98779
1410,Uttar Pradesh,Constituency_325,MP_Name_325,Work_11,Global Infra,10-06-2023,148099
1411,Tamil Nadu,Constituency_326,MP_Name_326,Work_12,Rural Works Dept,01-06-2023,198554
1412,Gujarat,Constituency_327,MP_Name_327,Work_13,Global Infra,02-09-2023,415363
1413,Delhi,Constituency_328,MP_Name_328,Work_14,Global Infra,18-01-2023,365179
1414,Gujarat,Constituency_329,MP_Name_329,Work_15,State PWD,31-08-2022,429505
1415,Maharashtra,Constituency_330,MP_Name_330,Work_16,XYZ Builders,25-03-2022,440739
1416,Karnataka,Constituency_331,MP_Name_331,Work_17,ABC Constructions,27-06-2021,288533
1417,Gujarat,Constituency_332,MP_Name_332,Work_18,XYZ Builders,01-01-2021,214109
1418,Tamil Nadu,Constituency_333,MP_Name_333,Work_19,XYZ Builders,08-10-2023,402644
1419,Tamil Nadu,Constituency_334,MP_Name_334,Work_20,State PWD,05-12-2021,359561
1420,Tamil Nadu,Constituency_335,MP_Name_335,Work_21,Global Infra,26-03-2023,443393
1421,Gujarat,Constituency_336,MP_Name_336,Work_22,ABC Constructions,05-10-2023,365141
1422,Karnataka,Constituency_337,MP_Name_337,Work_23,Rural Works Dept,18-04-2023,434957
1423,Tamil Nadu,Constituency_338,MP_Name_338,Work_24,XYZ Builders,03-02-2021,55147
1424,Maharashtra,Constituency_339,MP_Name_339,Work_25,State PWD,04-04-2021,206452
1425,Gujarat,Constituency_340,MP_Name_340,Work_26,ABC Constructions,11-07-2022,357776
1426,Karnataka,Constituency_341,MP_Name_341,Work_27,ABC Constructions,19-08-2021,62563
1427,Delhi,Constituency_342,MP_Name_342,Work_28,XYZ Builders,22-02-2021,77034
1428,Tamil Nadu,Constituency_343,MP_Name_343,Work_29,Global Infra,02-06-2023,491991
1429,Uttar Pradesh,Constituency_344,MP_Name_344,Work_30,Global Infra,31-05-2023,235005
1430,Tamil Nadu,Constituency_345,MP_Name_345,Work_31,XYZ Builders,02-05-2022,263911
1431,Uttar Pradesh,Constituency_346,MP_Name_346,Work_32,ABC Constructions,28-05-2023,444046
1432,Tamil Nadu,Constituency_347,MP_Name_347,Work_33,ABC Constructions,08-08-2022,264722
1433,Karnataka,Constituency_348,MP_Name_348,Work_34,Rural Works Dept,11-06-2023,483826
1434,Gujarat,Constituency_349,MP_Name_349,Work_35,State PWD,16-03-2023,140203
1435,Gujarat,Constituency_350,MP_Name_350,Work_36,State PWD,01-06-2023,118539
1436,Karnataka,Constituency_351,MP_Name_351,Work_37,State PWD,22-09-2023,444485
1437,Maharashtra,Constituency_352,MP_Name_352,Work_38,Global Infra,16-03-2022,361661
1438,Gujarat,Constituency_353,MP_Name_353,Work_39,Rural Works Dept,20-07-2023,382937
1439,Karnataka,Constituency_354,MP_Name_354,Work_40,ABC Constructions,28-07-2022,295897
1440,Uttar Pradesh,Constituency_355,MP_Name_355,Work_41,State PWD,08-09-2022,181622
1441,Delhi,Constituency_356,MP_Name_356,Work_42,Rural Works Dept,24-07-2023,270866
1442,Uttar Pradesh,Constituency_357,MP_Name_357,Work_43,ABC Constructions,28-08-2023,130580
1443,Tamil Nadu,Constituency_358,MP_Name_358,Work_44,XYZ Builders,16-02-2021,429791
1444,Delhi,Constituency_359,MP_Name_359,Work_45,XYZ Builders,17-05-2021,124809
1445,Gujarat,Constituency_360,MP_Name_360,Work_46,ABC Constructions,08-06-2022,208896
1446,Karnataka,Constituency_361,MP_Name_361,Work_47,ABC Constructions,16-07-2022,446175
1447,Delhi,Constituency_362,MP_Name_362,Work_48,XYZ Builders,04-06-2021,291960
1448,Delhi,Constituency_363,MP_Name_363,Work_49,Rural Works Dept,20-03-2023,367258
1449,Maharashtra,Constituency_364,MP_Name_364,Work_50,Rural Works Dept,31-05-2022,252678
1450,Maharashtra,Constituency_365,MP_Name_365,Work_51,Rural Works Dept,02-02-2021,183655
1451,Delhi,Constituency_366,MP_Name_366,Work_52,XYZ Builders,22-01-2021,496246
1452,Delhi,Constituency_367,MP_Name_367,Work_53,Rural Works Dept,13-05-2022,407284
1453,Uttar Pradesh,Constituency_368,MP_Name_368,Work_54,ABC Constructions,13-07-2022,294968
1454,Uttar Pradesh,Constituency_369,MP_Name_369,Work_55,State PWD,13-06-2021,152106
1455,Tamil Nadu,Constituency_370,MP_Name_370,Work_56,State PWD,27-11-2021,460712
1456,Gujarat,Constituency_371,MP_Name_371,Work_57,Rural Works Dept,03-02-2023,75056
1457,Delhi,Constituency_372,MP_Name_372,Work_58,State PWD,10-07-2022,391123
1458,Maharashtra,Constituency_373,MP_Name_373,Work_59,ABC Constructions,27-07-2021,236374
1459,Uttar Pradesh,Constituency_374,MP_Name_374,Work_60,Global Infra,24-03-2023,407024
1460,Gujarat,Constituency_375,MP_Name_375,Work_61,XYZ Builders,18-05-2023,255254
1461,Maharashtra,Constituency_376,MP_Name_376,Work_62,State PWD,27-11-2022,274901
1462,Delhi,Constituency_377,MP_Name_377,Work_63,State PWD,28-05-2023,121870
1463,Delhi,Constituency_378,MP_Name_378,Work_64,XYZ Builders,15-10-2022,351035
1464,Karnataka,Constituency_379,MP_Name_379,Work_65,XYZ Builders,24-09-2022,68479
1465,Gujarat,Constituency_380,MP_Name_380,Work_66,Rural Works Dept,03-10-2023,178599
1466,Uttar Pradesh,Constituency_381,MP_Name_381,Work_67,XYZ Builders,08-05-2022,278186
1467,Delhi,Constituency_382,MP_Name_382,Work_68,XYZ Builders,22-05-2023,264276
1468,Uttar Pradesh,Constituency_383,MP_Name_383,Work_69,XYZ Builders,26-10-2022,220046
1469,Gujarat,Constituency_384,MP_Name_384,Work_70,Global Infra,09-09-2023,321577
1470,Uttar Pradesh,Constituency_385,MP_Name_385,Work_71,XYZ Builders,13-02-2021,472791
1471,Karnataka,Constituency_386,MP_Name_386,Work_72,XYZ Builders,10-06-2021,368324
1472,Karnataka,Constituency_387,MP_Name_387,Work_73,Global Infra,27-05-2022,432631
1473,Maharashtra,Constituency_388,MP_Name_388,Work_74,XYZ Builders,17-10-2022,407153
1474,Tamil Nadu,Constituency_389,MP_Name_389,Work_75,Rural Works Dept,12-07-2022,384081
1475,Gujarat,Constituency_390,MP_Name_390,Work_76,Rural Works Dept,04-08-2022,277111
1476,Tamil Nadu,Constituency_391,MP_Name_391,Work_77,State PWD,08-10-2022,354305
1477,Gujarat,Constituency_392,MP_Name_392,Work_78,Global Infra,23-10-2021,94582
1478,Karnataka,Constituency_393,MP_Name_393,Work_79,Rural Works Dept,19-09-2022,454658
1479,Tamil Nadu,Constituency_394,MP_Name_394,Work_80,ABC Constructions,10-01-2022,236433
1480,Uttar Pradesh,Constituency_395,MP_Name_395,Work_81,State PWD,15-01-2023,379071
1481,Uttar Pradesh,Constituency_396,MP_Name_396,Work_82,Rural Works Dept,13-12-2023,416546
1482,Maharashtra,Constituency_397,MP_Name_397,Work_83,XYZ Builders,15-07-2022,267016
1483,Karnataka,Constituency_398,MP_Name_398,Work_84,Global Infra,15-06-2022,290392
1484,Gujarat,Constituency_399,MP_Name_399,Work_85,Rural Works Dept,24-10-2023,315282
1485,Maharashtra,Constituency_400,MP_Name_400,Work_86,Global Infra,02-06-2022,137711
1486,Maharashtra,Constituency_401,MP_Name_401,Work_87,Global Infra,09-10-2022,203614
1487,Delhi,Constituency_402,MP_Name_402,Work_88,Global Infra,17-01-2021,434000
1488,Tamil Nadu,Constituency_403,MP_Name_403,Work_89,XYZ Builders,30-10-2021,208028
1489,Tamil Nadu,Constituency_404,MP_Name_404,Work_90,XYZ Builders,09-08-2022,180821
1490,Delhi,Constituency_405,MP_Name_405,Work_91,ABC Constructions,01-12-2023,122491
1491,Gujarat,Constituency_406,MP_Name_406,Work_92,Global Infra,09-09-2021,476837
1492,Uttar Pradesh,Constituency_407,MP_Name_407,Work_93,ABC Constructions,07-02-2021,303344
1493,Karnataka,Constituency_408,MP_Name_408,Work_94,Rural Works Dept,01-09-2022,234135
1494,Maharashtra,Constituency_409,MP_Name_409,Work_95,Global Infra,28-06-2021,366660
1495,Karnataka,Constituency_410,MP_Name_410,Work_96,XYZ Builders,11-01-2022,420141
1496,Delhi,Constituency_411,MP_Name_411,Work_97,Rural Works Dept,20-11-2022,148835
1497,Gujarat,Constituency_412,MP_Name_412,Work_98,State PWD,10-02-2022,118015
1498,Maharashtra,Constituency_413,MP_Name_413,Work_99,Rural Works Dept,24-07-2022,106597
1499,Maharashtra,Constituency_414,MP_Name_414,Work_100,XYZ Builders,20-04-2022,133795
1500,Gujarat,Constituency_415,MP_Name_415,Work_101,ABC Constructions,19-09-2021,130813
1501,Delhi,Constituency_416,MP_Name_416,Work_102,Global Infra,18-01-2021,450096
1502,Tamil Nadu,Constituency_417,MP_Name_417,Work_103,Global Infra,09-01-2023,93030
1503,Gujarat,Constituency_418,MP_Name_418,Work_104,Global Infra,06-01-2021,121731
1504,Gujarat,Constituency_419,MP_Name_419,Work_105,State PWD,04-06-2022,229179
1505,Uttar Pradesh,Constituency_420,MP_Name_420,Work_106,State PWD,25-11-2022,67717
1506,Delhi,Constituency_421,MP_Name_421,Work_107,ABC Constructions,16-06-2023,244137
1507,Gujarat,Constituency_422,MP_Name_422,Work_108,XYZ Builders,02-11-2022,422449
1508,Gujarat,Constituency_423,MP_Name_423,Work_109,Rural Works Dept,28-07-2022,391188
1509,Gujarat,Constituency_424,MP_Name_424,Work_110,Global Infra,27-01-2021,400045
1510,Tamil Nadu,Constituency_425,MP_Name_425,Work_111,XYZ Builders,30-04-2023,379367
1511,Delhi,Constituency_426,MP_Name_426,Work_112,Global Infra,21-05-2023,115528
1512,Delhi,Constituency_427,MP_Name_427,Work_113,Rural Works Dept,20-10-2021,441977
1513,Delhi,Constituency_428,MP_Name_428,Work_114,Global Infra,31-03-2023,370125
1514,Tamil Nadu,Constituency_429,MP_Name_429,Work_115,ABC Constructions,16-12-2022,315175
1515,Tamil Nadu,Constituency_430,MP_Name_430,Work_116,Global Infra,16-10-2021,421513
1516,Delhi,Constituency_431,MP_Name_431,Work_117,Rural Works Dept,27-01-2021,158342
1517,Maharashtra,Constituency_432,MP_Name_432,Work_118,XYZ Builders,18-03-2022,314169
1518,Uttar Pradesh,Constituency_433,MP_Name_433,Work_119,ABC Constructions,26-03-2022,275335
1519,Uttar Pradesh,Constituency_434,MP_Name_434,Work_120,ABC Constructions,05-05-2023,148653
1520,Tamil Nadu,Constituency_435,MP_Name_435,Work_121,Rural Works Dept,08-04-2022,319120
1521,Uttar Pradesh,Constituency_436,MP_Name_436,Work_122,Global Infra,10-05-2023,325300
1522,Maharashtra,Constituency_437,MP_Name_437,Work_123,ABC Constructions,24-08-2023,465341
1523,Delhi,Constituency_438,MP_Name_438,Work_124,Rural Works Dept,06-09-2021,70828
1524,Uttar Pradesh,Constituency_439,MP_Name_439,Work_125,State PWD,20-04-2021,272729
1525,Gujarat,Constituency_440,MP_Name_440,Work_126,ABC Constructions,17-12-2023,228011
1526,Gujarat,Constituency_441,MP_Name_441,Work_127,XYZ Builders,16-06-2021,281199
1527,Maharashtra,Constituency_442,MP_Name_442,Work_128,Global Infra,09-02-2021,322489
1528,Gujarat,Constituency_443,MP_Name_443,Work_129,XYZ Builders,26-04-2022,297236
1529,Karnataka,Constituency_444,MP_Name_444,Work_130,State PWD,08-11-2023,463156
1530,Maharashtra,Constituency_445,MP_Name_445,Work_131,XYZ Builders,28-10-2023,413899
1531,Karnataka,Constituency_446,MP_Name_446,Work_132,Rural Works Dept,07-09-2021,366321
1532,Karnataka,Constituency_447,MP_Name_447,Work_133,State PWD,28-09-2021,136959
1533,Delhi,Constituency_448,MP_Name_448,Work_134,XYZ Builders,25-12-2023,130219
1534,Tamil Nadu,Constituency_449,MP_Name_449,Work_135,State PWD,11-01-2021,276209
1535,Uttar Pradesh,Constituency_450,MP_Name_450,Work_136,Rural Works Dept,30-08-2022,461618
1536,Uttar Pradesh,Constituency_451,MP_Name_451,Work_137,XYZ Builders,09-06-2021,126776
1537,Uttar Pradesh,Constituency_452,MP_Name_452,Work_138,XYZ Builders,28-12-2022,435334
1538,Delhi,Constituency_453,MP_Name_453,Work_139,Global Infra,04-10-2023,291953
1539,Tamil Nadu,Constituency_454,MP_Name_454,Work_140,Rural Works Dept,02-12-2021,285326
1540,Delhi,Constituency_455,MP_Name_455,Work_141,ABC Constructions,21-05-2021,223956
1541,Uttar Pradesh,Constituency_456,MP_Name_456,Work_142,ABC Constructions,04-05-2023,453459
1542,Tamil Nadu,Constituency_457,MP_Name_457,Work_143,State PWD,05-01-2022,286310
1543,Karnataka,Constituency_458,MP_Name_458,Work_144,XYZ Builders,20-05-2022,105226
1544,Uttar Pradesh,Constituency_459,MP_Name_459,Work_145,Rural Works Dept,22-01-2021,178035
1545,Gujarat,Constituency_460,MP_Name_460,Work_146,Rural Works Dept,10-03-2022,357478
1546,Uttar Pradesh,Constituency_461,MP_Name_461,Work_147,State PWD,20-08-2022,283203
1547,Uttar Pradesh,Constituency_462,MP_Name_462,Work_148,ABC Constructions,30-01-2021,162108
1548,Delhi,Constituency_463,MP_Name_463,Work_149,Rural Works Dept,10-11-2022,52357
1549,Maharashtra,Constituency_464,MP_Name_464,Work_150,ABC Constructions,19-11-2022,126742
1550,Karnataka,Constituency_465,MP_Name_465,Work_151,ABC Constructions,07-06-2023,298300
1551,Gujarat,Constituency_466,MP_Name_466,Work_152,State PWD,25-09-2022,231349
1552,Maharashtra,Constituency_467,MP_Name_467,Work_153,Rural Works Dept,26-10-2023,156902
1553,Uttar Pradesh,Constituency_468,MP_Name_468,Work_154,ABC Constructions,19-04-2021,89513
1554,Maharashtra,Constituency_469,MP_Name_469,Work_155,ABC Constructions,21-12-2021,251894
1555,Gujarat,Constituency_470,MP_Name_470,Work_156,Rural Works Dept,09-06-2021,271302
1556,Maharashtra,Constituency_471,MP_Name_471,Work_157,Global Infra,12-02-2023,68685
1557,Karnataka,Constituency_472,MP_Name_472,Work_158,State PWD,22-11-2021,80641
1558,Gujarat,Constituency_473,MP_Name_473,Work_159,Rural Works Dept,10-08-2023,308126
1559,Karnataka,Constituency_474,MP_Name_474,Work_160,Global Infra,27-02-2021,129000
1560,Uttar Pradesh,Constituency_475,MP_Name_475,Work_161,Global Infra,28-11-2023,373328
1561,Maharashtra,Constituency_476,MP_Name_476,Work_162,XYZ Builders,24-08-2023,110444
1562,Gujarat,Constituency_477,MP_Name_477,Work_163,Rural Works Dept,28-10-2022,373249
1563,Maharashtra,Constituency_478,MP_Name_478,Work_164,Rural Works Dept,27-06-2021,313152
1564,Maharashtra,Constituency_479,MP_Name_479,Work_165,ABC Constructions,05-10-2021,399487
1565,Delhi,Constituency_480,MP_Name_480,Work_166,Global Infra,26-03-2021,365870
1566,Karnataka,Constituency_481,MP_Name_481,Work_167,Rural Works Dept,02-12-2021,180082
1567,Uttar Pradesh,Constituency_482,MP_Name_482,Work_168,ABC Constructions,25-08-2022,475143
1568,Maharashtra,Constituency_483,MP_Name_483,Work_169,Global Infra,01-05-2023,135733
1569,Karnataka,Constituency_484,MP_Name_484,Work_170,XYZ Builders,03-07-2023,133188
1570,Delhi,Constituency_485,MP_Name_485,Work_171,Rural Works Dept,16-09-2021,233364
1571,Tamil Nadu,Constituency_486,MP_Name_486,Work_172,Rural Works Dept,07-11-2022,320024
1572,Delhi,Constituency_487,MP_Name_487,Work_173,Rural Works Dept,31-01-2022,382375
1573,Uttar Pradesh,Constituency_488,MP_Name_488,Work_174,Rural Works Dept,13-02-2022,125495
1574,Karnataka,Constituency_489,MP_Name_489,Work_175,Global Infra,25-07-2021,330474
1575,Karnataka,Constituency_490,MP_Name_490,Work_176,XYZ Builders,17-09-2021,338280
1576,Gujarat,Constituency_491,MP_Name_491,Work_177,XYZ Builders,05-09-2023,431009
1577,Uttar Pradesh,Constituency_492,MP_Name_492,Work_178,XYZ Builders,22-02-2022,376531
1578,Karnataka,Constituency_493,MP_Name_493,Work_179,Rural Works Dept,12-02-2021,152531
1579,Maharashtra,Constituency_494,MP_Name_494,Work_180,Rural Works Dept,29-07-2022,379730
1580,Delhi,Constituency_495,MP_Name_495,Work_181,XYZ Builders,09-04-2021,439891
1581,Maharashtra,Constituency_496,MP_Name_496,Work_182,ABC Constructions,17-03-2022,478365
1582,Gujarat,Constituency_497,MP_Name_497,Work_183,State PWD,02-10-2023,238628
1583,Maharashtra,Constituency_498,MP_Name_498,Work_184,XYZ Builders,09-03-2022,394775
1584,Gujarat,Constituency_499,MP_Name_499,Work_185,XYZ Builders,18-10-2022,222213
1585,Uttar Pradesh,Constituency_500,MP_Name_500,Work_186,State PWD,07-07-2023,465290
1586,Maharashtra,Constituency_501,MP_Name_501,Work_187,ABC Constructions,14-12-2021,376734
1587,Uttar Pradesh,Constituency_502,MP_Name_502,Work_188,Rural Works Dept,30-05-2022,146401
1588,Gujarat,Constituency_503,MP_Name_503,Work_189,State PWD,13-08-2022,147787
1589,Maharashtra,Constituency_504,MP_Name_504,Work_190,Global Infra,15-01-2023,128001
1590,Uttar Pradesh,Constituency_505,MP_Name_505,Work_191,Global Infra,22-08-2022,370539
1591,Uttar Pradesh,Constituency_506,MP_Name_506,Work_192,State PWD,25-04-2023,258143
1592,Gujarat,Constituency_507,MP_Name_507,Work_193,State PWD,14-03-2021,251366
1593,Tamil Nadu,Constituency_508,MP_Name_508,Work_194,XYZ Builders,03-03-2021,400702
1594,Karnataka,Constituency_509,MP_Name_509,Work_195,Global Infra,28-08-2021,345806
1595,Tamil Nadu,Constituency_510,MP_Name_510,Work_196,XYZ Builders,27-01-2022,448860
1596,Maharashtra,Constituency_511,MP_Name_511,Work_197,State PWD,07-02-2021,388771
1597,Maharashtra,Constituency_512,MP_Name_512,Work_198,State PWD,20-02-2021,367030
1598,Karnataka,Constituency_513,MP_Name_513,Work_199,Rural Works Dept,07-08-2023,479747
1599,Karnataka,Constituency_514,MP_Name_514,Work_200,ABC Constructions,03-09-2022,458585
1600,Uttar Pradesh,Constituency_515,MP_Name_515,Work_1,ABC Constructions,29-11-2022,477299
1601,Delhi,Constituency_516,MP_Name_516,Work_2,Global Infra,23-10-2021,119049
1602,Gujarat,Constituency_517,MP_Name_517,Work_3,ABC Constructions,10-10-2022,233988
1603,Karnataka,Constituency_518,MP_Name_518,Work_4,State PWD,03-01-2023,380846
1604,Delhi,Constituency_519,MP_Name_519,Work_5,Global Infra,12-11-2021,399039
1605,Delhi,Constituency_520,MP_Name_520,Work_6,Global Infra,03-03-2023,461853
1606,Uttar Pradesh,Constituency_521,MP_Name_521,Work_7,XYZ Builders,05-01-2022,203651
1607,Maharashtra,Constituency_522,MP_Name_522,Work_8,ABC Constructions,04-07-2022,67885
1608,Delhi,Constituency_523,MP_Name_523,Work_9,State PWD,01-10-2022,159559
1609,Gujarat,Constituency_524,MP_Name_524,Work_10,ABC Constructions,21-04-2023,112774
1610,Gujarat,Constituency_525,MP_Name_525,Work_11,Global Infra,02-03-2022,470833
1611,Gujarat,Constituency_526,MP_Name_526,Work_12,Rural Works Dept,26-12-2022,162266
1612,Delhi,Constituency_527,MP_Name_527,Work_13,XYZ Builders,26-01-2021,474010
1613,Uttar Pradesh,Constituency_528,MP_Name_528,Work_14,Rural Works Dept,16-07-2023,105617
1614,Maharashtra,Constituency_529,MP_Name_529,Work_15,State PWD,21-04-2023,212657
1615,Gujarat,Constituency_530,MP_Name_530,Work_16,Global Infra,16-07-2021,97623
1616,Maharashtra,Constituency_531,MP_Name_531,Work_17,Rural Works Dept,17-09-2022,192932
1617,Maharashtra,Constituency_532,MP_Name_532,Work_18,Rural Works Dept,14-07-2023,99971
1618,Maharashtra,Constituency_533,MP_Name_533,Work_19,Rural Works Dept,25-02-2023,359144
1619,Delhi,Constituency_534,MP_Name_534,Work_20,Global Infra,21-03-2021,221822
1620,Maharashtra,Constituency_535,MP_Name_535,Work_21,XYZ Builders,03-08-2023,260584
1621,Tamil Nadu,Constituency_536,MP_Name_536,Work_22,Global Infra,29-09-2021,217584
1622,Karnataka,Constituency_537,MP_Name_537,Work_23,State PWD,18-12-2021,347363
1623,Delhi,Constituency_538,MP_Name_538,Work_24,Rural Works Dept,21-11-2022,280998
1624,Uttar Pradesh,Constituency_539,MP_Name_539,Work_25,Global Infra,14-04-2023,98202
1625,Karnataka,Constituency_540,MP_Name_540,Work_26,State PWD,06-04-2023,479259
1626,Maharashtra,Constituency_541,MP_Name_541,Work_27,State PWD,12-05-2021,239969
1627,Uttar Pradesh,Constituency_542,MP_Name_542,Work_28,XYZ Builders,07-10-2022,461917
1628,Gujarat,Constituency_543,MP_Name_543,Work_29,Global Infra,29-03-2022,331091
1629,Karnataka,Constituency_1,MP_Name_1,Work_30,Global Infra,07-12-2023,108600
1630,Uttar Pradesh,Constituency_2,MP_Name_2,Work_31,State PWD,19-09-2021,328065
1631,Tamil Nadu,Constituency_3,MP_Name_3,Work_32,ABC Constructions,26-07-2022,241935
1632,Tamil Nadu,Constituency_4,MP_Name_4,Work_33,ABC Constructions,08-02-2023,275179
1633,Delhi,Constituency_5,MP_Name_5,Work_34,Global Infra,12-11-2022,414805
1634,Tamil Nadu,Constituency_6,MP_Name_6,Work_35,XYZ Builders,07-04-2021,165130
1635,Karnataka,Constituency_7,MP_Name_7,Work_36,XYZ Builders,31-01-2022,113844
1636,Gujarat,Constituency_8,MP_Name_8,Work_37,Global Infra,23-03-2021,422093
1637,Karnataka,Constituency_9,MP_Name_9,Work_38,XYZ Builders,12-03-2022,237000
1638,Uttar Pradesh,Constituency_10,MP_Name_10,Work_39,Rural Works Dept,07-08-2021,415099
1639,Karnataka,Constituency_11,MP_Name_11,Work_40,Rural Works Dept,17-04-2022,82517
1640,Maharashtra,Constituency_12,MP_Name_12,Work_41,ABC Constructions,23-09-2021,377436
1641,Delhi,Constituency_13,MP_Name_13,Work_42,XYZ Builders,05-12-2021,424013
1642,Maharashtra,Constituency_14,MP_Name_14,Work_43,XYZ Builders,28-05-2021,318507
1643,Gujarat,Constituency_15,MP_Name_15,Work_44,ABC Constructions,14-12-2021,350909
1644,Gujarat,Constituency_16,MP_Name_16,Work_45,State PWD,19-03-2023,408903
1645,Karnataka,Constituency_17,MP_Name_17,Work_46,ABC Constructions,19-01-2023,71124
1646,Karnataka,Constituency_18,MP_Name_18,Work_47,XYZ Builders,12-04-2023,389701
1647,Uttar Pradesh,Constituency_19,MP_Name_19,Work_48,ABC Constructions,13-07-2023,92216
1648,Tamil Nadu,Constituency_20,MP_Name_20,Work_49,XYZ Builders,24-06-2022,173745
1649,Maharashtra,Constituency_21,MP_Name_21,Work_50,Global Infra,23-05-2023,90136
1650,Maharashtra,Constituency_22,MP_Name_22,Work_51,XYZ Builders,06-02-2021,409087
1651,Uttar Pradesh,Constituency_23,MP_Name_23,Work_52,Rural Works Dept,06-06-2021,446495
1652,Delhi,Constituency_24,MP_Name_24,Work_53,State PWD,19-03-2023,312584
1653,Gujarat,Constituency_25,MP_Name_25,Work_54,State PWD,23-12-2022,331770
1654,Uttar Pradesh,Constituency_26,MP_Name_26,Work_55,State PWD,16-05-2023,348441
1655,Gujarat,Constituency_27,MP_Name_27,Work_56,Rural Works Dept,22-01-2023,468594
1656,Uttar Pradesh,Constituency_28,MP_Name_28,Work_57,ABC Constructions,09-06-2022,165020
1657,Maharashtra,Constituency_29,MP_Name_29,Work_58,XYZ Builders,28-02-2022,157796
1658,Gujarat,Constituency_30,MP_Name_30,Work_59,State PWD,14-03-2022,231811
1659,Tamil Nadu,Constituency_31,MP_Name_31,Work_60,Rural Works Dept,28-03-2023,144736
1660,Gujarat,Constituency_32,MP_Name_32,Work_61,ABC Constructions,20-03-2021,108443
1661,Gujarat,Constituency_33,MP_Name_33,Work_62,Global Infra,31-07-2023,254447
1662,Uttar Pradesh,Constituency_34,MP_Name_34,Work_63,State PWD,26-03-2022,279082
1663,Uttar Pradesh,Constituency_35,MP_Name_35,Work_64,XYZ Builders,25-02-2022,433270
1664,Maharashtra,Constituency_36,MP_Name_36,Work_65,State PWD,10-12-2023,142016
1665,Karnataka,Constituency_37,MP_Name_37,Work_66,State PWD,15-06-2023,80098
1666,Uttar Pradesh,Constituency_38,MP_Name_38,Work_67,Global Infra,13-08-2022,444939
1667,Tamil Nadu,Constituency_39,MP_Name_39,Work_68,ABC Constructions,25-12-2022,397421
1668,Karnataka,Constituency_40,MP_Name_40,Work_69,ABC Constructions,11-09-2022,325516
1669,Tamil Nadu,Constituency_41,MP_Name_41,Work_70,XYZ Builders,16-09-2023,470507
1670,Gujarat,Constituency_42,MP_Name_42,Work_71,Rural Works Dept,11-01-2022,242192
1671,Tamil Nadu,Constituency_43,MP_Name_43,Work_72,Global Infra,21-01-2021,74336
1672,Karnataka,Constituency_44,MP_Name_44,Work_73,Rural Works Dept,27-10-2022,349973
1673,Uttar Pradesh,Constituency_45,MP_Name_45,Work_74,Rural Works Dept,08-11-2023,83893
1674,Gujarat,Constituency_46,MP_Name_46,Work_75,ABC Constructions,10-05-2022,139906
1675,Maharashtra,Constituency_47,MP_Name_47,Work_76,Rural Works Dept,08-08-2021,407208
1676,Delhi,Constituency_48,MP_Name_48,Work_77,State PWD,05-01-2022,84892
1677,Delhi,Constituency_49,MP_Name_49,Work_78,Rural Works Dept,29-03-2021,446421
1678,Karnataka,Constituency_50,MP_Name_50,Work_79,XYZ Builders,15-11-2023,435716
1679,Gujarat,Constituency_51,MP_Name_51,Work_80,ABC Constructions,20-10-2022,229087
1680,Delhi,Constituency_52,MP_Name_52,Work_81,ABC Constructions,15-08-2021,152694
1681,Gujarat,Constituency_53,MP_Name_53,Work_82,State PWD,23-02-2023,183503
1682,Maharashtra,Constituency_54,MP_Name_54,Work_83,ABC Constructions,11-01-2022,174601
1683,Gujarat,Constituency_55,MP_Name_55,Work_84,State PWD,26-04-2022,413622
1684,Karnataka,Constituency_56,MP_Name_56,Work_85,Rural Works Dept,03-01-2021,302089
1685,Gujarat,Constituency_57,MP_Name_57,Work_86,Rural Works Dept,10-01-2023,255783
1686,Delhi,Constituency_58,MP_Name_58,Work_87,State PWD,08-07-2022,377158
1687,Tamil Nadu,Constituency_59,MP_Name_59,Work_88,XYZ Builders,26-09-2023,489647
1688,Uttar Pradesh,Constituency_60,MP_Name_60,Work_89,XYZ Builders,06-05-2023,456946
1689,Tamil Nadu,Constituency_61,MP_Name_61,Work_90,Global Infra,29-06-2023,488482
1690,Tamil Nadu,Constituency_62,MP_Name_62,Work_91,Global Infra,27-02-2022,167095
1691,Delhi,Constituency_63,MP_Name_63,Work_92,XYZ Builders,23-04-2021,443259
1692,Delhi,Constituency_64,MP_Name_64,Work_93,XYZ Builders,04-06-2023,181674
1693,Tamil Nadu,Constituency_65,MP_Name_65,Work_94,XYZ Builders,23-12-2022,53743
1694,Delhi,Constituency_66,MP_Name_66,Work_95,Global Infra,05-09-2023,123988
1695,Karnataka,Constituency_67,MP_Name_67,Work_96,Global Infra,17-05-2023,197784
1696,Tamil Nadu,Constituency_68,MP_Name_68,Work_97,XYZ Builders,10-08-2021,342885
1697,Maharashtra,Constituency_69,MP_Name_69,Work_98,Rural Works Dept,21-05-2022,335790
1698,Maharashtra,Constituency_70,MP_Name_70,Work_99,Global Infra,21-11-2023,101525
1699,Karnataka,Constituency_71,MP_Name_71,Work_100,Rural Works Dept,04-11-2023,480767
1700,Tamil Nadu,Constituency_72,MP_Name_72,Work_101,ABC Constructions,25-03-2021,388648
1701,Maharashtra,Constituency_73,MP_Name_73,Work_102,State PWD,29-05-2023,453250
1702,Delhi,Constituency_74,MP_Name_74,Work_103,ABC Constructions,16-03-2023,182594
1703,Karnataka,Constituency_75,MP_Name_75,Work_104,Global Infra,18-08-2022,111734
1704,Maharashtra,Constituency_76,MP_Name_76,Work_105,State PWD,11-01-2022,351958
1705,Maharashtra,Constituency_77,MP_Name_77,Work_106,Rural Works Dept,29-10-2023,432305
1706,Tamil Nadu,Constituency_78,MP_Name_78,Work_107,XYZ Builders,13-02-2021,298333
1707,Delhi,Constituency_79,MP_Name_79,Work_108,XYZ Builders,15-10-2021,188623
1708,Uttar Pradesh,Constituency_80,MP_Name_80,Work_109,XYZ Builders,19-09-2023,303479
1709,Gujarat,Constituency_81,MP_Name_81,Work_110,ABC Constructions,18-05-2023,436026
1710,Maharashtra,Constituency_82,MP_Name_82,Work_111,Rural Works Dept,15-04-2021,340169
1711,Maharashtra,Constituency_83,MP_Name_83,Work_112,ABC Constructions,10-09-2021,450019
1712,Karnataka,Constituency_84,MP_Name_84,Work_113,Rural Works Dept,23-12-2021,206563
1713,Gujarat,Constituency_85,MP_Name_85,Work_114,Global Infra,05-02-2023,437607
1714,Delhi,Constituency_86,MP_Name_86,Work_115,XYZ Builders,18-01-2023,324912
1715,Tamil Nadu,Constituency_87,MP_Name_87,Work_116,Rural Works Dept,18-04-2021,441729
1716,Uttar Pradesh,Constituency_88,MP_Name_88,Work_117,Global Infra,07-11-2022,218616
1717,Delhi,Constituency_89,MP_Name_89,Work_118,State PWD,16-11-2023,219151
1718,Tamil Nadu,Constituency_90,MP_Name_90,Work_119,ABC Constructions,17-12-2023,346590
1719,Delhi,Constituency_91,MP_Name_91,Work_120,Global Infra,28-10-2023,155949
1720,Gujarat,Constituency_92,MP_Name_92,Work_121,Global Infra,08-10-2021,324575
1721,Maharashtra,Constituency_93,MP_Name_93,Work_122,State PWD,17-02-2021,276625
1722,Karnataka,Constituency_94,MP_Name_94,Work_123,Rural Works Dept,09-01-2023,454445
1723,Karnataka,Constituency_95,MP_Name_95,Work_124,ABC Constructions,12-05-2022,113211
1724,Uttar Pradesh,Constituency_96,MP_Name_96,Work_125,ABC Constructions,22-03-2023,103720
1725,Karnataka,Constituency_97,MP_Name_97,Work_126,Global Infra,19-03-2022,370165
1726,Gujarat,Constituency_98,MP_Name_98,Work_127,XYZ Builders,25-05-2022,107531
1727,Tamil Nadu,Constituency_99,MP_Name_99,Work_128,Global Infra,25-12-2021,233881
1728,Tamil Nadu,Constituency_100,MP_Name_100,Work_129,ABC Constructions,10-01-2023,50634
1729,Karnataka,Constituency_101,MP_Name_101,Work_130,XYZ Builders,14-09-2023,271967
1730,Maharashtra,Constituency_102,MP_Name_102,Work_131,Global Infra,27-01-2022,59544
1731,Karnataka,Constituency_103,MP_Name_103,Work_132,ABC Constructions,23-09-2021,153031
1732,Delhi,Constituency_104,MP_Name_104,Work_133,State PWD,11-07-2022,200859
1733,Gujarat,Constituency_105,MP_Name_105,Work_134,XYZ Builders,02-02-2022,389541
1734,Gujarat,Constituency_106,MP_Name_106,Work_135,State PWD,09-02-2022,453711
1735,Uttar Pradesh,Constituency_107,MP_Name_107,Work_136,ABC Constructions,18-07-2022,450828
1736,Gujarat,Constituency_108,MP_Name_108,Work_137,State PWD,08-10-2021,392541
1737,Maharashtra,Constituency_109,MP_Name_109,Work_138,Rural Works Dept,01-12-2022,287342
1738,Gujarat,Constituency_110,MP_Name_110,Work_139,State PWD,18-12-2023,499484
1739,Gujarat,Constituency_111,MP_Name_111,Work_140,ABC Constructions,18-02-2021,235473
1740,Delhi,Constituency_112,MP_Name_112,Work_141,State PWD,17-06-2021,278706
1741,Maharashtra,Constituency_113,MP_Name_113,Work_142,Global Infra,26-08-2021,384699
1742,Karnataka,Constituency_114,MP_Name_114,Work_143,XYZ Builders,15-08-2022,364831
1743,Karnataka,Constituency_115,MP_Name_115,Work_144,State PWD,14-05-2023,102263
1744,Gujarat,Constituency_116,MP_Name_116,Work_145,State PWD,19-05-2022,293914
1745,Karnataka,Constituency_117,MP_Name_117,Work_146,State PWD,09-11-2022,66300
1746,Tamil Nadu,Constituency_118,MP_Name_118,Work_147,XYZ Builders,29-01-2022,400505
1747,Tamil Nadu,Constituency_119,MP_Name_119,Work_148,ABC Constructions,05-07-2023,113790
1748,Delhi,Constituency_120,MP_Name_120,Work_149,Rural Works Dept,21-01-2022,235206
1749,Gujarat,Constituency_121,MP_Name_121,Work_150,Global Infra,06-02-2023,373051
1750,Karnataka,Constituency_122,MP_Name_122,Work_151,Rural Works Dept,22-01-2023,389717
1751,Tamil Nadu,Constituency_123,MP_Name_123,Work_152,XYZ Builders,23-12-2021,364866
1752,Karnataka,Constituency_124,MP_Name_124,Work_153,Global Infra,02-09-2021,333837
1753,Uttar Pradesh,Constituency_125,MP_Name_125,Work_154,Rural Works Dept,19-07-2023,460383
1754,Uttar Pradesh,Constituency_126,MP_Name_126,Work_155,Global Infra,04-08-2021,104239
1755,Delhi,Constituency_127,MP_Name_127,Work_156,ABC Constructions,22-03-2022,344202
1756,Delhi,Constituency_128,MP_Name_128,Work_157,Rural Works Dept,21-12-2023,291906
1757,Maharashtra,Constituency_129,MP_Name_129,Work_158,State PWD,21-12-2023,406893
1758,Delhi,Constituency_130,MP_Name_130,Work_159,ABC Constructions,05-11-2022,337615
1759,Delhi,Constituency_131,MP_Name_131,Work_160,XYZ Builders,28-09-2023,201014
1760,Maharashtra,Constituency_132,MP_Name_132,Work_161,State PWD,22-01-2021,224682
1761,Delhi,Constituency_133,MP_Name_133,Work_162,XYZ Builders,01-01-2024,100509
1762,Gujarat,Constituency_134,MP_Name_134,Work_163,XYZ Builders,18-04-2021,245078
1763,Maharashtra,Constituency_135,MP_Name_135,Work_164,Rural Works Dept,14-12-2023,57690
1764,Maharashtra,Constituency_136,MP_Name_136,Work_165,Global Infra,25-09-2022,263849
1765,Tamil Nadu,Constituency_137,MP_Name_137,Work_166,Rural Works Dept,29-05-2022,223809
1766,Delhi,Constituency_138,MP_Name_138,Work_167,XYZ Builders,03-02-2021,90130
1767,Gujarat,Constituency_139,MP_Name_139,Work_168,ABC Constructions,27-09-2023,191743
1768,Gujarat,Constituency_140,MP_Name_140,Work_169,ABC Constructions,09-03-2022,139891
1769,Maharashtra,Constituency_141,MP_Name_141,Work_170,Global Infra,23-11-2023,402258
1770,Maharashtra,Constituency_142,MP_Name_142,Work_171,ABC Constructions,21-12-2023,412681
1771,Maharashtra,Constituency_143,MP_Name_143,Work_172,ABC Constructions,28-10-2021,247352
1772,Karnataka,Constituency_144,MP_Name_144,Work_173,XYZ Builders,14-01-2022,342180
1773,Tamil Nadu,Constituency_145,MP_Name_145,Work_174,State PWD,03-06-2021,235980
1774,Tamil Nadu,Constituency_146,MP_Name_146,Work_175,Rural Works Dept,18-06-2023,350588
1775,Delhi,Constituency_147,MP_Name_147,Work_176,Global Infra,11-05-2023,225588
1776,Tamil Nadu,Constituency_148,MP_Name_148,Work_177,ABC Constructions,05-07-2022,364537
1777,Maharashtra,Constituency_149,MP_Name_149,Work_178,XYZ Builders,20-02-2023,113214
1778,Gujarat,Constituency_150,MP_Name_150,Work_179,State PWD,07-09-2023,154731
1779,Tamil Nadu,Constituency_151,MP_Name_151,Work_180,State PWD,01-09-2022,230838
1780,Gujarat,Constituency_152,MP_Name_152,Work_181,XYZ Builders,30-01-2023,290993
1781,Gujarat,Constituency_153,MP_Name_153,Work_182,Global Infra,04-02-2023,109563
1782,Maharashtra,Constituency_154,MP_Name_154,Work_183,XYZ Builders,17-11-2022,264712
1783,Tamil Nadu,Constituency_155,MP_Name_155,Work_184,XYZ Builders,03-06-2023,262469
1784,Tamil Nadu,Constituency_156,MP_Name_156,Work_185,XYZ Builders,22-01-2023,216134
1785,Delhi,Constituency_157,MP_Name_157,Work_186,ABC Constructions,26-06-2021,129236
1786,Delhi,Constituency_158,MP_Name_158,Work_187,Global Infra,29-08-2023,493992
1787,Gujarat,Constituency_159,MP_Name_159,Work_188,XYZ Builders,31-07-2021,137298
1788,Gujarat,Constituency_160,MP_Name_160,Work_189,ABC Constructions,05-08-2022,203803
1789,Karnataka,Constituency_161,MP_Name_161,Work_190,Rural Works Dept,13-01-2021,432405
1790,Karnataka,Constituency_162,MP_Name_162,Work_191,Rural Works Dept,18-01-2023,497920
1791,Maharashtra,Constituency_163,MP_Name_163,Work_192,Rural Works Dept,18-11-2023,109708
1792,Maharashtra,Constituency_164,MP_Name_164,Work_193,Global Infra,14-09-2022,397411
1793,Karnataka,Constituency_165,MP_Name_165,Work_194,ABC Constructions,15-09-2023,237364
1794,Gujarat,Constituency_166,MP_Name_166,Work_195,XYZ Builders,03-08-2021,218950
1795,Delhi,Constituency_167,MP_Name_167,Work_196,ABC Constructions,27-01-2022,60870
1796,Delhi,Constituency_168,MP_Name_168,Work_197,Rural Works Dept,03-07-2023,293022
1797,Gujarat,Constituency_169,MP_Name_169,Work_198,Global Infra,29-12-2023,115287
1798,Gujarat,Constituency_170,MP_Name_170,Work_199,ABC Constructions,27-07-2023,70293
1799,Karnataka,Constituency_171,MP_Name_171,Work_200,Global Infra,18-02-2021,293049
1800,Gujarat,Constituency_172,MP_Name_172,Work_1,XYZ Builders,19-05-2023,332427
1801,Karnataka,Constituency_173,MP_Name_173,Work_2,Rural Works Dept,17-08-2021,422699
1802,Maharashtra,Constituency_174,MP_Name_174,Work_3,State PWD,20-01-2021,99273
1803,Maharashtra,Constituency_175,MP_Name_175,Work_4,ABC Constructions,07-05-2021,75862
1804,Delhi,Constituency_176,MP_Name_176,Work_5,ABC Constructions,13-08-2022,249449
1805,Gujarat,Constituency_177,MP_Name_177,Work_6,Rural Works Dept,08-05-2022,262931
1806,Gujarat,Constituency_178,MP_Name_178,Work_7,Rural Works Dept,30-11-2021,111734
1807,Gujarat,Constituency_179,MP_Name_179,Work_8,XYZ Builders,16-05-2021,232411
1808,Uttar Pradesh,Constituency_180,MP_Name_180,Work_9,State PWD,01-08-2023,184351
1809,Uttar Pradesh,Constituency_181,MP_Name_181,Work_10,ABC Constructions,26-08-2021,297068
1810,Gujarat,Constituency_182,MP_Name_182,Work_11,XYZ Builders,11-09-2022,271669
1811,Tamil Nadu,Constituency_183,MP_Name_183,Work_12,ABC Constructions,05-02-2021,171381
1812,Maharashtra,Constituency_184,MP_Name_184,Work_13,XYZ Builders,05-06-2021,164388
1813,Karnataka,Constituency_185,MP_Name_185,Work_14,Rural Works Dept,07-01-2022,423844
1814,Tamil Nadu,Constituency_186,MP_Name_186,Work_15,ABC Constructions,18-09-2023,405243
1815,Karnataka,Constituency_187,MP_Name_187,Work_16,Rural Works Dept,24-08-2023,124854
1816,Delhi,Constituency_188,MP_Name_188,Work_17,State PWD,24-04-2023,350730
1817,Maharashtra,Constituency_189,MP_Name_189,Work_18,XYZ Builders,17-09-2021,212922
1818,Tamil Nadu,Constituency_190,MP_Name_190,Work_19,Global Infra,01-07-2023,214494
1819,Uttar Pradesh,Constituency_191,MP_Name_191,Work_20,Rural Works Dept,06-10-2022,411344
1820,Delhi,Constituency_192,MP_Name_192,Work_21,Rural Works Dept,19-05-2021,197499
1821,Maharashtra,Constituency_193,MP_Name_193,Work_22,State PWD,09-04-2021,103267
1822,Karnataka,Constituency_194,MP_Name_194,Work_23,Rural Works Dept,16-02-2021,121764
1823,Uttar Pradesh,Constituency_195,MP_Name_195,Work_24,State PWD,28-03-2022,160511
1824,Karnataka,Constituency_196,MP_Name_196,Work_25,State PWD,21-08-2022,62263
1825,Uttar Pradesh,Constituency_197,MP_Name_197,Work_26,Rural Works Dept,20-10-2021,467690
1826,Tamil Nadu,Constituency_198,MP_Name_198,Work_27,State PWD,12-01-2022,87820
1827,Delhi,Constituency_199,MP_Name_199,Work_28,Global Infra,14-10-2021,398472
1828,Tamil Nadu,Constituency_200,MP_Name_200,Work_29,XYZ Builders,28-02-2023,158133
1829,Gujarat,Constituency_201,MP_Name_201,Work_30,Rural Works Dept,25-04-2022,183359
1830,Delhi,Constituency_202,MP_Name_202,Work_31,State PWD,03-07-2022,119584
1831,Uttar Pradesh,Constituency_203,MP_Name_203,Work_32,Global Infra,28-01-2023,201913
1832,Gujarat,Constituency_204,MP_Name_204,Work_33,State PWD,24-01-2021,140993
1833,Gujarat,Constituency_205,MP_Name_205,Work_34,Rural Works Dept,30-01-2023,130913
1834,Karnataka,Constituency_206,MP_Name_206,Work_35,ABC Constructions,28-08-2022,83331
1835,Gujarat,Constituency_207,MP_Name_207,Work_36,Global Infra,07-12-2021,69175
1836,Gujarat,Constituency_208,MP_Name_208,Work_37,Rural Works Dept,01-02-2022,223480
1837,Gujarat,Constituency_209,MP_Name_209,Work_38,ABC Constructions,18-12-2022,147338
1838,Uttar Pradesh,Constituency_210,MP_Name_210,Work_39,Global Infra,16-12-2022,435644
1839,Gujarat,Constituency_211,MP_Name_211,Work_40,Rural Works Dept,30-03-2022,386035
1840,Delhi,Constituency_212,MP_Name_212,Work_41,ABC Constructions,20-03-2023,156680
1841,Delhi,Constituency_213,MP_Name_213,Work_42,Global Infra,27-09-2021,445542
1842,Uttar Pradesh,Constituency_214,MP_Name_214,Work_43,XYZ Builders,05-08-2021,386729
1843,Uttar Pradesh,Constituency_215,MP_Name_215,Work_44,Global Infra,08-05-2023,398272
1844,Maharashtra,Constituency_216,MP_Name_216,Work_45,XYZ Builders,05-03-2023,186398
1845,Uttar Pradesh,Constituency_217,MP_Name_217,Work_46,State PWD,22-08-2021,142472
1846,Uttar Pradesh,Constituency_218,MP_Name_218,Work_47,Global Infra,17-03-2023,457812
1847,Karnataka,Constituency_219,MP_Name_219,Work_48,Global Infra,13-11-2022,449761
1848,Maharashtra,Constituency_220,MP_Name_220,Work_49,Global Infra,25-03-2022,348854
1849,Uttar Pradesh,Constituency_221,MP_Name_221,Work_50,XYZ Builders,02-12-2022,425322
1850,Uttar Pradesh,Constituency_222,MP_Name_222,Work_51,Global Infra,16-10-2021,441835
1851,Gujarat,Constituency_223,MP_Name_223,Work_52,State PWD,21-10-2023,439447
1852,Karnataka,Constituency_224,MP_Name_224,Work_53,ABC Constructions,09-04-2021,51845
1853,Maharashtra,Constituency_225,MP_Name_225,Work_54,Rural Works Dept,29-12-2021,306334
1854,Maharashtra,Constituency_226,MP_Name_226,Work_55,Global Infra,09-11-2021,382714
1855,Uttar Pradesh,Constituency_227,MP_Name_227,Work_56,State PWD,09-04-2022,331794
1856,Uttar Pradesh,Constituency_228,MP_Name_228,Work_57,Global Infra,23-12-2022,361777
1857,Uttar Pradesh,Constituency_229,MP_Name_229,Work_58,ABC Constructions,14-03-2022,208466
1858,Karnataka,Constituency_230,MP_Name_230,Work_59,Global Infra,20-04-2021,378536
1859,Maharashtra,Constituency_231,MP_Name_231,Work_60,Global Infra,20-10-2022,373841
1860,Delhi,Constituency_232,MP_Name_232,Work_61,ABC Constructions,29-06-2023,262068
1861,Gujarat,Constituency_233,MP_Name_233,Work_62,XYZ Builders,22-05-2023,250322
1862,Karnataka,Constituency_234,MP_Name_234,Work_63,Global Infra,02-03-2022,471534
1863,Tamil Nadu,Constituency_235,MP_Name_235,Work_64,Global Infra,18-05-2021,322984
1864,Tamil Nadu,Constituency_236,MP_Name_236,Work_65,ABC Constructions,07-04-2022,454197
1865,Delhi,Constituency_237,MP_Name_237,Work_66,Rural Works Dept,04-07-2023,52786
1866,Uttar Pradesh,Constituency_238,MP_Name_238,Work_67,Rural Works Dept,06-06-2023,195150
1867,Gujarat,Constituency_239,MP_Name_239,Work_68,XYZ Builders,12-05-2022,178047
1868,Gujarat,Constituency_240,MP_Name_240,Work_69,XYZ Builders,22-03-2022,126445
1869,Delhi,Constituency_241,MP_Name_241,Work_70,Rural Works Dept,01-05-2021,186479
1870,Delhi,Constituency_242,MP_Name_242,Work_71,XYZ Builders,21-04-2023,419057
1871,Gujarat,Constituency_243,MP_Name_243,Work_72,Global Infra,15-02-2021,78531
1872,Gujarat,Constituency_244,MP_Name_244,Work_73,Global Infra,15-03-2021,476364
1873,Maharashtra,Constituency_245,MP_Name_245,Work_74,XYZ Builders,05-06-2023,366224
1874,Maharashtra,Constituency_246,MP_Name_246,Work_75,Global Infra,07-12-2022,113388
1875,Delhi,Constituency_247,MP_Name_247,Work_76,Global Infra,31-07-2023,269823
1876,Tamil Nadu,Constituency_248,MP_Name_248,Work_77,State PWD,20-07-2021,189197
1877,Maharashtra,Constituency_249,MP_Name_249,Work_78,ABC Constructions,21-02-2021,58088
1878,Uttar Pradesh,Constituency_250,MP_Name_250,Work_79,ABC Constructions,17-03-2022,409765
1879,Maharashtra,Constituency_251,MP_Name_251,Work_80,State PWD,18-03-2021,470806
1880,Tamil Nadu,Constituency_252,MP_Name_252,Work_81,State PWD,19-11-2023,476207
1881,Uttar Pradesh,Constituency_253,MP_Name_253,Work_82,XYZ Builders,16-03-2023,301931
1882,Tamil Nadu,Constituency_254,MP_Name_254,Work_83,ABC Constructions,11-07-2022,315689
1883,Gujarat,Constituency_255,MP_Name_255,Work_84,Rural Works Dept,21-01-2022,435639
1884,Tamil Nadu,Constituency_256,MP_Name_256,Work_85,ABC Constructions,22-07-2023,54452
1885,Karnataka,Constituency_257,MP_Name_257,Work_86,Global Infra,14-06-2021,350968
1886,Delhi,Constituency_258,MP_Name_258,Work_87,Global Infra,16-05-2021,274608
1887,Karnataka,Constituency_259,MP_Name_259,Work_88,XYZ Builders,12-06-2021,476998
1888,Tamil Nadu,Constituency_260,MP_Name_260,Work_89,Rural Works Dept,28-02-2023,135925
1889,Gujarat,Constituency_261,MP_Name_261,Work_90,XYZ Builders,27-02-2023,267764
1890,Karnataka,Constituency_262,MP_Name_262,Work_91,State PWD,29-06-2023,309110
1891,Tamil Nadu,Constituency_263,MP_Name_263,Work_92,State PWD,27-07-2021,216291
1892,Delhi,Constituency_264,MP_Name_264,Work_93,State PWD,07-07-2021,78331
1893,Tamil Nadu,Constituency_265,MP_Name_265,Work_94,ABC Constructions,26-12-2022,137518
1894,Gujarat,Constituency_266,MP_Name_266,Work_95,Rural Works Dept,20-12-2023,51419
1895,Delhi,Constituency_267,MP_Name_267,Work_96,Rural Works Dept,10-03-2023,306159
1896,Gujarat,Constituency_268,MP_Name_268,Work_97,Global Infra,22-10-2021,396397
1897,Maharashtra,Constituency_269,MP_Name_269,Work_98,Global Infra,11-01-2021,417763
1898,Gujarat,Constituency_270,MP_Name_270,Work_99,State PWD,21-05-2021,349576
1899,Maharashtra,Constituency_271,MP_Name_271,Work_100,ABC Constructions,19-05-2023,126111
1900,Uttar Pradesh,Constituency_272,MP_Name_272,Work_101,Global Infra,27-03-2022,384537
1901,Karnataka,Constituency_273,MP_Name_273,Work_102,Rural Works Dept,07-12-2023,466531
1902,Tamil Nadu,Constituency_274,MP_Name_274,Work_103,Rural Works Dept,24-06-2021,299351
1903,Tamil Nadu,Constituency_275,MP_Name_275,Work_104,Global Infra,24-09-2023,363974
1904,Maharashtra,Constituency_276,MP_Name_276,Work_105,Global Infra,30-04-2022,416787
1905,Gujarat,Constituency_277,MP_Name_277,Work_106,XYZ Builders,26-05-2022,69606
1906,Maharashtra,Constituency_278,MP_Name_278,Work_107,ABC Constructions,08-02-2023,346373
1907,Gujarat,Constituency_279,MP_Name_279,Work_108,XYZ Builders,13-03-2023,191834
1908,Maharashtra,Constituency_280,MP_Name_280,Work_109,XYZ Builders,20-02-2023,306863
1909,Maharashtra,Constituency_281,MP_Name_281,Work_110,State PWD,29-10-2022,251551
1910,Uttar Pradesh,Constituency_282,MP_Name_282,Work_111,Rural Works Dept,08-02-2023,442427
1911,Gujarat,Constituency_283,MP_Name_283,Work_112,ABC Constructions,13-11-2023,183694
1912,Tamil Nadu,Constituency_284,MP_Name_284,Work_113,Rural Works Dept,17-03-2022,263392
1913,Maharashtra,Constituency_285,MP_Name_285,Work_114,Global Infra,06-05-2022,401560
1914,Karnataka,Constituency_286,MP_Name_286,Work_115,Global Infra,12-07-2023,112344
1915,Tamil Nadu,Constituency_287,MP_Name_287,Work_116,XYZ Builders,03-05-2022,284935
1916,Tamil Nadu,Constituency_288,MP_Name_288,Work_117,State PWD,06-04-2021,240282
1917,Tamil Nadu,Constituency_289,MP_Name_289,Work_118,Rural Works Dept,04-08-2022,137559
1918,Karnataka,Constituency_290,MP_Name_290,Work_119,State PWD,03-05-2023,110987
1919,Delhi,Constituency_291,MP_Name_291,Work_120,ABC Constructions,09-08-2023,192881
1920,Delhi,Constituency_292,MP_Name_292,Work_121,Rural Works Dept,29-01-2021,329091
1921,Karnataka,Constituency_293,MP_Name_293,Work_122,State PWD,21-05-2021,433146
1922,Tamil Nadu,Constituency_294,MP_Name_294,Work_123,XYZ Builders,01-01-2024,247118
1923,Uttar Pradesh,Constituency_295,MP_Name_295,Work_124,Global Infra,01-02-2023,302061
1924,Uttar Pradesh,Constituency_296,MP_Name_296,Work_125,Rural Works Dept,04-12-2021,155889
1925,Karnataka,Constituency_297,MP_Name_297,Work_126,Global Infra,07-09-2023,252524
1926,Maharashtra,Constituency_298,MP_Name_298,Work_127,XYZ Builders,24-05-2021,134355
1927,Uttar Pradesh,Constituency_299,MP_Name_299,Work_128,Rural Works Dept,23-08-2021,476434
1928,Maharashtra,Constituency_300,MP_Name_300,Work_129,Global Infra,06-12-2021,348266
1929,Delhi,Constituency_301,MP_Name_301,Work_130,Global Infra,20-08-2021,126845
1930,Tamil Nadu,Constituency_302,MP_Name_302,Work_131,Global Infra,22-08-2023,202158
1931,Tamil Nadu,Constituency_303,MP_Name_303,Work_132,Rural Works Dept,28-05-2022,181172
1932,Karnataka,Constituency_304,MP_Name_304,Work_133,XYZ Builders,19-05-2021,494322
1933,Tamil Nadu,Constituency_305,MP_Name_305,Work_134,ABC Constructions,07-10-2023,379099
1934,Delhi,Constituency_306,MP_Name_306,Work_135,State PWD,30-01-2022,167443
1935,Tamil Nadu,Constituency_307,MP_Name_307,Work_136,Global Infra,04-10-2022,175305
1936,Uttar Pradesh,Constituency_308,MP_Name_308,Work_137,XYZ Builders,24-09-2022,295942
1937,Uttar Pradesh,Constituency_309,MP_Name_309,Work_138,ABC Constructions,27-05-2022,300254
1938,Gujarat,Constituency_310,MP_Name_310,Work_139,ABC Constructions,30-12-2021,271805
1939,Karnataka,Constituency_311,MP_Name_311,Work_140,XYZ Builders,04-04-2023,328271
1940,Uttar Pradesh,Constituency_312,MP_Name_312,Work_141,ABC Constructions,08-12-2021,87074
1941,Gujarat,Constituency_313,MP_Name_313,Work_142,Global Infra,14-06-2022,288363
1942,Karnataka,Constituency_314,MP_Name_314,Work_143,State PWD,17-10-2021,455130
1943,Karnataka,Constituency_315,MP_Name_315,Work_144,XYZ Builders,14-09-2021,106621
1944,Delhi,Constituency_316,MP_Name_316,Work_145,ABC Constructions,06-11-2023,153120
1945,Maharashtra,Constituency_317,MP_Name_317,Work_146,State PWD,01-05-2023,419992
1946,Uttar Pradesh,Constituency_318,MP_Name_318,Work_147,Global Infra,08-04-2022,113693
1947,Delhi,Constituency_319,MP_Name_319,Work_148,XYZ Builders,24-04-2021,333603
1948,Gujarat,Constituency_320,MP_Name_320,Work_149,Global Infra,30-07-2023,244642
1949,Karnataka,Constituency_321,MP_Name_321,Work_150,ABC Constructions,22-09-2021,357723
1950,Maharashtra,Constituency_322,MP_Name_322,Work_151,ABC Constructions,30-11-2023,308373
1951,Gujarat,Constituency_323,MP_Name_323,Work_152,XYZ Builders,24-12-2021,473718
1952,Karnataka,Constituency_324,MP_Name_324,Work_153,Global Infra,27-12-2023,135052
1953,Tamil Nadu,Constituency_325,MP_Name_325,Work_154,Global Infra,25-12-2021,90074
1954,Delhi,Constituency_326,MP_Name_326,Work_155,XYZ Builders,23-07-2023,369728
1955,Delhi,Constituency_327,MP_Name_327,Work_156,Rural Works Dept,17-03-2023,423642
1956,Tamil Nadu,Constituency_328,MP_Name_328,Work_157,State PWD,13-06-2021,203714
1957,Uttar Pradesh,Constituency_329,MP_Name_329,Work_158,State PWD,12-02-2021,187294
1958,Delhi,Constituency_330,MP_Name_330,Work_159,Rural Works Dept,20-10-2022,428161
1959,Delhi,Constituency_331,MP_Name_331,Work_160,State PWD,09-09-2023,466996
1960,Maharashtra,Constituency_332,MP_Name_332,Work_161,XYZ Builders,20-03-2021,286452
1961,Delhi,Constituency_333,MP_Name_333,Work_162,XYZ Builders,06-03-2021,241050
1962,Karnataka,Constituency_334,MP_Name_334,Work_163,Rural Works Dept,28-03-2023,130972
1963,Karnataka,Constituency_335,MP_Name_335,Work_164,Global Infra,12-07-2023,223160
1964,Maharashtra,Constituency_336,MP_Name_336,Work_165,State PWD,27-12-2021,297925
1965,Gujarat,Constituency_337,MP_Name_337,Work_166,Rural Works Dept,17-10-2023,144095
1966,Maharashtra,Constituency_338,MP_Name_338,Work_167,XYZ Builders,01-07-2023,326478
1967,Delhi,Constituency_339,MP_Name_339,Work_168,ABC Constructions,13-08-2021,412907
1968,Karnataka,Constituency_340,MP_Name_340,Work_169,ABC Constructions,02-04-2023,117230
1969,Delhi,Constituency_341,MP_Name_341,Work_170,State PWD,21-09-2023,344280
1970,Tamil Nadu,Constituency_342,MP_Name_342,Work_171,XYZ Builders,02-07-2021,346032
1971,Maharashtra,Constituency_343,MP_Name_343,Work_172,ABC Constructions,26-11-2021,98736
1972,Tamil Nadu,Constituency_344,MP_Name_344,Work_173,Global Infra,01-09-2021,286348
1973,Uttar Pradesh,Constituency_345,MP_Name_345,Work_174,ABC Constructions,02-08-2021,282279
1974,Gujarat,Constituency_346,MP_Name_346,Work_175,State PWD,19-07-2022,210105
1975,Uttar Pradesh,Constituency_347,MP_Name_347,Work_176,Global Infra,30-11-2022,69920
1976,Karnataka,Constituency_348,MP_Name_348,Work_177,Global Infra,11-01-2021,110187
1977,Maharashtra,Constituency_349,MP_Name_349,Work_178,XYZ Builders,14-10-2022,234164
1978,Karnataka,Constituency_350,MP_Name_350,Work_179,State PWD,18-05-2023,292362
1979,Maharashtra,Constituency_351,MP_Name_351,Work_180,ABC Constructions,01-09-2023,453735
1980,Tamil Nadu,Constituency_352,MP_Name_352,Work_181,State PWD,05-01-2022,123027
1981,Maharashtra,Constituency_353,MP_Name_353,Work_182,XYZ Builders,27-08-2022,322438
1982,Tamil Nadu,Constituency_354,MP_Name_354,Work_183,Global Infra,06-07-2023,238747
1983,Tamil Nadu,Constituency_355,MP_Name_355,Work_184,State PWD,26-01-2023,159436
1984,Uttar Pradesh,Constituency_356,MP_Name_356,Work_185,Global Infra,28-07-2021,372598
1985,Tamil Nadu,Constituency_357,MP_Name_357,Work_186,Global Infra,06-06-2022,61652
1986,Tamil Nadu,Constituency_358,MP_Name_358,Work_187,Global Infra,18-04-2021,397576
1987,Maharashtra,Constituency_359,MP_Name_359,Work_188,Rural Works Dept,06-06-2021,175020
1988,Maharashtra,Constituency_360,MP_Name_360,Work_189,XYZ Builders,09-11-2021,493052
1989,Uttar Pradesh,Constituency_361,MP_Name_361,Work_190,XYZ Builders,08-09-2022,190523
1990,Gujarat,Constituency_362,MP_Name_362,Work_191,Global Infra,06-11-2023,214906
1991,Karnataka,Constituency_363,MP_Name_363,Work_192,State PWD,07-06-2021,312884
1992,Gujarat,Constituency_364,MP_Name_364,Work_193,XYZ Builders,30-07-2021,270188
1993,Delhi,Constituency_365,MP_Name_365,Work_194,ABC Constructions,09-10-2023,430868
1994,Gujarat,Constituency_366,MP_Name_366,Work_195,Rural Works Dept,07-07-2023,301235
1995,Tamil Nadu,Constituency_367,MP_Name_367,Work_196,Global Infra,16-10-2022,103930
1996,Maharashtra,Constituency_368,MP_Name_368,Work_197,ABC Constructions,15-07-2023,77510
1997,Uttar Pradesh,Constituency_369,MP_Name_369,Work_198,State PWD,12-06-2021,303592
1998,Tamil Nadu,Constituency_370,MP_Name_370,Work_199,XYZ Builders,17-05-2021,170723
1999,Karnataka,Constituency_371,MP_Name_371,Work_200,Global Infra,25-01-2023,494507
2000,Delhi,Constituency_372,MP_Name_372,Work_1,XYZ Builders,07-11-2023,358279
2001,Gujarat,Constituency_373,MP_Name_373,Work_2,ABC Constructions,08-01-2023,402382
2002,Gujarat,Constituency_374,MP_Name_374,Work_3,State PWD,26-08-2021,463924
2003,Tamil Nadu,Constituency_375,MP_Name_375,Work_4,XYZ Builders,09-05-2021,405659
2004,Uttar Pradesh,Constituency_376,MP_Name_376,Work_5,XYZ Builders,21-02-2022,62890
2005,Delhi,Constituency_377,MP_Name_377,Work_6,Rural Works Dept,02-02-2023,222301
2006,Karnataka,Constituency_378,MP_Name_378,Work_7,Global Infra,25-05-2022,62557
2007,Uttar Pradesh,Constituency_379,MP_Name_379,Work_8,Global Infra,11-07-2022,378821
2008,Karnataka,Constituency_380,MP_Name_380,Work_9,ABC Constructions,21-03-2022,380820
2009,Maharashtra,Constituency_381,MP_Name_381,Work_10,State PWD,23-05-2023,310889
2010,Delhi,Constituency_382,MP_Name_382,Work_11,State PWD,08-01-2021,77283
2011,Maharashtra,Constituency_383,MP_Name_383,Work_12,XYZ Builders,31-03-2021,499688
2012,Uttar Pradesh,Constituency_384,MP_Name_384,Work_13,Rural Works Dept,12-03-2021,275331
2013,Maharashtra,Constituency_385,MP_Name_385,Work_14,State PWD,19-08-2023,483024
2014,Maharashtra,Constituency_386,MP_Name_386,Work_15,Global Infra,30-10-2023,283178
2015,Maharashtra,Constituency_387,MP_Name_387,Work_16,ABC Constructions,08-10-2021,300287
2016,Uttar Pradesh,Constituency_388,MP_Name_388,Work_17,ABC Constructions,25-10-2023,265399
2017,Maharashtra,Constituency_389,MP_Name_389,Work_18,State PWD,07-05-2021,274645
2018,Uttar Pradesh,Constituency_390,MP_Name_390,Work_19,Rural Works Dept,26-05-2023,280990
2019,Delhi,Constituency_391,MP_Name_391,Work_20,State PWD,22-10-2021,346341
2020,Karnataka,Constituency_392,MP_Name_392,Work_21,XYZ Builders,26-11-2021,329295
2021,Maharashtra,Constituency_393,MP_Name_393,Work_22,State PWD,04-10-2021,289410
2022,Maharashtra,Constituency_394,MP_Name_394,Work_23,XYZ Builders,14-12-2021,349870
2023,Gujarat,Constituency_395,MP_Name_395,Work_24,Global Infra,27-01-2021,365392
2024,Gujarat,Constituency_396,MP_Name_396,Work_25,XYZ Builders,02-05-2022,271039
2025,Maharashtra,Constituency_397,MP_Name_397,Work_26,XYZ Builders,30-04-2022,487094
2026,Maharashtra,Constituency_398,MP_Name_398,Work_27,Rural Works Dept,19-05-2022,139612
2027,Gujarat,Constituency_399,MP_Name_399,Work_28,ABC Constructions,14-01-2021,351313
2028,Karnataka,Constituency_400,MP_Name_400,Work_29,State PWD,26-05-2021,76085
2029,Tamil Nadu,Constituency_401,MP_Name_401,Work_30,State PWD,27-03-2022,242885
2030,Karnataka,Constituency_402,MP_Name_402,Work_31,ABC Constructions,08-01-2022,283225
2031,Delhi,Constituency_403,MP_Name_403,Work_32,State PWD,23-12-2022,368033
2032,Gujarat,Constituency_404,MP_Name_404,Work_33,Rural Works Dept,12-07-2022,256778
2033,Tamil Nadu,Constituency_405,MP_Name_405,Work_34,Rural Works Dept,10-04-2021,232811
2034,Tamil Nadu,Constituency_406,MP_Name_406,Work_35,XYZ Builders,26-07-2022,335999
2035,Delhi,Constituency_407,MP_Name_407,Work_36,Global Infra,20-04-2023,180135
2036,Uttar Pradesh,Constituency_408,MP_Name_408,Work_37,XYZ Builders,23-03-2021,82012
2037,Uttar Pradesh,Constituency_409,MP_Name_409,Work_38,XYZ Builders,24-06-2022,61762
2038,Tamil Nadu,Constituency_410,MP_Name_410,Work_39,State PWD,08-12-2022,367605
2039,Uttar Pradesh,Constituency_411,MP_Name_411,Work_40,Rural Works Dept,15-09-2023,161466
2040,Uttar Pradesh,Constituency_412,MP_Name_412,Work_41,State PWD,22-01-2021,133309
2041,Gujarat,Constituency_413,MP_Name_413,Work_42,XYZ Builders,29-07-2023,250156
2042,Maharashtra,Constituency_414,MP_Name_414,Work_43,Rural Works Dept,11-05-2021,334909
2043,Gujarat,Constituency_415,MP_Name_415,Work_44,XYZ Builders,20-04-2021,351430
2044,Maharashtra,Constituency_416,MP_Name_416,Work_45,Global Infra,29-04-2021,309198
2045,Delhi,Constituency_417,MP_Name_417,Work_46,Rural Works Dept,27-08-2023,407292
2046,Tamil Nadu,Constituency_418,MP_Name_418,Work_47,XYZ Builders,12-02-2022,257907
2047,Tamil Nadu,Constituency_419,MP_Name_419,Work_48,XYZ Builders,13-08-2022,487662
2048,Uttar Pradesh,Constituency_420,MP_Name_420,Work_49,State PWD,15-10-2021,229671
2049,Tamil Nadu,Constituency_421,MP_Name_421,Work_50,ABC Constructions,21-04-2023,61071
2050,Maharashtra,Constituency_422,MP_Name_422,Work_51,ABC Constructions,16-04-2022,268411
2051,Uttar Pradesh,Constituency_423,MP_Name_423,Work_52,ABC Constructions,10-09-2023,249437
2052,Tamil Nadu,Constituency_424,MP_Name_424,Work_53,State PWD,18-07-2023,458163
2053,Delhi,Constituency_425,MP_Name_425,Work_54,Rural Works Dept,02-09-2022,298583
2054,Delhi,Constituency_426,MP_Name_426,Work_55,State PWD,19-05-2022,166338
2055,Gujarat,Constituency_427,MP_Name_427,Work_56,State PWD,27-11-2021,494546
2056,Uttar Pradesh,Constituency_428,MP_Name_428,Work_57,XYZ Builders,27-06-2021,234723
2057,Delhi,Constituency_429,MP_Name_429,Work_58,State PWD,23-06-2022,433227
2058,Tamil Nadu,Constituency_430,MP_Name_430,Work_59,ABC Constructions,17-07-2023,200890
2059,Karnataka,Constituency_431,MP_Name_431,Work_60,State PWD,27-11-2023,349785
2060,Gujarat,Constituency_432,MP_Name_432,Work_61,Global Infra,01-03-2022,142600
2061,Tamil Nadu,Constituency_433,MP_Name_433,Work_62,XYZ Builders,27-03-2023,447501
2062,Uttar Pradesh,Constituency_434,MP_Name_434,Work_63,XYZ Builders,10-11-2021,128027
2063,Maharashtra,Constituency_435,MP_Name_435,Work_64,State PWD,12-06-2022,311885
2064,Delhi,Constituency_436,MP_Name_436,Work_65,ABC Constructions,14-07-2022,346508
2065,Uttar Pradesh,Constituency_437,MP_Name_437,Work_66,Rural Works Dept,07-01-2022,439333
2066,Gujarat,Constituency_438,MP_Name_438,Work_67,ABC Constructions,25-08-2023,469097
2067,Tamil Nadu,Constituency_439,MP_Name_439,Work_68,XYZ Builders,18-03-2021,497479
2068,Karnataka,Constituency_440,MP_Name_440,Work_69,XYZ Builders,19-02-2023,345804
2069,Delhi,Constituency_441,MP_Name_441,Work_70,ABC Constructions,09-07-2023,197409
2070,Delhi,Constituency_442,MP_Name_442,Work_71,Rural Works Dept,22-11-2022,486965
2071,Delhi,Constituency_443,MP_Name_443,Work_72,Rural Works Dept,06-05-2022,110287
2072,Tamil Nadu,Constituency_444,MP_Name_444,Work_73,State PWD,27-06-2022,243855
2073,Uttar Pradesh,Constituency_445,MP_Name_445,Work_74,XYZ Builders,24-08-2023,376501
2074,Tamil Nadu,Constituency_446,MP_Name_446,Work_75,XYZ Builders,05-07-2023,212038
2075,Tamil Nadu,Constituency_447,MP_Name_447,Work_76,Global Infra,28-01-2021,462619
2076,Uttar Pradesh,Constituency_448,MP_Name_448,Work_77,Global Infra,08-01-2022,167806
2077,Tamil Nadu,Constituency_449,MP_Name_449,Work_78,ABC Constructions,15-12-2023,133845
2078,Delhi,Constituency_450,MP_Name_450,Work_79,Rural Works Dept,19-06-2021,140366
2079,Uttar Pradesh,Constituency_451,MP_Name_451,Work_80,Rural Works Dept,23-06-2023,64008
2080,Delhi,Constituency_452,MP_Name_452,Work_81,State PWD,30-01-2023,240547
2081,Uttar Pradesh,Constituency_453,MP_Name_453,Work_82,Global Infra,21-12-2022,392824
2082,Delhi,Constituency_454,MP_Name_454,Work_83,Global Infra,15-07-2021,486956
2083,Gujarat,Constituency_455,MP_Name_455,Work_84,XYZ Builders,05-06-2021,171019
2084,Karnataka,Constituency_456,MP_Name_456,Work_85,ABC Constructions,31-01-2021,497971
2085,Gujarat,Constituency_457,MP_Name_457,Work_86,XYZ Builders,04-05-2022,353788
2086,Uttar Pradesh,Constituency_458,MP_Name_458,Work_87,ABC Constructions,27-06-2022,66272
2087,Maharashtra,Constituency_459,MP_Name_459,Work_88,XYZ Builders,01-01-2022,358682
2088,Gujarat,Constituency_460,MP_Name_460,Work_89,XYZ Builders,25-06-2023,443236
2089,Delhi,Constituency_461,MP_Name_461,Work_90,XYZ Builders,10-01-2021,119657
2090,Gujarat,Constituency_462,MP_Name_462,Work_91,XYZ Builders,30-05-2022,315538
2091,Karnataka,Constituency_463,MP_Name_463,Work_92,XYZ Builders,02-06-2022,268408
2092,Karnataka,Constituency_464,MP_Name_464,Work_93,Global Infra,12-08-2023,60811
2093,Maharashtra,Constituency_465,MP_Name_465,Work_94,Rural Works Dept,26-09-2022,91344
2094,Gujarat,Constituency_466,MP_Name_466,Work_95,State PWD,23-08-2022,458365
2095,Tamil Nadu,Constituency_467,MP_Name_467,Work_96,ABC Constructions,01-01-2021,137514
2096,Maharashtra,Constituency_468,MP_Name_468,Work_97,State PWD,08-12-2021,276299
2097,Tamil Nadu,Constituency_469,MP_Name_469,Work_98,Rural Works Dept,08-09-2023,478229
2098,Tamil Nadu,Constituency_470,MP_Name_470,Work_99,Global Infra,22-11-2022,279894
2099,Maharashtra,Constituency_471,MP_Name_471,Work_100,XYZ Builders,04-04-2022,477805
2100,Delhi,Constituency_472,MP_Name_472,Work_101,State PWD,17-07-2023,390575
2101,Uttar Pradesh,Constituency_473,MP_Name_473,Work_102,XYZ Builders,16-03-2021,97769
2102,Karnataka,Constituency_474,MP_Name_474,Work_103,Rural Works Dept,08-08-2022,423007
2103,Maharashtra,Constituency_475,MP_Name_475,Work_104,Global Infra,30-01-2021,147279
2104,Tamil Nadu,Constituency_476,MP_Name_476,Work_105,XYZ Builders,16-10-2021,479441
2105,Delhi,Constituency_477,MP_Name_477,Work_106,Global Infra,08-11-2022,269247
2106,Delhi,Constituency_478,MP_Name_478,Work_107,ABC Constructions,04-07-2021,415094
2107,Gujarat,Constituency_479,MP_Name_479,Work_108,Global Infra,22-06-2023,483833
2108,Delhi,Constituency_480,MP_Name_480,Work_109,Global Infra,10-11-2022,497212
2109,Uttar Pradesh,Constituency_481,MP_Name_481,Work_110,State PWD,14-12-2021,136603
2110,Maharashtra,Constituency_482,MP_Name_482,Work_111,Global Infra,15-12-2021,342394
2111,Delhi,Constituency_483,MP_Name_483,Work_112,ABC Constructions,19-12-2021,353498
2112,Maharashtra,Constituency_484,MP_Name_484,Work_113,Rural Works Dept,20-09-2022,336023
2113,Gujarat,Constituency_485,MP_Name_485,Work_114,ABC Constructions,06-07-2021,74935
2114,Uttar Pradesh,Constituency_486,MP_Name_486,Work_115,State PWD,28-10-2022,125534
2115,Tamil Nadu,Constituency_487,MP_Name_487,Work_116,State PWD,19-05-2022,225360
2116,Maharashtra,Constituency_488,MP_Name_488,Work_117,Rural Works Dept,22-07-2023,315779
2117,Karnataka,Constituency_489,MP_Name_489,Work_118,Rural Works Dept,30-09-2022,207026
2118,Delhi,Constituency_490,MP_Name_490,Work_119,Rural Works Dept,05-09-2023,379802
2119,Karnataka,Constituency_491,MP_Name_491,Work_120,State PWD,25-08-2022,436450
2120,Uttar Pradesh,Constituency_492,MP_Name_492,Work_121,ABC Constructions,03-08-2022,352142
2121,Karnataka,Constituency_493,MP_Name_493,Work_122,State PWD,19-05-2021,334022
2122,Karnataka,Constituency_494,MP_Name_494,Work_123,ABC Constructions,12-06-2021,290054
2123,Maharashtra,Constituency_495,MP_Name_495,Work_124,Global Infra,12-12-2023,76277
2124,Gujarat,Constituency_496,MP_Name_496,Work_125,State PWD,22-06-2021,176886
2125,Karnataka,Constituency_497,MP_Name_497,Work_126,Rural Works Dept,22-06-2022,202348
2126,Delhi,Constituency_498,MP_Name_498,Work_127,ABC Constructions,25-11-2021,103975
2127,Karnataka,Constituency_499,MP_Name_499,Work_128,Global Infra,05-12-2022,485126
2128,Karnataka,Constituency_500,MP_Name_500,Work_129,Global Infra,10-11-2022,362967
2129,Tamil Nadu,Constituency_501,MP_Name_501,Work_130,XYZ Builders,20-07-2023,481926
2130,Delhi,Constituency_502,MP_Name_502,Work_131,Global Infra,12-12-2023,486062
2131,Karnataka,Constituency_503,MP_Name_503,Work_132,Rural Works Dept,09-09-2022,318377
2132,Karnataka,Constituency_504,MP_Name_504,Work_133,State PWD,12-02-2023,428519
2133,Maharashtra,Constituency_505,MP_Name_505,Work_134,Global Infra,25-08-2022,382586
2134,Maharashtra,Constituency_506,MP_Name_506,Work_135,XYZ Builders,10-03-2023,461010
2135,Gujarat,Constituency_507,MP_Name_507,Work_136,Rural Works Dept,30-09-2021,355575
2136,Maharashtra,Constituency_508,MP_Name_508,Work_137,ABC Constructions,12-05-2022,440215
2137,Uttar Pradesh,Constituency_509,MP_Name_509,Work_138,XYZ Builders,03-04-2021,337285
2138,Delhi,Constituency_510,MP_Name_510,Work_139,ABC Constructions,09-10-2023,498510
2139,Delhi,Constituency_511,MP_Name_511,Work_140,Rural Works Dept,04-09-2023,270921
2140,Gujarat,Constituency_512,MP_Name_512,Work_141,State PWD,31-12-2023,224133
2141,Maharashtra,Constituency_513,MP_Name_513,Work_142,Rural Works Dept,21-01-2023,213829
2142,Karnataka,Constituency_514,MP_Name_514,Work_143,XYZ Builders,19-04-2021,322504
2143,Karnataka,Constituency_515,MP_Name_515,Work_144,ABC Constructions,01-02-2022,264851
2144,Gujarat,Constituency_516,MP_Name_516,Work_145,State PWD,17-01-2021,173710
2145,Gujarat,Constituency_517,MP_Name_517,Work_146,Rural Works Dept,03-02-2021,94251
2146,Tamil Nadu,Constituency_518,MP_Name_518,Work_147,Rural Works Dept,28-02-2021,136058
2147,Uttar Pradesh,Constituency_519,MP_Name_519,Work_148,Rural Works Dept,29-11-2022,70642
2148,Gujarat,Constituency_520,MP_Name_520,Work_149,ABC Constructions,15-10-2022,165085
2149,Karnataka,Constituency_521,MP_Name_521,Work_150,Rural Works Dept,17-04-2021,456350
2150,Karnataka,Constituency_522,MP_Name_522,Work_151,Rural Works Dept,23-05-2022,291896
2151,Maharashtra,Constituency_523,MP_Name_523,Work_152,Global Infra,01-07-2023,239256
2152,Delhi,Constituency_524,MP_Name_524,Work_153,Global Infra,26-01-2022,288423
2153,Gujarat,Constituency_525,MP_Name_525,Work_154,Global Infra,06-04-2022,106948
2154,Gujarat,Constituency_526,MP_Name_526,Work_155,XYZ Builders,11-02-2021,60563
2155,Delhi,Constituency_527,MP_Name_527,Work_156,XYZ Builders,28-05-2022,351980
2156,Delhi,Constituency_528,MP_Name_528,Work_157,ABC Constructions,26-05-2021,197649
2157,Gujarat,Constituency_529,MP_Name_529,Work_158,State PWD,12-03-2023,282639
2158,Delhi,Constituency_530,MP_Name_530,Work_159,State PWD,13-02-2023,64416
2159,Maharashtra,Constituency_531,MP_Name_531,Work_160,ABC Constructions,13-07-2023,459777
2160,Delhi,Constituency_532,MP_Name_532,Work_161,Global Infra,20-10-2021,259916
2161,Tamil Nadu,Constituency_533,MP_Name_533,Work_162,ABC Constructions,15-11-2022,310335
2162,Delhi,Constituency_534,MP_Name_534,Work_163,ABC Constructions,28-05-2023,233841
2163,Delhi,Constituency_535,MP_Name_535,Work_164,Rural Works Dept,21-04-2022,190756
2164,Maharashtra,Constituency_536,MP_Name_536,Work_165,Global Infra,04-03-2021,113207
2165,Tamil Nadu,Constituency_537,MP_Name_537,Work_166,XYZ Builders,04-02-2022,50365
2166,Maharashtra,Constituency_538,MP_Name_538,Work_167,XYZ Builders,22-05-2021,496156
2167,Gujarat,Constituency_539,MP_Name_539,Work_168,XYZ Builders,07-09-2022,180848
2168,Maharashtra,Constituency_540,MP_Name_540,Work_169,ABC Constructions,18-12-2022,324968
2169,Uttar Pradesh,Constituency_541,MP_Name_541,Work_170,Rural Works Dept,12-03-2022,357570
2170,Delhi,Constituency_542,MP_Name_542,Work_171,State PWD,12-08-2022,326221
2171,Karnataka,Constituency_543,MP_Name_543,Work_172,Rural Works Dept,24-05-2022,122213
2172,Uttar Pradesh,Constituency_1,MP_Name_1,Work_173,Global Infra,13-07-2023,82633
2173,Tamil Nadu,Constituency_2,MP_Name_2,Work_174,Global Infra,31-10-2021,365908
2174,Maharashtra,Constituency_3,MP_Name_3,Work_175,Global Infra,13-11-2022,250092
2175,Gujarat,Constituency_4,MP_Name_4,Work_176,State PWD,14-01-2021,499324
2176,Delhi,Constituency_5,MP_Name_5,Work_177,State PWD,28-05-2023,468367
2177,Gujarat,Constituency_6,MP_Name_6,Work_178,XYZ Builders,02-02-2022,62064
2178,Gujarat,Constituency_7,MP_Name_7,Work_179,XYZ Builders,19-09-2023,323205
2179,Karnataka,Constituency_8,MP_Name_8,Work_180,State PWD,26-11-2023,479064
2180,Karnataka,Constituency_9,MP_Name_9,Work_181,Rural Works Dept,18-03-2021,167255
2181,Karnataka,Constituency_10,MP_Name_10,Work_182,ABC Constructions,24-04-2023,481331
2182,Tamil Nadu,Constituency_11,MP_Name_11,Work_183,State PWD,03-12-2021,465039
2183,Uttar Pradesh,Constituency_12,MP_Name_12,Work_184,Global Infra,15-03-2023,409315
2184,Tamil Nadu,Constituency_13,MP_Name_13,Work_185,Rural Works Dept,31-10-2023,392855
2185,Tamil Nadu,Constituency_14,MP_Name_14,Work_186,XYZ Builders,23-07-2023,180784
2186,Karnataka,Constituency_15,MP_Name_15,Work_187,XYZ Builders,13-01-2021,311166
2187,Gujarat,Constituency_16,MP_Name_16,Work_188,XYZ Builders,17-06-2023,465066
2188,Uttar Pradesh,Constituency_17,MP_Name_17,Work_189,Rural Works Dept,23-05-2021,57273
2189,Tamil Nadu,Constituency_18,MP_Name_18,Work_190,State PWD,24-08-2023,413079
2190,Gujarat,Constituency_19,MP_Name_19,Work_191,ABC Constructions,20-05-2021,242405
2191,Uttar Pradesh,Constituency_20,MP_Name_20,Work_192,Rural Works Dept,07-08-2021,377410
2192,Tamil Nadu,Constituency_21,MP_Name_21,Work_193,ABC Constructions,27-01-2021,195549
2193,Delhi,Constituency_22,MP_Name_22,Work_194,XYZ Builders,27-07-2021,237210
2194,Karnataka,Constituency_23,MP_Name_23,Work_195,ABC Constructions,31-01-2022,112883
2195,Delhi,Constituency_24,MP_Name_24,Work_196,Rural Works Dept,10-03-2023,238733
2196,Uttar Pradesh,Constituency_25,MP_Name_25,Work_197,Rural Works Dept,08-03-2021,91003
2197,Delhi,Constituency_26,MP_Name_26,Work_198,ABC Constructions,28-12-2021,467738
2198,Tamil Nadu,Constituency_27,MP_Name_27,Work_199,Rural Works Dept,21-03-2022,66547
2199,Tamil Nadu,Constituency_28,MP_Name_28,Work_200,Global Infra,23-12-2021,291461
2200,Gujarat,Constituency_29,MP_Name_29,Work_1,XYZ Builders,16-02-2022,325376
2201,Karnataka,Constituency_30,MP_Name_30,Work_2,Rural Works Dept,12-01-2021,189216
2202,Uttar Pradesh,Constituency_31,MP_Name_31,Work_3,XYZ Builders,27-11-2022,305603
2203,Delhi,Constituency_32,MP_Name_32,Work_4,XYZ Builders,11-02-2023,190003
2204,Delhi,Constituency_33,MP_Name_33,Work_5,Global Infra,10-02-2023,88732
2205,Tamil Nadu,Constituency_34,MP_Name_34,Work_6,Rural Works Dept,13-05-2021,167256
2206,Maharashtra,Constituency_35,MP_Name_35,Work_7,Global Infra,20-04-2022,125554
2207,Gujarat,Constituency_36,MP_Name_36,Work_8,XYZ Builders,09-09-2022,337361
2208,Maharashtra,Constituency_37,MP_Name_37,Work_9,State PWD,07-10-2021,53982
2209,Delhi,Constituency_38,MP_Name_38,Work_10,Global Infra,22-10-2021,491989
2210,Delhi,Constituency_39,MP_Name_39,Work_11,Global Infra,21-12-2021,97097
2211,Tamil Nadu,Constituency_40,MP_Name_40,Work_12,Rural Works Dept,25-02-2023,333492
2212,Gujarat,Constituency_41,MP_Name_41,Work_13,Rural Works Dept,08-07-2022,75240
2213,Gujarat,Constituency_42,MP_Name_42,Work_14,Global Infra,28-03-2023,124828
2214,Maharashtra,Constituency_43,MP_Name_43,Work_15,State PWD,28-03-2021,427762
2215,Gujarat,Constituency_44,MP_Name_44,Work_16,ABC Constructions,07-04-2021,340134
2216,Gujarat,Constituency_45,MP_Name_45,Work_17,Rural Works Dept,10-12-2023,362234
2217,Delhi,Constituency_46,MP_Name_46,Work_18,ABC Constructions,03-12-2023,323882
2218,Uttar Pradesh,Constituency_47,MP_Name_47,Work_19,XYZ Builders,27-01-2021,81625
2219,Tamil Nadu,Constituency_48,MP_Name_48,Work_20,Rural Works Dept,30-03-2023,473873
2220,Delhi,Constituency_49,MP_Name_49,Work_21,ABC Constructions,13-07-2022,314457
2221,Tamil Nadu,Constituency_50,MP_Name_50,Work_22,XYZ Builders,31-08-2021,435187
2222,Gujarat,Constituency_51,MP_Name_51,Work_23,Global Infra,02-10-2021,436736
2223,Gujarat,Constituency_52,MP_Name_52,Work_24,XYZ Builders,08-02-2022,95299
2224,Gujarat,Constituency_53,MP_Name_53,Work_25,Rural Works Dept,13-08-2021,432746
2225,Delhi,Constituency_54,MP_Name_54,Work_26,Rural Works Dept,09-07-2023,125056
2226,Tamil Nadu,Constituency_55,MP_Name_55,Work_27,ABC Constructions,27-01-2023,250453
2227,Delhi,Constituency_56,MP_Name_56,Work_28,State PWD,24-03-2022,204352
2228,Karnataka,Constituency_57,MP_Name_57,Work_29,ABC Constructions,18-01-2023,88319
2229,Gujarat,Constituency_58,MP_Name_58,Work_30,XYZ Builders,18-12-2022,318496
2230,Karnataka,Constituency_59,MP_Name_59,Work_31,ABC Constructions,11-04-2023,474964
2231,Uttar Pradesh,Constituency_60,MP_Name_60,Work_32,ABC Constructions,02-12-2023,82654
2232,Karnataka,Constituency_61,MP_Name_61,Work_33,XYZ Builders,06-12-2021,278296
2233,Uttar Pradesh,Constituency_62,MP_Name_62,Work_34,State PWD,12-06-2023,294736
2234,Delhi,Constituency_63,MP_Name_63,Work_35,ABC Constructions,22-07-2021,311314
2235,Gujarat,Constituency_64,MP_Name_64,Work_36,Rural Works Dept,16-01-2023,191673
2236,Maharashtra,Constituency_65,MP_Name_65,Work_37,ABC Constructions,29-04-2021,105336
2237,Gujarat,Constituency_66,MP_Name_66,Work_38,ABC Constructions,12-01-2023,366656
2238,Gujarat,Constituency_67,MP_Name_67,Work_39,Rural Works Dept,06-06-2021,176023
2239,Tamil Nadu,Constituency_68,MP_Name_68,Work_40,State PWD,15-08-2023,479959
2240,Delhi,Constituency_69,MP_Name_69,Work_41,State PWD,31-03-2023,338852
2241,Maharashtra,Constituency_70,MP_Name_70,Work_42,State PWD,01-12-2023,421555
2242,Delhi,Constituency_71,MP_Name_71,Work_43,Rural Works Dept,14-04-2023,487054
2243,Tamil Nadu,Constituency_72,MP_Name_72,Work_44,ABC Constructions,10-02-2022,445942
2244,Delhi,Constituency_73,MP_Name_73,Work_45,Global Infra,22-11-2022,128719
2245,Karnataka,Constituency_74,MP_Name_74,Work_46,State PWD,10-05-2021,453674
2246,Gujarat,Constituency_75,MP_Name_75,Work_47,Global Infra,02-03-2021,299952
2247,Karnataka,Constituency_76,MP_Name_76,Work_48,ABC Constructions,19-06-2022,440699
2248,Gujarat,Constituency_77,MP_Name_77,Work_49,ABC Constructions,04-07-2021,127469
2249,Uttar Pradesh,Constituency_78,MP_Name_78,Work_50,ABC Constructions,26-09-2021,52672
2250,Delhi,Constituency_79,MP_Name_79,Work_51,XYZ Builders,19-10-2023,433092
2251,Delhi,Constituency_80,MP_Name_80,Work_52,Global Infra,19-05-2023,296098
2252,Uttar Pradesh,Constituency_81,MP_Name_81,Work_53,State PWD,12-07-2022,379217
2253,Maharashtra,Constituency_82,MP_Name_82,Work_54,ABC Constructions,06-09-2022,188238
2254,Gujarat,Constituency_83,MP_Name_83,Work_55,State PWD,19-03-2022,281946
2255,Gujarat,Constituency_84,MP_Name_84,Work_56,State PWD,23-10-2022,339018
2256,Delhi,Constituency_85,MP_Name_85,Work_57,Rural Works Dept,03-11-2021,274817
2257,Uttar Pradesh,Constituency_86,MP_Name_86,Work_58,ABC Constructions,07-06-2022,257110
2258,Uttar Pradesh,Constituency_87,MP_Name_87,Work_59,Rural Works Dept,15-09-2022,139038
2259,Karnataka,Constituency_88,MP_Name_88,Work_60,State PWD,06-08-2023,204601
2260,Maharashtra,Constituency_89,MP_Name_89,Work_61,State PWD,28-06-2021,482826
2261,Gujarat,Constituency_90,MP_Name_90,Work_62,Rural Works Dept,02-10-2021,412629
2262,Delhi,Constituency_91,MP_Name_91,Work_63,Rural Works Dept,21-09-2021,145602
2263,Karnataka,Constituency_92,MP_Name_92,Work_64,Rural Works Dept,21-09-2021,346209
2264,Tamil Nadu,Constituency_93,MP_Name_93,Work_65,XYZ Builders,10-06-2022,117081
2265,Delhi,Constituency_94,MP_Name_94,Work_66,ABC Constructions,01-06-2021,345993
2266,Uttar Pradesh,Constituency_95,MP_Name_95,Work_67,Rural Works Dept,25-07-2021,179377
2267,Gujarat,Constituency_96,MP_Name_96,Work_68,Rural Works Dept,29-07-2023,197766
2268,Uttar Pradesh,Constituency_97,MP_Name_97,Work_69,State PWD,24-06-2023,243663
2269,Maharashtra,Constituency_98,MP_Name_98,Work_70,Rural Works Dept,19-11-2021,346078
2270,Gujarat,Constituency_99,MP_Name_99,Work_71,XYZ Builders,27-07-2021,495273
2271,Delhi,Constituency_100,MP_Name_100,Work_72,Global Infra,10-01-2021,68647
2272,Uttar Pradesh,Constituency_101,MP_Name_101,Work_73,State PWD,08-02-2023,441572
2273,Tamil Nadu,Constituency_102,MP_Name_102,Work_74,XYZ Builders,24-10-2023,164690
2274,Uttar Pradesh,Constituency_103,MP_Name_103,Work_75,State PWD,14-02-2022,135428
2275,Delhi,Constituency_104,MP_Name_104,Work_76,State PWD,11-12-2023,193541
2276,Delhi,Constituency_105,MP_Name_105,Work_77,XYZ Builders,18-09-2023,352120
2277,Karnataka,Constituency_106,MP_Name_106,Work_78,Rural Works Dept,15-09-2023,300260
2278,Gujarat,Constituency_107,MP_Name_107,Work_79,State PWD,09-02-2023,289933
2279,Delhi,Constituency_108,MP_Name_108,Work_80,XYZ Builders,01-07-2022,463703
2280,Delhi,Constituency_109,MP_Name_109,Work_81,XYZ Builders,25-03-2023,134486
2281,Maharashtra,Constituency_110,MP_Name_110,Work_82,ABC Constructions,15-02-2021,355078
2282,Delhi,Constituency_111,MP_Name_111,Work_83,Rural Works Dept,13-01-2023,197362
2283,Delhi,Constituency_112,MP_Name_112,Work_84,State PWD,18-06-2022,102041
2284,Gujarat,Constituency_113,MP_Name_113,Work_85,State PWD,21-07-2022,341531
2285,Gujarat,Constituency_114,MP_Name_114,Work_86,XYZ Builders,22-04-2022,122873
2286,Delhi,Constituency_115,MP_Name_115,Work_87,Rural Works Dept,26-03-2021,134652
2287,Uttar Pradesh,Constituency_116,MP_Name_116,Work_88,ABC Constructions,11-10-2021,339539
2288,Gujarat,Constituency_117,MP_Name_117,Work_89,Global Infra,09-05-2023,397651
2289,Uttar Pradesh,Constituency_118,MP_Name_118,Work_90,XYZ Builders,28-02-2021,387403
2290,Gujarat,Constituency_119,MP_Name_119,Work_91,Global Infra,27-11-2023,319327
2291,Karnataka,Constituency_120,MP_Name_120,Work_92,Rural Works Dept,15-11-2022,415822
2292,Uttar Pradesh,Constituency_121,MP_Name_121,Work_93,Rural Works Dept,26-05-2022,466195
2293,Uttar Pradesh,Constituency_122,MP_Name_122,Work_94,XYZ Builders,15-07-2023,423611
2294,Delhi,Constituency_123,MP_Name_123,Work_95,Rural Works Dept,13-08-2023,391316
2295,Maharashtra,Constituency_124,MP_Name_124,Work_96,ABC Constructions,12-04-2023,114637
2296,Karnataka,Constituency_125,MP_Name_125,Work_97,Global Infra,16-07-2022,79000
2297,Maharashtra,Constituency_126,MP_Name_126,Work_98,ABC Constructions,29-11-2023,163478
2298,Karnataka,Constituency_127,MP_Name_127,Work_99,Rural Works Dept,13-09-2022,138056
2299,Maharashtra,Constituency_128,MP_Name_128,Work_100,ABC Constructions,07-08-2021,276287
2300,Tamil Nadu,Constituency_129,MP_Name_129,Work_101,Global Infra,15-07-2022,422439
2301,Uttar Pradesh,Constituency_130,MP_Name_130,Work_102,State PWD,04-06-2023,451731
2302,Maharashtra,Constituency_131,MP_Name_131,Work_103,XYZ Builders,31-05-2022,95015
2303,Tamil Nadu,Constituency_132,MP_Name_132,Work_104,XYZ Builders,26-09-2023,106101
2304,Karnataka,Constituency_133,MP_Name_133,Work_105,State PWD,27-09-2023,409851
2305,Karnataka,Constituency_134,MP_Name_134,Work_106,ABC Constructions,01-02-2021,193122
2306,Delhi,Constituency_135,MP_Name_135,Work_107,State PWD,27-06-2023,493563
2307,Maharashtra,Constituency_136,MP_Name_136,Work_108,Rural Works Dept,11-05-2022,129576
2308,Maharashtra,Constituency_137,MP_Name_137,Work_109,XYZ Builders,21-11-2023,416934
2309,Karnataka,Constituency_138,MP_Name_138,Work_110,ABC Constructions,11-05-2023,231754
2310,Gujarat,Constituency_139,MP_Name_139,Work_111,Rural Works Dept,26-11-2023,129836
2311,Gujarat,Constituency_140,MP_Name_140,Work_112,Global Infra,08-10-2021,393375
2312,Gujarat,Constituency_141,MP_Name_141,Work_113,ABC Constructions,08-07-2021,126824
2313,Tamil Nadu,Constituency_142,MP_Name_142,Work_114,ABC Constructions,01-08-2022,242066
2314,Karnataka,Constituency_143,MP_Name_143,Work_115,State PWD,20-07-2023,479917
2315,Uttar Pradesh,Constituency_144,MP_Name_144,Work_116,Global Infra,21-08-2022,319546
2316,Gujarat,Constituency_145,MP_Name_145,Work_117,Global Infra,24-06-2023,297080
2317,Tamil Nadu,Constituency_146,MP_Name_146,Work_118,Rural Works Dept,26-06-2021,421946
2318,Tamil Nadu,Constituency_147,MP_Name_147,Work_119,XYZ Builders,18-06-2021,198449
2319,Delhi,Constituency_148,MP_Name_148,Work_120,Global Infra,03-04-2021,418819
2320,Karnataka,Constituency_149,MP_Name_149,Work_121,XYZ Builders,29-01-2023,317223
2321,Uttar Pradesh,Constituency_150,MP_Name_150,Work_122,Rural Works Dept,11-04-2023,323207
2322,Delhi,Constituency_151,MP_Name_151,Work_123,ABC Constructions,23-05-2022,487927
2323,Tamil Nadu,Constituency_152,MP_Name_152,Work_124,XYZ Builders,17-04-2023,58523
2324,Gujarat,Constituency_153,MP_Name_153,Work_125,ABC Constructions,19-02-2021,241651
2325,Karnataka,Constituency_154,MP_Name_154,Work_126,Global Infra,24-11-2022,123687
2326,Tamil Nadu,Constituency_155,MP_Name_155,Work_127,State PWD,17-04-2022,406835
2327,Uttar Pradesh,Constituency_156,MP_Name_156,Work_128,Rural Works Dept,03-10-2023,278546
2328,Karnataka,Constituency_157,MP_Name_157,Work_129,Rural Works Dept,30-01-2022,263374
2329,Tamil Nadu,Constituency_158,MP_Name_158,Work_130,ABC Constructions,29-07-2023,204252
2330,Karnataka,Constituency_159,MP_Name_159,Work_131,Global Infra,05-07-2023,64756
2331,Gujarat,Constituency_160,MP_Name_160,Work_132,Rural Works Dept,10-01-2022,281299
2332,Gujarat,Constituency_161,MP_Name_161,Work_133,XYZ Builders,24-08-2023,355837
2333,Maharashtra,Constituency_162,MP_Name_162,Work_134,Rural Works Dept,13-04-2021,188219
2334,Tamil Nadu,Constituency_163,MP_Name_163,Work_135,Rural Works Dept,06-09-2021,228314
2335,Uttar Pradesh,Constituency_164,MP_Name_164,Work_136,State PWD,24-08-2023,299453
2336,Maharashtra,Constituency_165,MP_Name_165,Work_137,XYZ Builders,06-04-2022,162712
2337,Delhi,Constituency_166,MP_Name_166,Work_138,XYZ Builders,29-01-2023,110034
2338,Maharashtra,Constituency_167,MP_Name_167,Work_139,ABC Constructions,09-06-2023,414506
2339,Tamil Nadu,Constituency_168,MP_Name_168,Work_140,State PWD,01-07-2022,289192
2340,Uttar Pradesh,Constituency_169,MP_Name_169,Work_141,XYZ Builders,20-11-2021,390833
2341,Gujarat,Constituency_170,MP_Name_170,Work_142,State PWD,06-01-2022,113819
2342,Delhi,Constituency_171,MP_Name_171,Work_143,Rural Works Dept,22-05-2023,387513
2343,Karnataka,Constituency_172,MP_Name_172,Work_144,ABC Constructions,11-01-2023,223337
2344,Gujarat,Constituency_173,MP_Name_173,Work_145,Rural Works Dept,14-12-2022,423404
2345,Gujarat,Constituency_174,MP_Name_174,Work_146,Global Infra,07-08-2023,62477
2346,Gujarat,Constituency_175,MP_Name_175,Work_147,Global Infra,22-06-2023,286713
2347,Uttar Pradesh,Constituency_176,MP_Name_176,Work_148,State PWD,18-08-2022,416499
2348,Tamil Nadu,Constituency_177,MP_Name_177,Work_149,ABC Constructions,10-10-2023,134640
2349,Tamil Nadu,Constituency_178,MP_Name_178,Work_150,ABC Constructions,07-08-2022,411948
2350,Delhi,Constituency_179,MP_Name_179,Work_151,Rural Works Dept,15-08-2022,326245
2351,Maharashtra,Constituency_180,MP_Name_180,Work_152,Global Infra,17-05-2021,397305
2352,Karnataka,Constituency_181,MP_Name_181,Work_153,State PWD,17-12-2021,357365
2353,Tamil Nadu,Constituency_182,MP_Name_182,Work_154,Rural Works Dept,10-12-2023,293723
2354,Gujarat,Constituency_183,MP_Name_183,Work_155,ABC Constructions,21-10-2023,64837
2355,Uttar Pradesh,Constituency_184,MP_Name_184,Work_156,State PWD,17-10-2023,299290
2356,Uttar Pradesh,Constituency_185,MP_Name_185,Work_157,XYZ Builders,01-05-2022,434392
2357,Tamil Nadu,Constituency_186,MP_Name_186,Work_158,Rural Works Dept,21-11-2022,233072
2358,Uttar Pradesh,Constituency_187,MP_Name_187,Work_159,Rural Works Dept,21-08-2022,331992
2359,Gujarat,Constituency_188,MP_Name_188,Work_160,ABC Constructions,05-03-2021,413751
2360,Delhi,Constituency_189,MP_Name_189,Work_161,ABC Constructions,12-09-2022,308902
2361,Tamil Nadu,Constituency_190,MP_Name_190,Work_162,State PWD,15-02-2023,451265
2362,Uttar Pradesh,Constituency_191,MP_Name_191,Work_163,Rural Works Dept,11-02-2022,389058
2363,Tamil Nadu,Constituency_192,MP_Name_192,Work_164,State PWD,08-12-2023,178189
2364,Tamil Nadu,Constituency_193,MP_Name_193,Work_165,XYZ Builders,03-01-2022,440800
2365,Tamil Nadu,Constituency_194,MP_Name_194,Work_166,Global Infra,01-02-2021,498979
2366,Uttar Pradesh,Constituency_195,MP_Name_195,Work_167,ABC Constructions,01-08-2021,213648
2367,Gujarat,Constituency_196,MP_Name_196,Work_168,ABC Constructions,09-01-2022,229246
2368,Karnataka,Constituency_197,MP_Name_197,Work_169,Global Infra,05-10-2021,404505
2369,Gujarat,Constituency_198,MP_Name_198,Work_170,State PWD,02-10-2022,427300
2370,Karnataka,Constituency_199,MP_Name_199,Work_171,State PWD,06-11-2023,393630
2371,Uttar Pradesh,Constituency_200,MP_Name_200,Work_172,ABC Constructions,06-05-2022,272615
2372,Delhi,Constituency_201,MP_Name_201,Work_173,XYZ Builders,06-06-2021,164920
2373,Delhi,Constituency_202,MP_Name_202,Work_174,Global Infra,04-09-2023,489231
2374,Tamil Nadu,Constituency_203,MP_Name_203,Work_175,Rural Works Dept,29-01-2022,384515
2375,Uttar Pradesh,Constituency_204,MP_Name_204,Work_176,XYZ Builders,02-02-2023,68856
2376,Delhi,Constituency_205,MP_Name_205,Work_177,Rural Works Dept,22-06-2022,186467
2377,Tamil Nadu,Constituency_206,MP_Name_206,Work_178,ABC Constructions,07-06-2022,171246
2378,Tamil Nadu,Constituency_207,MP_Name_207,Work_179,Global Infra,29-04-2023,246661
2379,Maharashtra,Constituency_208,MP_Name_208,Work_180,Rural Works Dept,11-04-2021,80404
2380,Gujarat,Constituency_209,MP_Name_209,Work_181,XYZ Builders,09-03-2022,142707
2381,Delhi,Constituency_210,MP_Name_210,Work_182,Rural Works Dept,10-10-2021,105785
2382,Tamil Nadu,Constituency_211,MP_Name_211,Work_183,ABC Constructions,18-09-2022,148391
2383,Karnataka,Constituency_212,MP_Name_212,Work_184,XYZ Builders,08-01-2021,368429
2384,Karnataka,Constituency_213,MP_Name_213,Work_185,XYZ Builders,30-06-2023,103458
2385,Tamil Nadu,Constituency_214,MP_Name_214,Work_186,State PWD,06-08-2021,423330
2386,Karnataka,Constituency_215,MP_Name_215,Work_187,ABC Constructions,20-06-2022,263212
2387,Gujarat,Constituency_216,MP_Name_216,Work_188,Rural Works Dept,16-01-2021,230024
2388,Tamil Nadu,Constituency_217,MP_Name_217,Work_189,ABC Constructions,30-08-2023,221933
2389,Uttar Pradesh,Constituency_218,MP_Name_218,Work_190,Rural Works Dept,26-08-2023,458684
2390,Maharashtra,Constituency_219,MP_Name_219,Work_191,ABC Constructions,06-01-2021,294079
2391,Karnataka,Constituency_220,MP_Name_220,Work_192,Global Infra,05-03-2022,478277
2392,Uttar Pradesh,Constituency_221,MP_Name_221,Work_193,ABC Constructions,26-11-2023,366970
2393,Delhi,Constituency_222,MP_Name_222,Work_194,Global Infra,01-09-2022,188552
2394,Karnataka,Constituency_223,MP_Name_223,Work_195,XYZ Builders,25-11-2023,345491
2395,Tamil Nadu,Constituency_224,MP_Name_224,Work_196,Global Infra,22-09-2021,116304
2396,Karnataka,Constituency_225,MP_Name_225,Work_197,Global Infra,18-01-2021,291221
2397,Maharashtra,Constituency_226,MP_Name_226,Work_198,Rural Works Dept,20-09-2022,469831
2398,Gujarat,Constituency_227,MP_Name_227,Work_199,Rural Works Dept,28-10-2022,198148
2399,Tamil Nadu,Constituency_228,MP_Name_228,Work_200,ABC Constructions,27-05-2021,191045
2400,Gujarat,Constituency_229,MP_Name_229,Work_1,Global Infra,09-04-2021,268351
2401,Tamil Nadu,Constituency_230,MP_Name_230,Work_2,Rural Works Dept,30-06-2022,356478
2402,Delhi,Constituency_231,MP_Name_231,Work_3,Global Infra,19-05-2021,395731
2403,Gujarat,Constituency_232,MP_Name_232,Work_4,State PWD,29-04-2022,92036
2404,Gujarat,Constituency_233,MP_Name_233,Work_5,XYZ Builders,27-06-2022,274469
2405,Gujarat,Constituency_234,MP_Name_234,Work_6,Global Infra,22-01-2021,224557
2406,Uttar Pradesh,Constituency_235,MP_Name_235,Work_7,ABC Constructions,03-09-2022,285366
2407,Karnataka,Constituency_236,MP_Name_236,Work_8,State PWD,03-08-2021,476457
2408,Delhi,Constituency_237,MP_Name_237,Work_9,XYZ Builders,11-06-2023,260172
2409,Uttar Pradesh,Constituency_238,MP_Name_238,Work_10,Global Infra,04-10-2023,326731
2410,Uttar Pradesh,Constituency_239,MP_Name_239,Work_11,ABC Constructions,26-08-2021,223828
2411,Uttar Pradesh,Constituency_240,MP_Name_240,Work_12,XYZ Builders,26-07-2021,238491
2412,Karnataka,Constituency_241,MP_Name_241,Work_13,Rural Works Dept,23-12-2022,264491
2413,Gujarat,Constituency_242,MP_Name_242,Work_14,XYZ Builders,24-06-2023,336076
2414,Delhi,Constituency_243,MP_Name_243,Work_15,State PWD,03-04-2022,63186
2415,Gujarat,Constituency_244,MP_Name_244,Work_16,ABC Constructions,18-03-2023,454727
2416,Karnataka,Constituency_245,MP_Name_245,Work_17,XYZ Builders,20-12-2023,157158
2417,Gujarat,Constituency_246,MP_Name_246,Work_18,Global Infra,07-08-2022,305998
2418,Maharashtra,Constituency_247,MP_Name_247,Work_19,Rural Works Dept,07-07-2023,414125
2419,Delhi,Constituency_248,MP_Name_248,Work_20,State PWD,24-04-2022,115890
2420,Karnataka,Constituency_249,MP_Name_249,Work_21,XYZ Builders,29-08-2023,468897
2421,Karnataka,Constituency_250,MP_Name_250,Work_22,XYZ Builders,27-06-2022,152044
2422,Karnataka,Constituency_251,MP_Name_251,Work_23,State PWD,31-03-2021,360905
2423,Tamil Nadu,Constituency_252,MP_Name_252,Work_24,Rural Works Dept,24-03-2023,333338
2424,Gujarat,Constituency_253,MP_Name_253,Work_25,State PWD,23-07-2022,427590
2425,Uttar Pradesh,Constituency_254,MP_Name_254,Work_26,XYZ Builders,16-05-2021,199739
2426,Maharashtra,Constituency_255,MP_Name_255,Work_27,ABC Constructions,14-04-2022,471619
2427,Tamil Nadu,Constituency_256,MP_Name_256,Work_28,Rural Works Dept,08-10-2022,462058
2428,Karnataka,Constituency_257,MP_Name_257,Work_29,Global Infra,29-12-2023,323122
2429,Gujarat,Constituency_258,MP_Name_258,Work_30,Rural Works Dept,08-11-2022,443904
2430,Karnataka,Constituency_259,MP_Name_259,Work_31,State PWD,15-01-2023,131220
2431,Delhi,Constituency_260,MP_Name_260,Work_32,State PWD,17-11-2022,133469
2432,Gujarat,Constituency_261,MP_Name_261,Work_33,Global Infra,12-09-2023,167984
2433,Delhi,Constituency_262,MP_Name_262,Work_34,XYZ Builders,09-11-2021,117973
2434,Uttar Pradesh,Constituency_263,MP_Name_263,Work_35,Rural Works Dept,22-02-2022,285078
2435,Karnataka,Constituency_264,MP_Name_264,Work_36,Rural Works Dept,04-04-2023,86512
2436,Uttar Pradesh,Constituency_265,MP_Name_265,Work_37,XYZ Builders,16-05-2023,269113
2437,Gujarat,Constituency_266,MP_Name_266,Work_38,XYZ Builders,14-11-2023,434125
2438,Tamil Nadu,Constituency_267,MP_Name_267,Work_39,XYZ Builders,03-08-2022,402203
2439,Gujarat,Constituency_268,MP_Name_268,Work_40,ABC Constructions,19-10-2021,484079
2440,Delhi,Constituency_269,MP_Name_269,Work_41,Rural Works Dept,20-04-2021,115642
2441,Gujarat,Constituency_270,MP_Name_270,Work_42,ABC Constructions,20-12-2021,263528
2442,Karnataka,Constituency_271,MP_Name_271,Work_43,Rural Works Dept,11-01-2022,211095
2443,Uttar Pradesh,Constituency_272,MP_Name_272,Work_44,Rural Works Dept,16-08-2021,164561
2444,Delhi,Constituency_273,MP_Name_273,Work_45,Rural Works Dept,13-04-2021,360816
2445,Maharashtra,Constituency_274,MP_Name_274,Work_46,ABC Constructions,11-03-2022,153844
2446,Gujarat,Constituency_275,MP_Name_275,Work_47,Global Infra,14-06-2023,96505
2447,Uttar Pradesh,Constituency_276,MP_Name_276,Work_48,ABC Constructions,11-12-2022,218211
2448,Tamil Nadu,Constituency_277,MP_Name_277,Work_49,ABC Constructions,21-03-2023,284145
2449,Gujarat,Constituency_278,MP_Name_278,Work_50,XYZ Builders,12-02-2021,184493
2450,Uttar Pradesh,Constituency_279,MP_Name_279,Work_51,XYZ Builders,04-09-2023,217288
2451,Karnataka,Constituency_280,MP_Name_280,Work_52,ABC Constructions,25-10-2021,435193
2452,Tamil Nadu,Constituency_281,MP_Name_281,Work_53,Rural Works Dept,18-08-2023,191783
2453,Gujarat,Constituency_282,MP_Name_282,Work_54,Global Infra,19-11-2022,179149
2454,Uttar Pradesh,Constituency_283,MP_Name_283,Work_55,Global Infra,15-03-2021,401370
2455,Uttar Pradesh,Constituency_284,MP_Name_284,Work_56,Rural Works Dept,12-01-2021,92136
2456,Karnataka,Constituency_285,MP_Name_285,Work_57,Rural Works Dept,29-06-2022,254988
2457,Maharashtra,Constituency_286,MP_Name_286,Work_58,ABC Constructions,20-03-2022,244800
2458,Delhi,Constituency_287,MP_Name_287,Work_59,State PWD,03-06-2022,229571
2459,Uttar Pradesh,Constituency_288,MP_Name_288,Work_60,State PWD,10-09-2022,387681
2460,Uttar Pradesh,Constituency_289,MP_Name_289,Work_61,Rural Works Dept,08-10-2022,196684
2461,Uttar Pradesh,Constituency_290,MP_Name_290,Work_62,Rural Works Dept,11-10-2023,124694
2462,Delhi,Constituency_291,MP_Name_291,Work_63,Global Infra,16-03-2021,165282
2463,Maharashtra,Constituency_292,MP_Name_292,Work_64,ABC Constructions,26-07-2023,477549
2464,Karnataka,Constituency_293,MP_Name_293,Work_65,Global Infra,28-10-2021,259157
2465,Tamil Nadu,Constituency_294,MP_Name_294,Work_66,Global Infra,20-07-2022,154078
2466,Tamil Nadu,Constituency_295,MP_Name_295,Work_67,ABC Constructions,09-06-2022,155716
2467,Maharashtra,Constituency_296,MP_Name_296,Work_68,XYZ Builders,20-10-2022,288914
2468,Delhi,Constituency_297,MP_Name_297,Work_69,State PWD,27-06-2023,454120
2469,Karnataka,Constituency_298,MP_Name_298,Work_70,Rural Works Dept,13-02-2022,346977
2470,Delhi,Constituency_299,MP_Name_299,Work_71,XYZ Builders,23-06-2023,228665
2471,Maharashtra,Constituency_300,MP_Name_300,Work_72,ABC Constructions,20-11-2021,424102
2472,Uttar Pradesh,Constituency_301,MP_Name_301,Work_73,Global Infra,22-07-2023,134387
2473,Tamil Nadu,Constituency_302,MP_Name_302,Work_74,ABC Constructions,06-01-2023,220452
2474,Karnataka,Constituency_303,MP_Name_303,Work_75,ABC Constructions,07-02-2023,473289
2475,Delhi,Constituency_304,MP_Name_304,Work_76,ABC Constructions,29-07-2023,122920
2476,Delhi,Constituency_305,MP_Name_305,Work_77,State PWD,17-05-2022,359720
2477,Maharashtra,Constituency_306,MP_Name_306,Work_78,State PWD,15-02-2022,163802
2478,Maharashtra,Constituency_307,MP_Name_307,Work_79,State PWD,14-05-2022,150176
2479,Karnataka,Constituency_308,MP_Name_308,Work_80,ABC Constructions,07-01-2021,157823
2480,Karnataka,Constituency_309,MP_Name_309,Work_81,ABC Constructions,18-08-2021,387658
2481,Tamil Nadu,Constituency_310,MP_Name_310,Work_82,State PWD,12-07-2023,230604
2482,Uttar Pradesh,Constituency_311,MP_Name_311,Work_83,Rural Works Dept,19-02-2023,292223
2483,Tamil Nadu,Constituency_312,MP_Name_312,Work_84,State PWD,24-09-2022,455937
2484,Uttar Pradesh,Constituency_313,MP_Name_313,Work_85,State PWD,27-06-2021,470669
2485,Karnataka,Constituency_314,MP_Name_314,Work_86,Rural Works Dept,04-02-2021,461314
2486,Tamil Nadu,Constituency_315,MP_Name_315,Work_87,Rural Works Dept,28-08-2021,223128
2487,Uttar Pradesh,Constituency_316,MP_Name_316,Work_88,Rural Works Dept,01-11-2023,199064
2488,Tamil Nadu,Constituency_317,MP_Name_317,Work_89,Rural Works Dept,12-09-2023,71950
2489,Karnataka,Constituency_318,MP_Name_318,Work_90,Global Infra,16-06-2022,367476
2490,Maharashtra,Constituency_319,MP_Name_319,Work_91,XYZ Builders,02-10-2022,145048
2491,Karnataka,Constituency_320,MP_Name_320,Work_92,State PWD,03-07-2021,156588
2492,Tamil Nadu,Constituency_321,MP_Name_321,Work_93,Global Infra,23-03-2022,66183
2493,Gujarat,Constituency_322,MP_Name_322,Work_94,Rural Works Dept,23-12-2023,350010
2494,Tamil Nadu,Constituency_323,MP_Name_323,Work_95,State PWD,27-04-2023,422682
2495,Tamil Nadu,Constituency_324,MP_Name_324,Work_96,ABC Constructions,31-12-2022,210659
2496,Maharashtra,Constituency_325,MP_Name_325,Work_97,Global Infra,18-04-2021,374281
2497,Uttar Pradesh,Constituency_326,MP_Name_326,Work_98,ABC Constructions,15-05-2021,171810
2498,Karnataka,Constituency_327,MP_Name_327,Work_99,Rural Works Dept,16-03-2021,384563
2499,Uttar Pradesh,Constituency_328,MP_Name_328,Work_100,Rural Works Dept,24-10-2021,463344
2500,Uttar Pradesh,Constituency_329,MP_Name_329,Work_101,ABC Constructions,30-12-2022,66149
2501,Gujarat,Constituency_330,MP_Name_330,Work_102,Global Infra,18-11-2023,350040
2502,Karnataka,Constituency_331,MP_Name_331,Work_103,ABC Constructions,13-10-2021,83265
2503,Uttar Pradesh,Constituency_332,MP_Name_332,Work_104,State PWD,23-04-2021,417592
2504,Uttar Pradesh,Constituency_333,MP_Name_333,Work_105,State PWD,18-10-2023,138444
2505,Maharashtra,Constituency_334,MP_Name_334,Work_106,Global Infra,10-02-2022,274638
2506,Tamil Nadu,Constituency_335,MP_Name_335,Work_107,ABC Constructions,23-03-2023,148979
2507,Gujarat,Constituency_336,MP_Name_336,Work_108,State PWD,03-09-2021,427573
2508,Maharashtra,Constituency_337,MP_Name_337,Work_109,State PWD,03-06-2022,137148
2509,Maharashtra,Constituency_338,MP_Name_338,Work_110,Rural Works Dept,24-09-2022,162171
2510,Uttar Pradesh,Constituency_339,MP_Name_339,Work_111,ABC Constructions,13-01-2021,363929
2511,Delhi,Constituency_340,MP_Name_340,Work_112,Rural Works Dept,05-12-2022,486820
2512,Gujarat,Constituency_341,MP_Name_341,Work_113,ABC Constructions,11-12-2021,306390
2513,Karnataka,Constituency_342,MP_Name_342,Work_114,Global Infra,10-12-2021,471123
2514,Tamil Nadu,Constituency_343,MP_Name_343,Work_115,Global Infra,05-10-2021,117420
2515,Tamil Nadu,Constituency_344,MP_Name_344,Work_116,ABC Constructions,15-07-2023,69153
2516,Karnataka,Constituency_345,MP_Name_345,Work_117,XYZ Builders,21-03-2023,330895
2517,Tamil Nadu,Constituency_346,MP_Name_346,Work_118,Rural Works Dept,07-01-2023,494990
2518,Tamil Nadu,Constituency_347,MP_Name_347,Work_119,Global Infra,19-04-2022,292608
2519,Delhi,Constituency_348,MP_Name_348,Work_120,Global Infra,06-03-2023,171292
2520,Maharashtra,Constituency_349,MP_Name_349,Work_121,Global Infra,27-10-2021,154228
2521,Uttar Pradesh,Constituency_350,MP_Name_350,Work_122,State PWD,06-04-2022,202565
2522,Uttar Pradesh,Constituency_351,MP_Name_351,Work_123,State PWD,17-11-2021,212146
2523,Delhi,Constituency_352,MP_Name_352,Work_124,XYZ Builders,22-06-2023,314822
2524,Tamil Nadu,Constituency_353,MP_Name_353,Work_125,Rural Works Dept,21-08-2023,470690
2525,Delhi,Constituency_354,MP_Name_354,Work_126,Rural Works Dept,24-06-2022,170154
2526,Karnataka,Constituency_355,MP_Name_355,Work_127,State PWD,02-03-2022,321115
2527,Karnataka,Constituency_356,MP_Name_356,Work_128,Rural Works Dept,03-06-2023,353934
2528,Delhi,Constituency_357,MP_Name_357,Work_129,ABC Constructions,02-04-2023,404781
2529,Karnataka,Constituency_358,MP_Name_358,Work_130,ABC Constructions,09-11-2023,455177
2530,Delhi,Constituency_359,MP_Name_359,Work_131,Global Infra,12-08-2021,315080
2531,Karnataka,Constituency_360,MP_Name_360,Work_132,State PWD,07-04-2023,161995
2532,Tamil Nadu,Constituency_361,MP_Name_361,Work_133,State PWD,01-02-2023,110403
2533,Maharashtra,Constituency_362,MP_Name_362,Work_134,State PWD,15-02-2022,348536
2534,Karnataka,Constituency_363,MP_Name_363,Work_135,Rural Works Dept,17-03-2021,155731
2535,Delhi,Constituency_364,MP_Name_364,Work_136,Rural Works Dept,04-04-2023,356451
2536,Maharashtra,Constituency_365,MP_Name_365,Work_137,Rural Works Dept,02-01-2023,58377
2537,Gujarat,Constituency_366,MP_Name_366,Work_138,State PWD,02-04-2023,237953
2538,Delhi,Constituency_367,MP_Name_367,Work_139,Global Infra,01-10-2023,339825
2539,Tamil Nadu,Constituency_368,MP_Name_368,Work_140,State PWD,18-10-2023,165382
2540,Tamil Nadu,Constituency_369,MP_Name_369,Work_141,Global Infra,29-06-2021,139082
2541,Uttar Pradesh,Constituency_370,MP_Name_370,Work_142,ABC Constructions,10-09-2023,401160
2542,Maharashtra,Constituency_371,MP_Name_371,Work_143,XYZ Builders,27-04-2022,392494
2543,Uttar Pradesh,Constituency_372,MP_Name_372,Work_144,ABC Constructions,27-12-2022,98154
2544,Karnataka,Constituency_373,MP_Name_373,Work_145,State PWD,17-10-2023,425541
2545,Uttar Pradesh,Constituency_374,MP_Name_374,Work_146,Global Infra,04-01-2021,378650
2546,Gujarat,Constituency_375,MP_Name_375,Work_147,XYZ Builders,15-03-2021,410951
2547,Tamil Nadu,Constituency_376,MP_Name_376,Work_148,Rural Works Dept,26-01-2022,217388
2548,Karnataka,Constituency_377,MP_Name_377,Work_149,State PWD,12-01-2021,75339
2549,Uttar Pradesh,Constituency_378,MP_Name_378,Work_150,Global Infra,28-07-2022,87873
2550,Tamil Nadu,Constituency_379,MP_Name_379,Work_151,Global Infra,21-03-2022,82783
2551,Gujarat,Constituency_380,MP_Name_380,Work_152,Rural Works Dept,20-05-2021,237576
2552,Gujarat,Constituency_381,MP_Name_381,Work_153,Global Infra,21-02-2023,125016
2553,Gujarat,Constituency_382,MP_Name_382,Work_154,State PWD,30-06-2022,484731
2554,Gujarat,Constituency_383,MP_Name_383,Work_155,XYZ Builders,25-07-2022,446884
2555,Uttar Pradesh,Constituency_384,MP_Name_384,Work_156,XYZ Builders,17-09-2022,61477
2556,Karnataka,Constituency_385,MP_Name_385,Work_157,State PWD,06-07-2023,411783
2557,Gujarat,Constituency_386,MP_Name_386,Work_158,XYZ Builders,22-10-2023,131790
2558,Uttar Pradesh,Constituency_387,MP_Name_387,Work_159,XYZ Builders,10-02-2022,194226
2559,Uttar Pradesh,Constituency_388,MP_Name_388,Work_160,XYZ Builders,24-04-2021,468177
2560,Tamil Nadu,Constituency_389,MP_Name_389,Work_161,ABC Constructions,02-06-2023,244288
2561,Tamil Nadu,Constituency_390,MP_Name_390,Work_162,Global Infra,09-06-2023,440238
2562,Tamil Nadu,Constituency_391,MP_Name_391,Work_163,Rural Works Dept,06-11-2023,499427
2563,Uttar Pradesh,Constituency_392,MP_Name_392,Work_164,ABC Constructions,11-03-2021,407089
2564,Delhi,Constituency_393,MP_Name_393,Work_165,Rural Works Dept,07-06-2022,196500
2565,Maharashtra,Constituency_394,MP_Name_394,Work_166,ABC Constructions,24-09-2022,436132
2566,Tamil Nadu,Constituency_395,MP_Name_395,Work_167,Global Infra,22-02-2023,436946
2567,Maharashtra,Constituency_396,MP_Name_396,Work_168,Global Infra,04-10-2022,101768
2568,Maharashtra,Constituency_397,MP_Name_397,Work_169,XYZ Builders,20-03-2023,448803
2569,Karnataka,Constituency_398,MP_Name_398,Work_170,Rural Works Dept,25-04-2021,425278
2570,Uttar Pradesh,Constituency_399,MP_Name_399,Work_171,Rural Works Dept,19-03-2022,336270
2571,Gujarat,Constituency_400,MP_Name_400,Work_172,ABC Constructions,01-02-2023,479392
2572,Maharashtra,Constituency_401,MP_Name_401,Work_173,State PWD,08-12-2021,426946
2573,Uttar Pradesh,Constituency_402,MP_Name_402,Work_174,ABC Constructions,07-07-2021,480058
2574,Uttar Pradesh,Constituency_403,MP_Name_403,Work_175,State PWD,23-05-2023,289638
2575,Karnataka,Constituency_404,MP_Name_404,Work_176,XYZ Builders,10-07-2022,394298
2576,Maharashtra,Constituency_405,MP_Name_405,Work_177,Rural Works Dept,17-11-2023,480380
2577,Gujarat,Constituency_406,MP_Name_406,Work_178,ABC Constructions,27-06-2021,180461
2578,Karnataka,Constituency_407,MP_Name_407,Work_179,XYZ Builders,04-09-2021,101642
2579,Uttar Pradesh,Constituency_408,MP_Name_408,Work_180,Global Infra,04-05-2021,309776
2580,Uttar Pradesh,Constituency_409,MP_Name_409,Work_181,XYZ Builders,08-06-2021,472045
2581,Uttar Pradesh,Constituency_410,MP_Name_410,Work_182,ABC Constructions,08-10-2021,282656
2582,Karnataka,Constituency_411,MP_Name_411,Work_183,Global Infra,08-06-2021,129843
2583,Gujarat,Constituency_412,MP_Name_412,Work_184,State PWD,30-05-2021,137463
2584,Karnataka,Constituency_413,MP_Name_413,Work_185,State PWD,24-05-2022,213681
2585,Tamil Nadu,Constituency_414,MP_Name_414,Work_186,State PWD,08-11-2021,312756
2586,Uttar Pradesh,Constituency_415,MP_Name_415,Work_187,Global Infra,08-04-2023,161974
2587,Karnataka,Constituency_416,MP_Name_416,Work_188,ABC Constructions,12-01-2021,80742
2588,Karnataka,Constituency_417,MP_Name_417,Work_189,Global Infra,03-04-2022,182132
2589,Delhi,Constituency_418,MP_Name_418,Work_190,State PWD,20-09-2023,333664
2590,Karnataka,Constituency_419,MP_Name_419,Work_191,ABC Constructions,19-06-2021,377701
2591,Maharashtra,Constituency_420,MP_Name_420,Work_192,Rural Works Dept,09-05-2022,196570
2592,Delhi,Constituency_421,MP_Name_421,Work_193,Global Infra,17-04-2023,354778
2593,Gujarat,Constituency_422,MP_Name_422,Work_194,State PWD,15-03-2022,458470
2594,Gujarat,Constituency_423,MP_Name_423,Work_195,Global Infra,02-03-2023,56454
2595,Uttar Pradesh,Constituency_424,MP_Name_424,Work_196,XYZ Builders,20-07-2023,413664
2596,Gujarat,Constituency_425,MP_Name_425,Work_197,ABC Constructions,25-12-2022,101399
2597,Delhi,Constituency_426,MP_Name_426,Work_198,Global Infra,07-06-2021,364910
2598,Tamil Nadu,Constituency_427,MP_Name_427,Work_199,Global Infra,18-08-2023,92968
2599,Tamil Nadu,Constituency_428,MP_Name_428,Work_200,XYZ Builders,14-01-2022,242306
2600,Maharashtra,Constituency_429,MP_Name_429,Work_1,State PWD,13-05-2023,120667
2601,Uttar Pradesh,Constituency_430,MP_Name_430,Work_2,Rural Works Dept,05-05-2022,378249
2602,Maharashtra,Constituency_431,MP_Name_431,Work_3,Rural Works Dept,11-07-2023,460713
2603,Karnataka,Constituency_432,MP_Name_432,Work_4,State PWD,06-05-2023,451749
2604,Uttar Pradesh,Constituency_433,MP_Name_433,Work_5,Global Infra,21-08-2021,144138
2605,Karnataka,Constituency_434,MP_Name_434,Work_6,ABC Constructions,26-09-2022,104970
2606,Maharashtra,Constituency_435,MP_Name_435,Work_7,XYZ Builders,21-03-2021,307817
2607,Gujarat,Constituency_436,MP_Name_436,Work_8,State PWD,01-06-2022,139404
2608,Maharashtra,Constituency_437,MP_Name_437,Work_9,XYZ Builders,31-12-2021,298235
2609,Karnataka,Constituency_438,MP_Name_438,Work_10,XYZ Builders,30-06-2021,240441
2610,Karnataka,Constituency_439,MP_Name_439,Work_11,Rural Works Dept,08-04-2023,184978
2611,Gujarat,Constituency_440,MP_Name_440,Work_12,Global Infra,08-04-2021,86336
2612,Gujarat,Constituency_441,MP_Name_441,Work_13,ABC Constructions,07-04-2021,332604
2613,Delhi,Constituency_442,MP_Name_442,Work_14,Rural Works Dept,29-05-2023,328824
2614,Maharashtra,Constituency_443,MP_Name_443,Work_15,State PWD,28-12-2022,401921
2615,Karnataka,Constituency_444,MP_Name_444,Work_16,Global Infra,01-05-2021,384650
2616,Karnataka,Constituency_445,MP_Name_445,Work_17,Global Infra,12-03-2021,489495
2617,Maharashtra,Constituency_446,MP_Name_446,Work_18,Global Infra,09-03-2021,467378
2618,Tamil Nadu,Constituency_447,MP_Name_447,Work_19,Global Infra,15-08-2022,462075
2619,Uttar Pradesh,Constituency_448,MP_Name_448,Work_20,ABC Constructions,23-07-2022,94929
2620,Tamil Nadu,Constituency_449,MP_Name_449,Work_21,XYZ Builders,01-02-2022,90793
2621,Maharashtra,Constituency_450,MP_Name_450,Work_22,Rural Works Dept,24-07-2023,383009
2622,Maharashtra,Constituency_451,MP_Name_451,Work_23,Global Infra,09-04-2023,80625
2623,Maharashtra,Constituency_452,MP_Name_452,Work_24,State PWD,10-04-2023,68492
2624,Uttar Pradesh,Constituency_453,MP_Name_453,Work_25,State PWD,20-06-2021,205412
2625,Maharashtra,Constituency_454,MP_Name_454,Work_26,Rural Works Dept,20-08-2022,320939
2626,Gujarat,Constituency_455,MP_Name_455,Work_27,Global Infra,31-01-2022,72296
2627,Delhi,Constituency_456,MP_Name_456,Work_28,Rural Works Dept,05-04-2023,405330
2628,Tamil Nadu,Constituency_457,MP_Name_457,Work_29,Global Infra,03-06-2023,494257
2629,Tamil Nadu,Constituency_458,MP_Name_458,Work_30,XYZ Builders,01-10-2021,394552
2630,Tamil Nadu,Constituency_459,MP_Name_459,Work_31,Rural Works Dept,03-05-2022,146197
2631,Delhi,Constituency_460,MP_Name_460,Work_32,Global Infra,25-11-2022,76142
2632,Karnataka,Constituency_461,MP_Name_461,Work_33,ABC Constructions,07-08-2021,67249
2633,Delhi,Constituency_462,MP_Name_462,Work_34,XYZ Builders,19-08-2022,110131
2634,Uttar Pradesh,Constituency_463,MP_Name_463,Work_35,Global Infra,12-08-2022,494673
2635,Karnataka,Constituency_464,MP_Name_464,Work_36,Global Infra,05-09-2021,412597
2636,Tamil Nadu,Constituency_465,MP_Name_465,Work_37,ABC Constructions,20-10-2022,461219
2637,Tamil Nadu,Constituency_466,MP_Name_466,Work_38,Global Infra,18-05-2022,282112
2638,Tamil Nadu,Constituency_467,MP_Name_467,Work_39,Global Infra,29-07-2021,232156
2639,Karnataka,Constituency_468,MP_Name_468,Work_40,XYZ Builders,26-11-2021,352732
2640,Tamil Nadu,Constituency_469,MP_Name_469,Work_41,State PWD,18-09-2023,59225
2641,Uttar Pradesh,Constituency_470,MP_Name_470,Work_42,Rural Works Dept,07-07-2023,243017
2642,Tamil Nadu,Constituency_471,MP_Name_471,Work_43,State PWD,04-12-2021,146861
2643,Karnataka,Constituency_472,MP_Name_472,Work_44,XYZ Builders,08-06-2021,359145
2644,Tamil Nadu,Constituency_473,MP_Name_473,Work_45,State PWD,05-11-2021,335523
2645,Karnataka,Constituency_474,MP_Name_474,Work_46,XYZ Builders,15-10-2022,452633
2646,Delhi,Constituency_475,MP_Name_475,Work_47,State PWD,16-02-2023,275040
2647,Gujarat,Constituency_476,MP_Name_476,Work_48,State PWD,28-06-2021,412691
2648,Gujarat,Constituency_477,MP_Name_477,Work_49,ABC Constructions,15-09-2023,497823
2649,Uttar Pradesh,Constituency_478,MP_Name_478,Work_50,Rural Works Dept,22-08-2022,123178
2650,Gujarat,Constituency_479,MP_Name_479,Work_51,State PWD,25-02-2021,144483
2651,Maharashtra,Constituency_480,MP_Name_480,Work_52,Global Infra,01-10-2022,434279
2652,Tamil Nadu,Constituency_481,MP_Name_481,Work_53,Rural Works Dept,03-09-2022,289886
2653,Delhi,Constituency_482,MP_Name_482,Work_54,ABC Constructions,06-08-2022,291540
2654,Karnataka,Constituency_483,MP_Name_483,Work_55,ABC Constructions,13-11-2022,86882
2655,Delhi,Constituency_484,MP_Name_484,Work_56,XYZ Builders,08-10-2022,203526
2656,Maharashtra,Constituency_485,MP_Name_485,Work_57,State PWD,07-12-2021,447988
2657,Tamil Nadu,Constituency_486,MP_Name_486,Work_58,ABC Constructions,17-11-2021,124118
2658,Uttar Pradesh,Constituency_487,MP_Name_487,Work_59,XYZ Builders,04-01-2023,87581
2659,Delhi,Constituency_488,MP_Name_488,Work_60,ABC Constructions,15-07-2023,351018
2660,Delhi,Constituency_489,MP_Name_489,Work_61,XYZ Builders,05-02-2023,206719
2661,Karnataka,Constituency_490,MP_Name_490,Work_62,XYZ Builders,10-07-2021,474930
2662,Gujarat,Constituency_491,MP_Name_491,Work_63,Rural Works Dept,06-11-2022,284017
2663,Tamil Nadu,Constituency_492,MP_Name_492,Work_64,ABC Constructions,06-08-2021,465796
2664,Gujarat,Constituency_493,MP_Name_493,Work_65,Global Infra,24-10-2021,328405
2665,Delhi,Constituency_494,MP_Name_494,Work_66,ABC Constructions,17-03-2022,182030
2666,Gujarat,Constituency_495,MP_Name_495,Work_67,Rural Works Dept,22-08-2022,395843
2667,Karnataka,Constituency_496,MP_Name_496,Work_68,ABC Constructions,31-12-2023,323222
2668,Maharashtra,Constituency_497,MP_Name_497,Work_69,Global Infra,14-03-2021,174361
2669,Tamil Nadu,Constituency_498,MP_Name_498,Work_70,State PWD,23-09-2022,442510
2670,Tamil Nadu,Constituency_499,MP_Name_499,Work_71,XYZ Builders,22-02-2021,385769
2671,Karnataka,Constituency_500,MP_Name_500,Work_72,Global Infra,09-08-2022,491706
2672,Maharashtra,Constituency_501,MP_Name_501,Work_73,Global Infra,11-03-2023,335163
2673,Tamil Nadu,Constituency_502,MP_Name_502,Work_74,XYZ Builders,30-04-2023,425249
2674,Maharashtra,Constituency_503,MP_Name_503,Work_75,Rural Works Dept,14-09-2023,342153
2675,Uttar Pradesh,Constituency_504,MP_Name_504,Work_76,Global Infra,14-03-2023,321700
2676,Tamil Nadu,Constituency_505,MP_Name_505,Work_77,Global Infra,02-08-2022,98294
2677,Gujarat,Constituency_506,MP_Name_506,Work_78,State PWD,06-05-2022,444685
2678,Gujarat,Constituency_507,MP_Name_507,Work_79,Rural Works Dept,24-02-2022,411159
2679,Uttar Pradesh,Constituency_508,MP_Name_508,Work_80,Rural Works Dept,17-05-2022,155327
2680,Delhi,Constituency_509,MP_Name_509,Work_81,Rural Works Dept,25-01-2021,111884
2681,Uttar Pradesh,Constituency_510,MP_Name_510,Work_82,State PWD,17-11-2022,350899
2682,Delhi,Constituency_511,MP_Name_511,Work_83,ABC Constructions,23-06-2022,492585
2683,Maharashtra,Constituency_512,MP_Name_512,Work_84,Rural Works Dept,23-08-2021,260177
2684,Tamil Nadu,Constituency_513,MP_Name_513,Work_85,ABC Constructions,04-06-2022,351695
2685,Maharashtra,Constituency_514,MP_Name_514,Work_86,ABC Constructions,17-01-2021,248741
2686,Karnataka,Constituency_515,MP_Name_515,Work_87,Rural Works Dept,26-04-2021,330906
2687,Karnataka,Constituency_516,MP_Name_516,Work_88,Rural Works Dept,03-07-2022,324286
2688,Delhi,Constituency_517,MP_Name_517,Work_89,ABC Constructions,23-01-2021,318241
2689,Tamil Nadu,Constituency_518,MP_Name_518,Work_90,Global Infra,29-10-2022,58507
2690,Karnataka,Constituency_519,MP_Name_519,Work_91,State PWD,14-08-2021,369319
2691,Uttar Pradesh,Constituency_520,MP_Name_520,Work_92,Rural Works Dept,12-06-2021,222181
2692,Uttar Pradesh,Constituency_521,MP_Name_521,Work_93,ABC Constructions,25-11-2022,464975
2693,Karnataka,Constituency_522,MP_Name_522,Work_94,State PWD,25-11-2021,200061
2694,Karnataka,Constituency_523,MP_Name_523,Work_95,ABC Constructions,16-09-2023,485934
2695,Uttar Pradesh,Constituency_524,MP_Name_524,Work_96,ABC Constructions,21-08-2022,95851
2696,Gujarat,Constituency_525,MP_Name_525,Work_97,State PWD,16-09-2021,421535
2697,Karnataka,Constituency_526,MP_Name_526,Work_98,Rural Works Dept,07-03-2021,241736
2698,Karnataka,Constituency_527,MP_Name_527,Work_99,ABC Constructions,28-05-2021,229770
2699,Maharashtra,Constituency_528,MP_Name_528,Work_100,XYZ Builders,22-09-2021,134960
2700,Delhi,Constituency_529,MP_Name_529,Work_101,XYZ Builders,06-07-2021,247920
2701,Uttar Pradesh,Constituency_530,MP_Name_530,Work_102,State PWD,13-03-2023,349473
2702,Delhi,Constituency_531,MP_Name_531,Work_103,ABC Constructions,15-05-2023,433808
2703,Karnataka,Constituency_532,MP_Name_532,Work_104,XYZ Builders,05-07-2021,484305
2704,Delhi,Constituency_533,MP_Name_533,Work_105,Global Infra,22-06-2023,431986
2705,Karnataka,Constituency_534,MP_Name_534,Work_106,State PWD,03-06-2022,347802
2706,Gujarat,Constituency_535,MP_Name_535,Work_107,Rural Works Dept,12-12-2022,203942
2707,Uttar Pradesh,Constituency_536,MP_Name_536,Work_108,State PWD,03-06-2023,114569
2708,Uttar Pradesh,Constituency_537,MP_Name_537,Work_109,ABC Constructions,22-12-2022,208897
2709,Tamil Nadu,Constituency_538,MP_Name_538,Work_110,Global Infra,19-08-2023,217349
2710,Tamil Nadu,Constituency_539,MP_Name_539,Work_111,ABC Constructions,25-12-2021,206366
2711,Maharashtra,Constituency_540,MP_Name_540,Work_112,Global Infra,28-12-2022,105036
2712,Maharashtra,Constituency_541,MP_Name_541,Work_113,Global Infra,20-08-2021,215461
2713,Maharashtra,Constituency_542,MP_Name_542,Work_114,XYZ Builders,18-04-2022,482536
2714,Gujarat,Constituency_543,MP_Name_543,Work_115,ABC Constructions,12-11-2023,373318
2715,Uttar Pradesh,Constituency_1,MP_Name_1,Work_116,Rural Works Dept,04-01-2021,99492
2716,Karnataka,Constituency_2,MP_Name_2,Work_117,State PWD,26-09-2021,376649
2717,Gujarat,Constituency_3,MP_Name_3,Work_118,ABC Constructions,18-09-2023,497318
2718,Uttar Pradesh,Constituency_4,MP_Name_4,Work_119,Rural Works Dept,14-06-2023,413899
2719,Karnataka,Constituency_5,MP_Name_5,Work_120,Rural Works Dept,08-12-2022,305274
2720,Delhi,Constituency_6,MP_Name_6,Work_121,ABC Constructions,27-12-2021,146249
2721,Maharashtra,Constituency_7,MP_Name_7,Work_122,Rural Works Dept,05-11-2021,192351
2722,Maharashtra,Constituency_8,MP_Name_8,Work_123,XYZ Builders,22-09-2023,110428
2723,Tamil Nadu,Constituency_9,MP_Name_9,Work_124,Rural Works Dept,22-05-2021,239829
2724,Delhi,Constituency_10,MP_Name_10,Work_125,State PWD,20-06-2023,295892
2725,Gujarat,Constituency_11,MP_Name_11,Work_126,Global Infra,09-05-2022,53173
2726,Delhi,Constituency_12,MP_Name_12,Work_127,Rural Works Dept,11-11-2021,267601
2727,Maharashtra,Constituency_13,MP_Name_13,Work_128,XYZ Builders,23-01-2023,180167
2728,Gujarat,Constituency_14,MP_Name_14,Work_129,Global Infra,09-11-2023,452863
2729,Karnataka,Constituency_15,MP_Name_15,Work_130,XYZ Builders,13-08-2021,415141
2730,Uttar Pradesh,Constituency_16,MP_Name_16,Work_131,Global Infra,23-11-2022,394685
2731,Uttar Pradesh,Constituency_17,MP_Name_17,Work_132,Global Infra,09-06-2023,196920
2732,Uttar Pradesh,Constituency_18,MP_Name_18,Work_133,Global Infra,21-08-2023,324148
2733,Karnataka,Constituency_19,MP_Name_19,Work_134,Rural Works Dept,27-10-2022,456183
2734,Karnataka,Constituency_20,MP_Name_20,Work_135,XYZ Builders,21-11-2021,494457
2735,Maharashtra,Constituency_21,MP_Name_21,Work_136,XYZ Builders,16-04-2021,195693
2736,Uttar Pradesh,Constituency_22,MP_Name_22,Work_137,Rural Works Dept,10-03-2021,388679
2737,Delhi,Constituency_23,MP_Name_23,Work_138,XYZ Builders,07-11-2021,178859
2738,Tamil Nadu,Constituency_24,MP_Name_24,Work_139,State PWD,23-08-2022,389289
2739,Tamil Nadu,Constituency_25,MP_Name_25,Work_140,State PWD,10-01-2022,90324
2740,Gujarat,Constituency_26,MP_Name_26,Work_141,State PWD,23-12-2023,295902
2741,Delhi,Constituency_27,MP_Name_27,Work_142,ABC Constructions,16-03-2023,79229
2742,Uttar Pradesh,Constituency_28,MP_Name_28,Work_143,Global Infra,08-07-2022,124823
2743,Maharashtra,Constituency_29,MP_Name_29,Work_144,ABC Constructions,01-10-2022,335858
2744,Karnataka,Constituency_30,MP_Name_30,Work_145,Rural Works Dept,03-11-2023,273661
2745,Uttar Pradesh,Constituency_31,MP_Name_31,Work_146,ABC Constructions,13-04-2023,292529
2746,Gujarat,Constituency_32,MP_Name_32,Work_147,XYZ Builders,02-02-2022,301054
2747,Karnataka,Constituency_33,MP_Name_33,Work_148,XYZ Builders,17-11-2023,453755
2748,Tamil Nadu,Constituency_34,MP_Name_34,Work_149,ABC Constructions,30-05-2022,394955
2749,Delhi,Constituency_35,MP_Name_35,Work_150,State PWD,12-02-2022,326125
2750,Gujarat,Constituency_36,MP_Name_36,Work_151,ABC Constructions,31-10-2021,83861
2751,Tamil Nadu,Constituency_37,MP_Name_37,Work_152,State PWD,05-02-2022,268869
2752,Tamil Nadu,Constituency_38,MP_Name_38,Work_153,Global Infra,22-12-2023,403043
2753,Karnataka,Constituency_39,MP_Name_39,Work_154,Rural Works Dept,11-08-2022,390070
2754,Karnataka,Constituency_40,MP_Name_40,Work_155,ABC Constructions,11-12-2021,250380
2755,Gujarat,Constituency_41,MP_Name_41,Work_156,Global Infra,13-08-2021,100344
2756,Delhi,Constituency_42,MP_Name_42,Work_157,ABC Constructions,25-11-2022,355300
2757,Gujarat,Constituency_43,MP_Name_43,Work_158,ABC Constructions,22-06-2023,308765
2758,Tamil Nadu,Constituency_44,MP_Name_44,Work_159,ABC Constructions,31-10-2022,470357
2759,Karnataka,Constituency_45,MP_Name_45,Work_160,XYZ Builders,27-11-2022,270886
2760,Maharashtra,Constituency_46,MP_Name_46,Work_161,XYZ Builders,13-03-2022,443483
2761,Maharashtra,Constituency_47,MP_Name_47,Work_162,ABC Constructions,24-02-2023,239121
2762,Maharashtra,Constituency_48,MP_Name_48,Work_163,XYZ Builders,27-06-2023,73581
2763,Uttar Pradesh,Constituency_49,MP_Name_49,Work_164,State PWD,30-07-2022,490325
2764,Delhi,Constituency_50,MP_Name_50,Work_165,Rural Works Dept,27-02-2023,394826
2765,Gujarat,Constituency_51,MP_Name_51,Work_166,XYZ Builders,13-09-2023,256566
2766,Maharashtra,Constituency_52,MP_Name_52,Work_167,ABC Constructions,06-04-2022,162396
2767,Gujarat,Constituency_53,MP_Name_53,Work_168,Global Infra,16-01-2023,72403
2768,Maharashtra,Constituency_54,MP_Name_54,Work_169,Global Infra,22-04-2021,366366
2769,Uttar Pradesh,Constituency_55,MP_Name_55,Work_170,Rural Works Dept,22-08-2022,140940
2770,Karnataka,Constituency_56,MP_Name_56,Work_171,XYZ Builders,04-04-2021,274838
2771,Karnataka,Constituency_57,MP_Name_57,Work_172,ABC Constructions,07-05-2022,385268
2772,Gujarat,Constituency_58,MP_Name_58,Work_173,XYZ Builders,07-05-2021,107933
2773,Tamil Nadu,Constituency_59,MP_Name_59,Work_174,Rural Works Dept,18-08-2023,182804
2774,Maharashtra,Constituency_60,MP_Name_60,Work_175,State PWD,12-01-2022,164450
2775,Maharashtra,Constituency_61,MP_Name_61,Work_176,XYZ Builders,23-07-2021,343789
2776,Uttar Pradesh,Constituency_62,MP_Name_62,Work_177,Global Infra,08-02-2022,91123
2777,Uttar Pradesh,Constituency_63,MP_Name_63,Work_178,ABC Constructions,05-09-2023,125065
2778,Uttar Pradesh,Constituency_64,MP_Name_64,Work_179,Rural Works Dept,24-02-2022,162495
2779,Gujarat,Constituency_65,MP_Name_65,Work_180,State PWD,03-09-2022,59807
2780,Gujarat,Constituency_66,MP_Name_66,Work_181,Global Infra,23-08-2021,367183
2781,Maharashtra,Constituency_67,MP_Name_67,Work_182,State PWD,03-06-2022,479020
2782,Gujarat,Constituency_68,MP_Name_68,Work_183,XYZ Builders,09-04-2021,69931
2783,Uttar Pradesh,Constituency_69,MP_Name_69,Work_184,Global Infra,21-05-2022,263672
2784,Tamil Nadu,Constituency_70,MP_Name_70,Work_185,ABC Constructions,23-12-2021,290222
2785,Gujarat,Constituency_71,MP_Name_71,Work_186,Rural Works Dept,01-08-2022,222543
2786,Tamil Nadu,Constituency_72,MP_Name_72,Work_187,ABC Constructions,23-06-2021,217578
2787,Uttar Pradesh,Constituency_73,MP_Name_73,Work_188,XYZ Builders,12-05-2023,398245
2788,Tamil Nadu,Constituency_74,MP_Name_74,Work_189,Rural Works Dept,21-03-2022,296749
2789,Maharashtra,Constituency_75,MP_Name_75,Work_190,XYZ Builders,31-05-2023,452215
2790,Tamil Nadu,Constituency_76,MP_Name_76,Work_191,State PWD,22-05-2022,369438
2791,Gujarat,Constituency_77,MP_Name_77,Work_192,ABC Constructions,13-05-2023,293681
2792,Gujarat,Constituency_78,MP_Name_78,Work_193,ABC Constructions,12-03-2021,289569
2793,Maharashtra,Constituency_79,MP_Name_79,Work_194,ABC Constructions,15-07-2022,499940
2794,Gujarat,Constituency_80,MP_Name_80,Work_195,State PWD,30-03-2023,379884
2795,Tamil Nadu,Constituency_81,MP_Name_81,Work_196,XYZ Builders,18-10-2022,226071
2796,Delhi,Constituency_82,MP_Name_82,Work_197,State PWD,06-05-2021,125836
2797,Uttar Pradesh,Constituency_83,MP_Name_83,Work_198,XYZ Builders,06-08-2022,368621
2798,Gujarat,Constituency_84,MP_Name_84,Work_199,ABC Constructions,20-01-2021,341957
2799,Uttar Pradesh,Constituency_85,MP_Name_85,Work_200,State PWD,04-11-2021,280850
2800,Karnataka,Constituency_86,MP_Name_86,Work_1,State PWD,05-05-2021,326443
2801,Delhi,Constituency_87,MP_Name_87,Work_2,State PWD,24-12-2022,71222
2802,Gujarat,Constituency_88,MP_Name_88,Work_3,XYZ Builders,11-08-2021,457021
2803,Maharashtra,Constituency_89,MP_Name_89,Work_4,ABC Constructions,18-12-2021,493338
2804,Maharashtra,Constituency_90,MP_Name_90,Work_5,XYZ Builders,22-07-2023,149450
2805,Tamil Nadu,Constituency_91,MP_Name_91,Work_6,State PWD,07-05-2021,481017
2806,Tamil Nadu,Constituency_92,MP_Name_92,Work_7,State PWD,24-03-2021,145169
2807,Tamil Nadu,Constituency_93,MP_Name_93,Work_8,XYZ Builders,19-04-2023,282821
2808,Uttar Pradesh,Constituency_94,MP_Name_94,Work_9,XYZ Builders,01-10-2023,323509
2809,Karnataka,Constituency_95,MP_Name_95,Work_10,Global Infra,02-08-2023,414603
2810,Karnataka,Constituency_96,MP_Name_96,Work_11,ABC Constructions,01-07-2023,92486
2811,Delhi,Constituency_97,MP_Name_97,Work_12,State PWD,12-09-2021,126459
2812,Tamil Nadu,Constituency_98,MP_Name_98,Work_13,Global Infra,27-04-2023,247324
2813,Uttar Pradesh,Constituency_99,MP_Name_99,Work_14,State PWD,24-05-2023,436337
2814,Tamil Nadu,Constituency_100,MP_Name_100,Work_15,State PWD,10-08-2021,100033
2815,Uttar Pradesh,Constituency_101,MP_Name_101,Work_16,Global Infra,23-09-2022,433100
2816,Gujarat,Constituency_102,MP_Name_102,Work_17,Rural Works Dept,08-02-2023,301311
2817,Maharashtra,Constituency_103,MP_Name_103,Work_18,Rural Works Dept,07-10-2023,268317
2818,Gujarat,Constituency_104,MP_Name_104,Work_19,ABC Constructions,01-04-2021,302501
2819,Maharashtra,Constituency_105,MP_Name_105,Work_20,Global Infra,18-07-2022,486061
2820,Gujarat,Constituency_106,MP_Name_106,Work_21,Global Infra,05-01-2023,100881
2821,Karnataka,Constituency_107,MP_Name_107,Work_22,Global Infra,08-07-2023,462930
2822,Karnataka,Constituency_108,MP_Name_108,Work_23,ABC Constructions,13-01-2022,266729
2823,Delhi,Constituency_109,MP_Name_109,Work_24,ABC Constructions,26-04-2021,267219
2824,Delhi,Constituency_110,MP_Name_110,Work_25,State PWD,24-03-2022,471644
2825,Gujarat,Constituency_111,MP_Name_111,Work_26,Rural Works Dept,14-04-2022,267817
2826,Tamil Nadu,Constituency_112,MP_Name_112,Work_27,Rural Works Dept,07-09-2022,108037
2827,Tamil Nadu,Constituency_113,MP_Name_113,Work_28,Rural Works Dept,12-03-2021,339815
2828,Maharashtra,Constituency_114,MP_Name_114,Work_29,XYZ Builders,21-11-2022,285370
2829,Karnataka,Constituency_115,MP_Name_115,Work_30,ABC Constructions,06-02-2021,378692
2830,Delhi,Constituency_116,MP_Name_116,Work_31,Global Infra,28-01-2021,229819
2831,Maharashtra,Constituency_117,MP_Name_117,Work_32,State PWD,28-01-2021,265863
2832,Delhi,Constituency_118,MP_Name_118,Work_33,State PWD,02-02-2021,90593
2833,Delhi,Constituency_119,MP_Name_119,Work_34,XYZ Builders,08-03-2021,113017
2834,Maharashtra,Constituency_120,MP_Name_120,Work_35,State PWD,25-08-2021,338125
2835,Gujarat,Constituency_121,MP_Name_121,Work_36,XYZ Builders,06-12-2023,133206
2836,Gujarat,Constituency_122,MP_Name_122,Work_37,ABC Constructions,29-08-2021,69002
2837,Maharashtra,Constituency_123,MP_Name_123,Work_38,State PWD,09-08-2021,217184
2838,Maharashtra,Constituency_124,MP_Name_124,Work_39,ABC Constructions,26-06-2023,246367
2839,Karnataka,Constituency_125,MP_Name_125,Work_40,Rural Works Dept,08-09-2022,353113
2840,Delhi,Constituency_126,MP_Name_126,Work_41,Rural Works Dept,27-04-2023,193049
2841,Gujarat,Constituency_127,MP_Name_127,Work_42,Global Infra,07-03-2023,182792
2842,Delhi,Constituency_128,MP_Name_128,Work_43,State PWD,14-03-2023,77150
2843,Delhi,Constituency_129,MP_Name_129,Work_44,ABC Constructions,28-08-2021,339490
2844,Gujarat,Constituency_130,MP_Name_130,Work_45,Global Infra,15-04-2023,375074
2845,Gujarat,Constituency_131,MP_Name_131,Work_46,ABC Constructions,01-04-2021,313669
2846,Gujarat,Constituency_132,MP_Name_132,Work_47,XYZ Builders,20-01-2023,142373
2847,Karnataka,Constituency_133,MP_Name_133,Work_48,XYZ Builders,07-10-2022,98528
2848,Karnataka,Constituency_134,MP_Name_134,Work_49,State PWD,08-02-2022,246869
2849,Karnataka,Constituency_135,MP_Name_135,Work_50,Global Infra,17-01-2021,308279
2850,Delhi,Constituency_136,MP_Name_136,Work_51,ABC Constructions,29-05-2021,406504
2851,Delhi,Constituency_137,MP_Name_137,Work_52,State PWD,22-10-2021,353186
2852,Uttar Pradesh,Constituency_138,MP_Name_138,Work_53,Rural Works Dept,07-06-2022,222673
2853,Karnataka,Constituency_139,MP_Name_139,Work_54,State PWD,27-11-2022,411992
2854,Tamil Nadu,Constituency_140,MP_Name_140,Work_55,XYZ Builders,22-07-2021,375706
2855,Maharashtra,Constituency_141,MP_Name_141,Work_56,Rural Works Dept,26-10-2022,247276
2856,Karnataka,Constituency_142,MP_Name_142,Work_57,State PWD,03-10-2023,197985
2857,Delhi,Constituency_143,MP_Name_143,Work_58,Global Infra,19-04-2022,479298
2858,Delhi,Constituency_144,MP_Name_144,Work_59,State PWD,04-02-2023,226907
2859,Delhi,Constituency_145,MP_Name_145,Work_60,Global Infra,15-02-2023,222423
2860,Tamil Nadu,Constituency_146,MP_Name_146,Work_61,State PWD,26-03-2022,450374
2861,Gujarat,Constituency_147,MP_Name_147,Work_62,State PWD,24-08-2023,385870
2862,Tamil Nadu,Constituency_148,MP_Name_148,Work_63,XYZ Builders,07-05-2021,76498
2863,Uttar Pradesh,Constituency_149,MP_Name_149,Work_64,State PWD,29-05-2021,356142
2864,Delhi,Constituency_150,MP_Name_150,Work_65,XYZ Builders,08-01-2021,281302
2865,Tamil Nadu,Constituency_151,MP_Name_151,Work_66,Rural Works Dept,27-03-2021,427225
2866,Tamil Nadu,Constituency_152,MP_Name_152,Work_67,State PWD,02-09-2023,343022
2867,Maharashtra,Constituency_153,MP_Name_153,Work_68,XYZ Builders,18-11-2022,198338
2868,Maharashtra,Constituency_154,MP_Name_154,Work_69,XYZ Builders,18-07-2022,308500
2869,Tamil Nadu,Constituency_155,MP_Name_155,Work_70,State PWD,03-05-2021,498590
2870,Maharashtra,Constituency_156,MP_Name_156,Work_71,Global Infra,01-05-2022,439584
2871,Delhi,Constituency_157,MP_Name_157,Work_72,State PWD,25-09-2021,388066
2872,Uttar Pradesh,Constituency_158,MP_Name_158,Work_73,ABC Constructions,04-06-2023,291449
2873,Delhi,Constituency_159,MP_Name_159,Work_74,Global Infra,27-02-2023,135415
2874,Uttar Pradesh,Constituency_160,MP_Name_160,Work_75,Global Infra,16-07-2022,493228
2875,Uttar Pradesh,Constituency_161,MP_Name_161,Work_76,ABC Constructions,20-07-2023,218317
2876,Karnataka,Constituency_162,MP_Name_162,Work_77,Global Infra,14-01-2021,401357
2877,Tamil Nadu,Constituency_163,MP_Name_163,Work_78,Global Infra,21-04-2023,169749
2878,Delhi,Constituency_164,MP_Name_164,Work_79,Global Infra,27-06-2021,451011
2879,Uttar Pradesh,Constituency_165,MP_Name_165,Work_80,Global Infra,15-11-2023,367294
2880,Tamil Nadu,Constituency_166,MP_Name_166,Work_81,Global Infra,06-11-2022,403604
2881,Gujarat,Constituency_167,MP_Name_167,Work_82,ABC Constructions,03-06-2022,399350
2882,Tamil Nadu,Constituency_168,MP_Name_168,Work_83,ABC Constructions,29-01-2021,225719
2883,Uttar Pradesh,Constituency_169,MP_Name_169,Work_84,Rural Works Dept,06-09-2022,69750
2884,Maharashtra,Constituency_170,MP_Name_170,Work_85,Rural Works Dept,16-09-2023,56224
2885,Delhi,Constituency_171,MP_Name_171,Work_86,ABC Constructions,03-04-2021,383824
2886,Gujarat,Constituency_172,MP_Name_172,Work_87,Rural Works Dept,06-12-2021,263619
2887,Maharashtra,Constituency_173,MP_Name_173,Work_88,ABC Constructions,10-01-2023,446025
2888,Tamil Nadu,Constituency_174,MP_Name_174,Work_89,Global Infra,10-11-2022,91468
2889,Tamil Nadu,Constituency_175,MP_Name_175,Work_90,Rural Works Dept,16-06-2022,175864
2890,Gujarat,Constituency_176,MP_Name_176,Work_91,Global Infra,04-07-2023,393033
2891,Maharashtra,Constituency_177,MP_Name_177,Work_92,XYZ Builders,21-05-2022,92914
2892,Karnataka,Constituency_178,MP_Name_178,Work_93,State PWD,05-02-2021,76521
2893,Delhi,Constituency_179,MP_Name_179,Work_94,ABC Constructions,19-08-2022,85056
2894,Karnataka,Constituency_180,MP_Name_180,Work_95,ABC Constructions,10-04-2021,272620
2895,Karnataka,Constituency_181,MP_Name_181,Work_96,Rural Works Dept,15-05-2022,111062
2896,Delhi,Constituency_182,MP_Name_182,Work_97,State PWD,21-11-2021,244598
2897,Uttar Pradesh,Constituency_183,MP_Name_183,Work_98,Global Infra,15-03-2022,367962
2898,Gujarat,Constituency_184,MP_Name_184,Work_99,ABC Constructions,30-01-2021,215229
2899,Gujarat,Constituency_185,MP_Name_185,Work_100,State PWD,21-09-2021,286625
2900,Delhi,Constituency_186,MP_Name_186,Work_101,State PWD,03-08-2022,173840
2901,Tamil Nadu,Constituency_187,MP_Name_187,Work_102,Rural Works Dept,18-05-2023,229702
2902,Karnataka,Constituency_188,MP_Name_188,Work_103,ABC Constructions,16-06-2022,332254
2903,Gujarat,Constituency_189,MP_Name_189,Work_104,Global Infra,29-05-2023,159170
2904,Uttar Pradesh,Constituency_190,MP_Name_190,Work_105,ABC Constructions,27-02-2021,431880
2905,Uttar Pradesh,Constituency_191,MP_Name_191,Work_106,Global Infra,28-01-2023,155819
2906,Tamil Nadu,Constituency_192,MP_Name_192,Work_107,Rural Works Dept,06-07-2022,105929
2907,Tamil Nadu,Constituency_193,MP_Name_193,Work_108,Rural Works Dept,22-05-2022,116020
2908,Gujarat,Constituency_194,MP_Name_194,Work_109,XYZ Builders,24-08-2023,57561
2909,Maharashtra,Constituency_195,MP_Name_195,Work_110,Rural Works Dept,06-11-2022,183521
2910,Karnataka,Constituency_196,MP_Name_196,Work_111,XYZ Builders,19-04-2022,52316
2911,Maharashtra,Constituency_197,MP_Name_197,Work_112,XYZ Builders,24-02-2021,116063
2912,Karnataka,Constituency_198,MP_Name_198,Work_113,Rural Works Dept,20-01-2021,275784
2913,Karnataka,Constituency_199,MP_Name_199,Work_114,XYZ Builders,27-03-2021,482735
2914,Uttar Pradesh,Constituency_200,MP_Name_200,Work_115,State PWD,17-05-2022,461527
2915,Karnataka,Constituency_201,MP_Name_201,Work_116,XYZ Builders,10-03-2022,295581
2916,Maharashtra,Constituency_202,MP_Name_202,Work_117,Global Infra,08-10-2023,159353
2917,Uttar Pradesh,Constituency_203,MP_Name_203,Work_118,Rural Works Dept,18-04-2021,259809
2918,Delhi,Constituency_204,MP_Name_204,Work_119,Global Infra,21-01-2021,74741
2919,Delhi,Constituency_205,MP_Name_205,Work_120,State PWD,01-02-2022,57202
2920,Maharashtra,Constituency_206,MP_Name_206,Work_121,XYZ Builders,04-06-2021,465705
2921,Uttar Pradesh,Constituency_207,MP_Name_207,Work_122,State PWD,22-09-2021,142206
2922,Maharashtra,Constituency_208,MP_Name_208,Work_123,State PWD,02-02-2021,432207
2923,Maharashtra,Constituency_209,MP_Name_209,Work_124,XYZ Builders,11-08-2022,419992
2924,Delhi,Constituency_210,MP_Name_210,Work_125,State PWD,30-09-2022,380414
2925,Tamil Nadu,Constituency_211,MP_Name_211,Work_126,State PWD,01-06-2021,67526
2926,Uttar Pradesh,Constituency_212,MP_Name_212,Work_127,Global Infra,07-04-2022,97885
2927,Tamil Nadu,Constituency_213,MP_Name_213,Work_128,XYZ Builders,04-10-2021,111483
2928,Maharashtra,Constituency_214,MP_Name_214,Work_129,ABC Constructions,12-01-2023,192675
2929,Uttar Pradesh,Constituency_215,MP_Name_215,Work_130,Global Infra,18-02-2022,167386
2930,Tamil Nadu,Constituency_216,MP_Name_216,Work_131,Rural Works Dept,21-08-2022,165428
2931,Maharashtra,Constituency_217,MP_Name_217,Work_132,XYZ Builders,13-11-2022,347636
2932,Gujarat,Constituency_218,MP_Name_218,Work_133,Global Infra,08-02-2022,316216
2933,Maharashtra,Constituency_219,MP_Name_219,Work_134,XYZ Builders,24-01-2022,108195
2934,Gujarat,Constituency_220,MP_Name_220,Work_135,ABC Constructions,11-11-2023,487305
2935,Delhi,Constituency_221,MP_Name_221,Work_136,Global Infra,19-12-2023,393653
2936,Uttar Pradesh,Constituency_222,MP_Name_222,Work_137,ABC Constructions,25-10-2021,232316
2937,Delhi,Constituency_223,MP_Name_223,Work_138,ABC Constructions,02-05-2021,288073
2938,Karnataka,Constituency_224,MP_Name_224,Work_139,ABC Constructions,16-05-2021,347957
2939,Uttar Pradesh,Constituency_225,MP_Name_225,Work_140,State PWD,19-05-2022,298922
2940,Gujarat,Constituency_226,MP_Name_226,Work_141,Global Infra,03-05-2022,335225
2941,Karnataka,Constituency_227,MP_Name_227,Work_142,Global Infra,26-08-2022,356642
2942,Maharashtra,Constituency_228,MP_Name_228,Work_143,Global Infra,28-05-2021,367132
2943,Maharashtra,Constituency_229,MP_Name_229,Work_144,Rural Works Dept,05-11-2021,265999
2944,Karnataka,Constituency_230,MP_Name_230,Work_145,Global Infra,30-12-2021,131147
2945,Delhi,Constituency_231,MP_Name_231,Work_146,XYZ Builders,22-11-2022,466460
2946,Karnataka,Constituency_232,MP_Name_232,Work_147,XYZ Builders,16-04-2023,263500
2947,Tamil Nadu,Constituency_233,MP_Name_233,Work_148,XYZ Builders,25-02-2022,331024
2948,Karnataka,Constituency_234,MP_Name_234,Work_149,ABC Constructions,19-04-2022,409097
2949,Maharashtra,Constituency_235,MP_Name_235,Work_150,XYZ Builders,18-01-2023,234600
2950,Gujarat,Constituency_236,MP_Name_236,Work_151,Global Infra,27-10-2023,386574
2951,Delhi,Constituency_237,MP_Name_237,Work_152,Rural Works Dept,13-12-2023,387163
2952,Gujarat,Constituency_238,MP_Name_238,Work_153,XYZ Builders,27-03-2021,334664
2953,Gujarat,Constituency_239,MP_Name_239,Work_154,XYZ Builders,17-12-2022,313508
2954,Gujarat,Constituency_240,MP_Name_240,Work_155,ABC Constructions,16-04-2023,323673
2955,Delhi,Constituency_241,MP_Name_241,Work_156,ABC Constructions,28-08-2023,431118
2956,Delhi,Constituency_242,MP_Name_242,Work_157,XYZ Builders,04-04-2021,468513
2957,Uttar Pradesh,Constituency_243,MP_Name_243,Work_158,State PWD,03-09-2021,169566
2958,Maharashtra,Constituency_244,MP_Name_244,Work_159,State PWD,30-08-2023,96170
2959,Delhi,Constituency_245,MP_Name_245,Work_160,State PWD,08-09-2023,400194
2960,Delhi,Constituency_246,MP_Name_246,Work_161,XYZ Builders,27-04-2023,483139
2961,Gujarat,Constituency_247,MP_Name_247,Work_162,State PWD,18-11-2023,479938
2962,Karnataka,Constituency_248,MP_Name_248,Work_163,State PWD,07-12-2022,160965
2963,Maharashtra,Constituency_249,MP_Name_249,Work_164,XYZ Builders,22-02-2023,152968
2964,Karnataka,Constituency_250,MP_Name_250,Work_165,Global Infra,12-02-2022,318783
2965,Maharashtra,Constituency_251,MP_Name_251,Work_166,State PWD,07-02-2022,234984
2966,Uttar Pradesh,Constituency_252,MP_Name_252,Work_167,ABC Constructions,27-11-2023,91654
2967,Delhi,Constituency_253,MP_Name_253,Work_168,Global Infra,22-08-2022,238193
2968,Tamil Nadu,Constituency_254,MP_Name_254,Work_169,Rural Works Dept,03-07-2022,107370
2969,Maharashtra,Constituency_255,MP_Name_255,Work_170,Rural Works Dept,28-11-2021,295312
2970,Tamil Nadu,Constituency_256,MP_Name_256,Work_171,ABC Constructions,13-02-2021,80197
2971,Delhi,Constituency_257,MP_Name_257,Work_172,ABC Constructions,28-01-2021,431696
2972,Uttar Pradesh,Constituency_258,MP_Name_258,Work_173,XYZ Builders,13-03-2021,319733
2973,Uttar Pradesh,Constituency_259,MP_Name_259,Work_174,Rural Works Dept,25-10-2023,177078
2974,Maharashtra,Constituency_260,MP_Name_260,Work_175,Rural Works Dept,08-07-2021,453641
2975,Gujarat,Constituency_261,MP_Name_261,Work_176,State PWD,18-05-2022,381938
2976,Karnataka,Constituency_262,MP_Name_262,Work_177,State PWD,12-04-2022,54415
2977,Delhi,Constituency_263,MP_Name_263,Work_178,ABC Constructions,11-05-2022,272113
2978,Maharashtra,Constituency_264,MP_Name_264,Work_179,XYZ Builders,25-07-2021,342209
2979,Gujarat,Constituency_265,MP_Name_265,Work_180,State PWD,10-03-2021,489456
2980,Tamil Nadu,Constituency_266,MP_Name_266,Work_181,XYZ Builders,10-08-2022,54020
2981,Gujarat,Constituency_267,MP_Name_267,Work_182,ABC Constructions,05-03-2023,400786
2982,Karnataka,Constituency_268,MP_Name_268,Work_183,State PWD,15-07-2021,183737
2983,Tamil Nadu,Constituency_269,MP_Name_269,Work_184,XYZ Builders,29-09-2023,444547
2984,Tamil Nadu,Constituency_270,MP_Name_270,Work_185,Global Infra,31-10-2023,318826
2985,Delhi,Constituency_271,MP_Name_271,Work_186,Global Infra,05-03-2021,282750
2986,Delhi,Constituency_272,MP_Name_272,Work_187,Rural Works Dept,20-01-2021,391923
2987,Maharashtra,Constituency_273,MP_Name_273,Work_188,XYZ Builders,12-07-2022,143196
2988,Delhi,Constituency_274,MP_Name_274,Work_189,State PWD,23-08-2022,383425
2989,Maharashtra,Constituency_275,MP_Name_275,Work_190,Global Infra,10-11-2021,56541
2990,Tamil Nadu,Constituency_276,MP_Name_276,Work_191,State PWD,29-11-2021,64144
2991,Uttar Pradesh,Constituency_277,MP_Name_277,Work_192,Rural Works Dept,30-11-2022,223212
2992,Karnataka,Constituency_278,MP_Name_278,Work_193,Rural Works Dept,06-07-2021,390480
2993,Uttar Pradesh,Constituency_279,MP_Name_279,Work_194,Global Infra,25-06-2022,146547
2994,Delhi,Constituency_280,MP_Name_280,Work_195,Global Infra,29-07-2021,76278
2995,Gujarat,Constituency_281,MP_Name_281,Work_196,Global Infra,30-10-2022,232662
2996,Maharashtra,Constituency_282,MP_Name_282,Work_197,State PWD,24-01-2022,374594
2997,Delhi,Constituency_283,MP_Name_283,Work_198,State PWD,28-12-2022,339727
2998,Tamil Nadu,Constituency_284,MP_Name_284,Work_199,XYZ Builders,15-10-2023,314114
2999,Delhi,Constituency_285,MP_Name_285,Work_200,XYZ Builders,12-02-2022,254391
3000,Karnataka,Constituency_286,MP_Name_286,Work_1,XYZ Builders,29-04-2023,198766
3001,Karnataka,Constituency_287,MP_Name_287,Work_2,Global Infra,21-08-2021,176414
3002,Delhi,Constituency_288,MP_Name_288,Work_3,XYZ Builders,05-04-2023,497600
3003,Maharashtra,Constituency_289,MP_Name_289,Work_4,Rural Works Dept,01-01-2022,347252
3004,Maharashtra,Constituency_290,MP_Name_290,Work_5,Global Infra,06-06-2023,321462
3005,Karnataka,Constituency_291,MP_Name_291,Work_6,Rural Works Dept,15-01-2023,432457
3006,Tamil Nadu,Constituency_292,MP_Name_292,Work_7,XYZ Builders,13-03-2022,312565
3007,Maharashtra,Constituency_293,MP_Name_293,Work_8,ABC Constructions,04-10-2022,123857
3008,Gujarat,Constituency_294,MP_Name_294,Work_9,Rural Works Dept,14-07-2021,90552
3009,Tamil Nadu,Constituency_295,MP_Name_295,Work_10,XYZ Builders,09-09-2023,70919
3010,Gujarat,Constituency_296,MP_Name_296,Work_11,State PWD,17-12-2022,213918
3011,Gujarat,Constituency_297,MP_Name_297,Work_12,ABC Constructions,20-07-2021,478313
3012,Gujarat,Constituency_298,MP_Name_298,Work_13,XYZ Builders,28-03-2021,55849
3013,Maharashtra,Constituency_299,MP_Name_299,Work_14,State PWD,01-02-2022,292064
3014,Maharashtra,Constituency_300,MP_Name_300,Work_15,ABC Constructions,01-10-2023,95236
3015,Tamil Nadu,Constituency_301,MP_Name_301,Work_16,XYZ Builders,18-08-2023,359095
3016,Tamil Nadu,Constituency_302,MP_Name_302,Work_17,XYZ Builders,30-09-2023,413178
3017,Gujarat,Constituency_303,MP_Name_303,Work_18,ABC Constructions,17-06-2022,347473
3018,Uttar Pradesh,Constituency_304,MP_Name_304,Work_19,XYZ Builders,24-04-2021,164509
3019,Uttar Pradesh,Constituency_305,MP_Name_305,Work_20,ABC Constructions,01-03-2021,361111
3020,Maharashtra,Constituency_306,MP_Name_306,Work_21,XYZ Builders,16-10-2022,54367
3021,Maharashtra,Constituency_307,MP_Name_307,Work_22,XYZ Builders,16-05-2021,424442
3022,Delhi,Constituency_308,MP_Name_308,Work_23,State PWD,15-12-2021,473169
3023,Maharashtra,Constituency_309,MP_Name_309,Work_24,Rural Works Dept,01-09-2021,233900
3024,Tamil Nadu,Constituency_310,MP_Name_310,Work_25,State PWD,05-02-2023,344133
3025,Karnataka,Constituency_311,MP_Name_311,Work_26,Rural Works Dept,26-08-2021,440218
3026,Gujarat,Constituency_312,MP_Name_312,Work_27,XYZ Builders,19-06-2023,481243
3027,Tamil Nadu,Constituency_313,MP_Name_313,Work_28,Global Infra,23-12-2022,259422
3028,Karnataka,Constituency_314,MP_Name_314,Work_29,XYZ Builders,30-06-2021,192657
3029,Karnataka,Constituency_315,MP_Name_315,Work_30,State PWD,15-09-2023,335682
3030,Uttar Pradesh,Constituency_316,MP_Name_316,Work_31,Global Infra,22-09-2021,422630
3031,Delhi,Constituency_317,MP_Name_317,Work_32,State PWD,28-01-2022,179433
3032,Delhi,Constituency_318,MP_Name_318,Work_33,Global Infra,30-09-2022,82248
3033,Maharashtra,Constituency_319,MP_Name_319,Work_34,Global Infra,06-01-2023,381984
3034,Gujarat,Constituency_320,MP_Name_320,Work_35,XYZ Builders,24-12-2021,263077
3035,Tamil Nadu,Constituency_321,MP_Name_321,Work_36,ABC Constructions,20-02-2021,389703
3036,Delhi,Constituency_322,MP_Name_322,Work_37,ABC Constructions,25-05-2022,225796
3037,Gujarat,Constituency_323,MP_Name_323,Work_38,Rural Works Dept,23-07-2022,300808
3038,Gujarat,Constituency_324,MP_Name_324,Work_39,ABC Constructions,26-07-2021,412310
3039,Gujarat,Constituency_325,MP_Name_325,Work_40,Global Infra,11-06-2023,278001
3040,Tamil Nadu,Constituency_326,MP_Name_326,Work_41,ABC Constructions,19-10-2022,195722
3041,Tamil Nadu,Constituency_327,MP_Name_327,Work_42,ABC Constructions,02-08-2022,180463
3042,Uttar Pradesh,Constituency_328,MP_Name_328,Work_43,Global Infra,07-10-2021,145819
3043,Uttar Pradesh,Constituency_329,MP_Name_329,Work_44,Global Infra,10-04-2023,438461
3044,Delhi,Constituency_330,MP_Name_330,Work_45,XYZ Builders,01-06-2021,84647
3045,Gujarat,Constituency_331,MP_Name_331,Work_46,Global Infra,07-10-2022,373209
3046,Delhi,Constituency_332,MP_Name_332,Work_47,Global Infra,25-08-2021,313350
3047,Karnataka,Constituency_333,MP_Name_333,Work_48,ABC Constructions,26-06-2022,240806
3048,Maharashtra,Constituency_334,MP_Name_334,Work_49,State PWD,09-01-2022,93913
3049,Maharashtra,Constituency_335,MP_Name_335,Work_50,ABC Constructions,24-07-2023,153375
3050,Karnataka,Constituency_336,MP_Name_336,Work_51,Rural Works Dept,20-12-2022,249891
3051,Karnataka,Constituency_337,MP_Name_337,Work_52,Rural Works Dept,25-03-2023,284468
3052,Karnataka,Constituency_338,MP_Name_338,Work_53,ABC Constructions,22-03-2023,435005
3053,Uttar Pradesh,Constituency_339,MP_Name_339,Work_54,ABC Constructions,20-12-2022,213949
3054,Tamil Nadu,Constituency_340,MP_Name_340,Work_55,XYZ Builders,01-12-2023,374447
3055,Maharashtra,Constituency_341,MP_Name_341,Work_56,State PWD,19-12-2023,303656
3056,Uttar Pradesh,Constituency_342,MP_Name_342,Work_57,State PWD,31-07-2022,150556
3057,Tamil Nadu,Constituency_343,MP_Name_343,Work_58,State PWD,06-10-2022,498084
3058,Maharashtra,Constituency_344,MP_Name_344,Work_59,State PWD,24-08-2021,240234
3059,Karnataka,Constituency_345,MP_Name_345,Work_60,Rural Works Dept,13-04-2021,470465
3060,Gujarat,Constituency_346,MP_Name_346,Work_61,XYZ Builders,18-04-2023,369019
3061,Uttar Pradesh,Constituency_347,MP_Name_347,Work_62,Rural Works Dept,10-06-2022,468041
3062,Maharashtra,Constituency_348,MP_Name_348,Work_63,XYZ Builders,03-06-2021,493385
3063,Maharashtra,Constituency_349,MP_Name_349,Work_64,Rural Works Dept,20-02-2021,96103
3064,Delhi,Constituency_350,MP_Name_350,Work_65,Global Infra,05-06-2023,469756
3065,Maharashtra,Constituency_351,MP_Name_351,Work_66,Rural Works Dept,05-01-2022,332742
3066,Uttar Pradesh,Constituency_352,MP_Name_352,Work_67,Global Infra,23-12-2023,152840
3067,Delhi,Constituency_353,MP_Name_353,Work_68,Global Infra,21-08-2021,214154
3068,Uttar Pradesh,Constituency_354,MP_Name_354,Work_69,ABC Constructions,17-09-2021,313639
3069,Gujarat,Constituency_355,MP_Name_355,Work_70,ABC Constructions,21-04-2021,112263
3070,Maharashtra,Constituency_356,MP_Name_356,Work_71,ABC Constructions,28-02-2021,449140
3071,Karnataka,Constituency_357,MP_Name_357,Work_72,State PWD,29-05-2023,169278
3072,Gujarat,Constituency_358,MP_Name_358,Work_73,Rural Works Dept,01-11-2023,319576
3073,Karnataka,Constituency_359,MP_Name_359,Work_74,Rural Works Dept,09-03-2022,80487
3074,Gujarat,Constituency_360,MP_Name_360,Work_75,ABC Constructions,20-08-2021,85959
3075,Karnataka,Constituency_361,MP_Name_361,Work_76,Global Infra,21-10-2023,107978
3076,Uttar Pradesh,Constituency_362,MP_Name_362,Work_77,XYZ Builders,07-09-2021,357711
3077,Karnataka,Constituency_363,MP_Name_363,Work_78,Rural Works Dept,01-03-2022,231119
3078,Karnataka,Constituency_364,MP_Name_364,Work_79,XYZ Builders,27-10-2023,364176
3079,Karnataka,Constituency_365,MP_Name_365,Work_80,Rural Works Dept,28-05-2022,126001
3080,Tamil Nadu,Constituency_366,MP_Name_366,Work_81,State PWD,13-03-2021,387806
3081,Uttar Pradesh,Constituency_367,MP_Name_367,Work_82,Rural Works Dept,07-06-2022,352361
3082,Karnataka,Constituency_368,MP_Name_368,Work_83,Rural Works Dept,24-11-2022,456394
3083,Karnataka,Constituency_369,MP_Name_369,Work_84,Rural Works Dept,17-05-2022,172973
3084,Gujarat,Constituency_370,MP_Name_370,Work_85,State PWD,11-09-2023,136690
3085,Delhi,Constituency_371,MP_Name_371,Work_86,Rural Works Dept,17-04-2023,402846
3086,Gujarat,Constituency_372,MP_Name_372,Work_87,ABC Constructions,02-12-2021,178234
3087,Tamil Nadu,Constituency_373,MP_Name_373,Work_88,Rural Works Dept,03-08-2022,461255
3088,Maharashtra,Constituency_374,MP_Name_374,Work_89,Global Infra,23-04-2022,484458
3089,Tamil Nadu,Constituency_375,MP_Name_375,Work_90,ABC Constructions,16-07-2021,262873
3090,Delhi,Constituency_376,MP_Name_376,Work_91,XYZ Builders,30-04-2021,231463
3091,Maharashtra,Constituency_377,MP_Name_377,Work_92,Rural Works Dept,15-05-2023,353672
3092,Delhi,Constituency_378,MP_Name_378,Work_93,Rural Works Dept,14-05-2021,310173
3093,Tamil Nadu,Constituency_379,MP_Name_379,Work_94,XYZ Builders,19-02-2021,57098
3094,Karnataka,Constituency_380,MP_Name_380,Work_95,ABC Constructions,30-09-2021,267909
3095,Tamil Nadu,Constituency_381,MP_Name_381,Work_96,State PWD,11-11-2023,143886
3096,Gujarat,Constituency_382,MP_Name_382,Work_97,State PWD,14-02-2023,317436
3097,Maharashtra,Constituency_383,MP_Name_383,Work_98,Global Infra,25-07-2023,102356
3098,Maharashtra,Constituency_384,MP_Name_384,Work_99,XYZ Builders,21-08-2021,354518
3099,Delhi,Constituency_385,MP_Name_385,Work_100,XYZ Builders,21-05-2022,131595
3100,Delhi,Constituency_386,MP_Name_386,Work_101,State PWD,28-05-2021,360199
3101,Gujarat,Constituency_387,MP_Name_387,Work_102,Global Infra,18-05-2021,271531
3102,Karnataka,Constituency_388,MP_Name_388,Work_103,Global Infra,25-08-2021,110691
3103,Uttar Pradesh,Constituency_389,MP_Name_389,Work_104,Global Infra,18-11-2021,76805
3104,Tamil Nadu,Constituency_390,MP_Name_390,Work_105,ABC Constructions,22-01-2022,313266
3105,Tamil Nadu,Constituency_391,MP_Name_391,Work_106,Rural Works Dept,21-03-2022,227837
3106,Uttar Pradesh,Constituency_392,MP_Name_392,Work_107,Rural Works Dept,10-08-2023,251094
3107,Tamil Nadu,Constituency_393,MP_Name_393,Work_108,XYZ Builders,04-10-2023,403123
3108,Karnataka,Constituency_394,MP_Name_394,Work_109,Rural Works Dept,07-04-2022,67685
3109,Maharashtra,Constituency_395,MP_Name_395,Work_110,ABC Constructions,10-07-2021,85624
3110,Uttar Pradesh,Constituency_396,MP_Name_396,Work_111,Global Infra,12-04-2023,407991
3111,Maharashtra,Constituency_397,MP_Name_397,Work_112,ABC Constructions,20-02-2023,274352
3112,Delhi,Constituency_398,MP_Name_398,Work_113,State PWD,08-05-2021,195540
3113,Karnataka,Constituency_399,MP_Name_399,Work_114,Global Infra,31-05-2022,389625
3114,Maharashtra,Constituency_400,MP_Name_400,Work_115,ABC Constructions,23-02-2023,319047
3115,Delhi,Constituency_401,MP_Name_401,Work_116,Rural Works Dept,17-10-2022,221855
3116,Tamil Nadu,Constituency_402,MP_Name_402,Work_117,Rural Works Dept,25-09-2021,449999
3117,Maharashtra,Constituency_403,MP_Name_403,Work_118,State PWD,18-02-2022,137493
3118,Uttar Pradesh,Constituency_404,MP_Name_404,Work_119,Rural Works Dept,07-11-2021,142844
3119,Karnataka,Constituency_405,MP_Name_405,Work_120,State PWD,29-09-2021,200119
3120,Uttar Pradesh,Constituency_406,MP_Name_406,Work_121,Rural Works Dept,20-10-2022,141778
3121,Uttar Pradesh,Constituency_407,MP_Name_407,Work_122,XYZ Builders,02-01-2021,166429
3122,Gujarat,Constituency_408,MP_Name_408,Work_123,XYZ Builders,20-08-2023,179142
3123,Gujarat,Constituency_409,MP_Name_409,Work_124,ABC Constructions,17-11-2021,239253
3124,Karnataka,Constituency_410,MP_Name_410,Work_125,XYZ Builders,28-07-2023,153636
3125,Uttar Pradesh,Constituency_411,MP_Name_411,Work_126,Global Infra,26-08-2023,61093
3126,Maharashtra,Constituency_412,MP_Name_412,Work_127,ABC Constructions,17-07-2022,58790
3127,Tamil Nadu,Constituency_413,MP_Name_413,Work_128,Global Infra,16-05-2023,380942
3128,Karnataka,Constituency_414,MP_Name_414,Work_129,Rural Works Dept,22-12-2023,402514
3129,Maharashtra,Constituency_415,MP_Name_415,Work_130,Global Infra,27-03-2023,291903
3130,Uttar Pradesh,Constituency_416,MP_Name_416,Work_131,Global Infra,06-01-2021,472151
3131,Tamil Nadu,Constituency_417,MP_Name_417,Work_132,ABC Constructions,03-10-2023,139144
3132,Tamil Nadu,Constituency_418,MP_Name_418,Work_133,XYZ Builders,15-03-2021,409758
3133,Tamil Nadu,Constituency_419,MP_Name_419,Work_134,Global Infra,23-09-2023,457896
3134,Maharashtra,Constituency_420,MP_Name_420,Work_135,Rural Works Dept,11-07-2023,322792
3135,Gujarat,Constituency_421,MP_Name_421,Work_136,State PWD,05-07-2021,221986
3136,Maharashtra,Constituency_422,MP_Name_422,Work_137,ABC Constructions,06-11-2022,321939
3137,Maharashtra,Constituency_423,MP_Name_423,Work_138,XYZ Builders,03-03-2022,232802
3138,Uttar Pradesh,Constituency_424,MP_Name_424,Work_139,ABC Constructions,12-09-2023,134395
3139,Delhi,Constituency_425,MP_Name_425,Work_140,State PWD,04-06-2023,246664
3140,Maharashtra,Constituency_426,MP_Name_426,Work_141,Rural Works Dept,12-04-2022,491191
3141,Gujarat,Constituency_427,MP_Name_427,Work_142,Rural Works Dept,14-12-2021,422681
3142,Tamil Nadu,Constituency_428,MP_Name_428,Work_143,XYZ Builders,17-06-2022,340600
3143,Uttar Pradesh,Constituency_429,MP_Name_429,Work_144,Global Infra,29-03-2022,360758
3144,Maharashtra,Constituency_430,MP_Name_430,Work_145,ABC Constructions,30-11-2021,191871
3145,Uttar Pradesh,Constituency_431,MP_Name_431,Work_146,ABC Constructions,09-12-2021,390436
3146,Uttar Pradesh,Constituency_432,MP_Name_432,Work_147,Rural Works Dept,04-07-2023,284646
3147,Maharashtra,Constituency_433,MP_Name_433,Work_148,State PWD,04-06-2021,356984
3148,Tamil Nadu,Constituency_434,MP_Name_434,Work_149,State PWD,27-05-2023,374069
3149,Karnataka,Constituency_435,MP_Name_435,Work_150,Global Infra,27-09-2023,324216
3150,Maharashtra,Constituency_436,MP_Name_436,Work_151,Global Infra,02-10-2021,186796
3151,Uttar Pradesh,Constituency_437,MP_Name_437,Work_152,State PWD,27-04-2021,456502
3152,Delhi,Constituency_438,MP_Name_438,Work_153,State PWD,13-07-2022,189051
3153,Karnataka,Constituency_439,MP_Name_439,Work_154,XYZ Builders,19-04-2022,300345
3154,Uttar Pradesh,Constituency_440,MP_Name_440,Work_155,Global Infra,13-11-2023,173303
3155,Gujarat,Constituency_441,MP_Name_441,Work_156,Global Infra,08-01-2021,149301
3156,Maharashtra,Constituency_442,MP_Name_442,Work_157,Rural Works Dept,19-03-2023,169741
3157,Delhi,Constituency_443,MP_Name_443,Work_158,State PWD,10-09-2021,59086
3158,Delhi,Constituency_444,MP_Name_444,Work_159,State PWD,26-05-2022,206059
3159,Delhi,Constituency_445,MP_Name_445,Work_160,Global Infra,23-01-2022,394100
3160,Karnataka,Constituency_446,MP_Name_446,Work_161,XYZ Builders,25-08-2021,408527
3161,Gujarat,Constituency_447,MP_Name_447,Work_162,State PWD,11-07-2021,307006
3162,Tamil Nadu,Constituency_448,MP_Name_448,Work_163,State PWD,27-09-2023,403040
3163,Delhi,Constituency_449,MP_Name_449,Work_164,Global Infra,18-10-2022,326479
3164,Uttar Pradesh,Constituency_450,MP_Name_450,Work_165,XYZ Builders,20-03-2022,183772
3165,Karnataka,Constituency_451,MP_Name_451,Work_166,State PWD,10-07-2022,499054
3166,Uttar Pradesh,Constituency_452,MP_Name_452,Work_167,Rural Works Dept,31-12-2021,171482
3167,Tamil Nadu,Constituency_453,MP_Name_453,Work_168,ABC Constructions,23-11-2023,496068
3168,Tamil Nadu,Constituency_454,MP_Name_454,Work_169,State PWD,01-07-2022,291402
3169,Uttar Pradesh,Constituency_455,MP_Name_455,Work_170,XYZ Builders,19-08-2021,305259
3170,Uttar Pradesh,Constituency_456,MP_Name_456,Work_171,Rural Works Dept,30-01-2022,170780
3171,Maharashtra,Constituency_457,MP_Name_457,Work_172,Global Infra,26-02-2021,376666
3172,Karnataka,Constituency_458,MP_Name_458,Work_173,Rural Works Dept,04-04-2021,119906
3173,Tamil Nadu,Constituency_459,MP_Name_459,Work_174,Rural Works Dept,07-10-2021,288400
3174,Delhi,Constituency_460,MP_Name_460,Work_175,XYZ Builders,14-09-2021,365204
3175,Delhi,Constituency_461,MP_Name_461,Work_176,Global Infra,29-09-2022,469863
3176,Gujarat,Constituency_462,MP_Name_462,Work_177,State PWD,29-10-2021,255516
3177,Delhi,Constituency_463,MP_Name_463,Work_178,ABC Constructions,24-07-2023,259348
3178,Tamil Nadu,Constituency_464,MP_Name_464,Work_179,Rural Works Dept,29-08-2022,199917
3179,Tamil Nadu,Constituency_465,MP_Name_465,Work_180,State PWD,06-08-2023,67870
3180,Gujarat,Constituency_466,MP_Name_466,Work_181,XYZ Builders,04-07-2022,355342
3181,Gujarat,Constituency_467,MP_Name_467,Work_182,State PWD,05-06-2022,178147
3182,Karnataka,Constituency_468,MP_Name_468,Work_183,State PWD,25-08-2021,336883
3183,Maharashtra,Constituency_469,MP_Name_469,Work_184,Rural Works Dept,24-08-2022,323852
3184,Karnataka,Constituency_470,MP_Name_470,Work_185,State PWD,11-05-2022,378313
3185,Karnataka,Constituency_471,MP_Name_471,Work_186,Rural Works Dept,13-06-2023,321336
3186,Uttar Pradesh,Constituency_472,MP_Name_472,Work_187,Rural Works Dept,01-10-2021,410284
3187,Delhi,Constituency_473,MP_Name_473,Work_188,Global Infra,18-08-2023,295354
3188,Gujarat,Constituency_474,MP_Name_474,Work_189,XYZ Builders,03-03-2022,205165
3189,Tamil Nadu,Constituency_475,MP_Name_475,Work_190,State PWD,28-12-2022,279104
3190,Tamil Nadu,Constituency_476,MP_Name_476,Work_191,State PWD,27-10-2022,76718
3191,Tamil Nadu,Constituency_477,MP_Name_477,Work_192,State PWD,24-12-2021,137736
3192,Tamil Nadu,Constituency_478,MP_Name_478,Work_193,Rural Works Dept,26-10-2021,361932
3193,Gujarat,Constituency_479,MP_Name_479,Work_194,XYZ Builders,31-03-2021,133197
3194,Karnataka,Constituency_480,MP_Name_480,Work_195,State PWD,11-10-2021,58581
3195,Karnataka,Constituency_481,MP_Name_481,Work_196,State PWD,16-04-2021,89345
3196,Gujarat,Constituency_482,MP_Name_482,Work_197,State PWD,22-05-2023,96591
3197,Tamil Nadu,Constituency_483,MP_Name_483,Work_198,Global Infra,30-01-2022,449175
3198,Gujarat,Constituency_484,MP_Name_484,Work_199,Global Infra,30-11-2022,139842
3199,Karnataka,Constituency_485,MP_Name_485,Work_200,XYZ Builders,08-12-2021,292728
3200,Delhi,Constituency_486,MP_Name_486,Work_1,XYZ Builders,11-12-2023,108680
3201,Delhi,Constituency_487,MP_Name_487,Work_2,Global Infra,18-05-2022,383178
3202,Tamil Nadu,Constituency_488,MP_Name_488,Work_3,ABC Constructions,27-12-2021,456865
3203,Uttar Pradesh,Constituency_489,MP_Name_489,Work_4,Global Infra,17-10-2021,91192
3204,Maharashtra,Constituency_490,MP_Name_490,Work_5,ABC Constructions,22-09-2021,84146
3205,Uttar Pradesh,Constituency_491,MP_Name_491,Work_6,Rural Works Dept,05-01-2022,120202
3206,Uttar Pradesh,Constituency_492,MP_Name_492,Work_7,Global Infra,21-10-2021,437129
3207,Karnataka,Constituency_493,MP_Name_493,Work_8,ABC Constructions,22-09-2021,423806
3208,Uttar Pradesh,Constituency_494,MP_Name_494,Work_9,XYZ Builders,09-02-2023,294642
3209,Uttar Pradesh,Constituency_495,MP_Name_495,Work_10,ABC Constructions,29-11-2023,234947
3210,Uttar Pradesh,Constituency_496,MP_Name_496,Work_11,Rural Works Dept,02-06-2023,486568
3211,Karnataka,Constituency_497,MP_Name_497,Work_12,Global Infra,16-02-2021,349826
3212,Uttar Pradesh,Constituency_498,MP_Name_498,Work_13,Rural Works Dept,25-10-2022,391789
3213,Karnataka,Constituency_499,MP_Name_499,Work_14,State PWD,13-10-2022,431424
3214,Gujarat,Constituency_500,MP_Name_500,Work_15,ABC Constructions,19-12-2023,282881
3215,Delhi,Constituency_501,MP_Name_501,Work_16,Rural Works Dept,05-04-2021,216524
3216,Karnataka,Constituency_502,MP_Name_502,Work_17,State PWD,27-10-2021,499746
3217,Tamil Nadu,Constituency_503,MP_Name_503,Work_18,State PWD,05-12-2021,145558
3218,Gujarat,Constituency_504,MP_Name_504,Work_19,Global Infra,04-10-2022,156687
3219,Karnataka,Constituency_505,MP_Name_505,Work_20,Global Infra,02-12-2022,341627
3220,Delhi,Constituency_506,MP_Name_506,Work_21,State PWD,15-07-2023,183962
3221,Delhi,Constituency_507,MP_Name_507,Work_22,State PWD,11-12-2021,140769
3222,Delhi,Constituency_508,MP_Name_508,Work_23,XYZ Builders,02-07-2023,352644
3223,Maharashtra,Constituency_509,MP_Name_509,Work_24,State PWD,05-05-2021,180697
3224,Tamil Nadu,Constituency_510,MP_Name_510,Work_25,ABC Constructions,17-09-2022,170051
3225,Delhi,Constituency_511,MP_Name_511,Work_26,State PWD,15-11-2022,199780
3226,Tamil Nadu,Constituency_512,MP_Name_512,Work_27,XYZ Builders,05-02-2022,95822
3227,Uttar Pradesh,Constituency_513,MP_Name_513,Work_28,Rural Works Dept,29-07-2023,411228
3228,Delhi,Constituency_514,MP_Name_514,Work_29,Global Infra,27-02-2022,139677
3229,Gujarat,Constituency_515,MP_Name_515,Work_30,XYZ Builders,13-01-2021,373976
3230,Tamil Nadu,Constituency_516,MP_Name_516,Work_31,ABC Constructions,18-07-2021,374730
3231,Uttar Pradesh,Constituency_517,MP_Name_517,Work_32,XYZ Builders,17-10-2023,355128
3232,Tamil Nadu,Constituency_518,MP_Name_518,Work_33,XYZ Builders,23-09-2021,152800
3233,Tamil Nadu,Constituency_519,MP_Name_519,Work_34,State PWD,05-09-2021,389764
3234,Delhi,Constituency_520,MP_Name_520,Work_35,State PWD,10-09-2021,54090
3235,Maharashtra,Constituency_521,MP_Name_521,Work_36,State PWD,03-02-2022,332851
3236,Uttar Pradesh,Constituency_522,MP_Name_522,Work_37,State PWD,21-10-2021,396127
3237,Uttar Pradesh,Constituency_523,MP_Name_523,Work_38,XYZ Builders,27-03-2021,149795
3238,Tamil Nadu,Constituency_524,MP_Name_524,Work_39,Global Infra,29-04-2022,58770
3239,Maharashtra,Constituency_525,MP_Name_525,Work_40,Global Infra,13-03-2021,317679
3240,Delhi,Constituency_526,MP_Name_526,Work_41,ABC Constructions,07-03-2022,71929
3241,Karnataka,Constituency_527,MP_Name_527,Work_42,ABC Constructions,16-07-2022,217994
3242,Uttar Pradesh,Constituency_528,MP_Name_528,Work_43,Global Infra,06-02-2021,412125
3243,Delhi,Constituency_529,MP_Name_529,Work_44,ABC Constructions,16-12-2023,53763
3244,Uttar Pradesh,Constituency_530,MP_Name_530,Work_45,Rural Works Dept,17-11-2023,179566
3245,Uttar Pradesh,Constituency_531,MP_Name_531,Work_46,Global Infra,11-03-2023,339971
3246,Uttar Pradesh,Constituency_532,MP_Name_532,Work_47,State PWD,18-09-2023,320405
3247,Karnataka,Constituency_533,MP_Name_533,Work_48,Global Infra,30-05-2022,102538
3248,Tamil Nadu,Constituency_534,MP_Name_534,Work_49,Global Infra,30-07-2023,485054
3249,Delhi,Constituency_535,MP_Name_535,Work_50,ABC Constructions,23-01-2021,378027
3250,Gujarat,Constituency_536,MP_Name_536,Work_51,XYZ Builders,08-03-2021,110690
3251,Karnataka,Constituency_537,MP_Name_537,Work_52,Global Infra,26-11-2023,107568
3252,Karnataka,Constituency_538,MP_Name_538,Work_53,XYZ Builders,19-07-2022,379930
3253,Delhi,Constituency_539,MP_Name_539,Work_54,State PWD,24-03-2023,326537
3254,Delhi,Constituency_540,MP_Name_540,Work_55,Global Infra,24-08-2022,88408
3255,Delhi,Constituency_541,MP_Name_541,Work_56,XYZ Builders,20-10-2022,440818
3256,Delhi,Constituency_542,MP_Name_542,Work_57,Global Infra,13-04-2021,301636
3257,Tamil Nadu,Constituency_543,MP_Name_543,Work_58,Global Infra,23-08-2021,462606
3258,Karnataka,Constituency_1,MP_Name_1,Work_59,State PWD,28-08-2021,84517
3259,Karnataka,Constituency_2,MP_Name_2,Work_60,Rural Works Dept,06-09-2023,245087
3260,Tamil Nadu,Constituency_3,MP_Name_3,Work_61,XYZ Builders,09-02-2023,60872
3261,Gujarat,Constituency_4,MP_Name_4,Work_62,ABC Constructions,14-10-2021,279735
3262,Delhi,Constituency_5,MP_Name_5,Work_63,State PWD,23-12-2021,339726
3263,Delhi,Constituency_6,MP_Name_6,Work_64,Global Infra,25-06-2021,431208
3264,Karnataka,Constituency_7,MP_Name_7,Work_65,State PWD,18-10-2021,234613
3265,Uttar Pradesh,Constituency_8,MP_Name_8,Work_66,Rural Works Dept,27-08-2022,169427
3266,Delhi,Constituency_9,MP_Name_9,Work_67,ABC Constructions,10-05-2023,232334
3267,Gujarat,Constituency_10,MP_Name_10,Work_68,ABC Constructions,02-06-2021,331875
3268,Delhi,Constituency_11,MP_Name_11,Work_69,State PWD,05-07-2021,65548
3269,Maharashtra,Constituency_12,MP_Name_12,Work_70,Global Infra,01-11-2022,170226
3270,Uttar Pradesh,Constituency_13,MP_Name_13,Work_71,XYZ Builders,10-10-2021,62735
3271,Maharashtra,Constituency_14,MP_Name_14,Work_72,Global Infra,08-02-2021,286875
3272,Karnataka,Constituency_15,MP_Name_15,Work_73,XYZ Builders,02-06-2022,283517
3273,Delhi,Constituency_16,MP_Name_16,Work_74,Rural Works Dept,15-11-2021,325191
3274,Maharashtra,Constituency_17,MP_Name_17,Work_75,State PWD,20-10-2023,478836
3275,Maharashtra,Constituency_18,MP_Name_18,Work_76,ABC Constructions,13-11-2021,411365
3276,Gujarat,Constituency_19,MP_Name_19,Work_77,State PWD,09-10-2023,322427
3277,Delhi,Constituency_20,MP_Name_20,Work_78,State PWD,17-07-2022,495548
3278,Delhi,Constituency_21,MP_Name_21,Work_79,State PWD,12-04-2023,434427
3279,Delhi,Constituency_22,MP_Name_22,Work_80,Rural Works Dept,24-03-2021,244964
3280,Uttar Pradesh,Constituency_23,MP_Name_23,Work_81,Global Infra,04-10-2023,446514
3281,Maharashtra,Constituency_24,MP_Name_24,Work_82,State PWD,11-09-2021,382909
3282,Maharashtra,Constituency_25,MP_Name_25,Work_83,ABC Constructions,24-09-2023,93779
3283,Karnataka,Constituency_26,MP_Name_26,Work_84,Global Infra,22-08-2022,200085
3284,Karnataka,Constituency_27,MP_Name_27,Work_85,State PWD,20-12-2023,240865
3285,Maharashtra,Constituency_28,MP_Name_28,Work_86,ABC Constructions,14-04-2023,67715
3286,Tamil Nadu,Constituency_29,MP_Name_29,Work_87,Rural Works Dept,06-02-2023,261087
3287,Delhi,Constituency_30,MP_Name_30,Work_88,ABC Constructions,05-01-2022,382949
3288,Delhi,Constituency_31,MP_Name_31,Work_89,XYZ Builders,31-10-2023,119728
3289,Gujarat,Constituency_32,MP_Name_32,Work_90,Global Infra,14-01-2021,430874
3290,Delhi,Constituency_33,MP_Name_33,Work_91,State PWD,21-03-2023,125466
3291,Gujarat,Constituency_34,MP_Name_34,Work_92,State PWD,01-03-2022,58685
3292,Gujarat,Constituency_35,MP_Name_35,Work_93,Global Infra,24-08-2021,462555
3293,Delhi,Constituency_36,MP_Name_36,Work_94,Rural Works Dept,08-11-2023,314007
3294,Tamil Nadu,Constituency_37,MP_Name_37,Work_95,ABC Constructions,19-01-2023,138635
3295,Karnataka,Constituency_38,MP_Name_38,Work_96,ABC Constructions,21-11-2022,303326
3296,Uttar Pradesh,Constituency_39,MP_Name_39,Work_97,ABC Constructions,11-12-2022,115991
3297,Delhi,Constituency_40,MP_Name_40,Work_98,Rural Works Dept,14-04-2023,361874
3298,Uttar Pradesh,Constituency_41,MP_Name_41,Work_99,Global Infra,01-01-2021,137359
3299,Karnataka,Constituency_42,MP_Name_42,Work_100,Global Infra,24-09-2022,468340
3300,Karnataka,Constituency_43,MP_Name_43,Work_101,Rural Works Dept,26-09-2023,118666
3301,Uttar Pradesh,Constituency_44,MP_Name_44,Work_102,State PWD,01-03-2022,64212
3302,Delhi,Constituency_45,MP_Name_45,Work_103,ABC Constructions,09-07-2021,412269
3303,Uttar Pradesh,Constituency_46,MP_Name_46,Work_104,ABC Constructions,21-01-2023,325155
3304,Karnataka,Constituency_47,MP_Name_47,Work_105,ABC Constructions,24-01-2022,80252
3305,Uttar Pradesh,Constituency_48,MP_Name_48,Work_106,XYZ Builders,14-06-2021,315818
3306,Tamil Nadu,Constituency_49,MP_Name_49,Work_107,State PWD,22-02-2022,125992
3307,Karnataka,Constituency_50,MP_Name_50,Work_108,State PWD,04-10-2021,474049
3308,Maharashtra,Constituency_51,MP_Name_51,Work_109,ABC Constructions,14-05-2022,340297
3309,Delhi,Constituency_52,MP_Name_52,Work_110,ABC Constructions,30-11-2023,362547
3310,Tamil Nadu,Constituency_53,MP_Name_53,Work_111,State PWD,02-09-2022,151150
3311,Maharashtra,Constituency_54,MP_Name_54,Work_112,ABC Constructions,21-01-2021,499581
3312,Uttar Pradesh,Constituency_55,MP_Name_55,Work_113,XYZ Builders,25-09-2022,214529
3313,Maharashtra,Constituency_56,MP_Name_56,Work_114,XYZ Builders,04-09-2021,468933
3314,Delhi,Constituency_57,MP_Name_57,Work_115,Global Infra,17-08-2023,227546
3315,Maharashtra,Constituency_58,MP_Name_58,Work_116,XYZ Builders,07-07-2021,304979
3316,Maharashtra,Constituency_59,MP_Name_59,Work_117,ABC Constructions,24-10-2021,191661
3317,Tamil Nadu,Constituency_60,MP_Name_60,Work_118,XYZ Builders,10-12-2022,371512
3318,Delhi,Constituency_61,MP_Name_61,Work_119,ABC Constructions,05-11-2021,435670
3319,Karnataka,Constituency_62,MP_Name_62,Work_120,State PWD,13-08-2023,148449
3320,Delhi,Constituency_63,MP_Name_63,Work_121,Global Infra,02-04-2021,307198
3321,Tamil Nadu,Constituency_64,MP_Name_64,Work_122,Global Infra,19-05-2023,251789
3322,Tamil Nadu,Constituency_65,MP_Name_65,Work_123,Rural Works Dept,31-01-2022,194719
3323,Maharashtra,Constituency_66,MP_Name_66,Work_124,XYZ Builders,24-08-2022,148613
3324,Uttar Pradesh,Constituency_67,MP_Name_67,Work_125,XYZ Builders,22-01-2021,385613
3325,Maharashtra,Constituency_68,MP_Name_68,Work_126,Global Infra,28-04-2022,288085
3326,Maharashtra,Constituency_69,MP_Name_69,Work_127,XYZ Builders,16-08-2022,476796
3327,Gujarat,Constituency_70,MP_Name_70,Work_128,State PWD,28-01-2023,327127
3328,Uttar Pradesh,Constituency_71,MP_Name_71,Work_129,XYZ Builders,22-01-2023,121212
3329,Tamil Nadu,Constituency_72,MP_Name_72,Work_130,Rural Works Dept,12-04-2022,54602
3330,Gujarat,Constituency_73,MP_Name_73,Work_131,Global Infra,12-09-2023,494587
3331,Uttar Pradesh,Constituency_74,MP_Name_74,Work_132,Rural Works Dept,08-06-2023,114052
3332,Karnataka,Constituency_75,MP_Name_75,Work_133,ABC Constructions,30-11-2021,392070
3333,Gujarat,Constituency_76,MP_Name_76,Work_134,ABC Constructions,05-09-2022,107416
3334,Uttar Pradesh,Constituency_77,MP_Name_77,Work_135,ABC Constructions,19-06-2022,303315
3335,Tamil Nadu,Constituency_78,MP_Name_78,Work_136,State PWD,03-09-2021,224901
3336,Tamil Nadu,Constituency_79,MP_Name_79,Work_137,Rural Works Dept,20-06-2022,305152
3337,Gujarat,Constituency_80,MP_Name_80,Work_138,State PWD,08-12-2022,117292
3338,Delhi,Constituency_81,MP_Name_81,Work_139,XYZ Builders,25-04-2022,177771
3339,Delhi,Constituency_82,MP_Name_82,Work_140,Global Infra,12-08-2023,326098
3340,Maharashtra,Constituency_83,MP_Name_83,Work_141,Rural Works Dept,12-12-2022,430546
3341,Maharashtra,Constituency_84,MP_Name_84,Work_142,XYZ Builders,19-04-2023,367467
3342,Tamil Nadu,Constituency_85,MP_Name_85,Work_143,Rural Works Dept,30-09-2022,99469
3343,Maharashtra,Constituency_86,MP_Name_86,Work_144,State PWD,17-04-2023,394282
3344,Karnataka,Constituency_87,MP_Name_87,Work_145,XYZ Builders,13-03-2022,76675
3345,Maharashtra,Constituency_88,MP_Name_88,Work_146,XYZ Builders,06-06-2022,53350
3346,Maharashtra,Constituency_89,MP_Name_89,Work_147,Global Infra,18-12-2022,481934
3347,Gujarat,Constituency_90,MP_Name_90,Work_148,XYZ Builders,11-06-2023,141657
3348,Uttar Pradesh,Constituency_91,MP_Name_91,Work_149,ABC Constructions,28-11-2021,313634
3349,Gujarat,Constituency_92,MP_Name_92,Work_150,ABC Constructions,19-05-2021,405775
3350,Uttar Pradesh,Constituency_93,MP_Name_93,Work_151,XYZ Builders,10-04-2022,473409
3351,Maharashtra,Constituency_94,MP_Name_94,Work_152,State PWD,11-07-2022,125222
3352,Karnataka,Constituency_95,MP_Name_95,Work_153,Global Infra,02-11-2023,95070
3353,Gujarat,Constituency_96,MP_Name_96,Work_154,Global Infra,19-12-2021,97588
3354,Gujarat,Constituency_97,MP_Name_97,Work_155,XYZ Builders,03-11-2023,391702
3355,Delhi,Constituency_98,MP_Name_98,Work_156,Global Infra,15-08-2021,453225
3356,Maharashtra,Constituency_99,MP_Name_99,Work_157,Rural Works Dept,25-05-2023,155824
3357,Tamil Nadu,Constituency_100,MP_Name_100,Work_158,ABC Constructions,12-04-2023,335235
3358,Tamil Nadu,Constituency_101,MP_Name_101,Work_159,XYZ Builders,17-08-2022,132369
3359,Tamil Nadu,Constituency_102,MP_Name_102,Work_160,Global Infra,14-03-2022,359678
3360,Tamil Nadu,Constituency_103,MP_Name_103,Work_161,ABC Constructions,06-12-2021,198276
3361,Karnataka,Constituency_104,MP_Name_104,Work_162,Global Infra,27-11-2022,290372
3362,Tamil Nadu,Constituency_105,MP_Name_105,Work_163,ABC Constructions,19-06-2023,409348
3363,Gujarat,Constituency_106,MP_Name_106,Work_164,State PWD,30-08-2023,299447
3364,Delhi,Constituency_107,MP_Name_107,Work_165,Rural Works Dept,08-11-2021,423778
3365,Delhi,Constituency_108,MP_Name_108,Work_166,Rural Works Dept,31-07-2021,482200
3366,Maharashtra,Constituency_109,MP_Name_109,Work_167,ABC Constructions,08-11-2022,450863
3367,Karnataka,Constituency_110,MP_Name_110,Work_168,XYZ Builders,01-09-2022,145894
3368,Maharashtra,Constituency_111,MP_Name_111,Work_169,ABC Constructions,25-12-2021,370584
3369,Delhi,Constituency_112,MP_Name_112,Work_170,Rural Works Dept,22-07-2023,401109
3370,Maharashtra,Constituency_113,MP_Name_113,Work_171,XYZ Builders,14-04-2022,485996
3371,Uttar Pradesh,Constituency_114,MP_Name_114,Work_172,State PWD,13-01-2022,278536
3372,Uttar Pradesh,Constituency_115,MP_Name_115,Work_173,State PWD,26-12-2023,87583
3373,Maharashtra,Constituency_116,MP_Name_116,Work_174,Rural Works Dept,19-12-2021,262859
3374,Tamil Nadu,Constituency_117,MP_Name_117,Work_175,XYZ Builders,13-02-2023,366117
3375,Uttar Pradesh,Constituency_118,MP_Name_118,Work_176,Global Infra,04-04-2022,386155
3376,Tamil Nadu,Constituency_119,MP_Name_119,Work_177,Rural Works Dept,26-02-2022,328141
3377,Tamil Nadu,Constituency_120,MP_Name_120,Work_178,Global Infra,11-05-2022,392651
3378,Maharashtra,Constituency_121,MP_Name_121,Work_179,Global Infra,04-02-2021,291969
3379,Maharashtra,Constituency_122,MP_Name_122,Work_180,ABC Constructions,14-07-2023,51596
3380,Delhi,Constituency_123,MP_Name_123,Work_181,State PWD,31-01-2022,235089
3381,Karnataka,Constituency_124,MP_Name_124,Work_182,Global Infra,31-01-2023,399091
3382,Uttar Pradesh,Constituency_125,MP_Name_125,Work_183,XYZ Builders,27-04-2022,459011
3383,Karnataka,Constituency_126,MP_Name_126,Work_184,State PWD,16-05-2021,401866
3384,Delhi,Constituency_127,MP_Name_127,Work_185,XYZ Builders,14-04-2022,180675
3385,Delhi,Constituency_128,MP_Name_128,Work_186,ABC Constructions,04-02-2022,468204
3386,Tamil Nadu,Constituency_129,MP_Name_129,Work_187,XYZ Builders,21-11-2023,471585
3387,Gujarat,Constituency_130,MP_Name_130,Work_188,XYZ Builders,21-09-2022,56922
3388,Uttar Pradesh,Constituency_131,MP_Name_131,Work_189,Rural Works Dept,17-03-2023,470297
3389,Karnataka,Constituency_132,MP_Name_132,Work_190,XYZ Builders,17-06-2021,386659
3390,Uttar Pradesh,Constituency_133,MP_Name_133,Work_191,State PWD,25-05-2023,112916
3391,Gujarat,Constituency_134,MP_Name_134,Work_192,State PWD,13-09-2022,131417
3392,Karnataka,Constituency_135,MP_Name_135,Work_193,Global Infra,21-12-2023,493886
3393,Karnataka,Constituency_136,MP_Name_136,Work_194,XYZ Builders,02-02-2023,50946
3394,Gujarat,Constituency_137,MP_Name_137,Work_195,Rural Works Dept,08-09-2022,117765
3395,Karnataka,Constituency_138,MP_Name_138,Work_196,Global Infra,27-05-2023,262751
3396,Karnataka,Constituency_139,MP_Name_139,Work_197,Global Infra,03-03-2022,231294
3397,Tamil Nadu,Constituency_140,MP_Name_140,Work_198,XYZ Builders,10-09-2021,314368
3398,Gujarat,Constituency_141,MP_Name_141,Work_199,State PWD,04-10-2022,397238
3399,Gujarat,Constituency_142,MP_Name_142,Work_200,XYZ Builders,17-01-2022,74205
3400,Gujarat,Constituency_143,MP_Name_143,Work_1,ABC Constructions,30-11-2021,312128
3401,Gujarat,Constituency_144,MP_Name_144,Work_2,State PWD,12-07-2022,206641
3402,Uttar Pradesh,Constituency_145,MP_Name_145,Work_3,Global Infra,02-01-2022,350983
3403,Tamil Nadu,Constituency_146,MP_Name_146,Work_4,Rural Works Dept,02-02-2021,457902
3404,Gujarat,Constituency_147,MP_Name_147,Work_5,XYZ Builders,04-12-2021,380030
3405,Maharashtra,Constituency_148,MP_Name_148,Work_6,ABC Constructions,10-06-2021,466275
3406,Delhi,Constituency_149,MP_Name_149,Work_7,Rural Works Dept,16-09-2023,248964
3407,Karnataka,Constituency_150,MP_Name_150,Work_8,Rural Works Dept,22-06-2022,483197
3408,Tamil Nadu,Constituency_151,MP_Name_151,Work_9,XYZ Builders,16-07-2022,324765
3409,Tamil Nadu,Constituency_152,MP_Name_152,Work_10,State PWD,11-06-2023,76445
3410,Gujarat,Constituency_153,MP_Name_153,Work_11,XYZ Builders,25-10-2022,485999
3411,Uttar Pradesh,Constituency_154,MP_Name_154,Work_12,XYZ Builders,24-03-2022,201952
3412,Uttar Pradesh,Constituency_155,MP_Name_155,Work_13,Global Infra,17-02-2023,176752
3413,Gujarat,Constituency_156,MP_Name_156,Work_14,Global Infra,15-10-2023,417286
3414,Delhi,Constituency_157,MP_Name_157,Work_15,Rural Works Dept,01-01-2021,221331
3415,Maharashtra,Constituency_158,MP_Name_158,Work_16,State PWD,09-02-2021,474147
3416,Delhi,Constituency_159,MP_Name_159,Work_17,Global Infra,01-01-2024,310723
3417,Tamil Nadu,Constituency_160,MP_Name_160,Work_18,ABC Constructions,17-07-2021,483066
3418,Uttar Pradesh,Constituency_161,MP_Name_161,Work_19,State PWD,10-04-2022,250546
3419,Tamil Nadu,Constituency_162,MP_Name_162,Work_20,XYZ Builders,04-02-2023,419744
3420,Karnataka,Constituency_163,MP_Name_163,Work_21,ABC Constructions,13-01-2023,461024
3421,Maharashtra,Constituency_164,MP_Name_164,Work_22,ABC Constructions,02-08-2021,64228
3422,Uttar Pradesh,Constituency_165,MP_Name_165,Work_23,ABC Constructions,11-01-2022,197872
3423,Maharashtra,Constituency_166,MP_Name_166,Work_24,ABC Constructions,12-09-2021,348106
3424,Tamil Nadu,Constituency_167,MP_Name_167,Work_25,Rural Works Dept,24-01-2023,364292
3425,Gujarat,Constituency_168,MP_Name_168,Work_26,XYZ Builders,10-10-2023,264865
3426,Gujarat,Constituency_169,MP_Name_169,Work_27,Global Infra,07-02-2022,386373
3427,Tamil Nadu,Constituency_170,MP_Name_170,Work_28,Rural Works Dept,12-07-2021,430082
3428,Tamil Nadu,Constituency_171,MP_Name_171,Work_29,Global Infra,02-02-2023,131725
3429,Delhi,Constituency_172,MP_Name_172,Work_30,State PWD,23-08-2021,221242
3430,Uttar Pradesh,Constituency_173,MP_Name_173,Work_31,State PWD,05-09-2023,372679
3431,Karnataka,Constituency_174,MP_Name_174,Work_32,Rural Works Dept,29-03-2022,131046
3432,Karnataka,Constituency_175,MP_Name_175,Work_33,XYZ Builders,19-09-2022,64822
3433,Uttar Pradesh,Constituency_176,MP_Name_176,Work_34,State PWD,04-05-2021,150090
3434,Karnataka,Constituency_177,MP_Name_177,Work_35,Global Infra,04-07-2021,202092
3435,Gujarat,Constituency_178,MP_Name_178,Work_36,Rural Works Dept,20-02-2022,405161
3436,Tamil Nadu,Constituency_179,MP_Name_179,Work_37,ABC Constructions,08-03-2023,178607
3437,Uttar Pradesh,Constituency_180,MP_Name_180,Work_38,Rural Works Dept,20-11-2023,107421
3438,Maharashtra,Constituency_181,MP_Name_181,Work_39,Global Infra,17-01-2023,98132
3439,Delhi,Constituency_182,MP_Name_182,Work_40,ABC Constructions,03-11-2022,82991
3440,Tamil Nadu,Constituency_183,MP_Name_183,Work_41,XYZ Builders,03-09-2022,415769
3441,Karnataka,Constituency_184,MP_Name_184,Work_42,Global Infra,17-07-2022,148666
3442,Uttar Pradesh,Constituency_185,MP_Name_185,Work_43,ABC Constructions,19-11-2021,232008
3443,Uttar Pradesh,Constituency_186,MP_Name_186,Work_44,ABC Constructions,11-07-2022,58763
3444,Tamil Nadu,Constituency_187,MP_Name_187,Work_45,State PWD,28-06-2022,456292
3445,Gujarat,Constituency_188,MP_Name_188,Work_46,XYZ Builders,17-02-2023,410645
3446,Delhi,Constituency_189,MP_Name_189,Work_47,ABC Constructions,14-04-2023,343402
3447,Delhi,Constituency_190,MP_Name_190,Work_48,ABC Constructions,14-05-2023,59004
3448,Gujarat,Constituency_191,MP_Name_191,Work_49,Rural Works Dept,02-09-2023,233766
3449,Delhi,Constituency_192,MP_Name_192,Work_50,State PWD,05-12-2023,99730
3450,Uttar Pradesh,Constituency_193,MP_Name_193,Work_51,State PWD,11-12-2021,317943
3451,Delhi,Constituency_194,MP_Name_194,Work_52,State PWD,13-01-2021,496059
3452,Maharashtra,Constituency_195,MP_Name_195,Work_53,XYZ Builders,01-08-2021,74312
3453,Delhi,Constituency_196,MP_Name_196,Work_54,ABC Constructions,19-12-2022,452451
3454,Delhi,Constituency_197,MP_Name_197,Work_55,State PWD,25-08-2021,132734
3455,Karnataka,Constituency_198,MP_Name_198,Work_56,Rural Works Dept,22-04-2021,346096
3456,Gujarat,Constituency_199,MP_Name_199,Work_57,Rural Works Dept,16-05-2022,124740
3457,Tamil Nadu,Constituency_200,MP_Name_200,Work_58,Rural Works Dept,03-07-2021,360895
3458,Karnataka,Constituency_201,MP_Name_201,Work_59,ABC Constructions,11-05-2022,456140
3459,Maharashtra,Constituency_202,MP_Name_202,Work_60,ABC Constructions,05-07-2021,195881
3460,Tamil Nadu,Constituency_203,MP_Name_203,Work_61,XYZ Builders,05-01-2021,94991
3461,Maharashtra,Constituency_204,MP_Name_204,Work_62,XYZ Builders,13-02-2023,337125
3462,Gujarat,Constituency_205,MP_Name_205,Work_63,XYZ Builders,01-07-2021,451039
3463,Maharashtra,Constituency_206,MP_Name_206,Work_64,Global Infra,22-10-2021,226328
3464,Uttar Pradesh,Constituency_207,MP_Name_207,Work_65,Rural Works Dept,05-12-2022,437518
3465,Gujarat,Constituency_208,MP_Name_208,Work_66,State PWD,18-03-2022,134416
3466,Gujarat,Constituency_209,MP_Name_209,Work_67,XYZ Builders,20-04-2023,267556
3467,Karnataka,Constituency_210,MP_Name_210,Work_68,Global Infra,11-01-2023,450143
3468,Maharashtra,Constituency_211,MP_Name_211,Work_69,ABC Constructions,18-09-2021,132278
3469,Delhi,Constituency_212,MP_Name_212,Work_70,XYZ Builders,08-12-2023,82158
3470,Tamil Nadu,Constituency_213,MP_Name_213,Work_71,Rural Works Dept,29-03-2023,357221
3471,Karnataka,Constituency_214,MP_Name_214,Work_72,State PWD,01-05-2023,372422
3472,Uttar Pradesh,Constituency_215,MP_Name_215,Work_73,State PWD,13-05-2022,157710
3473,Uttar Pradesh,Constituency_216,MP_Name_216,Work_74,XYZ Builders,18-08-2023,481233
3474,Gujarat,Constituency_217,MP_Name_217,Work_75,XYZ Builders,06-09-2023,103447
3475,Gujarat,Constituency_218,MP_Name_218,Work_76,XYZ Builders,22-04-2023,299686
3476,Delhi,Constituency_219,MP_Name_219,Work_77,Global Infra,14-09-2021,257313
3477,Karnataka,Constituency_220,MP_Name_220,Work_78,ABC Constructions,11-09-2023,359771
3478,Uttar Pradesh,Constituency_221,MP_Name_221,Work_79,State PWD,15-12-2021,289261
3479,Maharashtra,Constituency_222,MP_Name_222,Work_80,ABC Constructions,01-12-2023,392827
3480,Karnataka,Constituency_223,MP_Name_223,Work_81,Rural Works Dept,28-03-2022,86323
3481,Gujarat,Constituency_224,MP_Name_224,Work_82,ABC Constructions,14-09-2022,208111
3482,Gujarat,Constituency_225,MP_Name_225,Work_83,Global Infra,08-04-2022,290599
3483,Tamil Nadu,Constituency_226,MP_Name_226,Work_84,XYZ Builders,14-04-2023,406110
3484,Gujarat,Constituency_227,MP_Name_227,Work_85,Rural Works Dept,03-10-2021,204985
3485,Gujarat,Constituency_228,MP_Name_228,Work_86,State PWD,10-10-2021,399640
3486,Gujarat,Constituency_229,MP_Name_229,Work_87,XYZ Builders,11-03-2021,77797
3487,Gujarat,Constituency_230,MP_Name_230,Work_88,XYZ Builders,17-01-2021,152511
3488,Maharashtra,Constituency_231,MP_Name_231,Work_89,State PWD,03-01-2022,192195
3489,Gujarat,Constituency_232,MP_Name_232,Work_90,State PWD,28-04-2021,341657
3490,Maharashtra,Constituency_233,MP_Name_233,Work_91,Rural Works Dept,17-07-2022,259959
3491,Tamil Nadu,Constituency_234,MP_Name_234,Work_92,State PWD,16-08-2022,338298
3492,Delhi,Constituency_235,MP_Name_235,Work_93,Global Infra,18-11-2022,194555
3493,Delhi,Constituency_236,MP_Name_236,Work_94,XYZ Builders,28-12-2021,330199
3494,Gujarat,Constituency_237,MP_Name_237,Work_95,Global Infra,20-09-2022,183986
3495,Uttar Pradesh,Constituency_238,MP_Name_238,Work_96,Global Infra,13-06-2022,298341
3496,Maharashtra,Constituency_239,MP_Name_239,Work_97,XYZ Builders,01-10-2023,236785
3497,Uttar Pradesh,Constituency_240,MP_Name_240,Work_98,Global Infra,08-12-2022,495084
3498,Karnataka,Constituency_241,MP_Name_241,Work_99,State PWD,23-12-2023,388031
3499,Uttar Pradesh,Constituency_242,MP_Name_242,Work_100,Global Infra,30-12-2021,283634
3500,Tamil Nadu,Constituency_243,MP_Name_243,Work_101,XYZ Builders,19-07-2021,269380
3501,Uttar Pradesh,Constituency_244,MP_Name_244,Work_102,Rural Works Dept,13-07-2021,90628
3502,Tamil Nadu,Constituency_245,MP_Name_245,Work_103,Rural Works Dept,18-04-2023,242971
3503,Karnataka,Constituency_246,MP_Name_246,Work_104,State PWD,27-02-2021,188579
3504,Karnataka,Constituency_247,MP_Name_247,Work_105,Rural Works Dept,08-11-2023,482014
3505,Karnataka,Constituency_248,MP_Name_248,Work_106,Rural Works Dept,29-05-2021,442169
3506,Karnataka,Constituency_249,MP_Name_249,Work_107,ABC Constructions,27-10-2022,182526
3507,Maharashtra,Constituency_250,MP_Name_250,Work_108,State PWD,11-10-2022,183545
3508,Maharashtra,Constituency_251,MP_Name_251,Work_109,State PWD,03-07-2023,422807
3509,Karnataka,Constituency_252,MP_Name_252,Work_110,State PWD,05-06-2021,139568
3510,Uttar Pradesh,Constituency_253,MP_Name_253,Work_111,ABC Constructions,13-11-2022,330263
3511,Tamil Nadu,Constituency_254,MP_Name_254,Work_112,Rural Works Dept,28-12-2023,474561
3512,Maharashtra,Constituency_255,MP_Name_255,Work_113,Global Infra,14-12-2022,281143
3513,Delhi,Constituency_256,MP_Name_256,Work_114,XYZ Builders,27-01-2022,482284
3514,Maharashtra,Constituency_257,MP_Name_257,Work_115,XYZ Builders,15-04-2022,295154
3515,Tamil Nadu,Constituency_258,MP_Name_258,Work_116,XYZ Builders,03-09-2022,497550
3516,Karnataka,Constituency_259,MP_Name_259,Work_117,ABC Constructions,18-11-2022,71824
3517,Karnataka,Constituency_260,MP_Name_260,Work_118,Rural Works Dept,14-08-2023,471008
3518,Uttar Pradesh,Constituency_261,MP_Name_261,Work_119,Rural Works Dept,03-12-2023,164614
3519,Delhi,Constituency_262,MP_Name_262,Work_120,XYZ Builders,03-06-2021,77232
3520,Uttar Pradesh,Constituency_263,MP_Name_263,Work_121,Global Infra,29-12-2023,206977
3521,Uttar Pradesh,Constituency_264,MP_Name_264,Work_122,Global Infra,06-03-2023,334482
3522,Karnataka,Constituency_265,MP_Name_265,Work_123,Rural Works Dept,01-01-2022,448884
3523,Uttar Pradesh,Constituency_266,MP_Name_266,Work_124,State PWD,02-04-2021,149619
3524,Delhi,Constituency_267,MP_Name_267,Work_125,Global Infra,01-03-2021,490396
3525,Tamil Nadu,Constituency_268,MP_Name_268,Work_126,Rural Works Dept,20-07-2021,494174
3526,Karnataka,Constituency_269,MP_Name_269,Work_127,XYZ Builders,29-11-2022,360663
3527,Tamil Nadu,Constituency_270,MP_Name_270,Work_128,State PWD,26-01-2022,77351
3528,Gujarat,Constituency_271,MP_Name_271,Work_129,ABC Constructions,30-03-2021,56345
3529,Tamil Nadu,Constituency_272,MP_Name_272,Work_130,State PWD,27-02-2022,454719
3530,Tamil Nadu,Constituency_273,MP_Name_273,Work_131,XYZ Builders,06-11-2022,197321
3531,Delhi,Constituency_274,MP_Name_274,Work_132,Rural Works Dept,29-12-2022,292278
3532,Gujarat,Constituency_275,MP_Name_275,Work_133,ABC Constructions,06-10-2022,65174
3533,Tamil Nadu,Constituency_276,MP_Name_276,Work_134,Rural Works Dept,10-02-2023,243202
3534,Uttar Pradesh,Constituency_277,MP_Name_277,Work_135,State PWD,07-08-2023,265339
3535,Delhi,Constituency_278,MP_Name_278,Work_136,XYZ Builders,24-07-2022,407252
3536,Karnataka,Constituency_279,MP_Name_279,Work_137,State PWD,21-06-2023,395699
3537,Tamil Nadu,Constituency_280,MP_Name_280,Work_138,XYZ Builders,30-05-2022,350091
3538,Karnataka,Constituency_281,MP_Name_281,Work_139,XYZ Builders,09-08-2022,241457
3539,Tamil Nadu,Constituency_282,MP_Name_282,Work_140,Rural Works Dept,23-06-2022,359005
3540,Maharashtra,Constituency_283,MP_Name_283,Work_141,State PWD,19-08-2021,240813
3541,Maharashtra,Constituency_284,MP_Name_284,Work_142,Global Infra,05-01-2023,194215
3542,Gujarat,Constituency_285,MP_Name_285,Work_143,ABC Constructions,30-11-2021,336735
3543,Karnataka,Constituency_286,MP_Name_286,Work_144,ABC Constructions,28-09-2021,495027
3544,Tamil Nadu,Constituency_287,MP_Name_287,Work_145,ABC Constructions,20-01-2021,474314
3545,Karnataka,Constituency_288,MP_Name_288,Work_146,Global Infra,06-02-2021,435592
3546,Karnataka,Constituency_289,MP_Name_289,Work_147,Global Infra,15-02-2022,113823
3547,Delhi,Constituency_290,MP_Name_290,Work_148,State PWD,12-03-2021,53143
3548,Maharashtra,Constituency_291,MP_Name_291,Work_149,ABC Constructions,10-05-2022,285660
3549,Gujarat,Constituency_292,MP_Name_292,Work_150,ABC Constructions,16-05-2023,492109
3550,Maharashtra,Constituency_293,MP_Name_293,Work_151,XYZ Builders,28-11-2023,147578
3551,Uttar Pradesh,Constituency_294,MP_Name_294,Work_152,Global Infra,20-10-2023,323353
3552,Uttar Pradesh,Constituency_295,MP_Name_295,Work_153,XYZ Builders,03-08-2021,168272
3553,Tamil Nadu,Constituency_296,MP_Name_296,Work_154,State PWD,08-05-2021,162506
3554,Tamil Nadu,Constituency_297,MP_Name_297,Work_155,ABC Constructions,24-11-2021,446427
3555,Maharashtra,Constituency_298,MP_Name_298,Work_156,Global Infra,27-05-2021,335625
3556,Karnataka,Constituency_299,MP_Name_299,Work_157,Rural Works Dept,06-02-2023,270237
3557,Karnataka,Constituency_300,MP_Name_300,Work_158,XYZ Builders,19-06-2022,379713
3558,Maharashtra,Constituency_301,MP_Name_301,Work_159,Rural Works Dept,19-08-2022,191655
3559,Uttar Pradesh,Constituency_302,MP_Name_302,Work_160,Global Infra,11-04-2023,109333
3560,Uttar Pradesh,Constituency_303,MP_Name_303,Work_161,Rural Works Dept,03-10-2021,310007
3561,Delhi,Constituency_304,MP_Name_304,Work_162,ABC Constructions,20-07-2023,446078
3562,Tamil Nadu,Constituency_305,MP_Name_305,Work_163,State PWD,20-01-2022,305761
3563,Gujarat,Constituency_306,MP_Name_306,Work_164,State PWD,10-02-2023,121260
3564,Maharashtra,Constituency_307,MP_Name_307,Work_165,XYZ Builders,20-10-2021,443155
3565,Delhi,Constituency_308,MP_Name_308,Work_166,ABC Constructions,19-01-2023,393771
3566,Gujarat,Constituency_309,MP_Name_309,Work_167,Global Infra,19-02-2023,139520
3567,Maharashtra,Constituency_310,MP_Name_310,Work_168,ABC Constructions,18-09-2023,440059
3568,Uttar Pradesh,Constituency_311,MP_Name_311,Work_169,ABC Constructions,06-07-2023,354866
3569,Delhi,Constituency_312,MP_Name_312,Work_170,State PWD,27-06-2023,379250
3570,Gujarat,Constituency_313,MP_Name_313,Work_171,State PWD,13-05-2023,122253
3571,Maharashtra,Constituency_314,MP_Name_314,Work_172,Global Infra,21-04-2021,362196
3572,Maharashtra,Constituency_315,MP_Name_315,Work_173,Rural Works Dept,03-07-2021,157196
3573,Delhi,Constituency_316,MP_Name_316,Work_174,XYZ Builders,15-12-2023,64263
3574,Gujarat,Constituency_317,MP_Name_317,Work_175,Rural Works Dept,17-02-2023,52599
3575,Uttar Pradesh,Constituency_318,MP_Name_318,Work_176,Rural Works Dept,17-04-2021,115695
3576,Delhi,Constituency_319,MP_Name_319,Work_177,Global Infra,01-04-2022,461404
3577,Tamil Nadu,Constituency_320,MP_Name_320,Work_178,XYZ Builders,10-09-2021,79333
3578,Maharashtra,Constituency_321,MP_Name_321,Work_179,State PWD,20-07-2023,389313
3579,Delhi,Constituency_322,MP_Name_322,Work_180,State PWD,28-01-2021,310897
3580,Maharashtra,Constituency_323,MP_Name_323,Work_181,ABC Constructions,22-01-2023,429824
3581,Gujarat,Constituency_324,MP_Name_324,Work_182,Global Infra,12-04-2023,60013
3582,Tamil Nadu,Constituency_325,MP_Name_325,Work_183,State PWD,11-12-2022,410545
3583,Uttar Pradesh,Constituency_326,MP_Name_326,Work_184,State PWD,18-07-2022,77565
3584,Delhi,Constituency_327,MP_Name_327,Work_185,ABC Constructions,06-05-2021,183444
3585,Uttar Pradesh,Constituency_328,MP_Name_328,Work_186,State PWD,21-12-2021,208644
3586,Karnataka,Constituency_329,MP_Name_329,Work_187,Global Infra,11-03-2021,252595
3587,Delhi,Constituency_330,MP_Name_330,Work_188,XYZ Builders,16-08-2022,165216
3588,Uttar Pradesh,Constituency_331,MP_Name_331,Work_189,XYZ Builders,27-10-2022,438151
3589,Karnataka,Constituency_332,MP_Name_332,Work_190,ABC Constructions,11-04-2021,441974
3590,Maharashtra,Constituency_333,MP_Name_333,Work_191,Rural Works Dept,07-09-2023,110682
3591,Gujarat,Constituency_334,MP_Name_334,Work_192,ABC Constructions,22-02-2023,202334
3592,Maharashtra,Constituency_335,MP_Name_335,Work_193,Rural Works Dept,24-09-2021,155620
3593,Tamil Nadu,Constituency_336,MP_Name_336,Work_194,ABC Constructions,17-06-2023,87112
3594,Maharashtra,Constituency_337,MP_Name_337,Work_195,Rural Works Dept,03-08-2023,96878
3595,Delhi,Constituency_338,MP_Name_338,Work_196,State PWD,13-08-2023,459360
3596,Gujarat,Constituency_339,MP_Name_339,Work_197,State PWD,21-08-2022,194795
3597,Gujarat,Constituency_340,MP_Name_340,Work_198,Rural Works Dept,14-12-2022,65456
3598,Tamil Nadu,Constituency_341,MP_Name_341,Work_199,XYZ Builders,23-09-2023,234272
3599,Maharashtra,Constituency_342,MP_Name_342,Work_200,XYZ Builders,16-07-2023,86162
3600,Maharashtra,Constituency_343,MP_Name_343,Work_1,XYZ Builders,26-07-2022,465165
3601,Uttar Pradesh,Constituency_344,MP_Name_344,Work_2,Rural Works Dept,09-10-2023,258912
3602,Karnataka,Constituency_345,MP_Name_345,Work_3,State PWD,08-04-2023,467042
3603,Maharashtra,Constituency_346,MP_Name_346,Work_4,Global Infra,03-04-2023,496220
3604,Karnataka,Constituency_347,MP_Name_347,Work_5,Global Infra,18-11-2023,170515
3605,Tamil Nadu,Constituency_348,MP_Name_348,Work_6,Rural Works Dept,12-09-2021,236475
3606,Tamil Nadu,Constituency_349,MP_Name_349,Work_7,ABC Constructions,11-09-2022,404978
3607,Uttar Pradesh,Constituency_350,MP_Name_350,Work_8,XYZ Builders,26-09-2021,269785
3608,Karnataka,Constituency_351,MP_Name_351,Work_9,ABC Constructions,15-08-2023,109452
3609,Tamil Nadu,Constituency_352,MP_Name_352,Work_10,ABC Constructions,06-12-2022,178533
3610,Tamil Nadu,Constituency_353,MP_Name_353,Work_11,State PWD,13-01-2022,363788
3611,Karnataka,Constituency_354,MP_Name_354,Work_12,State PWD,24-04-2023,71929
3612,Karnataka,Constituency_355,MP_Name_355,Work_13,XYZ Builders,19-01-2023,366983
3613,Karnataka,Constituency_356,MP_Name_356,Work_14,ABC Constructions,31-10-2023,236897
3614,Maharashtra,Constituency_357,MP_Name_357,Work_15,Rural Works Dept,11-08-2023,280951
3615,Maharashtra,Constituency_358,MP_Name_358,Work_16,ABC Constructions,02-08-2022,225005
3616,Maharashtra,Constituency_359,MP_Name_359,Work_17,XYZ Builders,13-12-2022,369626
3617,Maharashtra,Constituency_360,MP_Name_360,Work_18,ABC Constructions,04-06-2022,335893
3618,Delhi,Constituency_361,MP_Name_361,Work_19,ABC Constructions,01-12-2021,362033
3619,Delhi,Constituency_362,MP_Name_362,Work_20,State PWD,08-11-2021,127378
3620,Delhi,Constituency_363,MP_Name_363,Work_21,ABC Constructions,13-10-2022,327024
3621,Tamil Nadu,Constituency_364,MP_Name_364,Work_22,State PWD,26-09-2021,469243
3622,Maharashtra,Constituency_365,MP_Name_365,Work_23,Global Infra,15-08-2022,421499
3623,Tamil Nadu,Constituency_366,MP_Name_366,Work_24,ABC Constructions,23-09-2023,289307
3624,Gujarat,Constituency_367,MP_Name_367,Work_25,State PWD,29-09-2022,62468
3625,Karnataka,Constituency_368,MP_Name_368,Work_26,Global Infra,21-08-2021,429149
3626,Tamil Nadu,Constituency_369,MP_Name_369,Work_27,Rural Works Dept,09-08-2023,375846
3627,Karnataka,Constituency_370,MP_Name_370,Work_28,Global Infra,08-08-2021,415983
3628,Gujarat,Constituency_371,MP_Name_371,Work_29,ABC Constructions,16-11-2021,65039
3629,Maharashtra,Constituency_372,MP_Name_372,Work_30,Global Infra,02-05-2022,300371
3630,Gujarat,Constituency_373,MP_Name_373,Work_31,ABC Constructions,28-05-2023,85059
3631,Karnataka,Constituency_374,MP_Name_374,Work_32,ABC Constructions,11-09-2021,212376
3632,Gujarat,Constituency_375,MP_Name_375,Work_33,Global Infra,18-02-2021,158579
3633,Karnataka,Constituency_376,MP_Name_376,Work_34,Rural Works Dept,28-02-2021,82741
3634,Uttar Pradesh,Constituency_377,MP_Name_377,Work_35,ABC Constructions,27-11-2022,436314
3635,Maharashtra,Constituency_378,MP_Name_378,Work_36,State PWD,10-11-2023,65637
3636,Maharashtra,Constituency_379,MP_Name_379,Work_37,ABC Constructions,26-10-2023,396243
3637,Karnataka,Constituency_380,MP_Name_380,Work_38,Global Infra,17-02-2021,292663
3638,Uttar Pradesh,Constituency_381,MP_Name_381,Work_39,Rural Works Dept,08-01-2021,57195
3639,Uttar Pradesh,Constituency_382,MP_Name_382,Work_40,XYZ Builders,23-02-2022,182903
3640,Maharashtra,Constituency_383,MP_Name_383,Work_41,XYZ Builders,09-01-2022,311290
3641,Karnataka,Constituency_384,MP_Name_384,Work_42,State PWD,09-03-2022,271735
3642,Uttar Pradesh,Constituency_385,MP_Name_385,Work_43,Global Infra,25-02-2023,413149
3643,Delhi,Constituency_386,MP_Name_386,Work_44,XYZ Builders,27-03-2023,394686
3644,Gujarat,Constituency_387,MP_Name_387,Work_45,ABC Constructions,01-07-2021,201932
3645,Delhi,Constituency_388,MP_Name_388,Work_46,XYZ Builders,02-12-2021,380652
3646,Uttar Pradesh,Constituency_389,MP_Name_389,Work_47,Global Infra,18-03-2021,346977
3647,Uttar Pradesh,Constituency_390,MP_Name_390,Work_48,ABC Constructions,02-04-2023,247740
3648,Karnataka,Constituency_391,MP_Name_391,Work_49,State PWD,19-02-2021,155549
3649,Delhi,Constituency_392,MP_Name_392,Work_50,XYZ Builders,08-06-2023,206981
3650,Karnataka,Constituency_393,MP_Name_393,Work_51,Rural Works Dept,18-10-2022,393455
3651,Delhi,Constituency_394,MP_Name_394,Work_52,Rural Works Dept,22-06-2023,277556
3652,Gujarat,Constituency_395,MP_Name_395,Work_53,ABC Constructions,05-03-2021,395067
3653,Tamil Nadu,Constituency_396,MP_Name_396,Work_54,Rural Works Dept,05-07-2021,296509
3654,Tamil Nadu,Constituency_397,MP_Name_397,Work_55,XYZ Builders,06-12-2022,129206
3655,Delhi,Constituency_398,MP_Name_398,Work_56,State PWD,17-05-2022,187018
3656,Uttar Pradesh,Constituency_399,MP_Name_399,Work_57,ABC Constructions,31-05-2021,170867
3657,Gujarat,Constituency_400,MP_Name_400,Work_58,Global Infra,15-05-2021,440261
3658,Tamil Nadu,Constituency_401,MP_Name_401,Work_59,State PWD,04-01-2023,261466
3659,Gujarat,Constituency_402,MP_Name_402,Work_60,State PWD,03-04-2022,164835
3660,Delhi,Constituency_403,MP_Name_403,Work_61,XYZ Builders,11-03-2021,108760
3661,Maharashtra,Constituency_404,MP_Name_404,Work_62,State PWD,29-09-2022,405958
3662,Tamil Nadu,Constituency_405,MP_Name_405,Work_63,ABC Constructions,26-09-2023,339203
3663,Tamil Nadu,Constituency_406,MP_Name_406,Work_64,ABC Constructions,27-12-2021,314893
3664,Karnataka,Constituency_407,MP_Name_407,Work_65,XYZ Builders,30-09-2021,348481
3665,Uttar Pradesh,Constituency_408,MP_Name_408,Work_66,ABC Constructions,05-01-2021,95802
3666,Delhi,Constituency_409,MP_Name_409,Work_67,Global Infra,10-05-2021,209306
3667,Delhi,Constituency_410,MP_Name_410,Work_68,ABC Constructions,22-05-2023,120626
3668,Tamil Nadu,Constituency_411,MP_Name_411,Work_69,XYZ Builders,31-05-2023,366570
3669,Gujarat,Constituency_412,MP_Name_412,Work_70,XYZ Builders,06-11-2022,127466
3670,Delhi,Constituency_413,MP_Name_413,Work_71,XYZ Builders,23-10-2022,293752
3671,Tamil Nadu,Constituency_414,MP_Name_414,Work_72,ABC Constructions,17-03-2022,308491
3672,Tamil Nadu,Constituency_415,MP_Name_415,Work_73,Rural Works Dept,18-07-2022,481930
3673,Uttar Pradesh,Constituency_416,MP_Name_416,Work_74,Rural Works Dept,01-06-2023,412283
3674,Tamil Nadu,Constituency_417,MP_Name_417,Work_75,State PWD,16-09-2022,174796
3675,Karnataka,Constituency_418,MP_Name_418,Work_76,Global Infra,23-06-2022,228054
3676,Karnataka,Constituency_419,MP_Name_419,Work_77,Global Infra,30-09-2021,188364
3677,Delhi,Constituency_420,MP_Name_420,Work_78,ABC Constructions,19-08-2021,246099
3678,Karnataka,Constituency_421,MP_Name_421,Work_79,ABC Constructions,15-09-2021,372810
3679,Delhi,Constituency_422,MP_Name_422,Work_80,State PWD,24-06-2022,479746
3680,Uttar Pradesh,Constituency_423,MP_Name_423,Work_81,XYZ Builders,29-03-2022,489368
3681,Tamil Nadu,Constituency_424,MP_Name_424,Work_82,Global Infra,09-11-2021,174621
3682,Delhi,Constituency_425,MP_Name_425,Work_83,Rural Works Dept,23-05-2021,115227
3683,Gujarat,Constituency_426,MP_Name_426,Work_84,Rural Works Dept,26-07-2021,477457
3684,Karnataka,Constituency_427,MP_Name_427,Work_85,Rural Works Dept,02-10-2022,412406
3685,Uttar Pradesh,Constituency_428,MP_Name_428,Work_86,Rural Works Dept,02-03-2021,303017
3686,Uttar Pradesh,Constituency_429,MP_Name_429,Work_87,State PWD,25-10-2022,366997
3687,Maharashtra,Constituency_430,MP_Name_430,Work_88,State PWD,03-10-2023,220699
3688,Gujarat,Constituency_431,MP_Name_431,Work_89,Global Infra,21-06-2023,172325
3689,Maharashtra,Constituency_432,MP_Name_432,Work_90,XYZ Builders,06-07-2022,136184
3690,Uttar Pradesh,Constituency_433,MP_Name_433,Work_91,Global Infra,11-01-2021,452485
3691,Maharashtra,Constituency_434,MP_Name_434,Work_92,ABC Constructions,28-09-2022,74063
3692,Uttar Pradesh,Constituency_435,MP_Name_435,Work_93,Rural Works Dept,30-04-2022,90603
3693,Maharashtra,Constituency_436,MP_Name_436,Work_94,Rural Works Dept,16-06-2023,433273
3694,Karnataka,Constituency_437,MP_Name_437,Work_95,Rural Works Dept,01-01-2023,198504
3695,Delhi,Constituency_438,MP_Name_438,Work_96,Global Infra,09-03-2023,279782
3696,Tamil Nadu,Constituency_439,MP_Name_439,Work_97,Rural Works Dept,15-12-2021,274178
3697,Maharashtra,Constituency_440,MP_Name_440,Work_98,State PWD,31-01-2022,296174
3698,Maharashtra,Constituency_441,MP_Name_441,Work_99,Global Infra,25-08-2023,448377
3699,Tamil Nadu,Constituency_442,MP_Name_442,Work_100,ABC Constructions,13-11-2023,88731
3700,Karnataka,Constituency_443,MP_Name_443,Work_101,Global Infra,02-05-2023,163245
3701,Uttar Pradesh,Constituency_444,MP_Name_444,Work_102,State PWD,04-02-2022,186434
3702,Karnataka,Constituency_445,MP_Name_445,Work_103,Rural Works Dept,12-12-2022,305997
3703,Karnataka,Constituency_446,MP_Name_446,Work_104,Rural Works Dept,13-04-2022,436714
3704,Maharashtra,Constituency_447,MP_Name_447,Work_105,State PWD,11-12-2023,255939
3705,Karnataka,Constituency_448,MP_Name_448,Work_106,Global Infra,25-04-2023,498951
3706,Tamil Nadu,Constituency_449,MP_Name_449,Work_107,Global Infra,21-09-2022,340591
3707,Gujarat,Constituency_450,MP_Name_450,Work_108,Rural Works Dept,06-05-2023,341749
3708,Tamil Nadu,Constituency_451,MP_Name_451,Work_109,ABC Constructions,08-08-2022,113696
3709,Karnataka,Constituency_452,MP_Name_452,Work_110,ABC Constructions,21-03-2021,433896
3710,Karnataka,Constituency_453,MP_Name_453,Work_111,ABC Constructions,18-12-2021,121116
3711,Maharashtra,Constituency_454,MP_Name_454,Work_112,ABC Constructions,24-06-2022,188650
3712,Gujarat,Constituency_455,MP_Name_455,Work_113,Global Infra,28-12-2022,302506
3713,Uttar Pradesh,Constituency_456,MP_Name_456,Work_114,ABC Constructions,01-06-2022,257023
3714,Uttar Pradesh,Constituency_457,MP_Name_457,Work_115,ABC Constructions,09-11-2023,379965
3715,Uttar Pradesh,Constituency_458,MP_Name_458,Work_116,Global Infra,13-04-2022,341206
3716,Tamil Nadu,Constituency_459,MP_Name_459,Work_117,State PWD,21-09-2023,70434
3717,Gujarat,Constituency_460,MP_Name_460,Work_118,State PWD,03-01-2021,385399
3718,Tamil Nadu,Constituency_461,MP_Name_461,Work_119,State PWD,14-10-2021,323227
3719,Tamil Nadu,Constituency_462,MP_Name_462,Work_120,State PWD,09-07-2021,268921
3720,Maharashtra,Constituency_463,MP_Name_463,Work_121,Global Infra,22-03-2021,76581
3721,Karnataka,Constituency_464,MP_Name_464,Work_122,State PWD,26-12-2023,225505
3722,Delhi,Constituency_465,MP_Name_465,Work_123,XYZ Builders,06-09-2022,486674
3723,Tamil Nadu,Constituency_466,MP_Name_466,Work_124,State PWD,31-05-2021,434992
3724,Karnataka,Constituency_467,MP_Name_467,Work_125,ABC Constructions,14-11-2021,241593
3725,Tamil Nadu,Constituency_468,MP_Name_468,Work_126,Global Infra,05-06-2023,188587
3726,Delhi,Constituency_469,MP_Name_469,Work_127,State PWD,24-07-2022,443700
3727,Delhi,Constituency_470,MP_Name_470,Work_128,Rural Works Dept,14-10-2022,349446
3728,Gujarat,Constituency_471,MP_Name_471,Work_129,XYZ Builders,26-11-2022,120684
3729,Delhi,Constituency_472,MP_Name_472,Work_130,Rural Works Dept,17-12-2021,404699
3730,Karnataka,Constituency_473,MP_Name_473,Work_131,XYZ Builders,07-02-2023,290055
3731,Uttar Pradesh,Constituency_474,MP_Name_474,Work_132,Global Infra,14-08-2023,137097
3732,Uttar Pradesh,Constituency_475,MP_Name_475,Work_133,XYZ Builders,23-05-2021,380185
3733,Maharashtra,Constituency_476,MP_Name_476,Work_134,ABC Constructions,16-12-2023,200716
3734,Gujarat,Constituency_477,MP_Name_477,Work_135,XYZ Builders,03-10-2022,430457
3735,Gujarat,Constituency_478,MP_Name_478,Work_136,XYZ Builders,25-01-2023,398681
3736,Gujarat,Constituency_479,MP_Name_479,Work_137,Global Infra,05-06-2023,449955
3737,Karnataka,Constituency_480,MP_Name_480,Work_138,Rural Works Dept,13-03-2022,284306
3738,Delhi,Constituency_481,MP_Name_481,Work_139,State PWD,06-03-2022,154707
3739,Gujarat,Constituency_482,MP_Name_482,Work_140,Rural Works Dept,13-02-2023,311713
3740,Gujarat,Constituency_483,MP_Name_483,Work_141,Rural Works Dept,02-06-2021,432541
3741,Karnataka,Constituency_484,MP_Name_484,Work_142,XYZ Builders,13-05-2021,413400
3742,Tamil Nadu,Constituency_485,MP_Name_485,Work_143,State PWD,08-11-2022,65958
3743,Gujarat,Constituency_486,MP_Name_486,Work_144,Global Infra,26-04-2022,341021
3744,Delhi,Constituency_487,MP_Name_487,Work_145,State PWD,09-07-2022,410657
3745,Tamil Nadu,Constituency_488,MP_Name_488,Work_146,ABC Constructions,11-12-2023,359935
3746,Karnataka,Constituency_489,MP_Name_489,Work_147,State PWD,30-07-2022,479752
3747,Tamil Nadu,Constituency_490,MP_Name_490,Work_148,Rural Works Dept,06-03-2021,399106
3748,Karnataka,Constituency_491,MP_Name_491,Work_149,State PWD,06-03-2023,131979
3749,Tamil Nadu,Constituency_492,MP_Name_492,Work_150,Rural Works Dept,16-06-2022,155645
3750,Karnataka,Constituency_493,MP_Name_493,Work_151,Global Infra,21-03-2023,205745
3751,Karnataka,Constituency_494,MP_Name_494,Work_152,XYZ Builders,03-07-2023,176632
3752,Tamil Nadu,Constituency_495,MP_Name_495,Work_153,XYZ Builders,10-12-2022,305688
3753,Karnataka,Constituency_496,MP_Name_496,Work_154,State PWD,27-02-2022,215531
3754,Maharashtra,Constituency_497,MP_Name_497,Work_155,State PWD,12-10-2022,173528
3755,Gujarat,Constituency_498,MP_Name_498,Work_156,Rural Works Dept,08-08-2022,153257
3756,Karnataka,Constituency_499,MP_Name_499,Work_157,Rural Works Dept,21-11-2021,346351
3757,Karnataka,Constituency_500,MP_Name_500,Work_158,Rural Works Dept,01-08-2021,322156
3758,Maharashtra,Constituency_501,MP_Name_501,Work_159,XYZ Builders,25-09-2023,395717
3759,Maharashtra,Constituency_502,MP_Name_502,Work_160,XYZ Builders,11-01-2023,219164
3760,Gujarat,Constituency_503,MP_Name_503,Work_161,Global Infra,31-05-2023,71309
3761,Karnataka,Constituency_504,MP_Name_504,Work_162,ABC Constructions,16-02-2021,241733
3762,Maharashtra,Constituency_505,MP_Name_505,Work_163,Global Infra,07-05-2021,78927
3763,Maharashtra,Constituency_506,MP_Name_506,Work_164,Global Infra,08-01-2021,351952
3764,Delhi,Constituency_507,MP_Name_507,Work_165,State PWD,16-04-2023,182528
3765,Maharashtra,Constituency_508,MP_Name_508,Work_166,Global Infra,16-07-2021,466436
3766,Gujarat,Constituency_509,MP_Name_509,Work_167,State PWD,10-03-2022,499078
3767,Tamil Nadu,Constituency_510,MP_Name_510,Work_168,XYZ Builders,24-08-2023,456310
3768,Gujarat,Constituency_511,MP_Name_511,Work_169,XYZ Builders,17-03-2022,361977
3769,Uttar Pradesh,Constituency_512,MP_Name_512,Work_170,Global Infra,14-02-2021,355754
3770,Tamil Nadu,Constituency_513,MP_Name_513,Work_171,State PWD,25-04-2023,422248
3771,Delhi,Constituency_514,MP_Name_514,Work_172,XYZ Builders,14-09-2023,474806
3772,Uttar Pradesh,Constituency_515,MP_Name_515,Work_173,Global Infra,03-02-2021,320706
3773,Delhi,Constituency_516,MP_Name_516,Work_174,XYZ Builders,05-02-2023,193881
3774,Karnataka,Constituency_517,MP_Name_517,Work_175,XYZ Builders,13-02-2023,436452
3775,Delhi,Constituency_518,MP_Name_518,Work_176,ABC Constructions,20-09-2021,182850
3776,Maharashtra,Constituency_519,MP_Name_519,Work_177,Global Infra,16-06-2022,190555
3777,Delhi,Constituency_520,MP_Name_520,Work_178,Rural Works Dept,17-03-2022,191599
3778,Uttar Pradesh,Constituency_521,MP_Name_521,Work_179,Global Infra,10-05-2022,314737
3779,Karnataka,Constituency_522,MP_Name_522,Work_180,ABC Constructions,11-01-2022,409596
3780,Maharashtra,Constituency_523,MP_Name_523,Work_181,Rural Works Dept,17-01-2022,194828
3781,Uttar Pradesh,Constituency_524,MP_Name_524,Work_182,State PWD,20-07-2021,183703
3782,Uttar Pradesh,Constituency_525,MP_Name_525,Work_183,State PWD,06-05-2023,277033
3783,Delhi,Constituency_526,MP_Name_526,Work_184,XYZ Builders,08-02-2023,258707
3784,Uttar Pradesh,Constituency_527,MP_Name_527,Work_185,Global Infra,23-01-2021,202913
3785,Maharashtra,Constituency_528,MP_Name_528,Work_186,XYZ Builders,02-07-2021,255057
3786,Tamil Nadu,Constituency_529,MP_Name_529,Work_187,XYZ Builders,18-10-2022,427858
3787,Gujarat,Constituency_530,MP_Name_530,Work_188,ABC Constructions,31-03-2022,407696
3788,Karnataka,Constituency_531,MP_Name_531,Work_189,Rural Works Dept,20-01-2023,171810
3789,Tamil Nadu,Constituency_532,MP_Name_532,Work_190,XYZ Builders,26-06-2021,77956
3790,Gujarat,Constituency_533,MP_Name_533,Work_191,State PWD,24-01-2021,74636
3791,Delhi,Constituency_534,MP_Name_534,Work_192,Rural Works Dept,13-06-2023,298145
3792,Delhi,Constituency_535,MP_Name_535,Work_193,State PWD,03-09-2021,182993
3793,Tamil Nadu,Constituency_536,MP_Name_536,Work_194,Rural Works Dept,18-12-2023,78554
3794,Gujarat,Constituency_537,MP_Name_537,Work_195,Global Infra,24-03-2023,485137
3795,Uttar Pradesh,Constituency_538,MP_Name_538,Work_196,ABC Constructions,21-05-2022,380051
3796,Delhi,Constituency_539,MP_Name_539,Work_197,ABC Constructions,16-09-2023,59765
3797,Maharashtra,Constituency_540,MP_Name_540,Work_198,XYZ Builders,19-01-2021,273320
3798,Delhi,Constituency_541,MP_Name_541,Work_199,State PWD,10-06-2021,135176
3799,Karnataka,Constituency_542,MP_Name_542,Work_200,State PWD,13-07-2021,389623
3800,Karnataka,Constituency_543,MP_Name_543,Work_1,Global Infra,17-08-2022,137220
3801,Gujarat,Constituency_1,MP_Name_1,Work_2,Rural Works Dept,05-04-2021,335560
3802,Maharashtra,Constituency_2,MP_Name_2,Work_3,XYZ Builders,05-01-2022,123290
3803,Uttar Pradesh,Constituency_3,MP_Name_3,Work_4,XYZ Builders,31-10-2023,271639
3804,Maharashtra,Constituency_4,MP_Name_4,Work_5,State PWD,15-10-2023,244641
3805,Delhi,Constituency_5,MP_Name_5,Work_6,Global Infra,24-09-2022,95359
3806,Tamil Nadu,Constituency_6,MP_Name_6,Work_7,Rural Works Dept,23-03-2022,206143
3807,Uttar Pradesh,Constituency_7,MP_Name_7,Work_8,XYZ Builders,25-04-2022,483241
3808,Delhi,Constituency_8,MP_Name_8,Work_9,State PWD,04-01-2023,275151
3809,Delhi,Constituency_9,MP_Name_9,Work_10,ABC Constructions,14-05-2023,213264
3810,Uttar Pradesh,Constituency_10,MP_Name_10,Work_11,State PWD,08-09-2022,395540
3811,Gujarat,Constituency_11,MP_Name_11,Work_12,Rural Works Dept,14-04-2023,479035
3812,Uttar Pradesh,Constituency_12,MP_Name_12,Work_13,Rural Works Dept,12-01-2021,473068
3813,Maharashtra,Constituency_13,MP_Name_13,Work_14,XYZ Builders,01-02-2021,385309
3814,Tamil Nadu,Constituency_14,MP_Name_14,Work_15,State PWD,11-10-2022,394064
3815,Gujarat,Constituency_15,MP_Name_15,Work_16,Global Infra,03-07-2023,268621
3816,Karnataka,Constituency_16,MP_Name_16,Work_17,State PWD,06-07-2021,166550
3817,Gujarat,Constituency_17,MP_Name_17,Work_18,Rural Works Dept,27-03-2021,471004
3818,Gujarat,Constituency_18,MP_Name_18,Work_19,State PWD,30-06-2021,169291
3819,Tamil Nadu,Constituency_19,MP_Name_19,Work_20,ABC Constructions,15-10-2022,193939
3820,Karnataka,Constituency_20,MP_Name_20,Work_21,XYZ Builders,08-07-2022,499784
3821,Maharashtra,Constituency_21,MP_Name_21,Work_22,Rural Works Dept,16-08-2021,138702
3822,Delhi,Constituency_22,MP_Name_22,Work_23,Rural Works Dept,31-05-2022,106485
3823,Gujarat,Constituency_23,MP_Name_23,Work_24,Rural Works Dept,31-10-2022,436673
3824,Uttar Pradesh,Constituency_24,MP_Name_24,Work_25,Global Infra,29-11-2023,339735
3825,Delhi,Constituency_25,MP_Name_25,Work_26,XYZ Builders,14-05-2021,91888
3826,Uttar Pradesh,Constituency_26,MP_Name_26,Work_27,Global Infra,08-10-2021,123989
3827,Tamil Nadu,Constituency_27,MP_Name_27,Work_28,ABC Constructions,21-05-2021,416343
3828,Karnataka,Constituency_28,MP_Name_28,Work_29,Global Infra,21-10-2021,497459
3829,Tamil Nadu,Constituency_29,MP_Name_29,Work_30,ABC Constructions,14-07-2021,347865
3830,Delhi,Constituency_30,MP_Name_30,Work_31,XYZ Builders,24-12-2023,158877
3831,Gujarat,Constituency_31,MP_Name_31,Work_32,Global Infra,03-05-2021,115222
3832,Tamil Nadu,Constituency_32,MP_Name_32,Work_33,Global Infra,05-02-2021,335370
3833,Maharashtra,Constituency_33,MP_Name_33,Work_34,XYZ Builders,27-01-2023,226753
3834,Karnataka,Constituency_34,MP_Name_34,Work_35,Global Infra,12-02-2023,312322
3835,Maharashtra,Constituency_35,MP_Name_35,Work_36,Rural Works Dept,01-04-2022,150984
3836,Delhi,Constituency_36,MP_Name_36,Work_37,ABC Constructions,16-09-2021,162169
3837,Maharashtra,Constituency_37,MP_Name_37,Work_38,XYZ Builders,25-03-2021,60104
3838,Maharashtra,Constituency_38,MP_Name_38,Work_39,ABC Constructions,08-12-2023,345604
3839,Gujarat,Constituency_39,MP_Name_39,Work_40,State PWD,17-07-2021,406920
3840,Maharashtra,Constituency_40,MP_Name_40,Work_41,Global Infra,30-03-2023,404179
3841,Gujarat,Constituency_41,MP_Name_41,Work_42,XYZ Builders,30-06-2023,470702
3842,Tamil Nadu,Constituency_42,MP_Name_42,Work_43,State PWD,27-01-2023,244608
3843,Gujarat,Constituency_43,MP_Name_43,Work_44,XYZ Builders,05-09-2023,335356
3844,Maharashtra,Constituency_44,MP_Name_44,Work_45,Rural Works Dept,26-04-2022,329474
3845,Gujarat,Constituency_45,MP_Name_45,Work_46,State PWD,23-10-2022,206850
3846,Delhi,Constituency_46,MP_Name_46,Work_47,XYZ Builders,20-12-2022,69712
3847,Maharashtra,Constituency_47,MP_Name_47,Work_48,Rural Works Dept,28-09-2022,222186
3848,Uttar Pradesh,Constituency_48,MP_Name_48,Work_49,ABC Constructions,05-03-2023,475228
3849,Karnataka,Constituency_49,MP_Name_49,Work_50,Global Infra,18-08-2022,139006
3850,Gujarat,Constituency_50,MP_Name_50,Work_51,XYZ Builders,11-10-2022,285399
3851,Uttar Pradesh,Constituency_51,MP_Name_51,Work_52,Global Infra,27-10-2021,463398
3852,Tamil Nadu,Constituency_52,MP_Name_52,Work_53,Global Infra,05-06-2022,418115
3853,Gujarat,Constituency_53,MP_Name_53,Work_54,ABC Constructions,25-11-2021,290126
3854,Uttar Pradesh,Constituency_54,MP_Name_54,Work_55,Rural Works Dept,25-06-2023,304280
3855,Delhi,Constituency_55,MP_Name_55,Work_56,Rural Works Dept,06-05-2022,62678
3856,Karnataka,Constituency_56,MP_Name_56,Work_57,Rural Works Dept,05-09-2023,348319
3857,Maharashtra,Constituency_57,MP_Name_57,Work_58,State PWD,16-05-2022,424249
3858,Gujarat,Constituency_58,MP_Name_58,Work_59,Rural Works Dept,08-04-2021,437282
3859,Delhi,Constituency_59,MP_Name_59,Work_60,Rural Works Dept,26-10-2021,75358
3860,Tamil Nadu,Constituency_60,MP_Name_60,Work_61,State PWD,30-08-2023,242929
3861,Karnataka,Constituency_61,MP_Name_61,Work_62,Global Infra,10-07-2021,298079
3862,Gujarat,Constituency_62,MP_Name_62,Work_63,State PWD,10-01-2023,157281
3863,Delhi,Constituency_63,MP_Name_63,Work_64,XYZ Builders,03-06-2022,138404
3864,Tamil Nadu,Constituency_64,MP_Name_64,Work_65,Rural Works Dept,22-08-2021,83251
3865,Maharashtra,Constituency_65,MP_Name_65,Work_66,ABC Constructions,07-05-2023,215864
3866,Gujarat,Constituency_66,MP_Name_66,Work_67,State PWD,12-04-2023,233968
3867,Karnataka,Constituency_67,MP_Name_67,Work_68,Global Infra,09-08-2021,475307
3868,Tamil Nadu,Constituency_68,MP_Name_68,Work_69,XYZ Builders,10-12-2022,393346
3869,Uttar Pradesh,Constituency_69,MP_Name_69,Work_70,Global Infra,13-09-2021,196034
3870,Delhi,Constituency_70,MP_Name_70,Work_71,XYZ Builders,07-07-2023,85497
3871,Karnataka,Constituency_71,MP_Name_71,Work_72,ABC Constructions,28-06-2023,443009
3872,Uttar Pradesh,Constituency_72,MP_Name_72,Work_73,State PWD,24-01-2021,260218
3873,Karnataka,Constituency_73,MP_Name_73,Work_74,ABC Constructions,13-08-2023,178982
3874,Karnataka,Constituency_74,MP_Name_74,Work_75,State PWD,31-10-2023,340720
3875,Uttar Pradesh,Constituency_75,MP_Name_75,Work_76,ABC Constructions,03-10-2022,453105
3876,Karnataka,Constituency_76,MP_Name_76,Work_77,Global Infra,10-05-2023,77220
3877,Maharashtra,Constituency_77,MP_Name_77,Work_78,State PWD,27-07-2022,485338
3878,Delhi,Constituency_78,MP_Name_78,Work_79,State PWD,21-06-2023,340070
3879,Tamil Nadu,Constituency_79,MP_Name_79,Work_80,XYZ Builders,06-08-2022,81785
3880,Uttar Pradesh,Constituency_80,MP_Name_80,Work_81,State PWD,31-07-2021,127307
3881,Tamil Nadu,Constituency_81,MP_Name_81,Work_82,Rural Works Dept,09-04-2022,496110
3882,Uttar Pradesh,Constituency_82,MP_Name_82,Work_83,Rural Works Dept,11-04-2022,152580
3883,Karnataka,Constituency_83,MP_Name_83,Work_84,State PWD,16-05-2021,326309
3884,Gujarat,Constituency_84,MP_Name_84,Work_85,XYZ Builders,10-08-2021,80779
3885,Tamil Nadu,Constituency_85,MP_Name_85,Work_86,ABC Constructions,25-01-2023,259064
3886,Uttar Pradesh,Constituency_86,MP_Name_86,Work_87,State PWD,30-10-2023,124264
3887,Maharashtra,Constituency_87,MP_Name_87,Work_88,State PWD,27-07-2022,118127
3888,Delhi,Constituency_88,MP_Name_88,Work_89,State PWD,30-03-2021,170993
3889,Karnataka,Constituency_89,MP_Name_89,Work_90,ABC Constructions,14-06-2021,419141
3890,Tamil Nadu,Constituency_90,MP_Name_90,Work_91,XYZ Builders,06-11-2021,85316
3891,Maharashtra,Constituency_91,MP_Name_91,Work_92,State PWD,10-06-2022,173652
3892,Karnataka,Constituency_92,MP_Name_92,Work_93,Rural Works Dept,27-09-2023,202523
3893,Delhi,Constituency_93,MP_Name_93,Work_94,XYZ Builders,04-06-2022,282556
3894,Uttar Pradesh,Constituency_94,MP_Name_94,Work_95,Global Infra,09-09-2021,62762
3895,Tamil Nadu,Constituency_95,MP_Name_95,Work_96,ABC Constructions,07-03-2023,426698
3896,Gujarat,Constituency_96,MP_Name_96,Work_97,State PWD,15-08-2022,419624
3897,Delhi,Constituency_97,MP_Name_97,Work_98,ABC Constructions,01-11-2023,479271
3898,Maharashtra,Constituency_98,MP_Name_98,Work_99,Rural Works Dept,09-08-2022,449635
3899,Tamil Nadu,Constituency_99,MP_Name_99,Work_100,State PWD,26-05-2022,147601
3900,Karnataka,Constituency_100,MP_Name_100,Work_101,XYZ Builders,26-05-2023,409081
3901,Delhi,Constituency_101,MP_Name_101,Work_102,State PWD,30-07-2023,193754
3902,Karnataka,Constituency_102,MP_Name_102,Work_103,ABC Constructions,11-09-2022,226222
3903,Karnataka,Constituency_103,MP_Name_103,Work_104,State PWD,21-11-2023,254972
3904,Maharashtra,Constituency_104,MP_Name_104,Work_105,State PWD,19-10-2021,391488
3905,Uttar Pradesh,Constituency_105,MP_Name_105,Work_106,State PWD,16-07-2021,489430
3906,Tamil Nadu,Constituency_106,MP_Name_106,Work_107,State PWD,29-08-2023,273705
3907,Delhi,Constituency_107,MP_Name_107,Work_108,XYZ Builders,26-05-2022,264689
3908,Karnataka,Constituency_108,MP_Name_108,Work_109,Global Infra,29-05-2023,125366
3909,Delhi,Constituency_109,MP_Name_109,Work_110,Global Infra,24-01-2023,195528
3910,Uttar Pradesh,Constituency_110,MP_Name_110,Work_111,ABC Constructions,07-03-2023,485351
3911,Maharashtra,Constituency_111,MP_Name_111,Work_112,State PWD,29-03-2023,489624
3912,Tamil Nadu,Constituency_112,MP_Name_112,Work_113,State PWD,24-08-2021,234854
3913,Maharashtra,Constituency_113,MP_Name_113,Work_114,Rural Works Dept,11-01-2021,54653
3914,Maharashtra,Constituency_114,MP_Name_114,Work_115,State PWD,01-01-2024,102892
3915,Maharashtra,Constituency_115,MP_Name_115,Work_116,State PWD,09-01-2023,451700
3916,Tamil Nadu,Constituency_116,MP_Name_116,Work_117,State PWD,15-05-2023,186105
3917,Uttar Pradesh,Constituency_117,MP_Name_117,Work_118,XYZ Builders,14-11-2023,326606
3918,Maharashtra,Constituency_118,MP_Name_118,Work_119,ABC Constructions,17-05-2023,240638
3919,Uttar Pradesh,Constituency_119,MP_Name_119,Work_120,Rural Works Dept,07-02-2022,115877
3920,Gujarat,Constituency_120,MP_Name_120,Work_121,State PWD,01-08-2021,174479
3921,Delhi,Constituency_121,MP_Name_121,Work_122,State PWD,02-01-2023,271020
3922,Tamil Nadu,Constituency_122,MP_Name_122,Work_123,Rural Works Dept,05-02-2021,124229
3923,Maharashtra,Constituency_123,MP_Name_123,Work_124,Rural Works Dept,08-12-2023,337786
3924,Gujarat,Constituency_124,MP_Name_124,Work_125,ABC Constructions,19-12-2022,428844
3925,Delhi,Constituency_125,MP_Name_125,Work_126,Global Infra,09-05-2021,57838
3926,Gujarat,Constituency_126,MP_Name_126,Work_127,Rural Works Dept,08-02-2021,291063
3927,Maharashtra,Constituency_127,MP_Name_127,Work_128,State PWD,12-09-2022,469947
3928,Gujarat,Constituency_128,MP_Name_128,Work_129,State PWD,17-09-2022,450934
3929,Gujarat,Constituency_129,MP_Name_129,Work_130,Global Infra,19-09-2022,134066
3930,Delhi,Constituency_130,MP_Name_130,Work_131,ABC Constructions,11-12-2022,83839
3931,Maharashtra,Constituency_131,MP_Name_131,Work_132,XYZ Builders,05-02-2022,475478
3932,Gujarat,Constituency_132,MP_Name_132,Work_133,Global Infra,23-03-2023,264046
3933,Delhi,Constituency_133,MP_Name_133,Work_134,Global Infra,12-10-2021,178984
3934,Delhi,Constituency_134,MP_Name_134,Work_135,Rural Works Dept,28-05-2021,86149
3935,Uttar Pradesh,Constituency_135,MP_Name_135,Work_136,Rural Works Dept,04-01-2021,115995
3936,Tamil Nadu,Constituency_136,MP_Name_136,Work_137,ABC Constructions,30-04-2022,209557
3937,Delhi,Constituency_137,MP_Name_137,Work_138,Rural Works Dept,16-05-2023,143776
3938,Gujarat,Constituency_138,MP_Name_138,Work_139,XYZ Builders,13-07-2022,366484
3939,Maharashtra,Constituency_139,MP_Name_139,Work_140,Rural Works Dept,08-03-2021,205065
3940,Uttar Pradesh,Constituency_140,MP_Name_140,Work_141,State PWD,20-10-2023,74976
3941,Karnataka,Constituency_141,MP_Name_141,Work_142,Global Infra,26-08-2023,215792
3942,Tamil Nadu,Constituency_142,MP_Name_142,Work_143,XYZ Builders,15-06-2022,452848
3943,Tamil Nadu,Constituency_143,MP_Name_143,Work_144,XYZ Builders,16-04-2022,56430
3944,Tamil Nadu,Constituency_144,MP_Name_144,Work_145,XYZ Builders,06-04-2021,152047
3945,Uttar Pradesh,Constituency_145,MP_Name_145,Work_146,ABC Constructions,17-08-2023,390391
3946,Tamil Nadu,Constituency_146,MP_Name_146,Work_147,State PWD,10-04-2021,383318
3947,Delhi,Constituency_147,MP_Name_147,Work_148,Global Infra,06-08-2022,156002
3948,Maharashtra,Constituency_148,MP_Name_148,Work_149,XYZ Builders,03-03-2021,463035
3949,Karnataka,Constituency_149,MP_Name_149,Work_150,Rural Works Dept,04-03-2021,240887
3950,Maharashtra,Constituency_150,MP_Name_150,Work_151,Rural Works Dept,29-05-2023,165691
3951,Karnataka,Constituency_151,MP_Name_151,Work_152,State PWD,22-07-2021,423001
3952,Uttar Pradesh,Constituency_152,MP_Name_152,Work_153,XYZ Builders,17-04-2021,72156
3953,Uttar Pradesh,Constituency_153,MP_Name_153,Work_154,ABC Constructions,02-01-2022,320852
3954,Maharashtra,Constituency_154,MP_Name_154,Work_155,XYZ Builders,30-11-2021,56730
3955,Gujarat,Constituency_155,MP_Name_155,Work_156,State PWD,30-09-2022,348023
3956,Maharashtra,Constituency_156,MP_Name_156,Work_157,State PWD,11-01-2021,442626
3957,Maharashtra,Constituency_157,MP_Name_157,Work_158,XYZ Builders,17-11-2023,191251
3958,Tamil Nadu,Constituency_158,MP_Name_158,Work_159,Global Infra,19-10-2022,177936
3959,Maharashtra,Constituency_159,MP_Name_159,Work_160,XYZ Builders,16-02-2022,319392
3960,Uttar Pradesh,Constituency_160,MP_Name_160,Work_161,Rural Works Dept,09-10-2021,442824
3961,Maharashtra,Constituency_161,MP_Name_161,Work_162,ABC Constructions,13-01-2023,471790
3962,Gujarat,Constituency_162,MP_Name_162,Work_163,State PWD,21-01-2022,126389
3963,Delhi,Constituency_163,MP_Name_163,Work_164,Global Infra,22-01-2022,426909
3964,Delhi,Constituency_164,MP_Name_164,Work_165,State PWD,17-04-2021,345182
3965,Uttar Pradesh,Constituency_165,MP_Name_165,Work_166,ABC Constructions,14-02-2023,367818
3966,Tamil Nadu,Constituency_166,MP_Name_166,Work_167,ABC Constructions,06-09-2022,160404
3967,Uttar Pradesh,Constituency_167,MP_Name_167,Work_168,XYZ Builders,22-08-2023,221130
3968,Delhi,Constituency_168,MP_Name_168,Work_169,State PWD,21-02-2022,123221
3969,Delhi,Constituency_169,MP_Name_169,Work_170,Rural Works Dept,15-09-2022,258403
3970,Delhi,Constituency_170,MP_Name_170,Work_171,Rural Works Dept,18-06-2021,105176
3971,Gujarat,Constituency_171,MP_Name_171,Work_172,XYZ Builders,06-08-2021,61102
3972,Tamil Nadu,Constituency_172,MP_Name_172,Work_173,Global Infra,11-05-2022,437661
3973,Uttar Pradesh,Constituency_173,MP_Name_173,Work_174,Rural Works Dept,27-01-2023,481953
3974,Uttar Pradesh,Constituency_174,MP_Name_174,Work_175,Rural Works Dept,01-05-2022,433976
3975,Tamil Nadu,Constituency_175,MP_Name_175,Work_176,XYZ Builders,17-12-2021,437163
3976,Delhi,Constituency_176,MP_Name_176,Work_177,Global Infra,17-12-2021,425730
3977,Uttar Pradesh,Constituency_177,MP_Name_177,Work_178,State PWD,03-07-2021,453105
3978,Gujarat,Constituency_178,MP_Name_178,Work_179,State PWD,10-12-2023,385418
3979,Uttar Pradesh,Constituency_179,MP_Name_179,Work_180,ABC Constructions,06-04-2021,275748
3980,Tamil Nadu,Constituency_180,MP_Name_180,Work_181,ABC Constructions,19-01-2021,184206
3981,Maharashtra,Constituency_181,MP_Name_181,Work_182,XYZ Builders,29-12-2022,436464
3982,Maharashtra,Constituency_182,MP_Name_182,Work_183,XYZ Builders,30-05-2023,492590
3983,Delhi,Constituency_183,MP_Name_183,Work_184,ABC Constructions,17-11-2022,98413
3984,Tamil Nadu,Constituency_184,MP_Name_184,Work_185,Global Infra,14-08-2021,187093
3985,Maharashtra,Constituency_185,MP_Name_185,Work_186,Global Infra,26-05-2022,459874
3986,Uttar Pradesh,Constituency_186,MP_Name_186,Work_187,State PWD,29-12-2023,52407
3987,Uttar Pradesh,Constituency_187,MP_Name_187,Work_188,Rural Works Dept,27-10-2023,185379
3988,Tamil Nadu,Constituency_188,MP_Name_188,Work_189,State PWD,15-09-2023,398174
3989,Maharashtra,Constituency_189,MP_Name_189,Work_190,Global Infra,25-12-2021,268718
3990,Karnataka,Constituency_190,MP_Name_190,Work_191,ABC Constructions,26-07-2021,237904
3991,Delhi,Constituency_191,MP_Name_191,Work_192,ABC Constructions,04-08-2021,276438
3992,Gujarat,Constituency_192,MP_Name_192,Work_193,XYZ Builders,25-06-2021,388666
3993,Karnataka,Constituency_193,MP_Name_193,Work_194,State PWD,18-01-2022,86875
3994,Gujarat,Constituency_194,MP_Name_194,Work_195,XYZ Builders,12-11-2022,218342
3995,Tamil Nadu,Constituency_195,MP_Name_195,Work_196,Global Infra,27-05-2021,428805
3996,Maharashtra,Constituency_196,MP_Name_196,Work_197,ABC Constructions,03-05-2023,67258
3997,Karnataka,Constituency_197,MP_Name_197,Work_198,State PWD,31-07-2022,393322
3998,Uttar Pradesh,Constituency_198,MP_Name_198,Work_199,Rural Works Dept,30-09-2023,345415
3999,Gujarat,Constituency_199,MP_Name_199,Work_200,XYZ Builders,11-10-2022,176829
4000,Maharashtra,Constituency_200,MP_Name_200,Work_1,ABC Constructions,17-12-2021,372433
4001,Maharashtra,Constituency_201,MP_Name_201,Work_2,Global Infra,12-03-2023,160065
4002,Delhi,Constituency_202,MP_Name_202,Work_3,ABC Constructions,09-08-2022,327482
4003,Uttar Pradesh,Constituency_203,MP_Name_203,Work_4,State PWD,04-11-2022,194559
4004,Gujarat,Constituency_204,MP_Name_204,Work_5,State PWD,10-08-2023,465757
4005,Gujarat,Constituency_205,MP_Name_205,Work_6,ABC Constructions,05-03-2021,395447
4006,Delhi,Constituency_206,MP_Name_206,Work_7,State PWD,07-10-2022,490554
4007,Delhi,Constituency_207,MP_Name_207,Work_8,State PWD,13-08-2022,451634
4008,Uttar Pradesh,Constituency_208,MP_Name_208,Work_9,Rural Works Dept,22-10-2021,459986
4009,Uttar Pradesh,Constituency_209,MP_Name_209,Work_10,Global Infra,07-03-2022,163971
4010,Tamil Nadu,Constituency_210,MP_Name_210,Work_11,Rural Works Dept,18-04-2021,253851
4011,Karnataka,Constituency_211,MP_Name_211,Work_12,XYZ Builders,05-02-2021,386956
4012,Karnataka,Constituency_212,MP_Name_212,Work_13,ABC Constructions,23-08-2023,104949
4013,Tamil Nadu,Constituency_213,MP_Name_213,Work_14,XYZ Builders,20-06-2021,438681
4014,Delhi,Constituency_214,MP_Name_214,Work_15,Global Infra,05-11-2021,203102
4015,Karnataka,Constituency_215,MP_Name_215,Work_16,Rural Works Dept,24-05-2022,382497
4016,Delhi,Constituency_216,MP_Name_216,Work_17,ABC Constructions,26-01-2023,52688
4017,Maharashtra,Constituency_217,MP_Name_217,Work_18,XYZ Builders,25-07-2022,146960
4018,Maharashtra,Constituency_218,MP_Name_218,Work_19,XYZ Builders,06-02-2022,191463
4019,Karnataka,Constituency_219,MP_Name_219,Work_20,State PWD,15-01-2022,485729
4020,Tamil Nadu,Constituency_220,MP_Name_220,Work_21,State PWD,02-10-2022,92062
4021,Tamil Nadu,Constituency_221,MP_Name_221,Work_22,XYZ Builders,28-06-2023,412459
4022,Tamil Nadu,Constituency_222,MP_Name_222,Work_23,Rural Works Dept,15-04-2023,291764
4023,Karnataka,Constituency_223,MP_Name_223,Work_24,State PWD,04-07-2021,258863
4024,Karnataka,Constituency_224,MP_Name_224,Work_25,Rural Works Dept,20-04-2023,176435
4025,Karnataka,Constituency_225,MP_Name_225,Work_26,ABC Constructions,04-06-2021,360921
4026,Delhi,Constituency_226,MP_Name_226,Work_27,XYZ Builders,16-11-2022,339722
4027,Maharashtra,Constituency_227,MP_Name_227,Work_28,Global Infra,16-07-2022,110908
4028,Delhi,Constituency_228,MP_Name_228,Work_29,XYZ Builders,26-01-2023,201499
4029,Uttar Pradesh,Constituency_229,MP_Name_229,Work_30,XYZ Builders,19-11-2023,283586
4030,Gujarat,Constituency_230,MP_Name_230,Work_31,ABC Constructions,19-08-2021,456718
4031,Maharashtra,Constituency_231,MP_Name_231,Work_32,Rural Works Dept,22-03-2021,199477
4032,Uttar Pradesh,Constituency_232,MP_Name_232,Work_33,State PWD,29-08-2022,132547
4033,Karnataka,Constituency_233,MP_Name_233,Work_34,Global Infra,26-04-2022,374318
4034,Uttar Pradesh,Constituency_234,MP_Name_234,Work_35,Rural Works Dept,21-05-2022,489925
4035,Tamil Nadu,Constituency_235,MP_Name_235,Work_36,Global Infra,27-05-2023,267158
4036,Uttar Pradesh,Constituency_236,MP_Name_236,Work_37,ABC Constructions,06-08-2022,376847
4037,Gujarat,Constituency_237,MP_Name_237,Work_38,XYZ Builders,16-04-2021,308800
4038,Karnataka,Constituency_238,MP_Name_238,Work_39,Rural Works Dept,13-07-2023,165092
4039,Maharashtra,Constituency_239,MP_Name_239,Work_40,XYZ Builders,25-07-2022,156280
4040,Delhi,Constituency_240,MP_Name_240,Work_41,XYZ Builders,25-03-2021,424612
4041,Delhi,Constituency_241,MP_Name_241,Work_42,Global Infra,08-10-2022,478120
4042,Karnataka,Constituency_242,MP_Name_242,Work_43,Rural Works Dept,14-10-2022,179386
4043,Karnataka,Constituency_243,MP_Name_243,Work_44,Global Infra,24-04-2021,221314
4044,Maharashtra,Constituency_244,MP_Name_244,Work_45,State PWD,16-08-2021,330594
4045,Maharashtra,Constituency_245,MP_Name_245,Work_46,ABC Constructions,27-06-2021,466779
4046,Delhi,Constituency_246,MP_Name_246,Work_47,XYZ Builders,19-01-2023,193178
4047,Tamil Nadu,Constituency_247,MP_Name_247,Work_48,ABC Constructions,24-03-2023,254050
4048,Tamil Nadu,Constituency_248,MP_Name_248,Work_49,State PWD,25-07-2023,255826
4049,Uttar Pradesh,Constituency_249,MP_Name_249,Work_50,Rural Works Dept,05-12-2023,259465
4050,Karnataka,Constituency_250,MP_Name_250,Work_51,XYZ Builders,10-08-2022,468811
4051,Karnataka,Constituency_251,MP_Name_251,Work_52,Rural Works Dept,15-10-2023,348279
4052,Karnataka,Constituency_252,MP_Name_252,Work_53,Global Infra,04-08-2021,219084
4053,Maharashtra,Constituency_253,MP_Name_253,Work_54,XYZ Builders,29-11-2023,185146
4054,Gujarat,Constituency_254,MP_Name_254,Work_55,State PWD,07-01-2021,108744
4055,Gujarat,Constituency_255,MP_Name_255,Work_56,ABC Constructions,15-01-2021,419108
4056,Karnataka,Constituency_256,MP_Name_256,Work_57,Global Infra,29-03-2023,285511
4057,Tamil Nadu,Constituency_257,MP_Name_257,Work_58,ABC Constructions,19-01-2022,358050
4058,Delhi,Constituency_258,MP_Name_258,Work_59,State PWD,09-02-2023,326642
4059,Karnataka,Constituency_259,MP_Name_259,Work_60,State PWD,22-01-2022,488360
4060,Gujarat,Constituency_260,MP_Name_260,Work_61,XYZ Builders,01-03-2021,162471
4061,Maharashtra,Constituency_261,MP_Name_261,Work_62,State PWD,28-03-2022,170923
4062,Tamil Nadu,Constituency_262,MP_Name_262,Work_63,Rural Works Dept,26-09-2021,374201
4063,Gujarat,Constituency_263,MP_Name_263,Work_64,Global Infra,21-05-2022,300950
4064,Delhi,Constituency_264,MP_Name_264,Work_65,Rural Works Dept,14-07-2021,276230
4065,Delhi,Constituency_265,MP_Name_265,Work_66,Rural Works Dept,18-09-2023,83012
4066,Tamil Nadu,Constituency_266,MP_Name_266,Work_67,XYZ Builders,02-03-2022,417009
4067,Delhi,Constituency_267,MP_Name_267,Work_68,XYZ Builders,28-12-2023,225066
4068,Delhi,Constituency_268,MP_Name_268,Work_69,Global Infra,01-01-2022,246306
4069,Karnataka,Constituency_269,MP_Name_269,Work_70,Global Infra,17-11-2021,396631
4070,Uttar Pradesh,Constituency_270,MP_Name_270,Work_71,State PWD,01-02-2023,450845
4071,Maharashtra,Constituency_271,MP_Name_271,Work_72,ABC Constructions,08-10-2022,303399
4072,Gujarat,Constituency_272,MP_Name_272,Work_73,Rural Works Dept,09-05-2023,165162
4073,Delhi,Constituency_273,MP_Name_273,Work_74,State PWD,08-12-2021,481208
4074,Delhi,Constituency_274,MP_Name_274,Work_75,XYZ Builders,16-03-2023,168589
4075,Gujarat,Constituency_275,MP_Name_275,Work_76,Rural Works Dept,06-12-2023,126739
4076,Uttar Pradesh,Constituency_276,MP_Name_276,Work_77,XYZ Builders,07-08-2021,200122
4077,Maharashtra,Constituency_277,MP_Name_277,Work_78,Global Infra,18-10-2023,152711
4078,Delhi,Constituency_278,MP_Name_278,Work_79,Rural Works Dept,21-12-2021,69270
4079,Maharashtra,Constituency_279,MP_Name_279,Work_80,Rural Works Dept,21-04-2023,66553
4080,Delhi,Constituency_280,MP_Name_280,Work_81,Global Infra,02-04-2023,57716
4081,Tamil Nadu,Constituency_281,MP_Name_281,Work_82,XYZ Builders,06-03-2021,466365
4082,Karnataka,Constituency_282,MP_Name_282,Work_83,Rural Works Dept,14-09-2023,200047
4083,Tamil Nadu,Constituency_283,MP_Name_283,Work_84,Global Infra,25-11-2023,282134
4084,Karnataka,Constituency_284,MP_Name_284,Work_85,XYZ Builders,20-03-2022,463672
4085,Maharashtra,Constituency_285,MP_Name_285,Work_86,ABC Constructions,03-01-2021,347752
4086,Karnataka,Constituency_286,MP_Name_286,Work_87,XYZ Builders,10-09-2022,488175
4087,Uttar Pradesh,Constituency_287,MP_Name_287,Work_88,ABC Constructions,23-03-2023,137846
4088,Maharashtra,Constituency_288,MP_Name_288,Work_89,Global Infra,24-08-2023,253814
4089,Uttar Pradesh,Constituency_289,MP_Name_289,Work_90,Rural Works Dept,13-05-2023,497160
4090,Gujarat,Constituency_290,MP_Name_290,Work_91,XYZ Builders,18-04-2021,489030
4091,Delhi,Constituency_291,MP_Name_291,Work_92,State PWD,23-03-2021,369023
4092,Maharashtra,Constituency_292,MP_Name_292,Work_93,ABC Constructions,10-09-2022,431178
4093,Tamil Nadu,Constituency_293,MP_Name_293,Work_94,XYZ Builders,23-08-2023,460957
4094,Maharashtra,Constituency_294,MP_Name_294,Work_95,ABC Constructions,13-03-2021,487924
4095,Delhi,Constituency_295,MP_Name_295,Work_96,Global Infra,04-01-2023,280818
4096,Uttar Pradesh,Constituency_296,MP_Name_296,Work_97,ABC Constructions,27-03-2023,66502
4097,Karnataka,Constituency_297,MP_Name_297,Work_98,Global Infra,07-04-2022,199226
4098,Uttar Pradesh,Constituency_298,MP_Name_298,Work_99,ABC Constructions,05-08-2023,193044
4099,Maharashtra,Constituency_299,MP_Name_299,Work_100,Rural Works Dept,10-07-2021,366006
4100,Uttar Pradesh,Constituency_300,MP_Name_300,Work_101,State PWD,04-06-2021,142403
4101,Maharashtra,Constituency_301,MP_Name_301,Work_102,Rural Works Dept,16-12-2022,50126
4102,Tamil Nadu,Constituency_302,MP_Name_302,Work_103,Global Infra,08-10-2023,170351
4103,Karnataka,Constituency_303,MP_Name_303,Work_104,XYZ Builders,10-07-2021,463642
4104,Tamil Nadu,Constituency_304,MP_Name_304,Work_105,ABC Constructions,05-06-2021,388301
4105,Tamil Nadu,Constituency_305,MP_Name_305,Work_106,State PWD,03-02-2021,461027
4106,Uttar Pradesh,Constituency_306,MP_Name_306,Work_107,Rural Works Dept,01-09-2022,150573
4107,Karnataka,Constituency_307,MP_Name_307,Work_108,State PWD,01-01-2021,300327
4108,Tamil Nadu,Constituency_308,MP_Name_308,Work_109,Global Infra,19-07-2021,148425
4109,Gujarat,Constituency_309,MP_Name_309,Work_110,Rural Works Dept,29-06-2022,329802
4110,Uttar Pradesh,Constituency_310,MP_Name_310,Work_111,State PWD,05-02-2021,376077
4111,Delhi,Constituency_311,MP_Name_311,Work_112,XYZ Builders,24-09-2023,380161
4112,Gujarat,Constituency_312,MP_Name_312,Work_113,Rural Works Dept,31-03-2023,316301
4113,Uttar Pradesh,Constituency_313,MP_Name_313,Work_114,Global Infra,23-09-2022,217708
4114,Karnataka,Constituency_314,MP_Name_314,Work_115,XYZ Builders,23-05-2021,438468
4115,Tamil Nadu,Constituency_315,MP_Name_315,Work_116,Rural Works Dept,19-06-2021,129649
4116,Gujarat,Constituency_316,MP_Name_316,Work_117,Global Infra,24-08-2023,461693
4117,Karnataka,Constituency_317,MP_Name_317,Work_118,Global Infra,15-02-2021,158883
4118,Gujarat,Constituency_318,MP_Name_318,Work_119,Global Infra,10-11-2022,357291
4119,Karnataka,Constituency_319,MP_Name_319,Work_120,XYZ Builders,10-04-2021,475643
4120,Karnataka,Constituency_320,MP_Name_320,Work_121,ABC Constructions,07-07-2022,133898
4121,Gujarat,Constituency_321,MP_Name_321,Work_122,ABC Constructions,03-11-2023,343955
4122,Maharashtra,Constituency_322,MP_Name_322,Work_123,State PWD,01-04-2022,106477
4123,Karnataka,Constituency_323,MP_Name_323,Work_124,XYZ Builders,18-09-2022,299102
4124,Uttar Pradesh,Constituency_324,MP_Name_324,Work_125,State PWD,15-12-2023,493625
4125,Uttar Pradesh,Constituency_325,MP_Name_325,Work_126,ABC Constructions,10-11-2023,146609
4126,Delhi,Constituency_326,MP_Name_326,Work_127,Rural Works Dept,14-12-2023,499529
4127,Maharashtra,Constituency_327,MP_Name_327,Work_128,Global Infra,03-04-2022,98440
4128,Uttar Pradesh,Constituency_328,MP_Name_328,Work_129,ABC Constructions,25-09-2023,190133
4129,Uttar Pradesh,Constituency_329,MP_Name_329,Work_130,XYZ Builders,10-10-2021,447876
4130,Delhi,Constituency_330,MP_Name_330,Work_131,XYZ Builders,18-06-2021,61359
4131,Maharashtra,Constituency_331,MP_Name_331,Work_132,Rural Works Dept,29-01-2021,336524
4132,Maharashtra,Constituency_332,MP_Name_332,Work_133,Global Infra,07-02-2021,480123
4133,Uttar Pradesh,Constituency_333,MP_Name_333,Work_134,Rural Works Dept,28-12-2021,142448
4134,Uttar Pradesh,Constituency_334,MP_Name_334,Work_135,Global Infra,30-08-2022,433759
4135,Delhi,Constituency_335,MP_Name_335,Work_136,ABC Constructions,15-07-2021,296058
4136,Tamil Nadu,Constituency_336,MP_Name_336,Work_137,Rural Works Dept,29-06-2023,190274
4137,Tamil Nadu,Constituency_337,MP_Name_337,Work_138,XYZ Builders,10-12-2023,140682
4138,Tamil Nadu,Constituency_338,MP_Name_338,Work_139,State PWD,01-08-2022,164496
4139,Delhi,Constituency_339,MP_Name_339,Work_140,ABC Constructions,03-10-2023,187914
4140,Gujarat,Constituency_340,MP_Name_340,Work_141,Rural Works Dept,19-12-2023,80060
4141,Delhi,Constituency_341,MP_Name_341,Work_142,XYZ Builders,23-01-2022,439941
4142,Karnataka,Constituency_342,MP_Name_342,Work_143,State PWD,11-08-2022,285566
4143,Gujarat,Constituency_343,MP_Name_343,Work_144,Global Infra,08-09-2021,367913
4144,Tamil Nadu,Constituency_344,MP_Name_344,Work_145,XYZ Builders,31-05-2022,311412
4145,Tamil Nadu,Constituency_345,MP_Name_345,Work_146,Global Infra,25-07-2022,468809
4146,Uttar Pradesh,Constituency_346,MP_Name_346,Work_147,ABC Constructions,25-01-2021,248911
4147,Tamil Nadu,Constituency_347,MP_Name_347,Work_148,XYZ Builders,06-08-2022,239683
4148,Uttar Pradesh,Constituency_348,MP_Name_348,Work_149,ABC Constructions,13-01-2021,115823
4149,Tamil Nadu,Constituency_349,MP_Name_349,Work_150,ABC Constructions,19-09-2023,477335
4150,Maharashtra,Constituency_350,MP_Name_350,Work_151,Rural Works Dept,24-10-2022,123352
4151,Karnataka,Constituency_351,MP_Name_351,Work_152,State PWD,14-07-2021,51110
4152,Gujarat,Constituency_352,MP_Name_352,Work_153,XYZ Builders,21-06-2021,242378
4153,Uttar Pradesh,Constituency_353,MP_Name_353,Work_154,Global Infra,08-03-2021,113168
4154,Delhi,Constituency_354,MP_Name_354,Work_155,State PWD,28-09-2023,203078
4155,Tamil Nadu,Constituency_355,MP_Name_355,Work_156,XYZ Builders,21-05-2021,398583
4156,Delhi,Constituency_356,MP_Name_356,Work_157,Rural Works Dept,12-08-2022,311682
4157,Karnataka,Constituency_357,MP_Name_357,Work_158,Rural Works Dept,31-03-2023,108186
4158,Delhi,Constituency_358,MP_Name_358,Work_159,XYZ Builders,29-03-2023,326321
4159,Uttar Pradesh,Constituency_359,MP_Name_359,Work_160,ABC Constructions,14-02-2022,394204
4160,Tamil Nadu,Constituency_360,MP_Name_360,Work_161,XYZ Builders,11-11-2022,90156
4161,Gujarat,Constituency_361,MP_Name_361,Work_162,Global Infra,04-09-2023,104126
4162,Delhi,Constituency_362,MP_Name_362,Work_163,State PWD,15-06-2023,485921
4163,Tamil Nadu,Constituency_363,MP_Name_363,Work_164,XYZ Builders,16-05-2023,262379
4164,Gujarat,Constituency_364,MP_Name_364,Work_165,ABC Constructions,06-03-2022,292533
4165,Gujarat,Constituency_365,MP_Name_365,Work_166,State PWD,20-09-2021,144759
4166,Tamil Nadu,Constituency_366,MP_Name_366,Work_167,Rural Works Dept,23-11-2021,152638
4167,Gujarat,Constituency_367,MP_Name_367,Work_168,Global Infra,03-02-2022,108680
4168,Karnataka,Constituency_368,MP_Name_368,Work_169,State PWD,04-02-2022,483650
4169,Maharashtra,Constituency_369,MP_Name_369,Work_170,Global Infra,28-01-2022,379779
4170,Karnataka,Constituency_370,MP_Name_370,Work_171,Global Infra,19-11-2023,245111
4171,Tamil Nadu,Constituency_371,MP_Name_371,Work_172,State PWD,07-05-2023,309922
4172,Delhi,Constituency_372,MP_Name_372,Work_173,ABC Constructions,07-02-2022,486134
4173,Gujarat,Constituency_373,MP_Name_373,Work_174,Rural Works Dept,15-06-2021,361833
4174,Maharashtra,Constituency_374,MP_Name_374,Work_175,State PWD,31-12-2022,52596
4175,Gujarat,Constituency_375,MP_Name_375,Work_176,XYZ Builders,25-05-2022,101855
4176,Tamil Nadu,Constituency_376,MP_Name_376,Work_177,Global Infra,22-03-2022,276023
4177,Uttar Pradesh,Constituency_377,MP_Name_377,Work_178,XYZ Builders,16-01-2023,109842
4178,Tamil Nadu,Constituency_378,MP_Name_378,Work_179,ABC Constructions,23-08-2023,344739
4179,Delhi,Constituency_379,MP_Name_379,Work_180,Global Infra,08-11-2021,437843
4180,Tamil Nadu,Constituency_380,MP_Name_380,Work_181,Rural Works Dept,07-01-2022,405152
4181,Tamil Nadu,Constituency_381,MP_Name_381,Work_182,State PWD,12-11-2023,94138
4182,Tamil Nadu,Constituency_382,MP_Name_382,Work_183,Rural Works Dept,19-12-2023,438455
4183,Uttar Pradesh,Constituency_383,MP_Name_383,Work_184,ABC Constructions,14-03-2022,332029
4184,Tamil Nadu,Constituency_384,MP_Name_384,Work_185,Rural Works Dept,24-06-2023,356800
4185,Tamil Nadu,Constituency_385,MP_Name_385,Work_186,Global Infra,28-03-2021,307564
4186,Delhi,Constituency_386,MP_Name_386,Work_187,XYZ Builders,21-04-2022,460119
4187,Karnataka,Constituency_387,MP_Name_387,Work_188,State PWD,13-10-2021,364073
4188,Uttar Pradesh,Constituency_388,MP_Name_388,Work_189,ABC Constructions,10-05-2023,476395
4189,Maharashtra,Constituency_389,MP_Name_389,Work_190,Global Infra,23-06-2023,185874
4190,Gujarat,Constituency_390,MP_Name_390,Work_191,XYZ Builders,17-08-2023,490652
4191,Uttar Pradesh,Constituency_391,MP_Name_391,Work_192,Global Infra,06-12-2022,208530
4192,Uttar Pradesh,Constituency_392,MP_Name_392,Work_193,State PWD,09-12-2023,265369
4193,Delhi,Constituency_393,MP_Name_393,Work_194,State PWD,07-08-2021,331597
4194,Maharashtra,Constituency_394,MP_Name_394,Work_195,Rural Works Dept,05-09-2023,205694
4195,Tamil Nadu,Constituency_395,MP_Name_395,Work_196,Rural Works Dept,24-12-2021,481095
4196,Karnataka,Constituency_396,MP_Name_396,Work_197,ABC Constructions,02-04-2021,277847
4197,Karnataka,Constituency_397,MP_Name_397,Work_198,Rural Works Dept,21-05-2023,142601
4198,Uttar Pradesh,Constituency_398,MP_Name_398,Work_199,XYZ Builders,22-03-2023,379383
4199,Karnataka,Constituency_399,MP_Name_399,Work_200,ABC Constructions,03-04-2023,107316
4200,Gujarat,Constituency_400,MP_Name_400,Work_1,Global Infra,29-01-2022,213507
4201,Gujarat,Constituency_401,MP_Name_401,Work_2,ABC Constructions,31-01-2023,187725
4202,Gujarat,Constituency_402,MP_Name_402,Work_3,Rural Works Dept,24-11-2022,499456
4203,Delhi,Constituency_403,MP_Name_403,Work_4,Rural Works Dept,28-05-2021,486519
4204,Maharashtra,Constituency_404,MP_Name_404,Work_5,Rural Works Dept,25-06-2023,319299
4205,Maharashtra,Constituency_405,MP_Name_405,Work_6,Global Infra,06-04-2021,200215
4206,Uttar Pradesh,Constituency_406,MP_Name_406,Work_7,State PWD,14-10-2021,208324
4207,Gujarat,Constituency_407,MP_Name_407,Work_8,Rural Works Dept,04-10-2023,324895
4208,Tamil Nadu,Constituency_408,MP_Name_408,Work_9,Global Infra,01-12-2022,61199
4209,Gujarat,Constituency_409,MP_Name_409,Work_10,Global Infra,22-02-2022,105261
4210,Gujarat,Constituency_410,MP_Name_410,Work_11,ABC Constructions,13-03-2023,298434
4211,Tamil Nadu,Constituency_411,MP_Name_411,Work_12,Rural Works Dept,08-01-2023,89706
4212,Uttar Pradesh,Constituency_412,MP_Name_412,Work_13,Rural Works Dept,28-12-2022,278501
4213,Delhi,Constituency_413,MP_Name_413,Work_14,State PWD,01-01-2021,89041
4214,Gujarat,Constituency_414,MP_Name_414,Work_15,XYZ Builders,15-08-2021,149318
4215,Tamil Nadu,Constituency_415,MP_Name_415,Work_16,Rural Works Dept,07-02-2021,372722
4216,Delhi,Constituency_416,MP_Name_416,Work_17,XYZ Builders,07-02-2021,54743
4217,Tamil Nadu,Constituency_417,MP_Name_417,Work_18,XYZ Builders,29-08-2023,464747
4218,Karnataka,Constituency_418,MP_Name_418,Work_19,ABC Constructions,17-01-2021,129983
4219,Delhi,Constituency_419,MP_Name_419,Work_20,State PWD,19-09-2023,418965
4220,Tamil Nadu,Constituency_420,MP_Name_420,Work_21,ABC Constructions,03-08-2021,76025
4221,Uttar Pradesh,Constituency_421,MP_Name_421,Work_22,Rural Works Dept,14-06-2022,287272
4222,Delhi,Constituency_422,MP_Name_422,Work_23,State PWD,04-11-2022,193634
4223,Uttar Pradesh,Constituency_423,MP_Name_423,Work_24,ABC Constructions,11-02-2021,170671
4224,Maharashtra,Constituency_424,MP_Name_424,Work_25,XYZ Builders,12-08-2023,193156
4225,Maharashtra,Constituency_425,MP_Name_425,Work_26,XYZ Builders,08-06-2023,393789
4226,Karnataka,Constituency_426,MP_Name_426,Work_27,XYZ Builders,11-08-2021,63359
4227,Uttar Pradesh,Constituency_427,MP_Name_427,Work_28,Global Infra,10-04-2022,318480
4228,Tamil Nadu,Constituency_428,MP_Name_428,Work_29,ABC Constructions,09-03-2021,376307
4229,Gujarat,Constituency_429,MP_Name_429,Work_30,Rural Works Dept,06-07-2023,396643
4230,Gujarat,Constituency_430,MP_Name_430,Work_31,XYZ Builders,30-01-2021,432048
4231,Karnataka,Constituency_431,MP_Name_431,Work_32,XYZ Builders,16-01-2022,266837
4232,Tamil Nadu,Constituency_432,MP_Name_432,Work_33,Rural Works Dept,07-08-2022,320068
4233,Tamil Nadu,Constituency_433,MP_Name_433,Work_34,XYZ Builders,06-08-2021,92344
4234,Tamil Nadu,Constituency_434,MP_Name_434,Work_35,Global Infra,05-11-2023,422282
4235,Tamil Nadu,Constituency_435,MP_Name_435,Work_36,State PWD,17-05-2022,73178
4236,Karnataka,Constituency_436,MP_Name_436,Work_37,Rural Works Dept,27-07-2022,117462
4237,Tamil Nadu,Constituency_437,MP_Name_437,Work_38,Rural Works Dept,11-07-2022,313509
4238,Maharashtra,Constituency_438,MP_Name_438,Work_39,State PWD,18-09-2022,442928
4239,Karnataka,Constituency_439,MP_Name_439,Work_40,XYZ Builders,15-11-2021,400824
4240,Tamil Nadu,Constituency_440,MP_Name_440,Work_41,Global Infra,20-02-2022,380700
4241,Gujarat,Constituency_441,MP_Name_441,Work_42,Rural Works Dept,08-10-2023,494972
4242,Uttar Pradesh,Constituency_442,MP_Name_442,Work_43,State PWD,24-03-2023,344957
4243,Tamil Nadu,Constituency_443,MP_Name_443,Work_44,State PWD,14-10-2023,170638
4244,Delhi,Constituency_444,MP_Name_444,Work_45,XYZ Builders,12-08-2022,61115
4245,Karnataka,Constituency_445,MP_Name_445,Work_46,ABC Constructions,07-02-2023,403689
4246,Maharashtra,Constituency_446,MP_Name_446,Work_47,State PWD,25-05-2022,382367
4247,Uttar Pradesh,Constituency_447,MP_Name_447,Work_48,Rural Works Dept,18-01-2023,71763
4248,Delhi,Constituency_448,MP_Name_448,Work_49,XYZ Builders,09-03-2021,374752
4249,Uttar Pradesh,Constituency_449,MP_Name_449,Work_50,Global Infra,12-12-2022,351449
4250,Uttar Pradesh,Constituency_450,MP_Name_450,Work_51,State PWD,29-09-2022,87535
4251,Uttar Pradesh,Constituency_451,MP_Name_451,Work_52,Global Infra,24-05-2022,271867
4252,Karnataka,Constituency_452,MP_Name_452,Work_53,Global Infra,25-07-2022,353300
4253,Tamil Nadu,Constituency_453,MP_Name_453,Work_54,XYZ Builders,31-05-2021,422860
4254,Delhi,Constituency_454,MP_Name_454,Work_55,State PWD,20-08-2023,233823
4255,Tamil Nadu,Constituency_455,MP_Name_455,Work_56,ABC Constructions,10-10-2021,69862
4256,Uttar Pradesh,Constituency_456,MP_Name_456,Work_57,ABC Constructions,30-05-2022,198491
4257,Gujarat,Constituency_457,MP_Name_457,Work_58,State PWD,27-04-2022,249213
4258,Tamil Nadu,Constituency_458,MP_Name_458,Work_59,Rural Works Dept,19-06-2022,248368
4259,Delhi,Constituency_459,MP_Name_459,Work_60,XYZ Builders,24-05-2021,213879
4260,Gujarat,Constituency_460,MP_Name_460,Work_61,State PWD,03-10-2023,184910
4261,Gujarat,Constituency_461,MP_Name_461,Work_62,State PWD,30-04-2022,95815
4262,Karnataka,Constituency_462,MP_Name_462,Work_63,Rural Works Dept,01-04-2022,99877
4263,Karnataka,Constituency_463,MP_Name_463,Work_64,State PWD,24-09-2023,98843
4264,Tamil Nadu,Constituency_464,MP_Name_464,Work_65,Rural Works Dept,16-04-2023,105768
4265,Tamil Nadu,Constituency_465,MP_Name_465,Work_66,Rural Works Dept,12-03-2023,296226
4266,Gujarat,Constituency_466,MP_Name_466,Work_67,Rural Works Dept,31-01-2021,151120
4267,Tamil Nadu,Constituency_467,MP_Name_467,Work_68,XYZ Builders,24-12-2023,353563
4268,Uttar Pradesh,Constituency_468,MP_Name_468,Work_69,Rural Works Dept,08-11-2022,196217
4269,Maharashtra,Constituency_469,MP_Name_469,Work_70,XYZ Builders,23-04-2021,392636
4270,Gujarat,Constituency_470,MP_Name_470,Work_71,Global Infra,21-04-2022,96269
4271,Maharashtra,Constituency_471,MP_Name_471,Work_72,Global Infra,07-04-2022,322762
4272,Gujarat,Constituency_472,MP_Name_472,Work_73,ABC Constructions,13-07-2023,326172
4273,Karnataka,Constituency_473,MP_Name_473,Work_74,Global Infra,09-04-2023,305020
4274,Tamil Nadu,Constituency_474,MP_Name_474,Work_75,ABC Constructions,04-06-2023,315295
4275,Karnataka,Constituency_475,MP_Name_475,Work_76,ABC Constructions,07-12-2022,66612
4276,Tamil Nadu,Constituency_476,MP_Name_476,Work_77,Rural Works Dept,13-07-2022,209631
4277,Karnataka,Constituency_477,MP_Name_477,Work_78,Global Infra,31-03-2023,130878
4278,Maharashtra,Constituency_478,MP_Name_478,Work_79,State PWD,30-08-2022,360159
4279,Gujarat,Constituency_479,MP_Name_479,Work_80,State PWD,26-02-2021,107984
4280,Gujarat,Constituency_480,MP_Name_480,Work_81,Global Infra,03-12-2022,229090
4281,Tamil Nadu,Constituency_481,MP_Name_481,Work_82,ABC Constructions,05-11-2021,179489
4282,Tamil Nadu,Constituency_482,MP_Name_482,Work_83,State PWD,12-01-2021,374821
4283,Karnataka,Constituency_483,MP_Name_483,Work_84,State PWD,15-07-2022,323831
4284,Karnataka,Constituency_484,MP_Name_484,Work_85,Global Infra,14-08-2023,367394
4285,Maharashtra,Constituency_485,MP_Name_485,Work_86,Global Infra,04-01-2022,409484
4286,Karnataka,Constituency_486,MP_Name_486,Work_87,Rural Works Dept,27-12-2022,158207
4287,Karnataka,Constituency_487,MP_Name_487,Work_88,XYZ Builders,19-06-2021,446366
4288,Karnataka,Constituency_488,MP_Name_488,Work_89,Rural Works Dept,14-03-2023,322082
4289,Tamil Nadu,Constituency_489,MP_Name_489,Work_90,Rural Works Dept,21-12-2022,185695
4290,Gujarat,Constituency_490,MP_Name_490,Work_91,ABC Constructions,12-08-2022,234798
4291,Tamil Nadu,Constituency_491,MP_Name_491,Work_92,Rural Works Dept,18-10-2021,446657
4292,Delhi,Constituency_492,MP_Name_492,Work_93,State PWD,01-08-2022,118623
4293,Maharashtra,Constituency_493,MP_Name_493,Work_94,ABC Constructions,23-02-2021,67145
4294,Gujarat,Constituency_494,MP_Name_494,Work_95,XYZ Builders,24-04-2023,227152
4295,Tamil Nadu,Constituency_495,MP_Name_495,Work_96,Global Infra,01-09-2021,461893
4296,Gujarat,Constituency_496,MP_Name_496,Work_97,ABC Constructions,01-12-2021,211823
4297,Gujarat,Constituency_497,MP_Name_497,Work_98,Rural Works Dept,22-07-2021,320787
4298,Tamil Nadu,Constituency_498,MP_Name_498,Work_99,ABC Constructions,24-04-2021,483276
4299,Tamil Nadu,Constituency_499,MP_Name_499,Work_100,Global Infra,30-12-2022,416573
4300,Tamil Nadu,Constituency_500,MP_Name_500,Work_101,XYZ Builders,15-06-2023,147330
4301,Tamil Nadu,Constituency_501,MP_Name_501,Work_102,Rural Works Dept,06-06-2022,479570
4302,Uttar Pradesh,Constituency_502,MP_Name_502,Work_103,XYZ Builders,24-03-2021,453967
4303,Maharashtra,Constituency_503,MP_Name_503,Work_104,Global Infra,09-06-2023,295554
4304,Delhi,Constituency_504,MP_Name_504,Work_105,XYZ Builders,09-07-2022,373611
4305,Maharashtra,Constituency_505,MP_Name_505,Work_106,Rural Works Dept,18-10-2021,295549
4306,Uttar Pradesh,Constituency_506,MP_Name_506,Work_107,Rural Works Dept,11-12-2023,289919
4307,Uttar Pradesh,Constituency_507,MP_Name_507,Work_108,Global Infra,30-04-2022,441940
4308,Uttar Pradesh,Constituency_508,MP_Name_508,Work_109,ABC Constructions,25-01-2022,463585
4309,Karnataka,Constituency_509,MP_Name_509,Work_110,Global Infra,19-02-2021,180335
4310,Tamil Nadu,Constituency_510,MP_Name_510,Work_111,XYZ Builders,28-08-2021,367117
4311,Delhi,Constituency_511,MP_Name_511,Work_112,ABC Constructions,02-07-2022,396649
4312,Delhi,Constituency_512,MP_Name_512,Work_113,State PWD,01-02-2021,153426
4313,Gujarat,Constituency_513,MP_Name_513,Work_114,ABC Constructions,12-06-2022,266702
4314,Uttar Pradesh,Constituency_514,MP_Name_514,Work_115,State PWD,05-04-2021,66931
4315,Uttar Pradesh,Constituency_515,MP_Name_515,Work_116,Rural Works Dept,02-10-2021,220666
4316,Tamil Nadu,Constituency_516,MP_Name_516,Work_117,XYZ Builders,04-09-2022,224384
4317,Maharashtra,Constituency_517,MP_Name_517,Work_118,XYZ Builders,18-02-2021,357012
4318,Maharashtra,Constituency_518,MP_Name_518,Work_119,ABC Constructions,08-09-2023,85451
4319,Karnataka,Constituency_519,MP_Name_519,Work_120,Rural Works Dept,11-09-2023,167388
4320,Delhi,Constituency_520,MP_Name_520,Work_121,XYZ Builders,11-10-2023,140091
4321,Gujarat,Constituency_521,MP_Name_521,Work_122,State PWD,08-07-2022,186107
4322,Gujarat,Constituency_522,MP_Name_522,Work_123,ABC Constructions,02-10-2022,431919
4323,Tamil Nadu,Constituency_523,MP_Name_523,Work_124,XYZ Builders,06-04-2022,485226
4324,Delhi,Constituency_524,MP_Name_524,Work_125,XYZ Builders,09-12-2022,88240
4325,Maharashtra,Constituency_525,MP_Name_525,Work_126,Global Infra,04-01-2022,308727
4326,Uttar Pradesh,Constituency_526,MP_Name_526,Work_127,State PWD,10-05-2023,274414
4327,Maharashtra,Constituency_527,MP_Name_527,Work_128,Rural Works Dept,22-09-2023,232230
4328,Gujarat,Constituency_528,MP_Name_528,Work_129,Rural Works Dept,26-01-2021,282981
4329,Maharashtra,Constituency_529,MP_Name_529,Work_130,State PWD,08-05-2023,309118
4330,Karnataka,Constituency_530,MP_Name_530,Work_131,State PWD,05-06-2023,410281
4331,Delhi,Constituency_531,MP_Name_531,Work_132,Rural Works Dept,22-08-2022,455913
4332,Delhi,Constituency_532,MP_Name_532,Work_133,ABC Constructions,14-06-2022,359978
4333,Uttar Pradesh,Constituency_533,MP_Name_533,Work_134,State PWD,16-06-2022,182192
4334,Uttar Pradesh,Constituency_534,MP_Name_534,Work_135,Rural Works Dept,11-08-2021,487891
4335,Tamil Nadu,Constituency_535,MP_Name_535,Work_136,XYZ Builders,03-07-2022,354958
4336,Uttar Pradesh,Constituency_536,MP_Name_536,Work_137,Global Infra,01-02-2022,216838
4337,Gujarat,Constituency_537,MP_Name_537,Work_138,State PWD,25-07-2022,412174
4338,Karnataka,Constituency_538,MP_Name_538,Work_139,State PWD,11-02-2021,84302
4339,Delhi,Constituency_539,MP_Name_539,Work_140,ABC Constructions,19-05-2021,131921
4340,Maharashtra,Constituency_540,MP_Name_540,Work_141,ABC Constructions,27-05-2022,256460
4341,Karnataka,Constituency_541,MP_Name_541,Work_142,Rural Works Dept,21-10-2023,451930
4342,Delhi,Constituency_542,MP_Name_542,Work_143,XYZ Builders,19-02-2023,94192
4343,Gujarat,Constituency_543,MP_Name_543,Work_144,XYZ Builders,11-02-2021,305070
