sr_no,state,constituency,mp_name,work,work_category,recommended_date,recommended_amount
1,Gujarat,Constituency_2,MP_Name_2,Work_1,Electricity,25-07-2022,1976028
2,Karnataka,Constituency_3,MP_Name_3,Work_2,Roads,30-09-2023,1133222
3,Maharashtra,Constituency_4,MP_Name_4,Work_3,Roads,25-10-2022,1691314
4,Delhi,Constituency_5,MP_Name_5,Work_4,Roads,24-12-2021,1458803
5,Karnataka,Constituency_6,MP_Name_6,Work_5,Sanitation,21-02-2022,1195676
6,Maharashtra,Constituency_7,MP_Name_7,Work_6,Drinking Water,03-08-2022,1291051
7,Tamil Nadu,Constituency_8,MP_Name_8,Work_7,Electricity,24-08-2021,869180
8,Gujarat,Constituency_9,MP_Name_9,Work_8,Roads,05-10-2021,1697651
9,Tamil Nadu,Constituency_10,MP_Name_10,Work_9,Health,07-10-2023,1661979
10,Karnataka,Constituency_11,MP_Name_11,Work_10,Electricity,11-10-2021,1965015
11,Gujarat,Constituency_12,MP_Name_12,Work_11,Electricity,15-10-2021,1973342
12,Uttar Pradesh,Constituency_13,MP_Name_13,Work_12,Sanitation,23-03-2023,1740304
13,Gujarat,Constituency_14,MP_Name_14,Work_13,Sanitation,28-12-2023,1712328
14,Karnataka,Constituency_15,MP_Name_15,Work_14,Roads,18-06-2023,1195642
15,Tamil Nadu,Constituency_16,MP_Name_16,Work_15,Electricity,04-08-2023,1188207
16,Delhi,Constituency_17,MP_Name_17,Work_16,Drinking Water,30-07-2021,1332396
17,Tamil Nadu,Constituency_18,MP_Name_18,Work_17,Electricity,23-10-2021,1249054
18,Delhi,Constituency_19,MP_Name_19,Work_18,Electricity,21-11-2022,1353050
19,Karnataka,Constituency_20,MP_Name_20,Work_19,Electricity,24-11-2022,1593131
20,Gujarat,Constituency_21,MP_Name_21,Work_20,Health,19-09-2021,1848669
21,Karnataka,Constituency_22,MP_Name_22,Work_21,Roads,28-08-2023,1217512
22,Delhi,Constituency_23,MP_Name_23,Work_22,Education,04-02-2022,1582491
23,Gujarat,Constituency_24,MP_Name_24,Work_23,Sanitation,24-01-2021,1590559
24,Gujarat,Constituency_25,MP_Name_25,Work_24,Health,21-08-2021,1868550
25,Uttar Pradesh,Constituency_26,MP_Name_26,Work_25,Drinking Water,07-07-2022,1836006
26,Tamil Nadu,Constituency_27,MP_Name_27,Work_26,Education,09-09-2021,1484634
27,Gujarat,Constituency_28,MP_Name_28,Work_27,Sanitation,30-11-2021,1112178
28,Uttar Pradesh,Constituency_29,MP_Name_29,Work_28,Education,22-11-2021,989846
29,Uttar Pradesh,Constituency_30,MP_Name_30,Work_29,Electricity,07-01-2021,1941025
30,Maharashtra,Constituency_31,MP_Name_31,Work_30,Electricity,09-03-2022,1255340
31,Uttar Pradesh,Constituency_32,MP_Name_32,Work_31,Electricity,18-10-2023,1324942
32,Maharashtra,Constituency_33,MP_Name_33,Work_32,Education,16-06-2022,791959
33,Karnataka,Constituency_34,MP_Name_34,Work_33,Health,29-06-2022,1668625
34,Delhi,Constituency_35,MP_Name_35,Work_34,Sanitation,19-11-2021,1733127
35,Karnataka,Constituency_36,MP_Name_36,Work_35,Drinking Water,22-03-2023,951583
36,Maharashtra,Constituency_37,MP_Name_37,Work_36,Health,18-10-2023,1704868
37,Karnataka,Constituency_38,MP_Name_38,Work_37,Electricity,13-09-2023,1705782
38,Uttar Pradesh,Constituency_39,MP_Name_39,Work_38,Roads,21-08-2022,878894
39,Gujarat,Constituency_40,MP_Name_40,Work_39,Drinking Water,07-01-2022,696861
40,Gujarat,Constituency_41,MP_Name_41,Work_40,Education,27-04-2022,1183700
41,Tamil Nadu,Constituency_42,MP_Name_42,Work_41,Education,26-10-2022,1835462
42,Karnataka,Constituency_43,MP_Name_43,Work_42,Health,24-03-2022,1750322
43,Gujarat,Constituency_44,MP_Name_44,Work_43,Sanitation,24-07-2022,886175
44,Delhi,Constituency_45,MP_Name_45,Work_44,Health,12-07-2021,1184624
45,Tamil Nadu,Constituency_46,MP_Name_46,Work_45,Roads,18-04-2022,1695707
46,Uttar Pradesh,Constituency_47,MP_Name_47,Work_46,Education,03-10-2023,1765548
47,Uttar Pradesh,Constituency_48,MP_Name_48,Work_47,Roads,13-12-2021,1709759
48,Maharashtra,Constituency_49,MP_Name_49,Work_48,Drinking Water,25-12-2021,1454844
49,Gujarat,Constituency_50,MP_Name_50,Work_49,Drinking Water,29-01-2021,1714103
50,Gujarat,Constituency_51,MP_Name_51,Work_50,Electricity,13-12-2021,1444512
51,Tamil Nadu,Constituency_52,MP_Name_52,Work_51,Sanitation,08-08-2021,1527369
52,Uttar Pradesh,Constituency_53,MP_Name_53,Work_52,Sanitation,29-05-2023,520964
53,Maharashtra,Constituency_54,MP_Name_54,Work_53,Sanitation,20-08-2022,1256194
54,Maharashtra,Constituency_55,MP_Name_55,Work_54,Roads,08-05-2023,1647285
55,Gujarat,Constituency_56,MP_Name_56,Work_55,Roads,16-10-2021,1997340
56,Gujarat,Constituency_57,MP_Name_57,Work_56,Drinking Water,04-06-2022,625709
57,Uttar Pradesh,Constituency_58,MP_Name_58,Work_57,Roads,20-11-2021,994313
58,Maharashtra,Constituency_59,MP_Name_59,Work_58,Health,03-11-2023,594972
59,Karnataka,Constituency_60,MP_Name_60,Work_59,Sanitation,17-08-2022,1965860
60,Karnataka,Constituency_61,MP_Name_61,Work_60,Sanitation,05-03-2022,1620097
61,Tamil Nadu,Constituency_62,MP_Name_62,Work_61,Health,12-01-2021,1539171
62,Karnataka,Constituency_63,MP_Name_63,Work_62,Drinking Water,28-06-2022,1900163
63,Maharashtra,Constituency_64,MP_Name_64,Work_63,Roads,24-11-2023,1194906
64,Tamil Nadu,Constituency_65,MP_Name_65,Work_64,Health,21-02-2022,1050226
65,Gujarat,Constituency_66,MP_Name_66,Work_65,Electricity,12-12-2021,1388024
66,Gujarat,Constituency_67,MP_Name_67,Work_66,Roads,13-03-2022,1640956
67,Tamil Nadu,Constituency_68,MP_Name_68,Work_67,Sanitation,20-03-2022,657703
68,Gujarat,Constituency_69,MP_Name_69,Work_68,Roads,06-02-2021,770526
69,Maharashtra,Constituency_70,MP_Name_70,Work_69,Electricity,22-05-2022,736507
70,Delhi,Constituency_71,MP_Name_71,Work_70,Sanitation,07-02-2021,1988174
71,Delhi,Constituency_72,MP_Name_72,Work_71,Sanitation,29-10-2022,872030
72,Karnataka,Constituency_73,MP_Name_73,Work_72,Health,11-01-2022,605793
73,Maharashtra,Constituency_74,MP_Name_74,Work_73,Sanitation,15-06-2023,1353844
74,Uttar Pradesh,Constituency_75,MP_Name_75,Work_74,Drinking Water,20-01-2023,551867
75,Karnataka,Constituency_76,MP_Name_76,Work_75,Education,07-12-2021,1835200
76,Maharashtra,Constituency_77,MP_Name_77,Work_76,Sanitation,16-08-2021,1271670
77,Tamil Nadu,Constituency_78,MP_Name_78,Work_77,Sanitation,24-02-2023,1562453
78,Tamil Nadu,Constituency_79,MP_Name_79,Work_78,Health,07-04-2022,532424
79,Maharashtra,Constituency_80,MP_Name_80,Work_79,Health,30-05-2021,913947
80,Uttar Pradesh,Constituency_81,MP_Name_81,Work_80,Education,14-11-2021,1319649
81,Delhi,Constituency_82,MP_Name_82,Work_81,Health,10-02-2022,1808165
82,Maharashtra,Constituency_83,MP_Name_83,Work_82,Health,24-08-2023,1072122
83,Gujarat,Constituency_84,MP_Name_84,Work_83,Roads,18-02-2022,1171007
84,Karnataka,Constituency_85,MP_Name_85,Work_84,Drinking Water,06-03-2021,1476506
85,Tamil Nadu,Constituency_86,MP_Name_86,Work_85,Drinking Water,19-07-2022,836979
86,Gujarat,Constituency_87,MP_Name_87,Work_86,Education,09-12-2023,590619
87,Tamil Nadu,Constituency_88,MP_Name_88,Work_87,Roads,23-11-2022,1027317
88,Uttar Pradesh,Constituency_89,MP_Name_89,Work_88,Education,17-03-2021,1830745
89,Maharashtra,Constituency_90,MP_Name_90,Work_89,Drinking Water,19-06-2022,911561
90,Uttar Pradesh,Constituency_91,MP_Name_91,Work_90,Education,21-04-2023,1614460
91,Tamil Nadu,Constituency_92,MP_Name_92,Work_91,Electricity,30-01-2022,1892748
92,Uttar Pradesh,Constituency_93,MP_Name_93,Work_92,Health,11-04-2023,1007072
93,Karnataka,Constituency_94,MP_Name_94,Work_93,Roads,20-03-2022,566775
94,Delhi,Constituency_95,MP_Name_95,Work_94,Sanitation,04-03-2022,930444
95,Maharashtra,Constituency_96,MP_Name_96,Work_95,Sanitation,25-05-2023,1487603
96,Karnataka,Constituency_97,MP_Name_97,Work_96,Drinking Water,25-03-2022,684132
97,Maharashtra,Constituency_98,MP_Name_98,Work_97,Electricity,28-09-2022,1577440
98,Delhi,Constituency_99,MP_Name_99,Work_98,Education,18-04-2023,1600979
99,Uttar Pradesh,Constituency_100,MP_Name_100,Work_99,Health,08-07-2022,1679698
100,Gujarat,Constituency_101,MP_Name_101,Work_100,Electricity,12-09-2021,1773203
101,Maharashtra,Constituency_102,MP_Name_102,Work_101,Sanitation,22-10-2021,1107678
102,Uttar Pradesh,Constituency_103,MP_Name_103,Work_102,Sanitation,18-01-2021,1086158
103,Uttar Pradesh,Constituency_104,MP_Name_104,Work_103,Electricity,09-03-2021,791428
104,Maharashtra,Constituency_105,MP_Name_105,Work_104,Drinking Water,09-12-2023,1315740
105,Gujarat,Constituency_106,MP_Name_106,Work_105,Electricity,03-09-2023,1499348
106,Uttar Pradesh,Constituency_107,MP_Name_107,Work_106,Roads,14-11-2022,548752
107,Tamil Nadu,Constituency_108,MP_Name_108,Work_107,Drinking Water,13-10-2023,1264798
108,Maharashtra,Constituency_109,MP_Name_109,Work_108,Electricity,21-11-2023,1656983
109,Gujarat,Constituency_110,MP_Name_110,Work_109,Sanitation,13-06-2022,1861178
110,Tamil Nadu,Constituency_111,MP_Name_111,Work_110,Drinking Water,02-11-2023,1054488
111,Maharashtra,Constituency_112,MP_Name_112,Work_111,Roads,20-07-2023,733029
112,Maharashtra,Constituency_113,MP_Name_113,Work_112,Sanitation,10-06-2022,1661699
113,Tamil Nadu,Constituency_114,MP_Name_114,Work_113,Sanitation,24-03-2021,862833
114,Delhi,Constituency_115,MP_Name_115,Work_114,Roads,29-08-2021,855108
115,Maharashtra,Constituency_116,MP_Name_116,Work_115,Electricity,25-03-2022,1392429
116,Karnataka,Constituency_117,MP_Name_117,Work_116,Health,26-04-2022,1637714
117,Karnataka,Constituency_118,MP_Name_118,Work_117,Drinking Water,03-11-2023,857193
118,Maharashtra,Constituency_119,MP_Name_119,Work_118,Education,14-01-2021,582640
119,Karnataka,Constituency_120,MP_Name_120,Work_119,Health,21-05-2021,601095
120,Karnataka,Constituency_121,MP_Name_121,Work_120,Roads,03-01-2023,1341324
121,Karnataka,Constituency_122,MP_Name_122,Work_121,Drinking Water,20-09-2022,1861497
122,Gujarat,Constituency_123,MP_Name_123,Work_122,Health,27-12-2022,1459183
123,Uttar Pradesh,Constituency_124,MP_Name_124,Work_123,Drinking Water,21-02-2023,665542
124,Uttar Pradesh,Constituency_125,MP_Name_125,Work_124,Roads,24-12-2021,1581902
125,Delhi,Constituency_126,MP_Name_126,Work_125,Health,21-08-2021,1489892
126,Uttar Pradesh,Constituency_127,MP_Name_127,Work_126,Electricity,04-04-2021,1212985
127,Karnataka,Constituency_128,MP_Name_128,Work_127,Health,04-08-2022,903508
128,Tamil Nadu,Constituency_129,MP_Name_129,Work_128,Roads,05-05-2021,579657
129,Maharashtra,Constituency_130,MP_Name_130,Work_129,Electricity,05-08-2021,1084362
130,Karnataka,Constituency_131,MP_Name_131,Work_130,Electricity,29-11-2022,1799344
131,Tamil Nadu,Constituency_132,MP_Name_132,Work_131,Drinking Water,29-06-2023,504055
132,Karnataka,Constituency_133,MP_Name_133,Work_132,Roads,19-08-2023,1256402
133,Gujarat,Constituency_134,MP_Name_134,Work_133,Health,01-04-2022,811471
134,Karnataka,Constituency_135,MP_Name_135,Work_134,Health,04-08-2023,694102
135,Uttar Pradesh,Constituency_136,MP_Name_136,Work_135,Health,20-04-2022,1040885
136,Gujarat,Constituency_137,MP_Name_137,Work_136,Drinking Water,15-03-2022,1770981
137,Karnataka,Constituency_138,MP_Name_138,Work_137,Electricity,07-11-2021,781970
138,Gujarat,Constituency_139,MP_Name_139,Work_138,Drinking Water,09-06-2022,1039817
139,Gujarat,Constituency_140,MP_Name_140,Work_139,Electricity,23-09-2023,810513
140,Maharashtra,Constituency_141,MP_Name_141,Work_140,Roads,12-04-2021,1936288
141,Uttar Pradesh,Constituency_142,MP_Name_142,Work_141,Sanitation,26-11-2021,1561596
142,Tamil Nadu,Constituency_143,MP_Name_143,Work_142,Sanitation,19-03-2023,1493093
143,Gujarat,Constituency_144,MP_Name_144,Work_143,Education,12-07-2021,1226975
144,Gujarat,Constituency_145,MP_Name_145,Work_144,Electricity,02-03-2022,531835
145,Delhi,Constituency_146,MP_Name_146,Work_145,Sanitation,04-03-2021,660657
146,Delhi,Constituency_147,MP_Name_147,Work_146,Health,19-11-2023,937161
147,Maharashtra,Constituency_148,MP_Name_148,Work_147,Sanitation,22-07-2023,1828457
148,Delhi,Constituency_149,MP_Name_149,Work_148,Sanitation,01-02-2023,579572
149,Karnataka,Constituency_150,MP_Name_150,Work_149,Health,06-07-2023,1091242
150,Uttar Pradesh,Constituency_151,MP_Name_151,Work_150,Electricity,26-06-2022,1206193
151,Delhi,Constituency_152,MP_Name_152,Work_151,Sanitation,27-09-2022,1307036
152,Tamil Nadu,Constituency_153,MP_Name_153,Work_152,Roads,25-11-2021,1272154
153,Maharashtra,Constituency_154,MP_Name_154,Work_153,Drinking Water,31-01-2023,1097374
154,Gujarat,Constituency_155,MP_Name_155,Work_154,Education,20-06-2021,557080
155,Uttar Pradesh,Constituency_156,MP_Name_156,Work_155,Drinking Water,30-08-2021,703727
156,Gujarat,Constituency_157,MP_Name_157,Work_156,Electricity,28-11-2021,1440808
157,Delhi,Constituency_158,MP_Name_158,Work_157,Health,03-11-2023,937762
158,Maharashtra,Constituency_159,MP_Name_159,Work_158,Sanitation,31-03-2023,794500
159,Uttar Pradesh,Constituency_160,MP_Name_160,Work_159,Drinking Water,13-09-2021,1517291
160,Tamil Nadu,Constituency_161,MP_Name_161,Work_160,Sanitation,13-02-2021,1278778
161,Maharashtra,Constituency_162,MP_Name_162,Work_161,Sanitation,05-05-2023,668570
162,Tamil Nadu,Constituency_163,MP_Name_163,Work_162,Sanitation,05-02-2022,763644
163,Gujarat,Constituency_164,MP_Name_164,Work_163,Electricity,16-01-2023,944559
164,Karnataka,Constituency_165,MP_Name_165,Work_164,Electricity,08-11-2023,796295
165,Gujarat,Constituency_166,MP_Name_166,Work_165,Roads,02-12-2021,1086620
166,Maharashtra,Constituency_167,MP_Name_167,Work_166,Health,03-05-2021,1896692
167,Maharashtra,Constituency_168,MP_Name_168,Work_167,Education,11-07-2022,1347401
168,Tamil Nadu,Constituency_169,MP_Name_169,Work_168,Electricity,14-11-2023,1497727
169,Maharashtra,Constituency_170,MP_Name_170,Work_169,Health,10-07-2023,1823622
170,Delhi,Constituency_171,MP_Name_171,Work_170,Education,29-09-2023,1327543
171,Maharashtra,Constituency_172,MP_Name_172,Work_171,Education,21-10-2022,1649197
172,Tamil Nadu,Constituency_173,MP_Name_173,Work_172,Education,22-11-2023,1744232
173,Uttar Pradesh,Constituency_174,MP_Name_174,Work_173,Electricity,20-06-2023,666317
174,Karnataka,Constituency_175,MP_Name_175,Work_174,Electricity,25-04-2023,1381362
175,Uttar Pradesh,Constituency_176,MP_Name_176,Work_175,Electricity,04-08-2022,1295289
176,Karnataka,Constituency_177,MP_Name_177,Work_176,Sanitation,28-06-2023,1592656
177,Gujarat,Constituency_178,MP_Name_178,Work_177,Education,11-06-2023,1199944
178,Delhi,Constituency_179,MP_Name_179,Work_178,Health,24-08-2022,929367
179,Maharashtra,Constituency_180,MP_Name_180,Work_179,Education,09-02-2023,1183098
180,Maharashtra,Constituency_181,MP_Name_181,Work_180,Sanitation,10-03-2023,1728857
181,Gujarat,Constituency_182,MP_Name_182,Work_181,Sanitation,12-06-2021,1889442
182,Karnataka,Constituency_183,MP_Name_183,Work_182,Education,13-01-2022,1034401
183,Tamil Nadu,Constituency_184,MP_Name_184,Work_183,Health,12-12-2022,1968838
184,Tamil Nadu,Constituency_185,MP_Name_185,Work_184,Drinking Water,19-12-2021,1182865
185,Maharashtra,Constituency_186,MP_Name_186,Work_185,Electricity,14-03-2023,1144617
186,Uttar Pradesh,Constituency_187,MP_Name_187,Work_186,Electricity,10-01-2023,1302356
187,Uttar Pradesh,Constituency_188,MP_Name_188,Work_187,Electricity,04-06-2022,1702823
188,Uttar Pradesh,Constituency_189,MP_Name_189,Work_188,Education,15-02-2021,592448
189,Delhi,Constituency_190,MP_Name_190,Work_189,Roads,12-07-2022,1017630
190,Gujarat,Constituency_191,MP_Name_191,Work_190,Drinking Water,12-08-2021,1459653
191,Maharashtra,Constituency_192,MP_Name_192,Work_191,Sanitation,14-05-2023,1533358
192,Delhi,Constituency_193,MP_Name_193,Work_192,Health,07-11-2021,1667900
193,Tamil Nadu,Constituency_194,MP_Name_194,Work_193,Health,06-01-2021,1280522
194,Karnataka,Constituency_195,MP_Name_195,Work_194,Education,13-09-2021,1504038
195,Gujarat,Constituency_196,MP_Name_196,Work_195,Drinking Water,29-04-2021,656017
196,Uttar Pradesh,Constituency_197,MP_Name_197,Work_196,Health,02-08-2022,717181
197,Uttar Pradesh,Constituency_198,MP_Name_198,Work_197,Drinking Water,28-02-2021,906885
198,Delhi,Constituency_199,MP_Name_199,Work_198,Education,07-03-2022,802911
199,Tamil Nadu,Constituency_200,MP_Name_200,Work_199,Drinking Water,04-04-2022,652476
200,Uttar Pradesh,Constituency_201,MP_Name_201,Work_200,Health,04-05-2023,1727478
201,Gujarat,Constituency_202,MP_Name_202,Work_201,Education,28-08-2023,889238
202,Uttar Pradesh,Constituency_203,MP_Name_203,Work_202,Roads,20-07-2022,1665628
203,Karnataka,Constituency_204,MP_Name_204,Work_203,Electricity,27-10-2021,846217
204,Gujarat,Constituency_205,MP_Name_205,Work_204,Sanitation,08-07-2021,1295707
205,Uttar Pradesh,Constituency_206,MP_Name_206,Work_205,Sanitation,28-08-2022,1297872
206,Karnataka,Constituency_207,MP_Name_207,Work_206,Roads,22-08-2023,1285024
207,Delhi,Constituency_208,MP_Name_208,Work_207,Health,01-11-2022,553303
208,Tamil Nadu,Constituency_209,MP_Name_209,Work_208,Education,19-06-2022,1516861
209,Tamil Nadu,Constituency_210,MP_Name_210,Work_209,Roads,08-10-2022,781521
210,Uttar Pradesh,Constituency_211,MP_Name_211,Work_210,Drinking Water,23-05-2022,1410447
211,Karnataka,Constituency_212,MP_Name_212,Work_211,Electricity,27-08-2022,1043603
212,Delhi,Constituency_213,MP_Name_213,Work_212,Drinking Water,31-10-2022,1455531
213,Karnataka,Constituency_214,MP_Name_214,Work_213,Education,23-05-2022,1682457
214,Uttar Pradesh,Constituency_215,MP_Name_215,Work_214,Electricity,01-07-2022,581971
215,Tamil Nadu,Constituency_216,MP_Name_216,Work_215,Drinking Water,21-04-2023,1812304
216,Uttar Pradesh,Constituency_217,MP_Name_217,Work_216,Sanitation,26-12-2021,1271472
217,Delhi,Constituency_218,MP_Name_218,Work_217,Electricity,19-08-2021,536785
218,Uttar Pradesh,Constituency_219,MP_Name_219,Work_218,Electricity,04-08-2023,789151
219,Gujarat,Constituency_220,MP_Name_220,Work_219,Roads,14-07-2022,1633417
220,Karnataka,Constituency_221,MP_Name_221,Work_220,Education,13-02-2021,1412815
221,Uttar Pradesh,Constituency_222,MP_Name_222,Work_221,Education,13-08-2023,1268200
222,Maharashtra,Constituency_223,MP_Name_223,Work_222,Electricity,18-04-2022,1722256
223,Tamil Nadu,Constituency_224,MP_Name_224,Work_223,Health,14-10-2022,1064443
224,Karnataka,Constituency_225,MP_Name_225,Work_224,Drinking Water,05-10-2023,1592926
225,Delhi,Constituency_226,MP_Name_226,Work_225,Health,03-11-2021,1141571
226,Tamil Nadu,Constituency_227,MP_Name_227,Work_226,Drinking Water,24-04-2022,1461672
227,Tamil Nadu,Constituency_228,MP_Name_228,Work_227,Electricity,28-09-2021,1605359
228,Maharashtra,Constituency_229,MP_Name_229,Work_228,Education,29-07-2021,873363
229,Maharashtra,Constituency_230,MP_Name_230,Work_229,Drinking Water,21-07-2023,1077814
230,Tamil Nadu,Constituency_231,MP_Name_231,Work_230,Health,25-08-2022,1932926
231,Gujarat,Constituency_232,MP_Name_232,Work_231,Sanitation,04-09-2023,955500
232,Uttar Pradesh,Constituency_233,MP_Name_233,Work_232,Drinking Water,23-02-2023,1110443
233,Karnataka,Constituency_234,MP_Name_234,Work_233,Education,22-05-2022,663647
234,Karnataka,Constituency_235,MP_Name_235,Work_234,Education,29-04-2023,964713
235,Uttar Pradesh,Constituency_236,MP_Name_236,Work_235,Roads,07-05-2021,1217453
236,Gujarat,Constituency_237,MP_Name_237,Work_236,Drinking Water,19-07-2022,522189
237,Karnataka,Constituency_238,MP_Name_238,Work_237,Health,30-09-2023,645595
238,Gujarat,Constituency_239,MP_Name_239,Work_238,Sanitation,12-11-2023,1835621
239,Uttar Pradesh,Constituency_240,MP_Name_240,Work_239,Education,18-07-2023,1218384
240,Delhi,Constituency_241,MP_Name_241,Work_240,Sanitation,24-04-2022,893942
241,Tamil Nadu,Constituency_242,MP_Name_242,Work_241,Sanitation,19-07-2021,939590
242,Tamil Nadu,Constituency_243,MP_Name_243,Work_242,Sanitation,05-05-2022,1426848
243,Karnataka,Constituency_244,MP_Name_244,Work_243,Sanitation,18-04-2021,597737
244,Maharashtra,Constituency_245,MP_Name_245,Work_244,Roads,03-02-2023,1835067
245,Karnataka,Constituency_246,MP_Name_246,Work_245,Health,21-12-2022,1415788
246,Tamil Nadu,Constituency_247,MP_Name_247,Work_246,Drinking Water,23-06-2022,1024005
247,Tamil Nadu,Constituency_248,MP_Name_248,Work_247,Roads,27-04-2021,1436710
248,Maharashtra,Constituency_249,MP_Name_249,Work_248,Roads,07-02-2023,1561269
249,Maharashtra,Constituency_250,MP_Name_250,Work_249,Education,21-08-2022,959026
250,Karnataka,Constituency_251,MP_Name_251,Work_250,Sanitation,06-12-2022,1767526
251,Gujarat,Constituency_252,MP_Name_252,Work_251,Health,12-02-2021,910896
252,Tamil Nadu,Constituency_253,MP_Name_253,Work_252,Drinking Water,23-03-2022,1831676
253,Gujarat,Constituency_254,MP_Name_254,Work_253,Sanitation,07-11-2023,1164676
254,Karnataka,Constituency_255,MP_Name_255,Work_254,Education,21-01-2022,1913563
255,Tamil Nadu,Constituency_256,MP_Name_256,Work_255,Sanitation,28-02-2023,1349741
256,Uttar Pradesh,Constituency_257,MP_Name_257,Work_256,Health,17-01-2023,1395377
257,Uttar Pradesh,Constituency_258,MP_Name_258,Work_257,Sanitation,30-12-2023,1332727
258,Uttar Pradesh,Constituency_259,MP_Name_259,Work_258,Drinking Water,09-09-2021,517763
259,Gujarat,Constituency_260,MP_Name_260,Work_259,Health,24-04-2022,1604001
260,Karnataka,Constituency_261,MP_Name_261,Work_260,Roads,10-04-2023,626003
261,Tamil Nadu,Constituency_262,MP_Name_262,Work_261,Education,02-09-2023,838030
262,Tamil Nadu,Constituency_263,MP_Name_263,Work_262,Electricity,15-09-2021,1175552
263,Gujarat,Constituency_264,MP_Name_264,Work_263,Drinking Water,04-02-2021,1507735
264,Uttar Pradesh,Constituency_265,MP_Name_265,Work_264,Education,06-06-2023,1040392
265,Uttar Pradesh,Constituency_266,MP_Name_266,Work_265,Roads,14-03-2023,559904
266,Karnataka,Constituency_267,MP_Name_267,Work_266,Sanitation,04-11-2023,953769
267,Maharashtra,Constituency_268,MP_Name_268,Work_267,Education,12-05-2023,1607423
268,Uttar Pradesh,Constituency_269,MP_Name_269,Work_268,Health,02-08-2022,1744502
269,Karnataka,Constituency_270,MP_Name_270,Work_269,Health,20-12-2023,937389
270,Tamil Nadu,Constituency_271,MP_Name_271,Work_270,Sanitation,23-08-2023,750245
271,Maharashtra,Constituency_272,MP_Name_272,Work_271,Education,25-03-2021,1408007
272,Uttar Pradesh,Constituency_273,MP_Name_273,Work_272,Health,17-03-2023,1999485
273,Delhi,Constituency_274,MP_Name_274,Work_273,Education,26-11-2023,656982
274,Tamil Nadu,Constituency_275,MP_Name_275,Work_274,Roads,19-08-2022,1964402
275,Delhi,Constituency_276,MP_Name_276,Work_275,Health,02-09-2022,947267
276,Uttar Pradesh,Constituency_277,MP_Name_277,Work_276,Drinking Water,24-11-2021,1664241
277,Tamil Nadu,Constituency_278,MP_Name_278,Work_277,Roads,13-03-2021,1840857
278,Gujarat,Constituency_279,MP_Name_279,Work_278,Education,18-12-2022,1328726
279,Tamil Nadu,Constituency_280,MP_Name_280,Work_279,Roads,09-08-2023,988213
280,Uttar Pradesh,Constituency_281,MP_Name_281,Work_280,Health,22-09-2022,837588
281,Karnataka,Constituency_282,MP_Name_282,Work_281,Drinking Water,11-11-2021,1588484
282,Uttar Pradesh,Constituency_283,MP_Name_283,Work_282,Health,27-06-2022,1105832
283,Tamil Nadu,Constituency_284,MP_Name_284,Work_283,Roads,26-09-2022,646347
284,Tamil Nadu,Constituency_285,MP_Name_285,Work_284,Drinking Water,12-11-2021,1705462
285,Uttar Pradesh,Constituency_286,MP_Name_286,Work_285,Electricity,10-05-2022,700696
286,Delhi,Constituency_287,MP_Name_287,Work_286,Drinking Water,04-12-2023,857884
287,Uttar Pradesh,Constituency_288,MP_Name_288,Work_287,Sanitation,08-11-2022,620318
288,Karnataka,Constituency_289,MP_Name_289,Work_288,Electricity,09-09-2023,1520141
289,Delhi,Constituency_290,MP_Name_290,Work_289,Drinking Water,04-02-2023,1814908
290,Karnataka,Constituency_291,MP_Name_291,Work_290,Roads,28-03-2023,1330097
291,Maharashtra,Constituency_292,MP_Name_292,Work_291,Roads,20-11-2023,1708793
292,Tamil Nadu,Constituency_293,MP_Name_293,Work_292,Education,22-04-2021,876096
293,Tamil Nadu,Constituency_294,MP_Name_294,Work_293,Education,05-11-2021,931792
294,Karnataka,Constituency_295,MP_Name_295,Work_294,Education,25-06-2022,1507936
295,Tamil Nadu,Constituency_296,MP_Name_296,Work_295,Sanitation,02-03-2021,794556
296,Uttar Pradesh,Constituency_297,MP_Name_297,Work_296,Electricity,24-10-2022,748200
297,Tamil Nadu,Constituency_298,MP_Name_298,Work_297,Education,05-03-2023,577362
298,Delhi,Constituency_299,MP_Name_299,Work_298,Drinking Water,15-02-2022,967402
299,Uttar Pradesh,Constituency_300,MP_Name_300,Work_299,Electricity,19-07-2023,601830
300,Uttar Pradesh,Constituency_301,MP_Name_301,Work_300,Drinking Water,10-06-2022,1705749
301,Uttar Pradesh,Constituency_302,MP_Name_302,Work_301,Sanitation,26-10-2022,519088
302,Tamil Nadu,Constituency_303,MP_Name_303,Work_302,Sanitation,15-05-2023,1565540
303,Karnataka,Constituency_304,MP_Name_304,Work_303,Sanitation,06-07-2022,1303915
304,Uttar Pradesh,Constituency_305,MP_Name_305,Work_304,Health,01-10-2021,974406
305,Gujarat,Constituency_306,MP_Name_306,Work_305,Education,15-12-2021,1195825
306,Karnataka,Constituency_307,MP_Name_307,Work_306,Sanitation,13-06-2021,1477448
307,Delhi,Constituency_308,MP_Name_308,Work_307,Roads,13-02-2023,1298039
308,Karnataka,Constituency_309,MP_Name_309,Work_308,Roads,24-12-2023,560219
309,Tamil Nadu,Constituency_310,MP_Name_310,Work_309,Roads,16-04-2023,1003735
310,Karnataka,Constituency_311,MP_Name_311,Work_310,Sanitation,27-07-2021,1359941
311,Maharashtra,Constituency_312,MP_Name_312,Work_311,Health,23-05-2021,845563
312,Gujarat,Constituency_313,MP_Name_313,Work_312,Health,30-01-2021,1743752
313,Tamil Nadu,Constituency_314,MP_Name_314,Work_313,Electricity,12-01-2023,967872
314,Tamil Nadu,Constituency_315,MP_Name_315,Work_314,Education,14-05-2021,1513928
315,Gujarat,Constituency_316,MP_Name_316,Work_315,Health,11-05-2021,685742
316,Delhi,Constituency_317,MP_Name_317,Work_316,Health,24-04-2022,1977127
317,Tamil Nadu,Constituency_318,MP_Name_318,Work_317,Roads,13-10-2021,1161328
318,Uttar Pradesh,Constituency_319,MP_Name_319,Work_318,Drinking Water,29-08-2023,1915317
319,Delhi,Constituency_320,MP_Name_320,Work_319,Drinking Water,11-07-2022,1581822
320,Tamil Nadu,Constituency_321,MP_Name_321,Work_320,Education,29-01-2021,882708
321,Gujarat,Constituency_322,MP_Name_322,Work_321,Drinking Water,26-02-2023,1006315
322,Gujarat,Constituency_323,MP_Name_323,Work_322,Drinking Water,09-03-2021,1038864
323,Delhi,Constituency_324,MP_Name_324,Work_323,Sanitation,22-03-2022,1966450
324,Gujarat,Constituency_325,MP_Name_325,Work_324,Sanitation,29-03-2021,546290
325,Karnataka,Constituency_326,MP_Name_326,Work_325,Sanitation,10-10-2023,1490106
326,Delhi,Constituency_327,MP_Name_327,Work_326,Education,13-01-2022,562436
327,Gujarat,Constituency_328,MP_Name_328,Work_327,Electricity,25-11-2023,1176757
328,Karnataka,Constituency_329,MP_Name_329,Work_328,Drinking Water,20-07-2022,1716455
329,Gujarat,Constituency_330,MP_Name_330,Work_329,Drinking Water,11-08-2022,654499
330,Delhi,Constituency_331,MP_Name_331,Work_330,Roads,10-12-2022,860010
331,Gujarat,Constituency_332,MP_Name_332,Work_331,Electricity,30-11-2023,746877
332,Gujarat,Constituency_333,MP_Name_333,Work_332,Health,18-04-2022,1381254
333,Maharashtra,Constituency_334,MP_Name_334,Work_333,Sanitation,18-03-2023,1352821
334,Karnataka,Constituency_335,MP_Name_335,Work_334,Health,23-06-2021,1368140
335,Gujarat,Constituency_336,MP_Name_336,Work_335,Drinking Water,15-05-2022,1344765
336,Tamil Nadu,Constituency_337,MP_Name_337,Work_336,Sanitation,08-01-2022,1865345
337,Karnataka,Constituency_338,MP_Name_338,Work_337,Education,13-10-2023,1422549
338,Tamil Nadu,Constituency_339,MP_Name_339,Work_338,Electricity,11-12-2022,1752843
339,Tamil Nadu,Constituency_340,MP_Name_340,Work_339,Health,04-05-2022,900714
340,Tamil Nadu,Constituency_341,MP_Name_341,Work_340,Electricity,16-10-2021,1797594
341,Maharashtra,Constituency_342,MP_Name_342,Work_341,Roads,16-05-2021,1556251
342,Uttar Pradesh,Constituency_343,MP_Name_343,Work_342,Health,23-12-2022,1922961
343,Gujarat,Constituency_344,MP_Name_344,Work_343,Drinking Water,26-04-2021,1589148
344,Tamil Nadu,Constituency_345,MP_Name_345,Work_344,Roads,20-06-2022,1182003
345,Karnataka,Constituency_346,MP_Name_346,Work_345,Roads,06-05-2023,1177259
346,Maharashtra,Constituency_347,MP_Name_347,Work_346,Drinking Water,03-02-2023,782378
347,Maharashtra,Constituency_348,MP_Name_348,Work_347,Roads,29-08-2023,1577436
348,Karnataka,Constituency_349,MP_Name_349,Work_348,Sanitation,13-09-2022,848939
349,Delhi,Constituency_350,MP_Name_350,Work_349,Education,26-09-2022,979916
350,Gujarat,Constituency_351,MP_Name_351,Work_350,Health,21-04-2023,1672723
351,Delhi,Constituency_352,MP_Name_352,Work_351,Sanitation,22-08-2021,1320175
352,Maharashtra,Constituency_353,MP_Name_353,Work_352,Roads,28-08-2022,702343
353,Maharashtra,Constituency_354,MP_Name_354,Work_353,Education,09-01-2022,1070241
354,Delhi,Constituency_355,MP_Name_355,Work_354,Electricity,15-08-2021,1644327
355,Karnataka,Constituency_356,MP_Name_356,Work_355,Electricity,30-08-2022,1107107
356,Maharashtra,Constituency_357,MP_Name_357,Work_356,Roads,19-10-2022,1569177
357,Karnataka,Constituency_358,MP_Name_358,Work_357,Drinking Water,10-01-2022,1357993
358,Tamil Nadu,Constituency_359,MP_Name_359,Work_358,Drinking Water,10-09-2022,1199344
359,Gujarat,Constituency_360,MP_Name_360,Work_359,Health,20-05-2022,1987496
360,Gujarat,Constituency_361,MP_Name_361,Work_360,Roads,26-07-2022,1700285
361,Maharashtra,Constituency_362,MP_Name_362,Work_361,Sanitation,31-08-2023,1323316
362,Tamil Nadu,Constituency_363,MP_Name_363,Work_362,Roads,23-06-2023,512007
363,Karnataka,Constituency_364,MP_Name_364,Work_363,Electricity,10-04-2021,1591940
364,Maharashtra,Constituency_365,MP_Name_365,Work_364,Drinking Water,06-12-2023,1165424
365,Gujarat,Constituency_366,MP_Name_366,Work_365,Health,12-03-2021,732535
366,Gujarat,Constituency_367,MP_Name_367,Work_366,Roads,10-11-2022,1292282
367,Uttar Pradesh,Constituency_368,MP_Name_368,Work_367,Education,21-03-2022,1923155
368,Delhi,Constituency_369,MP_Name_369,Work_368,Roads,20-07-2022,881405
369,Tamil Nadu,Constituency_370,MP_Name_370,Work_369,Roads,06-05-2023,1164741
370,Karnataka,Constituency_371,MP_Name_371,Work_370,Electricity,11-07-2021,722826
371,Tamil Nadu,Constituency_372,MP_Name_372,Work_371,Education,04-04-2022,1570257
372,Delhi,Constituency_373,MP_Name_373,Work_372,Electricity,04-03-2022,1914270
373,Tamil Nadu,Constituency_374,MP_Name_374,Work_373,Electricity,10-04-2021,1108649
374,Tamil Nadu,Constituency_375,MP_Name_375,Work_374,Health,15-01-2021,1665016
375,Maharashtra,Constituency_376,MP_Name_376,Work_375,Sanitation,27-01-2021,1935340
376,Tamil Nadu,Constituency_377,MP_Name_377,Work_376,Health,01-06-2021,1196661
377,Delhi,Constituency_378,MP_Name_378,Work_377,Sanitation,20-11-2022,1931411
378,Tamil Nadu,Constituency_379,MP_Name_379,Work_378,Health,06-05-2023,1942567
379,Karnataka,Constituency_380,MP_Name_380,Work_379,Drinking Water,05-01-2021,1537937
380,Uttar Pradesh,Constituency_381,MP_Name_381,Work_380,Drinking Water,23-01-2022,710604
381,Maharashtra,Constituency_382,MP_Name_382,Work_381,Sanitation,13-12-2021,1843994
382,Delhi,Constituency_383,MP_Name_383,Work_382,Education,25-11-2023,1575637
383,Delhi,Constituency_384,MP_Name_384,Work_383,Electricity,17-08-2023,1167884
384,Gujarat,Constituency_385,MP_Name_385,Work_384,Drinking Water,09-06-2021,1632153
385,Karnataka,Constituency_386,MP_Name_386,Work_385,Sanitation,26-11-2022,1382180
386,Uttar Pradesh,Constituency_387,MP_Name_387,Work_386,Drinking Water,25-08-2021,1009600
387,Uttar Pradesh,Constituency_388,MP_Name_388,Work_387,Health,04-09-2021,1119312
388,Delhi,Constituency_389,MP_Name_389,Work_388,Education,29-08-2023,942251
389,Uttar Pradesh,Constituency_390,MP_Name_390,Work_389,Electricity,04-10-2022,1774036
390,Gujarat,Constituency_391,MP_Name_391,Work_390,Drinking Water,26-06-2022,600242
391,Uttar Pradesh,Constituency_392,MP_Name_392,Work_391,Health,10-04-2023,1057366
392,Uttar Pradesh,Constituency_393,MP_Name_393,Work_392,Sanitation,22-05-2022,1373704
393,Karnataka,Constituency_394,MP_Name_394,Work_393,Drinking Water,08-02-2022,578637
394,Karnataka,Constituency_395,MP_Name_395,Work_394,Sanitation,24-11-2021,1441148
395,Delhi,Constituency_396,MP_Name_396,Work_395,Health,18-07-2022,1305178
396,Maharashtra,Constituency_397,MP_Name_397,Work_396,Health,03-05-2022,1772645
397,Karnataka,Constituency_398,MP_Name_398,Work_397,Roads,21-12-2021,1472329
398,Tamil Nadu,Constituency_399,MP_Name_399,Work_398,Roads,03-01-2023,1164160
399,Gujarat,Constituency_400,MP_Name_400,Work_399,Drinking Water,02-02-2022,1277665
400,Tamil Nadu,Constituency_401,MP_Name_401,Work_400,Drinking Water,04-02-2021,1386609
401,Gujarat,Constituency_402,MP_Name_402,Work_401,Education,20-02-2021,1521295
402,Maharashtra,Constituency_403,MP_Name_403,Work_402,Health,07-07-2023,1872213
403,Delhi,Constituency_404,MP_Name_404,Work_403,Drinking Water,29-04-2021,981957
404,Uttar Pradesh,Constituency_405,MP_Name_405,Work_404,Education,25-01-2023,1969575
405,Uttar Pradesh,Constituency_406,MP_Name_406,Work_405,Roads,14-09-2023,1338948
406,Delhi,Constituency_407,MP_Name_407,Work_406,Health,27-09-2023,847006
407,Maharashtra,Constituency_408,MP_Name_408,Work_407,Roads,06-09-2022,1557680
408,Delhi,Constituency_409,MP_Name_409,Work_408,Education,23-05-2022,1661392
409,Gujarat,Constituency_410,MP_Name_410,Work_409,Education,18-08-2021,809540
410,Tamil Nadu,Constituency_411,MP_Name_411,Work_410,Health,23-06-2023,539658
411,Tamil Nadu,Constituency_412,MP_Name_412,Work_411,Sanitation,29-11-2021,961180
412,Uttar Pradesh,Constituency_413,MP_Name_413,Work_412,Drinking Water,30-10-2021,1492327
413,Uttar Pradesh,Constituency_414,MP_Name_414,Work_413,Sanitation,23-07-2022,1391530
414,Maharashtra,Constituency_415,MP_Name_415,Work_414,Roads,07-06-2023,1299551
415,Delhi,Constituency_416,MP_Name_416,Work_415,Sanitation,12-10-2023,1973871
416,Tamil Nadu,Constituency_417,MP_Name_417,Work_416,Roads,28-03-2021,1241299
417,Maharashtra,Constituency_418,MP_Name_418,Work_417,Roads,08-02-2021,1814111
418,Karnataka,Constituency_419,MP_Name_419,Work_418,Drinking Water,14-09-2022,1782226
419,Uttar Pradesh,Constituency_420,MP_Name_420,Work_419,Drinking Water,08-07-2022,737948
420,Uttar Pradesh,Constituency_421,MP_Name_421,Work_420,Drinking Water,10-10-2021,694623
421,Uttar Pradesh,Constituency_422,MP_Name_422,Work_421,Roads,03-02-2021,1629363
422,Delhi,Constituency_423,MP_Name_423,Work_422,Roads,09-10-2023,1135288
423,Delhi,Constituency_424,MP_Name_424,Work_423,Drinking Water,01-12-2022,1308827
424,Delhi,Constituency_425,MP_Name_425,Work_424,Roads,23-05-2023,1700191
425,Gujarat,Constituency_426,MP_Name_426,Work_425,Education,04-11-2023,549062
426,Gujarat,Constituency_427,MP_Name_427,Work_426,Drinking Water,09-11-2021,1559915
427,Gujarat,Constituency_428,MP_Name_428,Work_427,Electricity,10-11-2021,1724201
428,Uttar Pradesh,Constituency_429,MP_Name_429,Work_428,Drinking Water,30-11-2021,1665297
429,Karnataka,Constituency_430,MP_Name_430,Work_429,Education,24-04-2023,1085259
430,Uttar Pradesh,Constituency_431,MP_Name_431,Work_430,Roads,15-05-2022,1583723
431,Maharashtra,Constituency_432,MP_Name_432,Work_431,Roads,25-06-2021,1232167
432,Gujarat,Constituency_433,MP_Name_433,Work_432,Sanitation,21-07-2022,1832615
433,Karnataka,Constituency_434,MP_Name_434,Work_433,Sanitation,08-08-2021,1586027
434,Tamil Nadu,Constituency_435,MP_Name_435,Work_434,Electricity,30-12-2021,611481
435,Karnataka,Constituency_436,MP_Name_436,Work_435,Roads,21-09-2023,1955038
436,Delhi,Constituency_437,MP_Name_437,Work_436,Sanitation,16-06-2021,1822391
437,Gujarat,Constituency_438,MP_Name_438,Work_437,Education,11-12-2023,898750
438,Delhi,Constituency_439,MP_Name_439,Work_438,Drinking Water,31-12-2021,598594
439,Tamil Nadu,Constituency_440,MP_Name_440,Work_439,Drinking Water,31-08-2021,1658930
440,Delhi,Constituency_441,MP_Name_441,Work_440,Sanitation,16-05-2021,1838455
441,Tamil Nadu,Constituency_442,MP_Name_442,Work_441,Education,24-03-2022,1148759
442,Maharashtra,Constituency_443,MP_Name_443,Work_442,Drinking Water,21-07-2023,1251291
443,Tamil Nadu,Constituency_444,MP_Name_444,Work_443,Electricity,22-02-2022,1567367
444,Delhi,Constituency_445,MP_Name_445,Work_444,Health,15-08-2021,1227839
445,Delhi,Constituency_446,MP_Name_446,Work_445,Drinking Water,04-03-2023,591348
446,Karnataka,Constituency_447,MP_Name_447,Work_446,Roads,08-06-2022,878141
447,Gujarat,Constituency_448,MP_Name_448,Work_447,Roads,17-09-2023,1850305
448,Uttar Pradesh,Constituency_449,MP_Name_449,Work_448,Electricity,17-05-2023,935933
449,Uttar Pradesh,Constituency_450,MP_Name_450,Work_449,Health,30-07-2021,576116
450,Delhi,Constituency_451,MP_Name_451,Work_450,Electricity,17-08-2021,1002146
451,Tamil Nadu,Constituency_452,MP_Name_452,Work_451,Drinking Water,29-06-2021,1331100
452,Maharashtra,Constituency_453,MP_Name_453,Work_452,Electricity,02-04-2021,1355882
453,Tamil Nadu,Constituency_454,MP_Name_454,Work_453,Education,01-01-2021,784764
454,Gujarat,Constituency_455,MP_Name_455,Work_454,Drinking Water,08-01-2021,1663344
455,Maharashtra,Constituency_456,MP_Name_456,Work_455,Health,29-07-2023,1914359
456,Maharashtra,Constituency_457,MP_Name_457,Work_456,Health,14-07-2022,650334
457,Delhi,Constituency_458,MP_Name_458,Work_457,Education,07-10-2021,1047843
458,Delhi,Constituency_459,MP_Name_459,Work_458,Health,11-02-2022,1522554
459,Uttar Pradesh,Constituency_460,MP_Name_460,Work_459,Roads,06-07-2023,730882
460,Uttar Pradesh,Constituency_461,MP_Name_461,Work_460,Education,20-06-2021,1242284
461,Maharashtra,Constituency_462,MP_Name_462,Work_461,Health,21-06-2023,1406476
462,Delhi,Constituency_463,MP_Name_463,Work_462,Education,06-08-2023,619663
463,Delhi,Constituency_464,MP_Name_464,Work_463,Health,01-04-2022,1734877
464,Maharashtra,Constituency_465,MP_Name_465,Work_464,Electricity,30-12-2022,612918
465,Uttar Pradesh,Constituency_466,MP_Name_466,Work_465,Health,07-06-2023,644700
466,Maharashtra,Constituency_467,MP_Name_467,Work_466,Roads,30-04-2021,1739273
467,Gujarat,Constituency_468,MP_Name_468,Work_467,Electricity,04-10-2021,767630
468,Delhi,Constituency_469,MP_Name_469,Work_468,Drinking Water,24-07-2022,1524033
469,Gujarat,Constituency_470,MP_Name_470,Work_469,Roads,03-11-2022,904008
470,Uttar Pradesh,Constituency_471,MP_Name_471,Work_470,Education,09-04-2021,1169128
471,Karnataka,Constituency_472,MP_Name_472,Work_471,Drinking Water,06-11-2023,1516133
472,Uttar Pradesh,Constituency_473,MP_Name_473,Work_472,Drinking Water,25-09-2021,1758925
473,Karnataka,Constituency_474,MP_Name_474,Work_473,Drinking Water,31-05-2022,1455541
474,Karnataka,Constituency_475,MP_Name_475,Work_474,Health,04-01-2023,1074315
475,Uttar Pradesh,Constituency_476,MP_Name_476,Work_475,Electricity,14-08-2022,736488
476,Maharashtra,Constituency_477,MP_Name_477,Work_476,Health,10-02-2021,604724
477,Uttar Pradesh,Constituency_478,MP_Name_478,Work_477,Drinking Water,10-06-2022,1869642
478,Karnataka,Constituency_479,MP_Name_479,Work_478,Education,01-08-2022,1964149
479,Delhi,Constituency_480,MP_Name_480,Work_479,Drinking Water,17-01-2022,1393184
480,Delhi,Constituency_481,MP_Name_481,Work_480,Health,23-06-2021,900998
481,Delhi,Constituency_482,MP_Name_482,Work_481,Electricity,23-08-2023,740759
482,Uttar Pradesh,Constituency_483,MP_Name_483,Work_482,Sanitation,19-12-2023,779966
483,Gujarat,Constituency_484,MP_Name_484,Work_483,Drinking Water,17-10-2021,1418577
484,Karnataka,Constituency_485,MP_Name_485,Work_484,Health,06-10-2021,767559
485,Karnataka,Constituency_486,MP_Name_486,Work_485,Education,26-05-2021,1013293
486,Karnataka,Constituency_487,MP_Name_487,Work_486,Health,30-03-2022,1607223
487,Karnataka,Constituency_488,MP_Name_488,Work_487,Sanitation,27-12-2023,931347
488,Tamil Nadu,Constituency_489,MP_Name_489,Work_488,Roads,14-08-2023,997531
489,Gujarat,Constituency_490,MP_Name_490,Work_489,Roads,14-04-2023,1237093
490,Maharashtra,Constituency_491,MP_Name_491,Work_490,Electricity,09-08-2022,1511726
491,Delhi,Constituency_492,MP_Name_492,Work_491,Electricity,18-04-2023,1633269
492,Maharashtra,Constituency_493,MP_Name_493,Work_492,Drinking Water,18-09-2023,1793180
493,Delhi,Constituency_494,MP_Name_494,Work_493,Drinking Water,06-05-2023,912186
494,Tamil Nadu,Constituency_495,MP_Name_495,Work_494,Health,16-05-2022,1438345
495,Uttar Pradesh,Constituency_496,MP_Name_496,Work_495,Sanitation,28-10-2022,741310
496,Tamil Nadu,Constituency_497,MP_Name_497,Work_496,Education,23-03-2021,961580
497,Delhi,Constituency_498,MP_Name_498,Work_497,Electricity,10-04-2023,649103
498,Karnataka,Constituency_499,MP_Name_499,Work_498,Drinking Water,18-10-2022,1833996
499,Karnataka,Constituency_500,MP_Name_500,Work_499,Health,01-09-2023,1400064
500,Gujarat,Constituency_501,MP_Name_501,Work_500,Drinking Water,28-03-2023,1469483
501,Uttar Pradesh,Constituency_502,MP_Name_502,Work_501,Sanitation,07-05-2022,1023832
502,Uttar Pradesh,Constituency_503,MP_Name_503,Work_502,Electricity,17-11-2022,587624
503,Gujarat,Constituency_504,MP_Name_504,Work_503,Drinking Water,14-04-2022,885769
504,Gujarat,Constituency_505,MP_Name_505,Work_504,Health,31-07-2022,1542183
505,Gujarat,Constituency_506,MP_Name_506,Work_505,Education,20-12-2022,1106883
506,Karnataka,Constituency_507,MP_Name_507,Work_506,Drinking Water,07-05-2021,1269854
507,Gujarat,Constituency_508,MP_Name_508,Work_507,Sanitation,18-02-2022,636633
508,Karnataka,Constituency_509,MP_Name_509,Work_508,Sanitation,10-04-2023,1363763
509,Gujarat,Constituency_510,MP_Name_510,Work_509,Education,22-09-2023,1613618
510,Tamil Nadu,Constituency_511,MP_Name_511,Work_510,Drinking Water,06-06-2023,1593522
511,Gujarat,Constituency_512,MP_Name_512,Work_511,Drinking Water,20-03-2023,597380
512,Uttar Pradesh,Constituency_513,MP_Name_513,Work_512,Health,02-04-2022,1271234
513,Delhi,Constituency_514,MP_Name_514,Work_513,Electricity,28-07-2021,1144785
514,Maharashtra,Constituency_515,MP_Name_515,Work_514,Education,31-12-2021,567077
515,Tamil Nadu,Constituency_516,MP_Name_516,Work_515,Sanitation,27-12-2023,1418846
516,Delhi,Constituency_517,MP_Name_517,Work_516,Education,21-02-2022,1788845
517,Uttar Pradesh,Constituency_518,MP_Name_518,Work_517,Sanitation,08-07-2021,1151067
518,Gujarat,Constituency_519,MP_Name_519,Work_518,Sanitation,03-01-2021,1245949
519,Delhi,Constituency_520,MP_Name_520,Work_519,Sanitation,30-08-2023,768198
520,Delhi,Constituency_521,MP_Name_521,Work_520,Education,16-09-2021,1164491
521,Maharashtra,Constituency_522,MP_Name_522,Work_521,Sanitation,18-10-2023,1578312
522,Uttar Pradesh,Constituency_523,MP_Name_523,Work_522,Health,30-04-2022,1547404
523,Maharashtra,Constituency_524,MP_Name_524,Work_523,Health,30-10-2021,1687975
524,Karnataka,Constituency_525,MP_Name_525,Work_524,Roads,22-02-2022,871859
525,Delhi,Constituency_526,MP_Name_526,Work_525,Electricity,29-03-2022,1615319
526,Uttar Pradesh,Constituency_527,MP_Name_527,Work_526,Electricity,11-02-2023,699732
527,Uttar Pradesh,Constituency_528,MP_Name_528,Work_527,Health,15-10-2023,822728
528,Karnataka,Constituency_529,MP_Name_529,Work_528,Sanitation,09-09-2021,1255933
529,Maharashtra,Constituency_530,MP_Name_530,Work_529,Electricity,12-11-2023,1538073
530,Maharashtra,Constituency_531,MP_Name_531,Work_530,Sanitation,06-03-2021,1196628
531,Delhi,Constituency_532,MP_Name_532,Work_531,Roads,14-04-2023,1207712
532,Delhi,Constituency_533,MP_Name_533,Work_532,Sanitation,20-03-2022,857935
533,Gujarat,Constituency_534,MP_Name_534,Work_533,Health,18-09-2023,740215
534,Uttar Pradesh,Constituency_535,MP_Name_535,Work_534,Health,25-08-2022,899534
535,Karnataka,Constituency_536,MP_Name_536,Work_535,Education,10-07-2022,1504425
536,Maharashtra,Constituency_537,MP_Name_537,Work_536,Electricity,16-05-2021,1797415
537,Gujarat,Constituency_538,MP_Name_538,Work_537,Roads,01-12-2023,1714695
538,Maharashtra,Constituency_539,MP_Name_539,Work_538,Sanitation,28-04-2022,1178428
539,Gujarat,Constituency_540,MP_Name_540,Work_539,Health,02-04-2023,537596
540,Maharashtra,Constituency_541,MP_Name_541,Work_540,Electricity,12-05-2023,1616772
541,Delhi,Constituency_542,MP_Name_542,Work_541,Health,14-04-2022,818889
542,Uttar Pradesh,Constituency_543,MP_Name_543,Work_542,Roads,20-03-2021,1595635
543,Uttar Pradesh,Constituency_1,MP_Name_1,Work_543,Drinking Water,21-01-2023,560039
544,Gujarat,Constituency_2,MP_Name_2,Work_544,Drinking Water,06-09-2023,765237
545,Karnataka,Constituency_3,MP_Name_3,Work_545,Electricity,07-06-2023,1783995
546,Delhi,Constituency_4,MP_Name_4,Work_546,Sanitation,08-01-2023,1284512
547,Karnataka,Constituency_5,MP_Name_5,Work_547,Sanitation,28-01-2022,1152400
548,Delhi,Constituency_6,MP_Name_6,Work_548,Health,01-01-2024,1797128
549,Maharashtra,Constituency_7,MP_Name_7,Work_549,Electricity,07-07-2021,1795013
550,Uttar Pradesh,Constituency_8,MP_Name_8,Work_550,Electricity,29-07-2022,1698306
551,Tamil Nadu,Constituency_9,MP_Name_9,Work_551,Roads,13-09-2022,1210913
552,Maharashtra,Constituency_10,MP_Name_10,Work_552,Electricity,11-08-2021,715063
553,Maharashtra,Constituency_11,MP_Name_11,Work_553,Sanitation,15-04-2021,629451
554,Maharashtra,Constituency_12,MP_Name_12,Work_554,Electricity,07-12-2023,1552398
555,Gujarat,Constituency_13,MP_Name_13,Work_555,Drinking Water,18-08-2023,1202623
556,Delhi,Constituency_14,MP_Name_14,Work_556,Sanitation,08-03-2022,891320
557,Karnataka,Constituency_15,MP_Name_15,Work_557,Health,02-02-2021,1419432
558,Tamil Nadu,Constituency_16,MP_Name_16,Work_558,Roads,18-09-2023,715852
559,Gujarat,Constituency_17,MP_Name_17,Work_559,Sanitation,25-12-2021,1505701
560,Gujarat,Constituency_18,MP_Name_18,Work_560,Electricity,26-06-2022,587862
561,Maharashtra,Constituency_19,MP_Name_19,Work_561,Health,27-09-2022,1824060
562,Tamil Nadu,Constituency_20,MP_Name_20,Work_562,Health,16-07-2022,1049476
563,Uttar Pradesh,Constituency_21,MP_Name_21,Work_563,Sanitation,28-06-2022,1362569
564,Gujarat,Constituency_22,MP_Name_22,Work_564,Drinking Water,26-04-2023,1236045
565,Tamil Nadu,Constituency_23,MP_Name_23,Work_565,Roads,30-11-2021,766015
566,Karnataka,Constituency_24,MP_Name_24,Work_566,Drinking Water,26-06-2021,1464666
567,Maharashtra,Constituency_25,MP_Name_25,Work_567,Electricity,28-05-2023,1861367
568,Gujarat,Constituency_26,MP_Name_26,Work_568,Roads,23-10-2023,1284562
569,Karnataka,Constituency_27,MP_Name_27,Work_569,Drinking Water,12-05-2022,1548825
570,Gujarat,Constituency_28,MP_Name_28,Work_570,Education,01-02-2022,1272900
571,Delhi,Constituency_29,MP_Name_29,Work_571,Electricity,21-01-2021,633735
572,Maharashtra,Constituency_30,MP_Name_30,Work_572,Electricity,04-07-2021,1397910
573,Delhi,Constituency_31,MP_Name_31,Work_573,Education,17-08-2021,1114071
574,Gujarat,Constituency_32,MP_Name_32,Work_574,Drinking Water,10-04-2021,1381901
575,Maharashtra,Constituency_33,MP_Name_33,Work_575,Education,31-07-2022,1655820
576,Gujarat,Constituency_34,MP_Name_34,Work_576,Drinking Water,20-05-2023,679294
577,Delhi,Constituency_35,MP_Name_35,Work_577,Electricity,15-07-2023,1007079
578,Uttar Pradesh,Constituency_36,MP_Name_36,Work_578,Roads,25-03-2021,755369
579,Gujarat,Constituency_37,MP_Name_37,Work_579,Electricity,06-08-2023,506082
580,Delhi,Constituency_38,MP_Name_38,Work_580,Electricity,18-07-2023,625314
581,Tamil Nadu,Constituency_39,MP_Name_39,Work_581,Sanitation,25-05-2022,1321474
582,Gujarat,Constituency_40,MP_Name_40,Work_582,Education,26-06-2021,1099173
583,Delhi,Constituency_41,MP_Name_41,Work_583,Health,09-03-2022,1171718
584,Uttar Pradesh,Constituency_42,MP_Name_42,Work_584,Health,27-02-2021,1928474
585,Maharashtra,Constituency_43,MP_Name_43,Work_585,Health,05-08-2023,1353236
586,Gujarat,Constituency_44,MP_Name_44,Work_586,Drinking Water,23-11-2022,1838227
587,Gujarat,Constituency_45,MP_Name_45,Work_587,Health,31-10-2021,1888353
588,Maharashtra,Constituency_46,MP_Name_46,Work_588,Education,15-04-2022,1303330
589,Delhi,Constituency_47,MP_Name_47,Work_589,Health,25-07-2022,911887
590,Gujarat,Constituency_48,MP_Name_48,Work_590,Drinking Water,30-09-2022,1542541
591,Uttar Pradesh,Constituency_49,MP_Name_49,Work_591,Drinking Water,09-01-2022,1718829
592,Gujarat,Constituency_50,MP_Name_50,Work_592,Electricity,06-07-2022,1871912
593,Tamil Nadu,Constituency_51,MP_Name_51,Work_593,Roads,02-11-2022,1381206
594,Maharashtra,Constituency_52,MP_Name_52,Work_594,Education,30-04-2021,1418105
595,Uttar Pradesh,Constituency_53,MP_Name_53,Work_595,Sanitation,23-05-2023,1109671
596,Uttar Pradesh,Constituency_54,MP_Name_54,Work_596,Electricity,06-04-2023,968095
597,Tamil Nadu,Constituency_55,MP_Name_55,Work_597,Electricity,24-02-2021,1614576
598,Gujarat,Constituency_56,MP_Name_56,Work_598,Drinking Water,05-05-2021,928862
599,Karnataka,Constituency_57,MP_Name_57,Work_599,Electricity,02-08-2023,1651825
600,Uttar Pradesh,Constituency_58,MP_Name_58,Work_600,Roads,03-01-2022,653694
601,Maharashtra,Constituency_59,MP_Name_59,Work_601,Education,22-06-2023,653273
602,Gujarat,Constituency_60,MP_Name_60,Work_602,Roads,25-11-2023,1919935
603,Tamil Nadu,Constituency_61,MP_Name_61,Work_603,Drinking Water,09-02-2022,962767
604,Delhi,Constituency_62,MP_Name_62,Work_604,Health,23-02-2023,1271842
605,Maharashtra,Constituency_63,MP_Name_63,Work_605,Drinking Water,21-03-2021,1758186
606,Karnataka,Constituency_64,MP_Name_64,Work_606,Health,05-01-2021,1705145
607,Gujarat,Constituency_65,MP_Name_65,Work_607,Health,01-11-2022,869080
608,Gujarat,Constituency_66,MP_Name_66,Work_608,Sanitation,07-07-2023,1314058
609,Delhi,Constituency_67,MP_Name_67,Work_609,Roads,30-09-2021,1515972
610,Karnataka,Constituency_68,MP_Name_68,Work_610,Roads,02-07-2023,851368
611,Delhi,Constituency_69,MP_Name_69,Work_611,Health,22-10-2022,1585113
612,Karnataka,Constituency_70,MP_Name_70,Work_612,Sanitation,06-04-2022,697459
613,Uttar Pradesh,Constituency_71,MP_Name_71,Work_613,Education,27-03-2022,1683064
614,Karnataka,Constituency_72,MP_Name_72,Work_614,Electricity,23-02-2022,1610187
615,Karnataka,Constituency_73,MP_Name_73,Work_615,Electricity,13-03-2023,1415201
616,Maharashtra,Constituency_74,MP_Name_74,Work_616,Electricity,24-06-2021,852424
617,Karnataka,Constituency_75,MP_Name_75,Work_617,Sanitation,02-05-2022,1440862
618,Tamil Nadu,Constituency_76,MP_Name_76,Work_618,Electricity,27-02-2023,792614
619,Maharashtra,Constituency_77,MP_Name_77,Work_619,Drinking Water,09-03-2023,1346663
620,Uttar Pradesh,Constituency_78,MP_Name_78,Work_620,Health,19-04-2022,686065
621,Tamil Nadu,Constituency_79,MP_Name_79,Work_621,Health,06-11-2023,690568
622,Karnataka,Constituency_80,MP_Name_80,Work_622,Electricity,14-10-2023,715713
623,Tamil Nadu,Constituency_81,MP_Name_81,Work_623,Education,18-04-2021,1617771
624,Gujarat,Constituency_82,MP_Name_82,Work_624,Roads,18-03-2021,1572293
625,Uttar Pradesh,Constituency_83,MP_Name_83,Work_625,Health,10-06-2021,787994
626,Karnataka,Constituency_84,MP_Name_84,Work_626,Drinking Water,15-07-2022,767372
627,Tamil Nadu,Constituency_85,MP_Name_85,Work_627,Drinking Water,22-04-2023,1131918
628,Uttar Pradesh,Constituency_86,MP_Name_86,Work_628,Health,12-07-2023,1898659
629,Delhi,Constituency_87,MP_Name_87,Work_629,Roads,11-06-2021,1608615
630,Gujarat,Constituency_88,MP_Name_88,Work_630,Sanitation,09-05-2021,1582009
631,Delhi,Constituency_89,MP_Name_89,Work_631,Health,31-07-2022,652336
632,Gujarat,Constituency_90,MP_Name_90,Work_632,Drinking Water,31-05-2022,1236240
633,Gujarat,Constituency_91,MP_Name_91,Work_633,Sanitation,17-04-2022,584780
634,Karnataka,Constituency_92,MP_Name_92,Work_634,Roads,28-08-2023,1249889
635,Tamil Nadu,Constituency_93,MP_Name_93,Work_635,Education,22-02-2022,608479
636,Uttar Pradesh,Constituency_94,MP_Name_94,Work_636,Education,21-01-2022,1273184
637,Delhi,Constituency_95,MP_Name_95,Work_637,Education,12-02-2022,696544
638,Karnataka,Constituency_96,MP_Name_96,Work_638,Sanitation,12-08-2021,1782153
639,Uttar Pradesh,Constituency_97,MP_Name_97,Work_639,Health,30-11-2023,1916439
640,Karnataka,Constituency_98,MP_Name_98,Work_640,Education,11-08-2023,637053
641,Gujarat,Constituency_99,MP_Name_99,Work_641,Roads,17-06-2021,1671551
642,Tamil Nadu,Constituency_100,MP_Name_100,Work_642,Roads,28-04-2023,1621633
643,Karnataka,Constituency_101,MP_Name_101,Work_643,Sanitation,08-07-2021,1685799
644,Gujarat,Constituency_102,MP_Name_102,Work_644,Electricity,28-12-2023,1276462
645,Karnataka,Constituency_103,MP_Name_103,Work_645,Roads,24-04-2022,977206
646,Maharashtra,Constituency_104,MP_Name_104,Work_646,Sanitation,06-07-2022,643585
647,Delhi,Constituency_105,MP_Name_105,Work_647,Sanitation,08-10-2023,1205576
648,Uttar Pradesh,Constituency_106,MP_Name_106,Work_648,Roads,13-11-2021,1134742
649,Uttar Pradesh,Constituency_107,MP_Name_107,Work_649,Electricity,01-06-2021,884950
650,Maharashtra,Constituency_108,MP_Name_108,Work_650,Sanitation,02-10-2022,1867679
651,Tamil Nadu,Constituency_109,MP_Name_109,Work_651,Roads,29-10-2021,1216539
652,Uttar Pradesh,Constituency_110,MP_Name_110,Work_652,Education,05-07-2022,778586
653,Delhi,Constituency_111,MP_Name_111,Work_653,Health,11-05-2022,1020462
654,Maharashtra,Constituency_112,MP_Name_112,Work_654,Drinking Water,19-09-2023,1960271
655,Gujarat,Constituency_113,MP_Name_113,Work_655,Sanitation,02-01-2023,591765
656,Uttar Pradesh,Constituency_114,MP_Name_114,Work_656,Sanitation,15-01-2021,1797825
657,Maharashtra,Constituency_115,MP_Name_115,Work_657,Electricity,11-04-2022,759912
658,Tamil Nadu,Constituency_116,MP_Name_116,Work_658,Health,18-03-2021,801582
659,Delhi,Constituency_117,MP_Name_117,Work_659,Electricity,02-09-2022,697091
660,Delhi,Constituency_118,MP_Name_118,Work_660,Education,21-03-2023,571553
661,Tamil Nadu,Constituency_119,MP_Name_119,Work_661,Drinking Water,06-03-2022,1680049
662,Uttar Pradesh,Constituency_120,MP_Name_120,Work_662,Drinking Water,19-03-2022,1226889
663,Karnataka,Constituency_121,MP_Name_121,Work_663,Education,15-10-2021,1573271
664,Delhi,Constituency_122,MP_Name_122,Work_664,Drinking Water,17-04-2021,851216
665,Gujarat,Constituency_123,MP_Name_123,Work_665,Electricity,20-12-2021,627415
666,Tamil Nadu,Constituency_124,MP_Name_124,Work_666,Drinking Water,15-12-2023,1251481
667,Uttar Pradesh,Constituency_125,MP_Name_125,Work_667,Health,24-02-2021,1935467
668,Tamil Nadu,Constituency_126,MP_Name_126,Work_668,Health,11-07-2023,647305
669,Maharashtra,Constituency_127,MP_Name_127,Work_669,Roads,28-09-2023,1007943
670,Uttar Pradesh,Constituency_128,MP_Name_128,Work_670,Education,25-01-2021,1081013
671,Gujarat,Constituency_129,MP_Name_129,Work_671,Drinking Water,10-12-2021,680071
672,Karnataka,Constituency_130,MP_Name_130,Work_672,Sanitation,13-02-2021,1432613
673,Gujarat,Constituency_131,MP_Name_131,Work_673,Sanitation,29-06-2023,679321
674,Karnataka,Constituency_132,MP_Name_132,Work_674,Health,17-11-2022,1044902
675,Maharashtra,Constituency_133,MP_Name_133,Work_675,Sanitation,28-04-2023,1093440
676,Gujarat,Constituency_134,MP_Name_134,Work_676,Drinking Water,21-06-2023,1046747
677,Karnataka,Constituency_135,MP_Name_135,Work_677,Sanitation,04-11-2021,1096928
678,Tamil Nadu,Constituency_136,MP_Name_136,Work_678,Health,15-09-2021,1525830
679,Tamil Nadu,Constituency_137,MP_Name_137,Work_679,Electricity,19-10-2023,1880501
680,Maharashtra,Constituency_138,MP_Name_138,Work_680,Electricity,01-03-2021,607402
681,Maharashtra,Constituency_139,MP_Name_139,Work_681,Roads,09-02-2022,536185
682,Karnataka,Constituency_140,MP_Name_140,Work_682,Education,21-01-2023,598877
683,Uttar Pradesh,Constituency_141,MP_Name_141,Work_683,Education,01-10-2022,957070
684,Tamil Nadu,Constituency_142,MP_Name_142,Work_684,Education,30-07-2023,1108349
685,Maharashtra,Constituency_143,MP_Name_143,Work_685,Electricity,04-04-2021,795210
686,Tamil Nadu,Constituency_144,MP_Name_144,Work_686,Drinking Water,24-01-2022,1443662
687,Maharashtra,Constituency_145,MP_Name_145,Work_687,Sanitation,23-04-2022,1443912
688,Maharashtra,Constituency_146,MP_Name_146,Work_688,Roads,29-06-2022,1591415
689,Gujarat,Constituency_147,MP_Name_147,Work_689,Drinking Water,28-03-2021,1408247
690,Gujarat,Constituency_148,MP_Name_148,Work_690,Electricity,09-09-2021,601834
691,Karnataka,Constituency_149,MP_Name_149,Work_691,Education,11-03-2021,631584
692,Delhi,Constituency_150,MP_Name_150,Work_692,Sanitation,15-01-2023,1552629
693,Tamil Nadu,Constituency_151,MP_Name_151,Work_693,Education,27-07-2023,1931749
694,Maharashtra,Constituency_152,MP_Name_152,Work_694,Electricity,06-03-2021,1255438
695,Maharashtra,Constituency_153,MP_Name_153,Work_695,Drinking Water,10-06-2023,1592748
696,Maharashtra,Constituency_154,MP_Name_154,Work_696,Sanitation,06-07-2022,1068724
697,Delhi,Constituency_155,MP_Name_155,Work_697,Sanitation,12-05-2023,1615061
698,Delhi,Constituency_156,MP_Name_156,Work_698,Drinking Water,15-06-2021,1083437
699,Gujarat,Constituency_157,MP_Name_157,Work_699,Drinking Water,10-09-2023,874397
700,Tamil Nadu,Constituency_158,MP_Name_158,Work_700,Health,27-08-2022,1319359
701,Uttar Pradesh,Constituency_159,MP_Name_159,Work_701,Electricity,29-06-2022,640423
702,Karnataka,Constituency_160,MP_Name_160,Work_702,Education,06-08-2022,887617
703,Maharashtra,Constituency_161,MP_Name_161,Work_703,Roads,01-04-2022,682637
704,Uttar Pradesh,Constituency_162,MP_Name_162,Work_704,Health,02-08-2021,1284392
705,Karnataka,Constituency_163,MP_Name_163,Work_705,Health,22-08-2022,1282788
706,Karnataka,Constituency_164,MP_Name_164,Work_706,Health,11-01-2021,626170
707,Karnataka,Constituency_165,MP_Name_165,Work_707,Sanitation,23-06-2021,1602109
708,Tamil Nadu,Constituency_166,MP_Name_166,Work_708,Electricity,25-07-2023,698443
709,Karnataka,Constituency_167,MP_Name_167,Work_709,Sanitation,26-06-2021,639589
710,Delhi,Constituency_168,MP_Name_168,Work_710,Education,06-05-2022,1096249
711,Delhi,Constituency_169,MP_Name_169,Work_711,Education,19-11-2022,744631
712,Uttar Pradesh,Constituency_170,MP_Name_170,Work_712,Sanitation,04-12-2021,807108
713,Karnataka,Constituency_171,MP_Name_171,Work_713,Drinking Water,02-04-2021,784551
714,Delhi,Constituency_172,MP_Name_172,Work_714,Drinking Water,30-07-2021,1722906
715,Maharashtra,Constituency_173,MP_Name_173,Work_715,Drinking Water,15-12-2022,1109295
716,Gujarat,Constituency_174,MP_Name_174,Work_716,Drinking Water,07-09-2023,1417667
717,Karnataka,Constituency_175,MP_Name_175,Work_717,Roads,21-11-2023,1111636
718,Gujarat,Constituency_176,MP_Name_176,Work_718,Sanitation,06-10-2021,1174579
719,Gujarat,Constituency_177,MP_Name_177,Work_719,Roads,17-01-2023,780941
720,Tamil Nadu,Constituency_178,MP_Name_178,Work_720,Health,08-08-2023,1112357
721,Uttar Pradesh,Constituency_179,MP_Name_179,Work_721,Electricity,19-03-2022,1664482
722,Maharashtra,Constituency_180,MP_Name_180,Work_722,Education,01-07-2022,1362069
723,Karnataka,Constituency_181,MP_Name_181,Work_723,Sanitation,17-05-2022,1678128
724,Maharashtra,Constituency_182,MP_Name_182,Work_724,Drinking Water,09-04-2023,1708253
725,Maharashtra,Constituency_183,MP_Name_183,Work_725,Roads,19-08-2021,1494594
726,Tamil Nadu,Constituency_184,MP_Name_184,Work_726,Health,04-02-2023,1643398
727,Delhi,Constituency_185,MP_Name_185,Work_727,Roads,22-12-2023,957893
728,Uttar Pradesh,Constituency_186,MP_Name_186,Work_728,Electricity,26-12-2021,1820415
729,Delhi,Constituency_187,MP_Name_187,Work_729,Sanitation,22-06-2021,1911011
730,Karnataka,Constituency_188,MP_Name_188,Work_730,Drinking Water,23-12-2022,925677
731,Maharashtra,Constituency_189,MP_Name_189,Work_731,Electricity,07-04-2021,1316250
732,Gujarat,Constituency_190,MP_Name_190,Work_732,Electricity,06-02-2022,865743
733,Delhi,Constituency_191,MP_Name_191,Work_733,Electricity,18-04-2022,1405895
734,Karnataka,Constituency_192,MP_Name_192,Work_734,Roads,27-05-2021,568614
735,Delhi,Constituency_193,MP_Name_193,Work_735,Sanitation,05-06-2022,1812253
736,Gujarat,Constituency_194,MP_Name_194,Work_736,Electricity,13-08-2023,1691373
737,Delhi,Constituency_195,MP_Name_195,Work_737,Health,28-10-2021,1324979
738,Uttar Pradesh,Constituency_196,MP_Name_196,Work_738,Health,26-06-2022,1577260
739,Karnataka,Constituency_197,MP_Name_197,Work_739,Education,13-06-2023,895977
740,Tamil Nadu,Constituency_198,MP_Name_198,Work_740,Health,02-09-2021,767970
741,Gujarat,Constituency_199,MP_Name_199,Work_741,Roads,02-03-2022,819981
742,Karnataka,Constituency_200,MP_Name_200,Work_742,Drinking Water,04-07-2021,531726
743,Tamil Nadu,Constituency_201,MP_Name_201,Work_743,Roads,01-11-2021,546131
744,Gujarat,Constituency_202,MP_Name_202,Work_744,Drinking Water,03-02-2021,833352
745,Uttar Pradesh,Constituency_203,MP_Name_203,Work_745,Roads,20-01-2023,1046974
746,Gujarat,Constituency_204,MP_Name_204,Work_746,Roads,19-01-2022,1950420
747,Gujarat,Constituency_205,MP_Name_205,Work_747,Electricity,26-07-2023,531841
748,Gujarat,Constituency_206,MP_Name_206,Work_748,Roads,28-07-2021,1851191
749,Gujarat,Constituency_207,MP_Name_207,Work_749,Roads,24-12-2021,1856455
750,Delhi,Constituency_208,MP_Name_208,Work_750,Roads,17-03-2023,1030634
751,Maharashtra,Constituency_209,MP_Name_209,Work_751,Education,25-11-2023,1989291
752,Maharashtra,Constituency_210,MP_Name_210,Work_752,Health,19-02-2023,755485
753,Karnataka,Constituency_211,MP_Name_211,Work_753,Education,15-08-2023,1156482
754,Maharashtra,Constituency_212,MP_Name_212,Work_754,Education,11-05-2023,1644565
755,Karnataka,Constituency_213,MP_Name_213,Work_755,Health,11-08-2022,1626474
756,Maharashtra,Constituency_214,MP_Name_214,Work_756,Sanitation,09-05-2021,1307544
757,Maharashtra,Constituency_215,MP_Name_215,Work_757,Electricity,04-07-2023,911780
758,Gujarat,Constituency_216,MP_Name_216,Work_758,Drinking Water,20-02-2021,1510713
759,Uttar Pradesh,Constituency_217,MP_Name_217,Work_759,Electricity,27-03-2023,791802
760,Gujarat,Constituency_218,MP_Name_218,Work_760,Health,30-09-2023,1880344
761,Delhi,Constituency_219,MP_Name_219,Work_761,Health,08-07-2021,1051576
762,Gujarat,Constituency_220,MP_Name_220,Work_762,Health,11-02-2022,1642854
763,Gujarat,Constituency_221,MP_Name_221,Work_763,Education,18-07-2023,1256151
764,Uttar Pradesh,Constituency_222,MP_Name_222,Work_764,Electricity,20-07-2023,864376
765,Maharashtra,Constituency_223,MP_Name_223,Work_765,Health,06-12-2023,1268599
766,Maharashtra,Constituency_224,MP_Name_224,Work_766,Education,21-09-2021,629610
767,Delhi,Constituency_225,MP_Name_225,Work_767,Sanitation,17-02-2021,1481896
768,Maharashtra,Constituency_226,MP_Name_226,Work_768,Education,29-12-2023,1267497
769,Tamil Nadu,Constituency_227,MP_Name_227,Work_769,Roads,27-10-2023,1505985
770,Tamil Nadu,Constituency_228,MP_Name_228,Work_770,Sanitation,16-05-2022,532542
771,Uttar Pradesh,Constituency_229,MP_Name_229,Work_771,Electricity,16-09-2022,1959510
772,Tamil Nadu,Constituency_230,MP_Name_230,Work_772,Health,05-10-2023,1128496
773,Delhi,Constituency_231,MP_Name_231,Work_773,Education,08-06-2023,1030354
774,Delhi,Constituency_232,MP_Name_232,Work_774,Roads,07-12-2021,1138540
775,Tamil Nadu,Constituency_233,MP_Name_233,Work_775,Health,10-05-2023,886897
776,Gujarat,Constituency_234,MP_Name_234,Work_776,Electricity,23-06-2021,1108549
777,Maharashtra,Constituency_235,MP_Name_235,Work_777,Drinking Water,10-06-2023,1413575
778,Karnataka,Constituency_236,MP_Name_236,Work_778,Sanitation,26-11-2021,683739
779,Uttar Pradesh,Constituency_237,MP_Name_237,Work_779,Education,01-10-2021,661496
780,Delhi,Constituency_238,MP_Name_238,Work_780,Health,06-06-2021,1131771
781,Delhi,Constituency_239,MP_Name_239,Work_781,Drinking Water,21-08-2022,1859529
782,Gujarat,Constituency_240,MP_Name_240,Work_782,Electricity,17-12-2022,1797479
783,Karnataka,Constituency_241,MP_Name_241,Work_783,Health,05-02-2023,1879471
784,Karnataka,Constituency_242,MP_Name_242,Work_784,Sanitation,19-04-2023,874782
785,Karnataka,Constituency_243,MP_Name_243,Work_785,Roads,17-04-2022,1873594
786,Maharashtra,Constituency_244,MP_Name_244,Work_786,Sanitation,24-02-2021,1840722
787,Gujarat,Constituency_245,MP_Name_245,Work_787,Education,17-05-2021,1095391
788,Uttar Pradesh,Constituency_246,MP_Name_246,Work_788,Drinking Water,14-02-2021,786731
789,Gujarat,Constituency_247,MP_Name_247,Work_789,Electricity,23-04-2022,1098121
790,Uttar Pradesh,Constituency_248,MP_Name_248,Work_790,Electricity,15-12-2022,1924975
791,Maharashtra,Constituency_249,MP_Name_249,Work_791,Sanitation,07-07-2023,1516933
792,Karnataka,Constituency_250,MP_Name_250,Work_792,Sanitation,17-02-2021,1819303
793,Uttar Pradesh,Constituency_251,MP_Name_251,Work_793,Electricity,17-06-2023,1152100
794,Karnataka,Constituency_252,MP_Name_252,Work_794,Roads,07-03-2022,708404
795,Delhi,Constituency_253,MP_Name_253,Work_795,Drinking Water,28-03-2022,1902916
796,Gujarat,Constituency_254,MP_Name_254,Work_796,Sanitation,14-01-2021,827496
797,Tamil Nadu,Constituency_255,MP_Name_255,Work_797,Drinking Water,26-06-2023,1884220
798,Tamil Nadu,Constituency_256,MP_Name_256,Work_798,Electricity,22-12-2023,1243331
799,Karnataka,Constituency_257,MP_Name_257,Work_799,Health,09-03-2021,1829662
800,Gujarat,Constituency_258,MP_Name_258,Work_800,Roads,27-10-2023,1197457
801,Tamil Nadu,Constituency_259,MP_Name_259,Work_801,Education,29-06-2022,1376293
802,Tamil Nadu,Constituency_260,MP_Name_260,Work_802,Health,03-03-2023,1247427
803,Delhi,Constituency_261,MP_Name_261,Work_803,Health,06-10-2021,969225
804,Uttar Pradesh,Constituency_262,MP_Name_262,Work_804,Roads,04-12-2022,1862442
805,Delhi,Constituency_263,MP_Name_263,Work_805,Health,27-05-2021,1633415
806,Uttar Pradesh,Constituency_264,MP_Name_264,Work_806,Health,13-01-2023,1979774
807,Gujarat,Constituency_265,MP_Name_265,Work_807,Electricity,26-10-2021,1688433
808,Tamil Nadu,Constituency_266,MP_Name_266,Work_808,Health,03-05-2022,1574857
809,Maharashtra,Constituency_267,MP_Name_267,Work_809,Education,03-02-2023,725297
810,Maharashtra,Constituency_268,MP_Name_268,Work_810,Sanitation,15-05-2021,1821072
811,Uttar Pradesh,Constituency_269,MP_Name_269,Work_811,Education,25-07-2022,738929
812,Uttar Pradesh,Constituency_270,MP_Name_270,Work_812,Electricity,09-10-2023,860786
813,Uttar Pradesh,Constituency_271,MP_Name_271,Work_813,Electricity,23-02-2021,1338360
814,Delhi,Constituency_272,MP_Name_272,Work_814,Drinking Water,05-09-2022,1568230
815,Delhi,Constituency_273,MP_Name_273,Work_815,Sanitation,17-10-2022,1284518
816,Karnataka,Constituency_274,MP_Name_274,Work_816,Health,08-09-2021,921609
817,Delhi,Constituency_275,MP_Name_275,Work_817,Health,23-05-2023,1476228
818,Karnataka,Constituency_276,MP_Name_276,Work_818,Health,12-07-2022,733970
819,Gujarat,Constituency_277,MP_Name_277,Work_819,Drinking Water,28-08-2022,1052177
820,Uttar Pradesh,Constituency_278,MP_Name_278,Work_820,Electricity,07-02-2023,851351
821,Delhi,Constituency_279,MP_Name_279,Work_821,Electricity,27-11-2021,1576043
822,Delhi,Constituency_280,MP_Name_280,Work_822,Education,28-12-2021,748731
823,Tamil Nadu,Constituency_281,MP_Name_281,Work_823,Electricity,10-09-2021,1589866
824,Tamil Nadu,Constituency_282,MP_Name_282,Work_824,Health,29-07-2022,1865939
825,Tamil Nadu,Constituency_283,MP_Name_283,Work_825,Education,11-07-2023,932080
826,Delhi,Constituency_284,MP_Name_284,Work_826,Health,24-06-2023,1165331
827,Maharashtra,Constituency_285,MP_Name_285,Work_827,Education,30-05-2022,1660113
828,Gujarat,Constituency_286,MP_Name_286,Work_828,Drinking Water,10-12-2021,687332
829,Uttar Pradesh,Constituency_287,MP_Name_287,Work_829,Health,18-10-2022,1067543
830,Tamil Nadu,Constituency_288,MP_Name_288,Work_830,Health,10-11-2021,1948950
831,Delhi,Constituency_289,MP_Name_289,Work_831,Roads,26-04-2021,1972951
832,Gujarat,Constituency_290,MP_Name_290,Work_832,Drinking Water,17-10-2021,526612
833,Tamil Nadu,Constituency_291,MP_Name_291,Work_833,Education,24-01-2022,1759984
834,Uttar Pradesh,Constituency_292,MP_Name_292,Work_834,Education,19-05-2023,1558244
835,Karnataka,Constituency_293,MP_Name_293,Work_835,Health,03-04-2021,1617260
836,Uttar Pradesh,Constituency_294,MP_Name_294,Work_836,Education,16-04-2023,806496
837,Karnataka,Constituency_295,MP_Name_295,Work_837,Education,28-10-2021,1915814
838,Maharashtra,Constituency_296,MP_Name_296,Work_838,Electricity,22-12-2023,1702818
839,Maharashtra,Constituency_297,MP_Name_297,Work_839,Health,10-06-2022,1592064
840,Gujarat,Constituency_298,MP_Name_298,Work_840,Drinking Water,09-06-2022,1925110
841,Maharashtra,Constituency_299,MP_Name_299,Work_841,Electricity,25-02-2021,609287
842,Delhi,Constituency_300,MP_Name_300,Work_842,Education,23-09-2022,911704
843,Delhi,Constituency_301,MP_Name_301,Work_843,Drinking Water,09-11-2023,714826
844,Karnataka,Constituency_302,MP_Name_302,Work_844,Electricity,29-08-2021,1176028
845,Maharashtra,Constituency_303,MP_Name_303,Work_845,Electricity,01-06-2021,1213201
846,Uttar Pradesh,Constituency_304,MP_Name_304,Work_846,Sanitation,06-08-2021,1903688
847,Uttar Pradesh,Constituency_305,MP_Name_305,Work_847,Roads,26-12-2022,1643079
848,Tamil Nadu,Constituency_306,MP_Name_306,Work_848,Health,06-01-2023,1190226
849,Tamil Nadu,Constituency_307,MP_Name_307,Work_849,Health,31-08-2022,774716
850,Delhi,Constituency_308,MP_Name_308,Work_850,Drinking Water,04-12-2022,1578474
851,Gujarat,Constituency_309,MP_Name_309,Work_851,Roads,16-10-2023,1157762
852,Gujarat,Constituency_310,MP_Name_310,Work_852,Sanitation,09-04-2022,584739
853,Uttar Pradesh,Constituency_311,MP_Name_311,Work_853,Roads,23-11-2022,1091950
854,Gujarat,Constituency_312,MP_Name_312,Work_854,Electricity,31-03-2022,932328
855,Maharashtra,Constituency_313,MP_Name_313,Work_855,Drinking Water,23-12-2021,1448507
856,Karnataka,Constituency_314,MP_Name_314,Work_856,Education,22-04-2022,1859522
857,Gujarat,Constituency_315,MP_Name_315,Work_857,Roads,08-06-2022,830743
858,Tamil Nadu,Constituency_316,MP_Name_316,Work_858,Roads,20-09-2021,1520646
859,Delhi,Constituency_317,MP_Name_317,Work_859,Health,24-07-2022,1408600
860,Gujarat,Constituency_318,MP_Name_318,Work_860,Education,11-10-2021,1323152
861,Delhi,Constituency_319,MP_Name_319,Work_861,Electricity,07-05-2023,580086
862,Gujarat,Constituency_320,MP_Name_320,Work_862,Drinking Water,10-02-2021,1392705
863,Karnataka,Constituency_321,MP_Name_321,Work_863,Electricity,12-09-2021,1542119
864,Karnataka,Constituency_322,MP_Name_322,Work_864,Drinking Water,06-08-2022,1936316
865,Karnataka,Constituency_323,MP_Name_323,Work_865,Education,26-12-2023,662539
866,Gujarat,Constituency_324,MP_Name_324,Work_866,Health,16-06-2021,1330466
867,Tamil Nadu,Constituency_325,MP_Name_325,Work_867,Education,14-05-2021,618664
868,Delhi,Constituency_326,MP_Name_326,Work_868,Drinking Water,14-11-2021,1933901
869,Uttar Pradesh,Constituency_327,MP_Name_327,Work_869,Roads,02-08-2023,1639401
870,Maharashtra,Constituency_328,MP_Name_328,Work_870,Education,08-07-2023,1689225
871,Uttar Pradesh,Constituency_329,MP_Name_329,Work_871,Education,22-02-2022,1244291
872,Karnataka,Constituency_330,MP_Name_330,Work_872,Roads,08-12-2022,1859160
873,Maharashtra,Constituency_331,MP_Name_331,Work_873,Education,21-09-2023,1593041
874,Maharashtra,Constituency_332,MP_Name_332,Work_874,Sanitation,04-08-2023,1151825
875,Gujarat,Constituency_333,MP_Name_333,Work_875,Health,21-10-2022,1445321
876,Karnataka,Constituency_334,MP_Name_334,Work_876,Sanitation,17-04-2022,844246
877,Karnataka,Constituency_335,MP_Name_335,Work_877,Health,12-08-2022,1670199
878,Tamil Nadu,Constituency_336,MP_Name_336,Work_878,Sanitation,28-12-2021,549781
879,Karnataka,Constituency_337,MP_Name_337,Work_879,Electricity,16-12-2023,1836211
880,Delhi,Constituency_338,MP_Name_338,Work_880,Education,10-01-2021,1714176
881,Uttar Pradesh,Constituency_339,MP_Name_339,Work_881,Electricity,08-06-2021,1319460
882,Maharashtra,Constituency_340,MP_Name_340,Work_882,Electricity,09-11-2021,1843647
883,Gujarat,Constituency_341,MP_Name_341,Work_883,Drinking Water,28-05-2022,1395984
884,Uttar Pradesh,Constituency_342,MP_Name_342,Work_884,Drinking Water,12-02-2021,1494638
885,Delhi,Constituency_343,MP_Name_343,Work_885,Roads,05-06-2021,732061
886,Delhi,Constituency_344,MP_Name_344,Work_886,Sanitation,21-09-2022,1821254
887,Karnataka,Constituency_345,MP_Name_345,Work_887,Drinking Water,02-05-2022,1900509
888,Gujarat,Constituency_346,MP_Name_346,Work_888,Electricity,07-04-2022,1071561
889,Tamil Nadu,Constituency_347,MP_Name_347,Work_889,Roads,20-09-2023,1205802
890,Gujarat,Constituency_348,MP_Name_348,Work_890,Electricity,02-09-2023,1702864
891,Uttar Pradesh,Constituency_349,MP_Name_349,Work_891,Education,05-10-2023,1257330
892,Karnataka,Constituency_350,MP_Name_350,Work_892,Health,27-05-2021,1401974
893,Karnataka,Constituency_351,MP_Name_351,Work_893,Sanitation,30-03-2021,1858024
894,Maharashtra,Constituency_352,MP_Name_352,Work_894,Electricity,27-05-2021,1848812
895,Maharashtra,Constituency_353,MP_Name_353,Work_895,Education,21-07-2022,736049
896,Maharashtra,Constituency_354,MP_Name_354,Work_896,Drinking Water,21-06-2021,876355
897,Uttar Pradesh,Constituency_355,MP_Name_355,Work_897,Sanitation,26-05-2022,907492
898,Maharashtra,Constituency_356,MP_Name_356,Work_898,Health,12-11-2021,1515204
899,Karnataka,Constituency_357,MP_Name_357,Work_899,Drinking Water,01-05-2021,810104
900,Karnataka,Constituency_358,MP_Name_358,Work_900,Health,28-09-2022,1814876
901,Gujarat,Constituency_359,MP_Name_359,Work_901,Electricity,25-03-2023,1726633
902,Uttar Pradesh,Constituency_360,MP_Name_360,Work_902,Drinking Water,17-12-2023,1710918
903,Karnataka,Constituency_361,MP_Name_361,Work_903,Education,28-05-2021,625509
904,Uttar Pradesh,Constituency_362,MP_Name_362,Work_904,Sanitation,28-02-2022,568539
905,Tamil Nadu,Constituency_363,MP_Name_363,Work_905,Health,03-04-2022,876748
906,Gujarat,Constituency_364,MP_Name_364,Work_906,Electricity,05-02-2023,734475
907,Uttar Pradesh,Constituency_365,MP_Name_365,Work_907,Education,14-06-2021,567470
908,Karnataka,Constituency_366,MP_Name_366,Work_908,Roads,21-08-2022,1216135
909,Karnataka,Constituency_367,MP_Name_367,Work_909,Sanitation,13-09-2023,663234
910,Delhi,Constituency_368,MP_Name_368,Work_910,Education,25-02-2021,1482467
911,Maharashtra,Constituency_369,MP_Name_369,Work_911,Drinking Water,21-12-2022,1240306
912,Maharashtra,Constituency_370,MP_Name_370,Work_912,Health,05-03-2021,1465389
913,Maharashtra,Constituency_371,MP_Name_371,Work_913,Electricity,08-11-2023,525678
914,Delhi,Constituency_372,MP_Name_372,Work_914,Education,26-12-2023,1279662
915,Delhi,Constituency_373,MP_Name_373,Work_915,Education,09-05-2021,1218365
916,Delhi,Constituency_374,MP_Name_374,Work_916,Drinking Water,26-09-2022,1506832
917,Delhi,Constituency_375,MP_Name_375,Work_917,Education,20-02-2021,1002142
918,Delhi,Constituency_376,MP_Name_376,Work_918,Health,10-07-2023,1770801
919,Uttar Pradesh,Constituency_377,MP_Name_377,Work_919,Electricity,17-09-2021,878084
920,Maharashtra,Constituency_378,MP_Name_378,Work_920,Health,25-06-2021,1240570
921,Uttar Pradesh,Constituency_379,MP_Name_379,Work_921,Electricity,09-08-2022,783103
922,Maharashtra,Constituency_380,MP_Name_380,Work_922,Electricity,09-08-2021,1019243
923,Gujarat,Constituency_381,MP_Name_381,Work_923,Sanitation,12-05-2023,825209
924,Tamil Nadu,Constituency_382,MP_Name_382,Work_924,Electricity,06-04-2022,1151785
925,Delhi,Constituency_383,MP_Name_383,Work_925,Roads,01-09-2021,821173
926,Delhi,Constituency_384,MP_Name_384,Work_926,Sanitation,07-07-2023,1813532
927,Uttar Pradesh,Constituency_385,MP_Name_385,Work_927,Drinking Water,25-06-2023,786956
928,Karnataka,Constituency_386,MP_Name_386,Work_928,Electricity,10-06-2023,1176171
929,Gujarat,Constituency_387,MP_Name_387,Work_929,Electricity,09-08-2023,533795
930,Tamil Nadu,Constituency_388,MP_Name_388,Work_930,Education,25-08-2023,1835379
931,Maharashtra,Constituency_389,MP_Name_389,Work_931,Electricity,20-06-2023,1072466
932,Maharashtra,Constituency_390,MP_Name_390,Work_932,Roads,04-09-2022,1540831
933,Tamil Nadu,Constituency_391,MP_Name_391,Work_933,Drinking Water,09-12-2021,674170
934,Uttar Pradesh,Constituency_392,MP_Name_392,Work_934,Drinking Water,26-12-2021,766117
935,Karnataka,Constituency_393,MP_Name_393,Work_935,Roads,17-09-2023,1744291
936,Gujarat,Constituency_394,MP_Name_394,Work_936,Sanitation,19-05-2021,957203
937,Tamil Nadu,Constituency_395,MP_Name_395,Work_937,Drinking Water,22-07-2021,1214567
938,Uttar Pradesh,Constituency_396,MP_Name_396,Work_938,Electricity,16-09-2021,1598234
939,Uttar Pradesh,Constituency_397,MP_Name_397,Work_939,Drinking Water,15-04-2022,1011309
940,Maharashtra,Constituency_398,MP_Name_398,Work_940,Health,11-05-2023,1439412
941,Uttar Pradesh,Constituency_399,MP_Name_399,Work_941,Health,06-06-2022,765668
942,Gujarat,Constituency_400,MP_Name_400,Work_942,Education,15-05-2023,1490431
943,Uttar Pradesh,Constituency_401,MP_Name_401,Work_943,Roads,23-10-2022,1034387
944,Gujarat,Constituency_402,MP_Name_402,Work_944,Electricity,24-08-2022,1337488
945,Gujarat,Constituency_403,MP_Name_403,Work_945,Health,30-03-2023,688491
946,Tamil Nadu,Constituency_404,MP_Name_404,Work_946,Roads,05-05-2023,1871511
947,Karnataka,Constituency_405,MP_Name_405,Work_947,Education,09-03-2021,670724
948,Uttar Pradesh,Constituency_406,MP_Name_406,Work_948,Drinking Water,01-01-2023,561957
949,Maharashtra,Constituency_407,MP_Name_407,Work_949,Electricity,23-05-2021,1270003
950,Tamil Nadu,Constituency_408,MP_Name_408,Work_950,Health,26-02-2021,1703403
951,Tamil Nadu,Constituency_409,MP_Name_409,Work_951,Health,14-11-2021,1653462
952,Gujarat,Constituency_410,MP_Name_410,Work_952,Roads,07-02-2021,757560
953,Gujarat,Constituency_411,MP_Name_411,Work_953,Drinking Water,07-06-2021,1759775
954,Delhi,Constituency_412,MP_Name_412,Work_954,Drinking Water,03-08-2022,1421086
955,Tamil Nadu,Constituency_413,MP_Name_413,Work_955,Health,18-04-2023,1731716
956,Gujarat,Constituency_414,MP_Name_414,Work_956,Education,13-12-2022,1097482
957,Gujarat,Constituency_415,MP_Name_415,Work_957,Sanitation,12-08-2023,1918934
958,Tamil Nadu,Constituency_416,MP_Name_416,Work_958,Drinking Water,09-01-2022,1198448
959,Tamil Nadu,Constituency_417,MP_Name_417,Work_959,Education,16-11-2023,1495478
960,Delhi,Constituency_418,MP_Name_418,Work_960,Drinking Water,27-03-2021,1583217
961,Delhi,Constituency_419,MP_Name_419,Work_961,Education,26-04-2021,1268774
962,Tamil Nadu,Constituency_420,MP_Name_420,Work_962,Roads,31-01-2021,816239
963,Delhi,Constituency_421,MP_Name_421,Work_963,Education,08-01-2021,1386222
964,Maharashtra,Constituency_422,MP_Name_422,Work_964,Education,27-08-2021,1872180
965,Karnataka,Constituency_423,MP_Name_423,Work_965,Drinking Water,20-09-2021,978494
966,Maharashtra,Constituency_424,MP_Name_424,Work_966,Electricity,14-08-2023,1975720
967,Maharashtra,Constituency_425,MP_Name_425,Work_967,Drinking Water,12-11-2021,1414697
968,Maharashtra,Constituency_426,MP_Name_426,Work_968,Sanitation,26-05-2021,1574895
969,Delhi,Constituency_427,MP_Name_427,Work_969,Health,07-02-2023,639933
970,Delhi,Constituency_428,MP_Name_428,Work_970,Drinking Water,01-07-2023,1778923
971,Tamil Nadu,Constituency_429,MP_Name_429,Work_971,Drinking Water,13-01-2023,852065
972,Delhi,Constituency_430,MP_Name_430,Work_972,Electricity,18-12-2021,1727905
973,Uttar Pradesh,Constituency_431,MP_Name_431,Work_973,Electricity,04-06-2023,582289
974,Delhi,Constituency_432,MP_Name_432,Work_974,Electricity,23-03-2022,1267482
975,Uttar Pradesh,Constituency_433,MP_Name_433,Work_975,Health,24-05-2021,802711
976,Karnataka,Constituency_434,MP_Name_434,Work_976,Education,30-04-2023,642332
977,Uttar Pradesh,Constituency_435,MP_Name_435,Work_977,Electricity,30-07-2021,1867197
978,Karnataka,Constituency_436,MP_Name_436,Work_978,Sanitation,25-01-2021,1193313
979,Tamil Nadu,Constituency_437,MP_Name_437,Work_979,Education,29-12-2021,1111899
980,Delhi,Constituency_438,MP_Name_438,Work_980,Roads,17-12-2023,1351645
981,Gujarat,Constituency_439,MP_Name_439,Work_981,Roads,06-10-2023,1653519
982,Karnataka,Constituency_440,MP_Name_440,Work_982,Electricity,15-03-2022,1726855
983,Delhi,Constituency_441,MP_Name_441,Work_983,Sanitation,30-08-2023,1890060
984,Delhi,Constituency_442,MP_Name_442,Work_984,Drinking Water,20-12-2021,1362423
985,Delhi,Constituency_443,MP_Name_443,Work_985,Sanitation,22-09-2022,1327379
986,Maharashtra,Constituency_444,MP_Name_444,Work_986,Sanitation,12-12-2022,1687469
987,Uttar Pradesh,Constituency_445,MP_Name_445,Work_987,Electricity,27-02-2021,879776
988,Karnataka,Constituency_446,MP_Name_446,Work_988,Sanitation,31-07-2022,1484094
989,Karnataka,Constituency_447,MP_Name_447,Work_989,Sanitation,04-01-2021,1563675
990,Karnataka,Constituency_448,MP_Name_448,Work_990,Roads,16-08-2021,1533701
991,Delhi,Constituency_449,MP_Name_449,Work_991,Sanitation,10-07-2021,1459566
992,Tamil Nadu,Constituency_450,MP_Name_450,Work_992,Electricity,12-01-2022,1132667
993,Karnataka,Constituency_451,MP_Name_451,Work_993,Health,11-05-2023,645619
994,Tamil Nadu,Constituency_452,MP_Name_452,Work_994,Electricity,06-10-2023,1456052
995,Uttar Pradesh,Constituency_453,MP_Name_453,Work_995,Roads,26-10-2021,1830279
996,Maharashtra,Constituency_454,MP_Name_454,Work_996,Electricity,29-08-2021,618300
997,Maharashtra,Constituency_455,MP_Name_455,Work_997,Education,25-10-2022,1038490
998,Tamil Nadu,Constituency_456,MP_Name_456,Work_998,Sanitation,01-12-2021,990175
999,Maharashtra,Constituency_457,MP_Name_457,Work_999,Roads,22-11-2023,1342558
1000,Karnataka,Constituency_458,MP_Name_458,Work_1000,Drinking Water,10-03-2022,904221
1001,Tamil Nadu,Constituency_459,MP_Name_459,Work_1001,Drinking Water,07-08-2022,1616362
1002,Karnataka,Constituency_460,MP_Name_460,Work_1002,Sanitation,09-05-2023,912453
1003,Gujarat,Constituency_461,MP_Name_461,Work_1003,Electricity,17-01-2023,1527961
1004,Uttar Pradesh,Constituency_462,MP_Name_462,Work_1004,Drinking Water,21-11-2021,603116
1005,Tamil Nadu,Constituency_463,MP_Name_463,Work_1005,Electricity,21-10-2022,1836228
1006,Maharashtra,Constituency_464,MP_Name_464,Work_1006,Sanitation,02-01-2021,801397
1007,Maharashtra,Constituency_465,MP_Name_465,Work_1007,Electricity,23-10-2022,1473980
1008,Gujarat,Constituency_466,MP_Name_466,Work_1008,Electricity,28-06-2023,1251449
1009,Maharashtra,Constituency_467,MP_Name_467,Work_1009,Health,14-12-2022,564997
1010,Tamil Nadu,Constituency_468,MP_Name_468,Work_1010,Electricity,27-07-2022,1634524
1011,Tamil Nadu,Constituency_469,MP_Name_469,Work_1011,Roads,11-08-2021,1297912
1012,Uttar Pradesh,Constituency_470,MP_Name_470,Work_1012,Education,03-09-2021,790182
1013,Karnataka,Constituency_471,MP_Name_471,Work_1013,Roads,20-11-2023,1305908
1014,Delhi,Constituency_472,MP_Name_472,Work_1014,Health,02-02-2023,1677403
1015,Gujarat,Constituency_473,MP_Name_473,Work_1015,Electricity,29-09-2021,1279500
1016,Karnataka,Constituency_474,MP_Name_474,Work_1016,Sanitation,31-01-2021,1010413
1017,Tamil Nadu,Constituency_475,MP_Name_475,Work_1017,Sanitation,26-12-2021,1081216
1018,Uttar Pradesh,Constituency_476,MP_Name_476,Work_1018,Sanitation,16-08-2021,1319346
1019,Uttar Pradesh,Constituency_477,MP_Name_477,Work_1019,Health,25-12-2023,1195474
1020,Maharashtra,Constituency_478,MP_Name_478,Work_1020,Drinking Water,17-07-2022,990108
1021,Gujarat,Constituency_479,MP_Name_479,Work_1021,Electricity,17-10-2022,803272
1022,Delhi,Constituency_480,MP_Name_480,Work_1022,Education,19-08-2022,1102471
1023,Delhi,Constituency_481,MP_Name_481,Work_1023,Health,27-01-2023,892892
1024,Maharashtra,Constituency_482,MP_Name_482,Work_1024,Electricity,27-03-2023,685012
1025,Uttar Pradesh,Constituency_483,MP_Name_483,Work_1025,Sanitation,29-01-2022,598517
1026,Gujarat,Constituency_484,MP_Name_484,Work_1026,Electricity,19-03-2021,1708474
1027,Karnataka,Constituency_485,MP_Name_485,Work_1027,Health,10-04-2021,975237
1028,Karnataka,Constituency_486,MP_Name_486,Work_1028,Roads,16-09-2023,536481
1029,Maharashtra,Constituency_487,MP_Name_487,Work_1029,Education,05-08-2023,1800419
1030,Delhi,Constituency_488,MP_Name_488,Work_1030,Drinking Water,08-06-2023,761362
1031,Tamil Nadu,Constituency_489,MP_Name_489,Work_1031,Health,13-05-2022,1962210
1032,Tamil Nadu,Constituency_490,MP_Name_490,Work_1032,Sanitation,04-08-2022,1241020
1033,Maharashtra,Constituency_491,MP_Name_491,Work_1033,Drinking Water,09-03-2022,536742
1034,Delhi,Constituency_492,MP_Name_492,Work_1034,Drinking Water,17-02-2022,626836
1035,Delhi,Constituency_493,MP_Name_493,Work_1035,Health,19-12-2021,1329687
1036,Uttar Pradesh,Constituency_494,MP_Name_494,Work_1036,Health,20-11-2023,1934170
1037,Gujarat,Constituency_495,MP_Name_495,Work_1037,Health,06-09-2021,1098799
1038,Delhi,Constituency_496,MP_Name_496,Work_1038,Roads,09-02-2023,778417
1039,Delhi,Constituency_497,MP_Name_497,Work_1039,Roads,21-11-2021,1043866
1040,Tamil Nadu,Constituency_498,MP_Name_498,Work_1040,Health,10-07-2023,1621652
1041,Gujarat,Constituency_499,MP_Name_499,Work_1041,Health,18-01-2022,1363805
1042,Gujarat,Constituency_500,MP_Name_500,Work_1042,Drinking Water,23-02-2023,903728
1043,Maharashtra,Constituency_501,MP_Name_501,Work_1043,Roads,01-07-2021,1167195
1044,Gujarat,Constituency_502,MP_Name_502,Work_1044,Drinking Water,23-01-2021,770448
1045,Tamil Nadu,Constituency_503,MP_Name_503,Work_1045,Roads,24-02-2021,1874867
1046,Uttar Pradesh,Constituency_504,MP_Name_504,Work_1046,Sanitation,22-07-2021,1678169
1047,Tamil Nadu,Constituency_505,MP_Name_505,Work_1047,Electricity,15-02-2021,1680013
1048,Tamil Nadu,Constituency_506,MP_Name_506,Work_1048,Education,25-02-2023,1444318
1049,Gujarat,Constituency_507,MP_Name_507,Work_1049,Health,01-07-2021,1573454
1050,Maharashtra,Constituency_508,MP_Name_508,Work_1050,Electricity,27-04-2022,884417
1051,Uttar Pradesh,Constituency_509,MP_Name_509,Work_1051,Drinking Water,29-07-2023,1940681
1052,Maharashtra,Constituency_510,MP_Name_510,Work_1052,Drinking Water,20-12-2021,730167
1053,Uttar Pradesh,Constituency_511,MP_Name_511,Work_1053,Electricity,20-06-2021,1275806
1054,Uttar Pradesh,Constituency_512,MP_Name_512,Work_1054,Sanitation,24-09-2022,1689166
1055,Karnataka,Constituency_513,MP_Name_513,Work_1055,Drinking Water,07-08-2022,1007029
1056,Delhi,Constituency_514,MP_Name_514,Work_1056,Sanitation,14-06-2022,1610205
1057,Gujarat,Constituency_515,MP_Name_515,Work_1057,Education,13-04-2021,723514
1058,Tamil Nadu,Constituency_516,MP_Name_516,Work_1058,Drinking Water,21-03-2022,1489110
1059,Gujarat,Constituency_517,MP_Name_517,Work_1059,Roads,30-04-2022,1527033
1060,Karnataka,Constituency_518,MP_Name_518,Work_1060,Drinking Water,04-10-2023,907174
1061,Karnataka,Constituency_519,MP_Name_519,Work_1061,Education,05-12-2022,516838
1062,Gujarat,Constituency_520,MP_Name_520,Work_1062,Roads,30-11-2022,1023553
1063,Gujarat,Constituency_521,MP_Name_521,Work_1063,Electricity,10-07-2022,1966798
1064,Uttar Pradesh,Constituency_522,MP_Name_522,Work_1064,Electricity,07-12-2022,1061454
1065,Maharashtra,Constituency_523,MP_Name_523,Work_1065,Education,09-10-2023,1917760
1066,Uttar Pradesh,Constituency_524,MP_Name_524,Work_1066,Electricity,11-02-2021,781611
1067,Tamil Nadu,Constituency_525,MP_Name_525,Work_1067,Education,05-12-2021,1723353
1068,Karnataka,Constituency_526,MP_Name_526,Work_1068,Education,15-02-2023,1042701
1069,Tamil Nadu,Constituency_527,MP_Name_527,Work_1069,Education,02-04-2023,789463
1070,Delhi,Constituency_528,MP_Name_528,Work_1070,Health,15-05-2022,1120862
1071,Delhi,Constituency_529,MP_Name_529,Work_1071,Drinking Water,22-07-2023,835306
1072,Tamil Nadu,Constituency_530,MP_Name_530,Work_1072,Drinking Water,27-03-2023,1838004
1073,Delhi,Constituency_531,MP_Name_531,Work_1073,Drinking Water,23-10-2022,1372757
1074,Karnataka,Constituency_532,MP_Name_532,Work_1074,Education,20-04-2022,1332077
1075,Tamil Nadu,Constituency_533,MP_Name_533,Work_1075,Drinking Water,23-01-2021,671591
1076,Gujarat,Constituency_534,MP_Name_534,Work_1076,Health,09-11-2022,1350588
1077,Delhi,Constituency_535,MP_Name_535,Work_1077,Sanitation,27-08-2022,823498
1078,Uttar Pradesh,Constituency_536,MP_Name_536,Work_1078,Health,03-12-2022,1440810
1079,Delhi,Constituency_537,MP_Name_537,Work_1079,Roads,24-11-2022,1577295
1080,Gujarat,Constituency_538,MP_Name_538,Work_1080,Electricity,29-04-2021,1648988
1081,Karnataka,Constituency_539,MP_Name_539,Work_1081,Drinking Water,18-07-2022,987003
1082,Maharashtra,Constituency_540,MP_Name_540,Work_1082,Education,29-10-2023,1875411
1083,Karnataka,Constituency_541,MP_Name_541,Work_1083,Drinking Water,27-08-2022,1537637
1084,Uttar Pradesh,Constituency_542,MP_Name_542,Work_1084,Roads,01-11-2021,1496674
1085,Gujarat,Constituency_543,MP_Name_543,Work_1085,Education,24-06-2021,1638273
1086,Tamil Nadu,Constituency_1,MP_Name_1,Work_1086,Roads,26-01-2021,877603
1087,Maharashtra,Constituency_2,MP_Name_2,Work_1087,Roads,16-06-2023,1304731
1088,Uttar Pradesh,Constituency_3,MP_Name_3,Work_1088,Sanitation,14-04-2023,1117298
1089,Tamil Nadu,Constituency_4,MP_Name_4,Work_1089,Electricity,15-04-2023,1951451
1090,Karnataka,Constituency_5,MP_Name_5,Work_1090,Education,30-06-2022,1060876
1091,Delhi,Constituency_6,MP_Name_6,Work_1091,Roads,12-11-2021,522917
1092,Gujarat,Constituency_7,MP_Name_7,Work_1092,Education,18-07-2022,1874795
1093,Karnataka,Constituency_8,MP_Name_8,Work_1093,Electricity,12-08-2022,1087652
1094,Gujarat,Constituency_9,MP_Name_9,Work_1094,Drinking Water,23-04-2023,1043079
1095,Delhi,Constituency_10,MP_Name_10,Work_1095,Sanitation,30-06-2021,730743
1096,Karnataka,Constituency_11,MP_Name_11,Work_1096,Roads,10-10-2021,839902
1097,Gujarat,Constituency_12,MP_Name_12,Work_1097,Sanitation,29-01-2023,584728
1098,Tamil Nadu,Constituency_13,MP_Name_13,Work_1098,Sanitation,14-04-2023,1103230
1099,Uttar Pradesh,Constituency_14,MP_Name_14,Work_1099,Sanitation,07-07-2021,841785
1100,Delhi,Constituency_15,MP_Name_15,Work_1100,Health,29-11-2022,1358382
1101,Delhi,Constituency_16,MP_Name_16,Work_1101,Electricity,26-10-2023,1484078
1102,Gujarat,Constituency_17,MP_Name_17,Work_1102,Drinking Water,12-11-2022,897285
1103,Karnataka,Constituency_18,MP_Name_18,Work_1103,Drinking Water,28-10-2021,1133057
1104,Delhi,Constituency_19,MP_Name_19,Work_1104,Roads,20-02-2022,1685286
1105,Gujarat,Constituency_20,MP_Name_20,Work_1105,Health,22-03-2023,830048
1106,Delhi,Constituency_21,MP_Name_21,Work_1106,Sanitation,07-05-2022,804432
1107,Delhi,Constituency_22,MP_Name_22,Work_1107,Drinking Water,22-01-2023,1565700
1108,Uttar Pradesh,Constituency_23,MP_Name_23,Work_1108,Health,18-12-2022,803402
1109,Delhi,Constituency_24,MP_Name_24,Work_1109,Sanitation,20-11-2023,704020
1110,Gujarat,Constituency_25,MP_Name_25,Work_1110,Electricity,31-03-2022,659610
1111,Maharashtra,Constituency_26,MP_Name_26,Work_1111,Drinking Water,16-06-2021,1927106
1112,Uttar Pradesh,Constituency_27,MP_Name_27,Work_1112,Drinking Water,06-03-2023,1247415
1113,Tamil Nadu,Constituency_28,MP_Name_28,Work_1113,Electricity,25-02-2021,1506990
1114,Delhi,Constituency_29,MP_Name_29,Work_1114,Electricity,20-01-2022,1550683
1115,Maharashtra,Constituency_30,MP_Name_30,Work_1115,Drinking Water,18-11-2023,1589660
1116,Gujarat,Constituency_31,MP_Name_31,Work_1116,Education,24-11-2022,1234861
1117,Gujarat,Constituency_32,MP_Name_32,Work_1117,Education,22-10-2022,1415964
1118,Karnataka,Constituency_33,MP_Name_33,Work_1118,Education,03-02-2021,1805346
1119,Gujarat,Constituency_34,MP_Name_34,Work_1119,Sanitation,03-06-2023,1135994
1120,Gujarat,Constituency_35,MP_Name_35,Work_1120,Education,12-05-2022,688504
1121,Gujarat,Constituency_36,MP_Name_36,Work_1121,Health,19-12-2022,1349530
1122,Gujarat,Constituency_37,MP_Name_37,Work_1122,Drinking Water,08-08-2021,750809
1123,Karnataka,Constituency_38,MP_Name_38,Work_1123,Health,06-04-2023,1097543
1124,Tamil Nadu,Constituency_39,MP_Name_39,Work_1124,Drinking Water,16-03-2023,1160273
1125,Uttar Pradesh,Constituency_40,MP_Name_40,Work_1125,Education,24-01-2021,1329426
1126,Karnataka,Constituency_41,MP_Name_41,Work_1126,Electricity,16-05-2023,664209
1127,Maharashtra,Constituency_42,MP_Name_42,Work_1127,Health,18-08-2023,780518
1128,Karnataka,Constituency_43,MP_Name_43,Work_1128,Drinking Water,22-10-2022,1053028
1129,Delhi,Constituency_44,MP_Name_44,Work_1129,Drinking Water,26-09-2022,1008177
1130,Delhi,Constituency_45,MP_Name_45,Work_1130,Electricity,04-07-2021,1957224
1131,Gujarat,Constituency_46,MP_Name_46,Work_1131,Electricity,20-09-2021,1594971
1132,Maharashtra,Constituency_47,MP_Name_47,Work_1132,Education,06-11-2022,962556
1133,Delhi,Constituency_48,MP_Name_48,Work_1133,Health,04-02-2021,713120
1134,Tamil Nadu,Constituency_49,MP_Name_49,Work_1134,Health,20-10-2022,1654458
1135,Maharashtra,Constituency_50,MP_Name_50,Work_1135,Sanitation,18-02-2022,1260292
1136,Maharashtra,Constituency_51,MP_Name_51,Work_1136,Roads,22-03-2023,1502815
1137,Delhi,Constituency_52,MP_Name_52,Work_1137,Roads,12-07-2021,1205465
1138,Maharashtra,Constituency_53,MP_Name_53,Work_1138,Roads,10-06-2023,1097432
1139,Uttar Pradesh,Constituency_54,MP_Name_54,Work_1139,Health,23-05-2021,1404529
1140,Uttar Pradesh,Constituency_55,MP_Name_55,Work_1140,Sanitation,14-02-2022,863513
1141,Maharashtra,Constituency_56,MP_Name_56,Work_1141,Education,03-05-2023,1806148
1142,Gujarat,Constituency_57,MP_Name_57,Work_1142,Roads,13-11-2022,1090457
1143,Gujarat,Constituency_58,MP_Name_58,Work_1143,Roads,28-04-2022,663922
1144,Tamil Nadu,Constituency_59,MP_Name_59,Work_1144,Roads,01-03-2022,1028909
1145,Tamil Nadu,Constituency_60,MP_Name_60,Work_1145,Sanitation,27-09-2022,1751783
1146,Delhi,Constituency_61,MP_Name_61,Work_1146,Roads,08-09-2022,1482777
1147,Delhi,Constituency_62,MP_Name_62,Work_1147,Drinking Water,13-03-2023,1738432
1148,Delhi,Constituency_63,MP_Name_63,Work_1148,Sanitation,21-05-2022,600877
1149,Tamil Nadu,Constituency_64,MP_Name_64,Work_1149,Roads,16-02-2023,1358845
1150,Tamil Nadu,Constituency_65,MP_Name_65,Work_1150,Health,22-05-2023,1786784
1151,Karnataka,Constituency_66,MP_Name_66,Work_1151,Roads,08-05-2023,1253428
1152,Karnataka,Constituency_67,MP_Name_67,Work_1152,Education,04-07-2023,1982274
1153,Gujarat,Constituency_68,MP_Name_68,Work_1153,Education,29-04-2021,916915
1154,Gujarat,Constituency_69,MP_Name_69,Work_1154,Drinking Water,16-12-2022,1398905
1155,Uttar Pradesh,Constituency_70,MP_Name_70,Work_1155,Drinking Water,21-08-2021,1615906
1156,Karnataka,Constituency_71,MP_Name_71,Work_1156,Sanitation,28-07-2021,735552
1157,Tamil Nadu,Constituency_72,MP_Name_72,Work_1157,Education,05-04-2022,1089258
1158,Maharashtra,Constituency_73,MP_Name_73,Work_1158,Health,17-06-2022,1846801
1159,Gujarat,Constituency_74,MP_Name_74,Work_1159,Education,26-11-2022,1268525
1160,Tamil Nadu,Constituency_75,MP_Name_75,Work_1160,Drinking Water,27-04-2023,1579822
1161,Delhi,Constituency_76,MP_Name_76,Work_1161,Roads,28-10-2023,947705
1162,Karnataka,Constituency_77,MP_Name_77,Work_1162,Sanitation,05-01-2021,912164
1163,Maharashtra,Constituency_78,MP_Name_78,Work_1163,Health,16-01-2022,1962617
1164,Delhi,Constituency_79,MP_Name_79,Work_1164,Education,09-07-2023,1025776
1165,Delhi,Constituency_80,MP_Name_80,Work_1165,Roads,26-09-2021,792139
1166,Uttar Pradesh,Constituency_81,MP_Name_81,Work_1166,Sanitation,25-06-2021,1020548
1167,Uttar Pradesh,Constituency_82,MP_Name_82,Work_1167,Sanitation,02-11-2021,1162101
1168,Maharashtra,Constituency_83,MP_Name_83,Work_1168,Sanitation,19-08-2021,1223759
1169,Karnataka,Constituency_84,MP_Name_84,Work_1169,Education,25-07-2023,1924760
1170,Karnataka,Constituency_85,MP_Name_85,Work_1170,Electricity,26-03-2021,911404
1171,Maharashtra,Constituency_86,MP_Name_86,Work_1171,Sanitation,03-05-2021,818686
1172,Karnataka,Constituency_87,MP_Name_87,Work_1172,Drinking Water,27-11-2021,515156
1173,Uttar Pradesh,Constituency_88,MP_Name_88,Work_1173,Sanitation,01-05-2022,1052424
1174,Uttar Pradesh,Constituency_89,MP_Name_89,Work_1174,Education,01-10-2021,1405607
1175,Uttar Pradesh,Constituency_90,MP_Name_90,Work_1175,Electricity,11-03-2022,1266515
1176,Tamil Nadu,Constituency_91,MP_Name_91,Work_1176,Health,07-08-2023,1632221
1177,Gujarat,Constituency_92,MP_Name_92,Work_1177,Roads,08-04-2022,1307038
1178,Uttar Pradesh,Constituency_93,MP_Name_93,Work_1178,Health,30-03-2022,565989
1179,Karnataka,Constituency_94,MP_Name_94,Work_1179,Sanitation,24-12-2021,727695
1180,Maharashtra,Constituency_95,MP_Name_95,Work_1180,Electricity,20-10-2022,931121
1181,Gujarat,Constituency_96,MP_Name_96,Work_1181,Health,23-01-2022,785016
1182,Gujarat,Constituency_97,MP_Name_97,Work_1182,Drinking Water,07-03-2022,571445
1183,Uttar Pradesh,Constituency_98,MP_Name_98,Work_1183,Drinking Water,22-05-2022,662744
1184,Maharashtra,Constituency_99,MP_Name_99,Work_1184,Electricity,13-03-2022,1756957
1185,Tamil Nadu,Constituency_100,MP_Name_100,Work_1185,Electricity,28-09-2022,1967707
1186,Delhi,Constituency_101,MP_Name_101,Work_1186,Sanitation,12-05-2023,1317024
1187,Delhi,Constituency_102,MP_Name_102,Work_1187,Sanitation,02-07-2021,1516493
1188,Karnataka,Constituency_103,MP_Name_103,Work_1188,Electricity,04-06-2022,1898400
1189,Tamil Nadu,Constituency_104,MP_Name_104,Work_1189,Health,17-06-2023,884405
1190,Karnataka,Constituency_105,MP_Name_105,Work_1190,Drinking Water,31-10-2023,1116699
1191,Delhi,Constituency_106,MP_Name_106,Work_1191,Electricity,24-03-2022,667199
1192,Tamil Nadu,Constituency_107,MP_Name_107,Work_1192,Roads,02-12-2023,555494
1193,Delhi,Constituency_108,MP_Name_108,Work_1193,Health,03-07-2023,1394265
1194,Maharashtra,Constituency_109,MP_Name_109,Work_1194,Roads,24-07-2022,1044416
1195,Uttar Pradesh,Constituency_110,MP_Name_110,Work_1195,Health,16-08-2023,512729
1196,Delhi,Constituency_111,MP_Name_111,Work_1196,Education,24-08-2022,828773
1197,Tamil Nadu,Constituency_112,MP_Name_112,Work_1197,Drinking Water,07-03-2021,1175014
1198,Karnataka,Constituency_113,MP_Name_113,Work_1198,Sanitation,25-05-2022,601107
1199,Tamil Nadu,Constituency_114,MP_Name_114,Work_1199,Sanitation,08-06-2023,1123558
1200,Uttar Pradesh,Constituency_115,MP_Name_115,Work_1200,Drinking Water,06-12-2022,1078092
1201,Delhi,Constituency_116,MP_Name_116,Work_1201,Drinking Water,17-01-2022,1624206
1202,Karnataka,Constituency_117,MP_Name_117,Work_1202,Drinking Water,19-08-2021,1726050
1203,Delhi,Constituency_118,MP_Name_118,Work_1203,Sanitation,15-09-2021,1258946
1204,Uttar Pradesh,Constituency_119,MP_Name_119,Work_1204,Sanitation,19-03-2021,1932356
1205,Gujarat,Constituency_120,MP_Name_120,Work_1205,Health,21-06-2023,792043
1206,Delhi,Constituency_121,MP_Name_121,Work_1206,Health,29-10-2021,1792532
1207,Karnataka,Constituency_122,MP_Name_122,Work_1207,Roads,27-12-2022,1796648
1208,Tamil Nadu,Constituency_123,MP_Name_123,Work_1208,Roads,21-11-2022,1220056
1209,Karnataka,Constituency_124,MP_Name_124,Work_1209,Electricity,14-12-2021,623870
1210,Maharashtra,Constituency_125,MP_Name_125,Work_1210,Sanitation,18-09-2021,592702
1211,Gujarat,Constituency_126,MP_Name_126,Work_1211,Roads,12-05-2021,707640
1212,Delhi,Constituency_127,MP_Name_127,Work_1212,Sanitation,21-01-2022,1965920
1213,Karnataka,Constituency_128,MP_Name_128,Work_1213,Education,09-11-2023,1737677
1214,Maharashtra,Constituency_129,MP_Name_129,Work_1214,Health,02-11-2023,1754624
1215,Uttar Pradesh,Constituency_130,MP_Name_130,Work_1215,Health,30-12-2022,858434
1216,Maharashtra,Constituency_131,MP_Name_131,Work_1216,Sanitation,28-02-2022,715964
1217,Tamil Nadu,Constituency_132,MP_Name_132,Work_1217,Health,12-04-2023,1405133
1218,Tamil Nadu,Constituency_133,MP_Name_133,Work_1218,Sanitation,05-08-2023,1986889
1219,Gujarat,Constituency_134,MP_Name_134,Work_1219,Drinking Water,14-02-2021,1991371
1220,Tamil Nadu,Constituency_135,MP_Name_135,Work_1220,Electricity,13-01-2022,704790
1221,Uttar Pradesh,Constituency_136,MP_Name_136,Work_1221,Drinking Water,08-01-2022,1713522
1222,Maharashtra,Constituency_137,MP_Name_137,Work_1222,Electricity,19-08-2021,596827
1223,Tamil Nadu,Constituency_138,MP_Name_138,Work_1223,Education,05-10-2022,1436254
1224,Tamil Nadu,Constituency_139,MP_Name_139,Work_1224,Sanitation,27-01-2023,1014518
1225,Gujarat,Constituency_140,MP_Name_140,Work_1225,Drinking Water,04-06-2022,710803
1226,Tamil Nadu,Constituency_141,MP_Name_141,Work_1226,Health,01-03-2021,1007541
1227,Maharashtra,Constituency_142,MP_Name_142,Work_1227,Drinking Water,19-09-2021,1035216
1228,Gujarat,Constituency_143,MP_Name_143,Work_1228,Education,04-04-2022,1968771
1229,Delhi,Constituency_144,MP_Name_144,Work_1229,Drinking Water,16-10-2021,859925
1230,Uttar Pradesh,Constituency_145,MP_Name_145,Work_1230,Education,17-05-2023,1465109
1231,Maharashtra,Constituency_146,MP_Name_146,Work_1231,Health,12-06-2023,504517
1232,Maharashtra,Constituency_147,MP_Name_147,Work_1232,Health,07-02-2023,972042
1233,Gujarat,Constituency_148,MP_Name_148,Work_1233,Health,15-06-2023,1860380
1234,Delhi,Constituency_149,MP_Name_149,Work_1234,Health,05-04-2022,1740036
1235,Karnataka,Constituency_150,MP_Name_150,Work_1235,Roads,14-04-2022,929731
1236,Uttar Pradesh,Constituency_151,MP_Name_151,Work_1236,Roads,23-09-2022,813854
1237,Karnataka,Constituency_152,MP_Name_152,Work_1237,Sanitation,21-03-2021,1877580
1238,Tamil Nadu,Constituency_153,MP_Name_153,Work_1238,Health,08-03-2023,1044321
1239,Karnataka,Constituency_154,MP_Name_154,Work_1239,Education,28-05-2021,1561566
1240,Delhi,Constituency_155,MP_Name_155,Work_1240,Drinking Water,15-03-2021,907449
1241,Uttar Pradesh,Constituency_156,MP_Name_156,Work_1241,Roads,23-10-2022,1125320
1242,Tamil Nadu,Constituency_157,MP_Name_157,Work_1242,Drinking Water,29-06-2021,830047
1243,Uttar Pradesh,Constituency_158,MP_Name_158,Work_1243,Health,01-04-2023,579420
1244,Uttar Pradesh,Constituency_159,MP_Name_159,Work_1244,Roads,30-07-2022,1227462
1245,Maharashtra,Constituency_160,MP_Name_160,Work_1245,Education,20-06-2022,1696154
1246,Maharashtra,Constituency_161,MP_Name_161,Work_1246,Sanitation,11-06-2022,1107516
1247,Karnataka,Constituency_162,MP_Name_162,Work_1247,Drinking Water,16-07-2023,1287535
1248,Maharashtra,Constituency_163,MP_Name_163,Work_1248,Health,04-07-2022,556501
1249,Maharashtra,Constituency_164,MP_Name_164,Work_1249,Education,26-04-2023,1394538
1250,Uttar Pradesh,Constituency_165,MP_Name_165,Work_1250,Electricity,13-06-2023,1809167
1251,Tamil Nadu,Constituency_166,MP_Name_166,Work_1251,Drinking Water,10-03-2021,564379
1252,Maharashtra,Constituency_167,MP_Name_167,Work_1252,Electricity,30-11-2023,1279734
1253,Maharashtra,Constituency_168,MP_Name_168,Work_1253,Drinking Water,20-09-2022,1954666
1254,Tamil Nadu,Constituency_169,MP_Name_169,Work_1254,Sanitation,02-07-2021,1550311
1255,Uttar Pradesh,Constituency_170,MP_Name_170,Work_1255,Electricity,26-05-2023,517489
1256,Delhi,Constituency_171,MP_Name_171,Work_1256,Electricity,30-09-2022,1883576
1257,Delhi,Constituency_172,MP_Name_172,Work_1257,Health,21-12-2021,1313049
1258,Uttar Pradesh,Constituency_173,MP_Name_173,Work_1258,Roads,10-10-2022,1557524
1259,Tamil Nadu,Constituency_174,MP_Name_174,Work_1259,Electricity,23-06-2022,1740774
1260,Gujarat,Constituency_175,MP_Name_175,Work_1260,Sanitation,16-04-2022,559316
1261,Tamil Nadu,Constituency_176,MP_Name_176,Work_1261,Sanitation,21-02-2021,827468
1262,Karnataka,Constituency_177,MP_Name_177,Work_1262,Drinking Water,14-11-2023,1343072
1263,Delhi,Constituency_178,MP_Name_178,Work_1263,Education,04-04-2021,757325
1264,Tamil Nadu,Constituency_179,MP_Name_179,Work_1264,Education,12-09-2021,1845583
1265,Maharashtra,Constituency_180,MP_Name_180,Work_1265,Electricity,05-12-2023,1186656
1266,Maharashtra,Constituency_181,MP_Name_181,Work_1266,Electricity,31-10-2021,818977
1267,Uttar Pradesh,Constituency_182,MP_Name_182,Work_1267,Roads,24-08-2021,725625
1268,Maharashtra,Constituency_183,MP_Name_183,Work_1268,Drinking Water,24-05-2023,1044697
1269,Karnataka,Constituency_184,MP_Name_184,Work_1269,Health,14-03-2021,1562604
1270,Tamil Nadu,Constituency_185,MP_Name_185,Work_1270,Education,02-11-2021,1191253
1271,Gujarat,Constituency_186,MP_Name_186,Work_1271,Health,27-11-2023,1183413
1272,Gujarat,Constituency_187,MP_Name_187,Work_1272,Drinking Water,14-10-2023,821170
1273,Maharashtra,Constituency_188,MP_Name_188,Work_1273,Education,12-01-2023,1820804
1274,Gujarat,Constituency_189,MP_Name_189,Work_1274,Education,06-09-2022,1360165
1275,Tamil Nadu,Constituency_190,MP_Name_190,Work_1275,Health,01-10-2022,631215
1276,Tamil Nadu,Constituency_191,MP_Name_191,Work_1276,Drinking Water,09-07-2021,657950
1277,Gujarat,Constituency_192,MP_Name_192,Work_1277,Drinking Water,08-04-2021,1250841
1278,Delhi,Constituency_193,MP_Name_193,Work_1278,Health,03-02-2022,917606
1279,Delhi,Constituency_194,MP_Name_194,Work_1279,Electricity,22-10-2023,729567
1280,Delhi,Constituency_195,MP_Name_195,Work_1280,Education,19-02-2023,1764637
1281,Delhi,Constituency_196,MP_Name_196,Work_1281,Drinking Water,11-04-2023,1310059
1282,Karnataka,Constituency_197,MP_Name_197,Work_1282,Education,13-08-2023,1457320
1283,Uttar Pradesh,Constituency_198,MP_Name_198,Work_1283,Sanitation,11-10-2021,1966021
1284,Gujarat,Constituency_199,MP_Name_199,Work_1284,Sanitation,18-03-2022,1611963
1285,Karnataka,Constituency_200,MP_Name_200,Work_1285,Health,30-06-2021,1196422
1286,Karnataka,Constituency_201,MP_Name_201,Work_1286,Drinking Water,07-12-2022,983069
1287,Karnataka,Constituency_202,MP_Name_202,Work_1287,Health,22-07-2022,1377899
1288,Uttar Pradesh,Constituency_203,MP_Name_203,Work_1288,Education,23-10-2023,1412398
1289,Karnataka,Constituency_204,MP_Name_204,Work_1289,Electricity,10-03-2022,668938
1290,Karnataka,Constituency_205,MP_Name_205,Work_1290,Health,25-12-2021,1726619
1291,Maharashtra,Constituency_206,MP_Name_206,Work_1291,Sanitation,25-11-2023,1627721
1292,Uttar Pradesh,Constituency_207,MP_Name_207,Work_1292,Roads,20-06-2022,1049265
1293,Maharashtra,Constituency_208,MP_Name_208,Work_1293,Electricity,05-12-2022,577503
1294,Delhi,Constituency_209,MP_Name_209,Work_1294,Roads,07-11-2021,1333618
1295,Gujarat,Constituency_210,MP_Name_210,Work_1295,Education,12-01-2023,825910
1296,Maharashtra,Constituency_211,MP_Name_211,Work_1296,Drinking Water,13-06-2021,1896623
1297,Delhi,Constituency_212,MP_Name_212,Work_1297,Drinking Water,24-09-2022,1652786
1298,Delhi,Constituency_213,MP_Name_213,Work_1298,Education,22-03-2021,666917
1299,Maharashtra,Constituency_214,MP_Name_214,Work_1299,Roads,22-10-2022,761661
1300,Karnataka,Constituency_215,MP_Name_215,Work_1300,Health,04-01-2022,1762086
1301,Karnataka,Constituency_216,MP_Name_216,Work_1301,Sanitation,10-04-2021,1372760
1302,Maharashtra,Constituency_217,MP_Name_217,Work_1302,Electricity,29-03-2023,1862481
1303,Uttar Pradesh,Constituency_218,MP_Name_218,Work_1303,Roads,26-01-2023,1990119
1304,Delhi,Constituency_219,MP_Name_219,Work_1304,Drinking Water,14-12-2022,1416172
1305,Gujarat,Constituency_220,MP_Name_220,Work_1305,Sanitation,03-08-2023,576406
1306,Maharashtra,Constituency_221,MP_Name_221,Work_1306,Electricity,20-02-2023,891428
1307,Tamil Nadu,Constituency_222,MP_Name_222,Work_1307,Drinking Water,28-08-2021,1875434
1308,Uttar Pradesh,Constituency_223,MP_Name_223,Work_1308,Drinking Water,24-11-2021,625704
1309,Maharashtra,Constituency_224,MP_Name_224,Work_1309,Education,28-04-2021,1322610
1310,Gujarat,Constituency_225,MP_Name_225,Work_1310,Education,26-06-2022,1550512
1311,Uttar Pradesh,Constituency_226,MP_Name_226,Work_1311,Sanitation,07-08-2021,1211261
1312,Karnataka,Constituency_227,MP_Name_227,Work_1312,Education,06-08-2023,1175895
1313,Tamil Nadu,Constituency_228,MP_Name_228,Work_1313,Electricity,09-08-2022,670106
1314,Delhi,Constituency_229,MP_Name_229,Work_1314,Electricity,01-05-2023,1492892
1315,Maharashtra,Constituency_230,MP_Name_230,Work_1315,Sanitation,20-03-2021,1308532
1316,Gujarat,Constituency_231,MP_Name_231,Work_1316,Health,24-01-2023,987852
1317,Gujarat,Constituency_232,MP_Name_232,Work_1317,Education,06-02-2022,1873916
1318,Maharashtra,Constituency_233,MP_Name_233,Work_1318,Health,26-10-2023,1459514
1319,Delhi,Constituency_234,MP_Name_234,Work_1319,Health,11-01-2022,869427
1320,Uttar Pradesh,Constituency_235,MP_Name_235,Work_1320,Electricity,03-05-2022,1609916
1321,Uttar Pradesh,Constituency_236,MP_Name_236,Work_1321,Health,17-08-2021,593907
1322,Tamil Nadu,Constituency_237,MP_Name_237,Work_1322,Sanitation,17-02-2022,1725084
1323,Tamil Nadu,Constituency_238,MP_Name_238,Work_1323,Health,29-06-2022,1309199
1324,Tamil Nadu,Constituency_239,MP_Name_239,Work_1324,Drinking Water,18-09-2023,544627
1325,Karnataka,Constituency_240,MP_Name_240,Work_1325,Sanitation,30-10-2023,1844337
1326,Uttar Pradesh,Constituency_241,MP_Name_241,Work_1326,Electricity,25-02-2023,1380289
1327,Tamil Nadu,Constituency_242,MP_Name_242,Work_1327,Electricity,11-12-2022,1222290
1328,Tamil Nadu,Constituency_243,MP_Name_243,Work_1328,Drinking Water,09-08-2021,540426
1329,Tamil Nadu,Constituency_244,MP_Name_244,Work_1329,Electricity,20-11-2022,1400016
1330,Tamil Nadu,Constituency_245,MP_Name_245,Work_1330,Health,25-04-2022,1337677
1331,Delhi,Constituency_246,MP_Name_246,Work_1331,Education,10-06-2023,1173498
1332,Delhi,Constituency_247,MP_Name_247,Work_1332,Drinking Water,12-03-2021,1732634
1333,Uttar Pradesh,Constituency_248,MP_Name_248,Work_1333,Sanitation,31-08-2023,853706
1334,Delhi,Constituency_249,MP_Name_249,Work_1334,Electricity,23-07-2021,1068098
1335,Uttar Pradesh,Constituency_250,MP_Name_250,Work_1335,Education,25-02-2023,541919
1336,Delhi,Constituency_251,MP_Name_251,Work_1336,Electricity,15-12-2021,510824
1337,Uttar Pradesh,Constituency_252,MP_Name_252,Work_1337,Electricity,10-01-2022,1670130
1338,Uttar Pradesh,Constituency_253,MP_Name_253,Work_1338,Health,24-07-2021,758833
1339,Delhi,Constituency_254,MP_Name_254,Work_1339,Roads,22-10-2022,1977854
1340,Maharashtra,Constituency_255,MP_Name_255,Work_1340,Education,03-10-2021,1705192
1341,Tamil Nadu,Constituency_256,MP_Name_256,Work_1341,Drinking Water,15-02-2023,1524938
1342,Karnataka,Constituency_257,MP_Name_257,Work_1342,Education,25-12-2022,1773901
1343,Delhi,Constituency_258,MP_Name_258,Work_1343,Education,03-08-2021,617014
1344,Gujarat,Constituency_259,MP_Name_259,Work_1344,Drinking Water,25-10-2022,1364068
1345,Gujarat,Constituency_260,MP_Name_260,Work_1345,Roads,13-07-2021,1148526
1346,Gujarat,Constituency_261,MP_Name_261,Work_1346,Education,18-08-2023,1511319
1347,Tamil Nadu,Constituency_262,MP_Name_262,Work_1347,Roads,15-04-2021,1866592
1348,Tamil Nadu,Constituency_263,MP_Name_263,Work_1348,Drinking Water,18-02-2023,822880
1349,Uttar Pradesh,Constituency_264,MP_Name_264,Work_1349,Roads,14-06-2022,1440795
1350,Gujarat,Constituency_265,MP_Name_265,Work_1350,Electricity,08-03-2021,1684557
1351,Uttar Pradesh,Constituency_266,MP_Name_266,Work_1351,Health,31-05-2022,1358831
1352,Maharashtra,Constituency_267,MP_Name_267,Work_1352,Drinking Water,01-05-2023,1380104
1353,Gujarat,Constituency_268,MP_Name_268,Work_1353,Electricity,21-06-2021,1668258
1354,Maharashtra,Constituency_269,MP_Name_269,Work_1354,Education,20-04-2022,907343
1355,Delhi,Constituency_270,MP_Name_270,Work_1355,Education,16-10-2021,1170268
1356,Karnataka,Constituency_271,MP_Name_271,Work_1356,Electricity,13-07-2021,689261
1357,Gujarat,Constituency_272,MP_Name_272,Work_1357,Education,09-03-2022,1687330
1358,Tamil Nadu,Constituency_273,MP_Name_273,Work_1358,Roads,28-08-2022,1114043
1359,Uttar Pradesh,Constituency_274,MP_Name_274,Work_1359,Electricity,17-05-2022,1089179
1360,Karnataka,Constituency_275,MP_Name_275,Work_1360,Health,08-05-2021,1903351
1361,Karnataka,Constituency_276,MP_Name_276,Work_1361,Sanitation,19-05-2021,1821446
1362,Maharashtra,Constituency_277,MP_Name_277,Work_1362,Electricity,01-04-2023,1716815
1363,Karnataka,Constituency_278,MP_Name_278,Work_1363,Drinking Water,12-11-2022,1171432
1364,Uttar Pradesh,Constituency_279,MP_Name_279,Work_1364,Health,11-02-2022,614998
1365,Maharashtra,Constituency_280,MP_Name_280,Work_1365,Education,26-07-2021,540054
1366,Gujarat,Constituency_281,MP_Name_281,Work_1366,Health,04-05-2023,1610240
1367,Uttar Pradesh,Constituency_282,MP_Name_282,Work_1367,Electricity,16-04-2021,923220
1368,Uttar Pradesh,Constituency_283,MP_Name_283,Work_1368,Drinking Water,27-11-2023,663421
1369,Gujarat,Constituency_284,MP_Name_284,Work_1369,Education,25-05-2021,1438906
1370,Maharashtra,Constituency_285,MP_Name_285,Work_1370,Education,29-01-2021,1284540
1371,Delhi,Constituency_286,MP_Name_286,Work_1371,Drinking Water,01-03-2023,1443731
1372,Gujarat,Constituency_287,MP_Name_287,Work_1372,Roads,08-04-2022,1413206
1373,Uttar Pradesh,Constituency_288,MP_Name_288,Work_1373,Health,27-01-2021,1113652
1374,Delhi,Constituency_289,MP_Name_289,Work_1374,Drinking Water,28-09-2021,1503130
1375,Gujarat,Constituency_290,MP_Name_290,Work_1375,Drinking Water,16-08-2021,543314
1376,Karnataka,Constituency_291,MP_Name_291,Work_1376,Electricity,28-01-2021,822423
1377,Maharashtra,Constituency_292,MP_Name_292,Work_1377,Sanitation,24-02-2021,1604296
1378,Tamil Nadu,Constituency_293,MP_Name_293,Work_1378,Electricity,29-10-2023,1060556
1379,Delhi,Constituency_294,MP_Name_294,Work_1379,Education,20-03-2023,774139
1380,Karnataka,Constituency_295,MP_Name_295,Work_1380,Electricity,14-09-2023,906765
1381,Uttar Pradesh,Constituency_296,MP_Name_296,Work_1381,Sanitation,01-11-2022,1477637
1382,Delhi,Constituency_297,MP_Name_297,Work_1382,Electricity,14-05-2023,1392585
1383,Karnataka,Constituency_298,MP_Name_298,Work_1383,Drinking Water,22-04-2021,641210
1384,Tamil Nadu,Constituency_299,MP_Name_299,Work_1384,Electricity,16-04-2022,594553
1385,Gujarat,Constituency_300,MP_Name_300,Work_1385,Sanitation,11-03-2023,647545
1386,Delhi,Constituency_301,MP_Name_301,Work_1386,Electricity,20-02-2022,614220
1387,Karnataka,Constituency_302,MP_Name_302,Work_1387,Roads,13-05-2022,1518853
1388,Gujarat,Constituency_303,MP_Name_303,Work_1388,Roads,08-09-2021,1132006
1389,Gujarat,Constituency_304,MP_Name_304,Work_1389,Electricity,28-07-2023,1997347
1390,Gujarat,Constituency_305,MP_Name_305,Work_1390,Health,11-09-2022,1329651
1391,Uttar Pradesh,Constituency_306,MP_Name_306,Work_1391,Health,09-01-2021,844440
1392,Maharashtra,Constituency_307,MP_Name_307,Work_1392,Sanitation,25-11-2023,1532824
1393,Uttar Pradesh,Constituency_308,MP_Name_308,Work_1393,Health,02-06-2023,1596313
1394,Karnataka,Constituency_309,MP_Name_309,Work_1394,Health,22-07-2021,1589682
1395,Gujarat,Constituency_310,MP_Name_310,Work_1395,Sanitation,10-02-2022,1304157
1396,Tamil Nadu,Constituency_311,MP_Name_311,Work_1396,Health,22-07-2021,921731
1397,Delhi,Constituency_312,MP_Name_312,Work_1397,Education,31-07-2021,1687085
1398,Delhi,Constituency_313,MP_Name_313,Work_1398,Roads,01-05-2022,500874
1399,Karnataka,Constituency_314,MP_Name_314,Work_1399,Roads,15-03-2022,926432
1400,Karnataka,Constituency_315,MP_Name_315,Work_1400,Drinking Water,21-10-2023,961833
1401,Uttar Pradesh,Constituency_316,MP_Name_316,Work_1401,Health,16-11-2022,1559498
1402,Karnataka,Constituency_317,MP_Name_317,Work_1402,Electricity,29-11-2021,645562
1403,Maharashtra,Constituency_318,MP_Name_318,Work_1403,Health,18-08-2022,1913821
1404,Delhi,Constituency_319,MP_Name_319,Work_1404,Roads,21-03-2021,1877272
1405,Maharashtra,Constituency_320,MP_Name_320,Work_1405,Electricity,23-05-2021,966666
1406,Karnataka,Constituency_321,MP_Name_321,Work_1406,Health,04-12-2023,1358288
1407,Delhi,Constituency_322,MP_Name_322,Work_1407,Roads,06-07-2022,800915
1408,Maharashtra,Constituency_323,MP_Name_323,Work_1408,Health,13-10-2023,860249
1409,Delhi,Constituency_324,MP_Name_324,Work_1409,Sanitation,06-07-2021,1074808
1410,Gujarat,Constituency_325,MP_Name_325,Work_1410,Drinking Water,11-10-2021,904257
1411,Maharashtra,Constituency_326,MP_Name_326,Work_1411,Drinking Water,05-02-2022,704886
1412,Gujarat,Constituency_327,MP_Name_327,Work_1412,Electricity,10-02-2023,1261830
1413,Delhi,Constituency_328,MP_Name_328,Work_1413,Electricity,08-06-2023,1708860
1414,Karnataka,Constituency_329,MP_Name_329,Work_1414,Drinking Water,08-07-2023,1733035
1415,Maharashtra,Constituency_330,MP_Name_330,Work_1415,Education,24-09-2023,1207624
1416,Maharashtra,Constituency_331,MP_Name_331,Work_1416,Sanitation,22-05-2023,1851870
1417,Maharashtra,Constituency_332,MP_Name_332,Work_1417,Roads,27-10-2023,1682971
1418,Delhi,Constituency_333,MP_Name_333,Work_1418,Sanitation,18-05-2022,833132
1419,Karnataka,Constituency_334,MP_Name_334,Work_1419,Electricity,09-11-2021,1365948
1420,Tamil Nadu,Constituency_335,MP_Name_335,Work_1420,Sanitation,04-09-2022,955423
1421,Gujarat,Constituency_336,MP_Name_336,Work_1421,Roads,10-09-2023,1842393
1422,Maharashtra,Constituency_337,MP_Name_337,Work_1422,Health,20-06-2021,1109837
1423,Maharashtra,Constituency_338,MP_Name_338,Work_1423,Sanitation,20-03-2022,1441012
1424,Uttar Pradesh,Constituency_339,MP_Name_339,Work_1424,Electricity,23-09-2021,1839325
1425,Karnataka,Constituency_340,MP_Name_340,Work_1425,Sanitation,13-07-2022,990903
1426,Uttar Pradesh,Constituency_341,MP_Name_341,Work_1426,Drinking Water,15-07-2023,1454712
1427,Tamil Nadu,Constituency_342,MP_Name_342,Work_1427,Health,10-09-2023,519474
1428,Maharashtra,Constituency_343,MP_Name_343,Work_1428,Health,08-05-2022,1823849
1429,Tamil Nadu,Constituency_344,MP_Name_344,Work_1429,Roads,20-04-2022,1685399
1430,Gujarat,Constituency_345,MP_Name_345,Work_1430,Roads,21-09-2021,1366170
1431,Karnataka,Constituency_346,MP_Name_346,Work_1431,Electricity,02-08-2023,502707
1432,Karnataka,Constituency_347,MP_Name_347,Work_1432,Sanitation,04-11-2023,1232307
1433,Karnataka,Constituency_348,MP_Name_348,Work_1433,Health,24-06-2021,1486588
1434,Maharashtra,Constituency_349,MP_Name_349,Work_1434,Health,10-02-2021,1750860
1435,Delhi,Constituency_350,MP_Name_350,Work_1435,Roads,02-07-2022,1363913
1436,Uttar Pradesh,Constituency_351,MP_Name_351,Work_1436,Electricity,01-09-2022,945646
1437,Karnataka,Constituency_352,MP_Name_352,Work_1437,Sanitation,23-05-2022,531720
1438,Uttar Pradesh,Constituency_353,MP_Name_353,Work_1438,Education,21-12-2023,1998146
1439,Maharashtra,Constituency_354,MP_Name_354,Work_1439,Electricity,19-02-2022,1449068
1440,Gujarat,Constituency_355,MP_Name_355,Work_1440,Health,12-09-2023,1954655
1441,Tamil Nadu,Constituency_356,MP_Name_356,Work_1441,Education,08-09-2021,518666
1442,Delhi,Constituency_357,MP_Name_357,Work_1442,Roads,24-01-2021,1376618
1443,Tamil Nadu,Constituency_358,MP_Name_358,Work_1443,Education,31-01-2021,1374516
1444,Karnataka,Constituency_359,MP_Name_359,Work_1444,Education,08-02-2023,1956099
1445,Karnataka,Constituency_360,MP_Name_360,Work_1445,Drinking Water,27-03-2023,1131748
1446,Maharashtra,Constituency_361,MP_Name_361,Work_1446,Sanitation,09-08-2022,684599
1447,Maharashtra,Constituency_362,MP_Name_362,Work_1447,Sanitation,03-12-2022,1273717
1448,Uttar Pradesh,Constituency_363,MP_Name_363,Work_1448,Sanitation,11-12-2022,836044
1449,Karnataka,Constituency_364,MP_Name_364,Work_1449,Electricity,30-11-2023,851750
1450,Tamil Nadu,Constituency_365,MP_Name_365,Work_1450,Roads,13-01-2022,850345
1451,Uttar Pradesh,Constituency_366,MP_Name_366,Work_1451,Education,05-12-2022,615122
1452,Delhi,Constituency_367,MP_Name_367,Work_1452,Roads,12-04-2023,867669
1453,Delhi,Constituency_368,MP_Name_368,Work_1453,Drinking Water,20-01-2021,1294847
1454,Tamil Nadu,Constituency_369,MP_Name_369,Work_1454,Health,15-02-2021,690245
1455,Uttar Pradesh,Constituency_370,MP_Name_370,Work_1455,Health,06-04-2023,1045400
1456,Uttar Pradesh,Constituency_371,MP_Name_371,Work_1456,Sanitation,04-04-2023,1952075
1457,Karnataka,Constituency_372,MP_Name_372,Work_1457,Health,26-04-2022,896985
1458,Gujarat,Constituency_373,MP_Name_373,Work_1458,Electricity,09-11-2022,1320107
1459,Uttar Pradesh,Constituency_374,MP_Name_374,Work_1459,Health,28-07-2022,1014172
1460,Gujarat,Constituency_375,MP_Name_375,Work_1460,Sanitation,13-01-2021,861317
1461,Uttar Pradesh,Constituency_376,MP_Name_376,Work_1461,Drinking Water,11-10-2022,1236013
1462,Delhi,Constituency_377,MP_Name_377,Work_1462,Electricity,21-06-2022,700333
1463,Uttar Pradesh,Constituency_378,MP_Name_378,Work_1463,Drinking Water,28-10-2021,816069
1464,Uttar Pradesh,Constituency_379,MP_Name_379,Work_1464,Sanitation,12-01-2021,1454242
1465,Karnataka,Constituency_380,MP_Name_380,Work_1465,Roads,20-07-2022,1789149
1466,Uttar Pradesh,Constituency_381,MP_Name_381,Work_1466,Education,26-10-2023,1179386
1467,Maharashtra,Constituency_382,MP_Name_382,Work_1467,Electricity,23-12-2023,1335504
1468,Gujarat,Constituency_383,MP_Name_383,Work_1468,Sanitation,25-01-2023,1846192
1469,Tamil Nadu,Constituency_384,MP_Name_384,Work_1469,Roads,08-02-2021,1499357
1470,Tamil Nadu,Constituency_385,MP_Name_385,Work_1470,Sanitation,20-04-2022,1563341
1471,Uttar Pradesh,Constituency_386,MP_Name_386,Work_1471,Drinking Water,29-07-2023,1618442
1472,Delhi,Constituency_387,MP_Name_387,Work_1472,Drinking Water,12-03-2021,1426315
1473,Uttar Pradesh,Constituency_388,MP_Name_388,Work_1473,Education,10-01-2023,1534564
1474,Gujarat,Constituency_389,MP_Name_389,Work_1474,Drinking Water,15-09-2023,892659
1475,Delhi,Constituency_390,MP_Name_390,Work_1475,Education,15-12-2023,1447601
1476,Karnataka,Constituency_391,MP_Name_391,Work_1476,Roads,18-03-2022,1024679
1477,Delhi,Constituency_392,MP_Name_392,Work_1477,Drinking Water,27-06-2022,1975632
1478,Maharashtra,Constituency_393,MP_Name_393,Work_1478,Electricity,24-03-2023,680121
1479,Karnataka,Constituency_394,MP_Name_394,Work_1479,Drinking Water,13-04-2023,1215069
1480,Gujarat,Constituency_395,MP_Name_395,Work_1480,Drinking Water,30-06-2021,1344574
1481,Gujarat,Constituency_396,MP_Name_396,Work_1481,Education,12-02-2023,1688801
1482,Maharashtra,Constituency_397,MP_Name_397,Work_1482,Health,12-02-2022,996146
1483,Gujarat,Constituency_398,MP_Name_398,Work_1483,Drinking Water,07-07-2023,612356
1484,Karnataka,Constituency_399,MP_Name_399,Work_1484,Electricity,07-07-2021,634057
1485,Karnataka,Constituency_400,MP_Name_400,Work_1485,Health,01-09-2023,797228
1486,Tamil Nadu,Constituency_401,MP_Name_401,Work_1486,Education,24-11-2021,1013109
1487,Delhi,Constituency_402,MP_Name_402,Work_1487,Education,28-10-2023,1161480
1488,Tamil Nadu,Constituency_403,MP_Name_403,Work_1488,Drinking Water,22-11-2021,587928
1489,Karnataka,Constituency_404,MP_Name_404,Work_1489,Health,02-09-2021,604169
1490,Uttar Pradesh,Constituency_405,MP_Name_405,Work_1490,Sanitation,18-12-2021,1837813
1491,Tamil Nadu,Constituency_406,MP_Name_406,Work_1491,Health,24-04-2022,708615
1492,Uttar Pradesh,Constituency_407,MP_Name_407,Work_1492,Sanitation,13-11-2021,1204832
1493,Tamil Nadu,Constituency_408,MP_Name_408,Work_1493,Health,19-12-2022,1201041
1494,Tamil Nadu,Constituency_409,MP_Name_409,Work_1494,Roads,21-12-2023,1664856
1495,Delhi,Constituency_410,MP_Name_410,Work_1495,Roads,22-02-2023,1918787
1496,Karnataka,Constituency_411,MP_Name_411,Work_1496,Health,19-12-2021,1133629
1497,Karnataka,Constituency_412,MP_Name_412,Work_1497,Education,19-03-2023,1508511
1498,Maharashtra,Constituency_413,MP_Name_413,Work_1498,Drinking Water,29-06-2022,914846
1499,Karnataka,Constituency_414,MP_Name_414,Work_1499,Education,23-01-2022,1277818
1500,Delhi,Constituency_415,MP_Name_415,Work_1500,Roads,17-09-2023,615661
1501,Tamil Nadu,Constituency_416,MP_Name_416,Work_1501,Sanitation,13-02-2023,942454
1502,Maharashtra,Constituency_417,MP_Name_417,Work_1502,Electricity,30-01-2023,1378069
1503,Karnataka,Constituency_418,MP_Name_418,Work_1503,Roads,14-09-2021,1256965
1504,Karnataka,Constituency_419,MP_Name_419,Work_1504,Drinking Water,13-02-2021,543866
1505,Uttar Pradesh,Constituency_420,MP_Name_420,Work_1505,Health,21-06-2022,583642
1506,Gujarat,Constituency_421,MP_Name_421,Work_1506,Education,24-08-2021,1829603
1507,Delhi,Constituency_422,MP_Name_422,Work_1507,Education,01-10-2022,1616103
1508,Delhi,Constituency_423,MP_Name_423,Work_1508,Health,18-01-2022,1195269
1509,Gujarat,Constituency_424,MP_Name_424,Work_1509,Health,21-05-2022,1062635
1510,Maharashtra,Constituency_425,MP_Name_425,Work_1510,Electricity,27-04-2022,1680708
1511,Maharashtra,Constituency_426,MP_Name_426,Work_1511,Health,07-05-2022,603502
1512,Uttar Pradesh,Constituency_427,MP_Name_427,Work_1512,Education,18-10-2021,1662933
1513,Delhi,Constituency_428,MP_Name_428,Work_1513,Sanitation,18-12-2022,1658044
1514,Uttar Pradesh,Constituency_429,MP_Name_429,Work_1514,Health,22-06-2023,1997534
1515,Tamil Nadu,Constituency_430,MP_Name_430,Work_1515,Electricity,10-11-2021,1211909
1516,Gujarat,Constituency_431,MP_Name_431,Work_1516,Sanitation,22-02-2021,904746
1517,Maharashtra,Constituency_432,MP_Name_432,Work_1517,Health,30-09-2021,998375
1518,Maharashtra,Constituency_433,MP_Name_433,Work_1518,Health,21-03-2021,1356625
1519,Delhi,Constituency_434,MP_Name_434,Work_1519,Drinking Water,14-04-2021,1222196
1520,Tamil Nadu,Constituency_435,MP_Name_435,Work_1520,Roads,21-08-2021,533085
1521,Uttar Pradesh,Constituency_436,MP_Name_436,Work_1521,Drinking Water,09-03-2023,1322040
1522,Maharashtra,Constituency_437,MP_Name_437,Work_1522,Education,28-05-2021,692614
1523,Gujarat,Constituency_438,MP_Name_438,Work_1523,Drinking Water,30-05-2022,936825
1524,Karnataka,Constituency_439,MP_Name_439,Work_1524,Education,08-12-2021,833779
1525,Gujarat,Constituency_440,MP_Name_440,Work_1525,Roads,12-02-2022,716088
1526,Tamil Nadu,Constituency_441,MP_Name_441,Work_1526,Health,20-02-2022,813300
1527,Tamil Nadu,Constituency_442,MP_Name_442,Work_1527,Education,03-01-2022,1633677
1528,Uttar Pradesh,Constituency_443,MP_Name_443,Work_1528,Education,05-04-2022,1927372
1529,Delhi,Constituency_444,MP_Name_444,Work_1529,Health,24-11-2023,1905956
1530,Gujarat,Constituency_445,MP_Name_445,Work_1530,Drinking Water,07-05-2023,1469746
1531,Uttar Pradesh,Constituency_446,MP_Name_446,Work_1531,Sanitation,19-12-2021,1551415
1532,Tamil Nadu,Constituency_447,MP_Name_447,Work_1532,Roads,19-12-2023,668661
1533,Gujarat,Constituency_448,MP_Name_448,Work_1533,Sanitation,25-10-2022,933720
1534,Delhi,Constituency_449,MP_Name_449,Work_1534,Education,19-02-2021,1339339
1535,Gujarat,Constituency_450,MP_Name_450,Work_1535,Roads,28-08-2021,1226729
1536,Maharashtra,Constituency_451,MP_Name_451,Work_1536,Drinking Water,07-09-2022,635786
1537,Maharashtra,Constituency_452,MP_Name_452,Work_1537,Education,17-04-2021,1071578
1538,Karnataka,Constituency_453,MP_Name_453,Work_1538,Sanitation,09-10-2022,1472665
1539,Maharashtra,Constituency_454,MP_Name_454,Work_1539,Roads,09-09-2023,684549
1540,Karnataka,Constituency_455,MP_Name_455,Work_1540,Drinking Water,18-05-2022,1140102
1541,Uttar Pradesh,Constituency_456,MP_Name_456,Work_1541,Health,18-10-2023,1599107
1542,Uttar Pradesh,Constituency_457,MP_Name_457,Work_1542,Education,08-06-2021,1549031
1543,Maharashtra,Constituency_458,MP_Name_458,Work_1543,Education,17-03-2023,1210242
1544,Maharashtra,Constituency_459,MP_Name_459,Work_1544,Sanitation,08-07-2022,698936
1545,Delhi,Constituency_460,MP_Name_460,Work_1545,Sanitation,13-08-2022,682254
1546,Karnataka,Constituency_461,MP_Name_461,Work_1546,Sanitation,17-01-2023,641960
1547,Tamil Nadu,Constituency_462,MP_Name_462,Work_1547,Sanitation,10-07-2021,565461
1548,Maharashtra,Constituency_463,MP_Name_463,Work_1548,Drinking Water,24-02-2021,1348236
1549,Uttar Pradesh,Constituency_464,MP_Name_464,Work_1549,Drinking Water,05-05-2022,1006946
1550,Karnataka,Constituency_465,MP_Name_465,Work_1550,Roads,31-10-2021,1845061
1551,Tamil Nadu,Constituency_466,MP_Name_466,Work_1551,Sanitation,15-05-2023,1196360
1552,Tamil Nadu,Constituency_467,MP_Name_467,Work_1552,Drinking Water,12-06-2022,690944
1553,Uttar Pradesh,Constituency_468,MP_Name_468,Work_1553,Drinking Water,17-03-2022,879200
1554,Maharashtra,Constituency_469,MP_Name_469,Work_1554,Education,17-02-2023,1482223
1555,Tamil Nadu,Constituency_470,MP_Name_470,Work_1555,Education,09-10-2023,1870773
1556,Delhi,Constituency_471,MP_Name_471,Work_1556,Sanitation,10-11-2021,1499995
1557,Gujarat,Constituency_472,MP_Name_472,Work_1557,Drinking Water,18-08-2022,807300
1558,Tamil Nadu,Constituency_473,MP_Name_473,Work_1558,Health,11-07-2022,1831524
1559,Tamil Nadu,Constituency_474,MP_Name_474,Work_1559,Electricity,08-06-2021,560484
1560,Uttar Pradesh,Constituency_475,MP_Name_475,Work_1560,Education,19-11-2021,573087
1561,Tamil Nadu,Constituency_476,MP_Name_476,Work_1561,Electricity,23-04-2022,608407
1562,Tamil Nadu,Constituency_477,MP_Name_477,Work_1562,Electricity,07-05-2022,1776676
1563,Tamil Nadu,Constituency_478,MP_Name_478,Work_1563,Roads,05-06-2022,1517592
1564,Maharashtra,Constituency_479,MP_Name_479,Work_1564,Roads,05-09-2023,1490169
1565,Gujarat,Constituency_480,MP_Name_480,Work_1565,Electricity,20-04-2022,1149163
1566,Karnataka,Constituency_481,MP_Name_481,Work_1566,Sanitation,08-09-2022,1163636
1567,Tamil Nadu,Constituency_482,MP_Name_482,Work_1567,Electricity,29-01-2022,1121106
1568,Tamil Nadu,Constituency_483,MP_Name_483,Work_1568,Education,20-11-2021,967856
1569,Karnataka,Constituency_484,MP_Name_484,Work_1569,Sanitation,02-05-2021,592491
1570,Tamil Nadu,Constituency_485,MP_Name_485,Work_1570,Education,12-03-2023,1307439
1571,Uttar Pradesh,Constituency_486,MP_Name_486,Work_1571,Education,26-03-2023,862651
1572,Gujarat,Constituency_487,MP_Name_487,Work_1572,Drinking Water,06-10-2021,1035449
1573,Karnataka,Constituency_488,MP_Name_488,Work_1573,Roads,28-11-2021,778227
1574,Tamil Nadu,Constituency_489,MP_Name_489,Work_1574,Drinking Water,23-04-2021,1809999
1575,Tamil Nadu,Constituency_490,MP_Name_490,Work_1575,Electricity,28-02-2021,1803754
1576,Maharashtra,Constituency_491,MP_Name_491,Work_1576,Sanitation,19-09-2023,1230930
1577,Maharashtra,Constituency_492,MP_Name_492,Work_1577,Drinking Water,02-09-2023,977132
1578,Delhi,Constituency_493,MP_Name_493,Work_1578,Health,02-10-2021,1383743
1579,Gujarat,Constituency_494,MP_Name_494,Work_1579,Education,04-03-2023,610851
1580,Tamil Nadu,Constituency_495,MP_Name_495,Work_1580,Drinking Water,21-10-2023,1392332
1581,Delhi,Constituency_496,MP_Name_496,Work_1581,Health,28-04-2023,992976
1582,Tamil Nadu,Constituency_497,MP_Name_497,Work_1582,Education,16-04-2023,1492676
1583,Delhi,Constituency_498,MP_Name_498,Work_1583,Health,04-06-2022,1742291
1584,Tamil Nadu,Constituency_499,MP_Name_499,Work_1584,Roads,19-09-2021,1058052
1585,Gujarat,Constituency_500,MP_Name_500,Work_1585,Roads,14-03-2022,1709284
1586,Delhi,Constituency_501,MP_Name_501,Work_1586,Health,08-02-2023,1495984
1587,Tamil Nadu,Constituency_502,MP_Name_502,Work_1587,Drinking Water,01-02-2022,1965176
1588,Delhi,Constituency_503,MP_Name_503,Work_1588,Sanitation,20-07-2023,1433873
1589,Karnataka,Constituency_504,MP_Name_504,Work_1589,Health,01-07-2023,700036
1590,Tamil Nadu,Constituency_505,MP_Name_505,Work_1590,Education,05-09-2022,669495
1591,Delhi,Constituency_506,MP_Name_506,Work_1591,Health,15-03-2022,568051
1592,Uttar Pradesh,Constituency_507,MP_Name_507,Work_1592,Drinking Water,21-09-2021,1327664
1593,Tamil Nadu,Constituency_508,MP_Name_508,Work_1593,Electricity,31-08-2022,1877309
1594,Gujarat,Constituency_509,MP_Name_509,Work_1594,Sanitation,07-02-2023,1120135
1595,Tamil Nadu,Constituency_510,MP_Name_510,Work_1595,Drinking Water,26-02-2022,519469
1596,Uttar Pradesh,Constituency_511,MP_Name_511,Work_1596,Sanitation,01-02-2023,665538
1597,Uttar Pradesh,Constituency_512,MP_Name_512,Work_1597,Health,18-10-2021,881471
1598,Karnataka,Constituency_513,MP_Name_513,Work_1598,Health,10-08-2023,1155211
1599,Gujarat,Constituency_514,MP_Name_514,Work_1599,Sanitation,22-10-2022,677804
1600,Delhi,Constituency_515,MP_Name_515,Work_1600,Drinking Water,24-01-2023,1403660
1601,Uttar Pradesh,Constituency_516,MP_Name_516,Work_1601,Sanitation,09-02-2021,668003
1602,Maharashtra,Constituency_517,MP_Name_517,Work_1602,Sanitation,29-10-2021,781864
1603,Maharashtra,Constituency_518,MP_Name_518,Work_1603,Health,19-06-2023,546688
1604,Maharashtra,Constituency_519,MP_Name_519,Work_1604,Roads,14-11-2022,1991681
1605,Gujarat,Constituency_520,MP_Name_520,Work_1605,Health,14-12-2023,1423025
1606,Maharashtra,Constituency_521,MP_Name_521,Work_1606,Electricity,13-10-2021,1779862
1607,Tamil Nadu,Constituency_522,MP_Name_522,Work_1607,Electricity,22-12-2021,1211935
1608,Gujarat,Constituency_523,MP_Name_523,Work_1608,Health,16-12-2023,1153997
1609,Karnataka,Constituency_524,MP_Name_524,Work_1609,Sanitation,19-01-2021,1498042
1610,Uttar Pradesh,Constituency_525,MP_Name_525,Work_1610,Electricity,19-03-2021,676386
1611,Karnataka,Constituency_526,MP_Name_526,Work_1611,Health,22-03-2023,1691470
1612,Karnataka,Constituency_527,MP_Name_527,Work_1612,Health,31-08-2023,1516449
1613,Tamil Nadu,Constituency_528,MP_Name_528,Work_1613,Education,11-03-2023,1841324
1614,Maharashtra,Constituency_529,MP_Name_529,Work_1614,Education,17-02-2023,1839393
1615,Delhi,Constituency_530,MP_Name_530,Work_1615,Drinking Water,24-05-2022,1799244
1616,Gujarat,Constituency_531,MP_Name_531,Work_1616,Education,23-11-2021,982528
1617,Uttar Pradesh,Constituency_532,MP_Name_532,Work_1617,Sanitation,10-08-2021,768796
1618,Maharashtra,Constituency_533,MP_Name_533,Work_1618,Health,13-09-2023,1249631
1619,Gujarat,Constituency_534,MP_Name_534,Work_1619,Electricity,08-10-2021,850035
1620,Tamil Nadu,Constituency_535,MP_Name_535,Work_1620,Health,18-11-2021,1902655
1621,Uttar Pradesh,Constituency_536,MP_Name_536,Work_1621,Roads,31-01-2022,1491317
1622,Uttar Pradesh,Constituency_537,MP_Name_537,Work_1622,Sanitation,06-07-2022,1796010
1623,Gujarat,Constituency_538,MP_Name_538,Work_1623,Health,15-12-2022,1381732
1624,Karnataka,Constituency_539,MP_Name_539,Work_1624,Roads,10-02-2022,1436877
1625,Karnataka,Constituency_540,MP_Name_540,Work_1625,Electricity,31-08-2022,1099994
1626,Gujarat,Constituency_541,MP_Name_541,Work_1626,Drinking Water,12-04-2021,835902
1627,Tamil Nadu,Constituency_542,MP_Name_542,Work_1627,Education,03-08-2022,1826989
1628,Karnataka,Constituency_543,MP_Name_543,Work_1628,Health,28-07-2021,1907036
1629,Uttar Pradesh,Constituency_1,MP_Name_1,Work_1629,Electricity,31-03-2021,1289315
1630,Uttar Pradesh,Constituency_2,MP_Name_2,Work_1630,Education,28-12-2021,1423710
1631,Delhi,Constituency_3,MP_Name_3,Work_1631,Education,17-03-2022,610355
1632,Tamil Nadu,Constituency_4,MP_Name_4,Work_1632,Drinking Water,29-08-2021,1723205
1633,Gujarat,Constituency_5,MP_Name_5,Work_1633,Sanitation,16-01-2021,1616180
1634,Delhi,Constituency_6,MP_Name_6,Work_1634,Health,12-12-2023,1553309
1635,Uttar Pradesh,Constituency_7,MP_Name_7,Work_1635,Electricity,06-05-2022,1749973
1636,Karnataka,Constituency_8,MP_Name_8,Work_1636,Sanitation,16-03-2023,1075219
1637,Uttar Pradesh,Constituency_9,MP_Name_9,Work_1637,Health,01-12-2023,1664941
1638,Karnataka,Constituency_10,MP_Name_10,Work_1638,Education,05-09-2021,1804306
1639,Gujarat,Constituency_11,MP_Name_11,Work_1639,Health,26-02-2021,1643195
1640,Tamil Nadu,Constituency_12,MP_Name_12,Work_1640,Drinking Water,28-03-2023,532011
1641,Delhi,Constituency_13,MP_Name_13,Work_1641,Education,25-09-2022,1562864
1642,Karnataka,Constituency_14,MP_Name_14,Work_1642,Sanitation,26-09-2022,1865960
1643,Gujarat,Constituency_15,MP_Name_15,Work_1643,Roads,09-11-2023,938736
1644,Karnataka,Constituency_16,MP_Name_16,Work_1644,Health,30-09-2022,530278
1645,Gujarat,Constituency_17,MP_Name_17,Work_1645,Education,16-12-2021,585188
1646,Uttar Pradesh,Constituency_18,MP_Name_18,Work_1646,Education,20-08-2022,1370963
1647,Delhi,Constituency_19,MP_Name_19,Work_1647,Health,12-05-2022,1772090
1648,Karnataka,Constituency_20,MP_Name_20,Work_1648,Roads,21-07-2023,983589
1649,Maharashtra,Constituency_21,MP_Name_21,Work_1649,Sanitation,19-09-2023,808961
1650,Tamil Nadu,Constituency_22,MP_Name_22,Work_1650,Health,18-01-2023,1726922
1651,Gujarat,Constituency_23,MP_Name_23,Work_1651,Roads,05-06-2021,1106834
1652,Maharashtra,Constituency_24,MP_Name_24,Work_1652,Drinking Water,26-02-2023,1406623
1653,Delhi,Constituency_25,MP_Name_25,Work_1653,Health,11-05-2023,1125786
1654,Maharashtra,Constituency_26,MP_Name_26,Work_1654,Drinking Water,14-03-2022,1833281
1655,Delhi,Constituency_27,MP_Name_27,Work_1655,Sanitation,10-05-2023,838974
1656,Delhi,Constituency_28,MP_Name_28,Work_1656,Education,04-09-2021,806235
1657,Uttar Pradesh,Constituency_29,MP_Name_29,Work_1657,Health,16-03-2023,700067
1658,Gujarat,Constituency_30,MP_Name_30,Work_1658,Education,26-09-2023,532783
1659,Karnataka,Constituency_31,MP_Name_31,Work_1659,Sanitation,20-01-2022,1846769
1660,Delhi,Constituency_32,MP_Name_32,Work_1660,Electricity,01-07-2021,1439043
1661,Delhi,Constituency_33,MP_Name_33,Work_1661,Health,16-03-2021,845146
1662,Tamil Nadu,Constituency_34,MP_Name_34,Work_1662,Electricity,29-03-2022,1890408
1663,Tamil Nadu,Constituency_35,MP_Name_35,Work_1663,Electricity,13-04-2021,1232300
1664,Maharashtra,Constituency_36,MP_Name_36,Work_1664,Health,28-10-2021,751792
1665,Tamil Nadu,Constituency_37,MP_Name_37,Work_1665,Sanitation,13-05-2023,1593454
1666,Gujarat,Constituency_38,MP_Name_38,Work_1666,Drinking Water,20-07-2022,1214954
1667,Tamil Nadu,Constituency_39,MP_Name_39,Work_1667,Sanitation,22-09-2023,1795345
1668,Gujarat,Constituency_40,MP_Name_40,Work_1668,Roads,01-12-2023,1794646
1669,Gujarat,Constituency_41,MP_Name_41,Work_1669,Sanitation,28-03-2023,1173483
1670,Karnataka,Constituency_42,MP_Name_42,Work_1670,Education,21-11-2022,1984212
1671,Delhi,Constituency_43,MP_Name_43,Work_1671,Drinking Water,18-02-2022,833410
1672,Maharashtra,Constituency_44,MP_Name_44,Work_1672,Education,14-01-2021,637658
1673,Maharashtra,Constituency_45,MP_Name_45,Work_1673,Drinking Water,17-02-2023,899583
1674,Delhi,Constituency_46,MP_Name_46,Work_1674,Electricity,22-11-2021,601304
1675,Maharashtra,Constituency_47,MP_Name_47,Work_1675,Drinking Water,21-10-2023,1967415
1676,Delhi,Constituency_48,MP_Name_48,Work_1676,Sanitation,20-07-2023,1748825
1677,Gujarat,Constituency_49,MP_Name_49,Work_1677,Roads,05-10-2021,853222
1678,Tamil Nadu,Constituency_50,MP_Name_50,Work_1678,Education,18-09-2022,1688424
1679,Gujarat,Constituency_51,MP_Name_51,Work_1679,Roads,30-01-2022,1774480
1680,Uttar Pradesh,Constituency_52,MP_Name_52,Work_1680,Roads,09-02-2022,1970262
1681,Gujarat,Constituency_53,MP_Name_53,Work_1681,Drinking Water,15-05-2022,1992704
1682,Maharashtra,Constituency_54,MP_Name_54,Work_1682,Sanitation,16-03-2023,1586421
1683,Tamil Nadu,Constituency_55,MP_Name_55,Work_1683,Roads,07-06-2021,685147
1684,Maharashtra,Constituency_56,MP_Name_56,Work_1684,Sanitation,30-01-2022,1190466
1685,Tamil Nadu,Constituency_57,MP_Name_57,Work_1685,Sanitation,21-03-2022,1179283
1686,Maharashtra,Constituency_58,MP_Name_58,Work_1686,Electricity,23-05-2022,796065
1687,Delhi,Constituency_59,MP_Name_59,Work_1687,Sanitation,20-11-2021,1802539
1688,Tamil Nadu,Constituency_60,MP_Name_60,Work_1688,Health,30-06-2022,1864811
1689,Tamil Nadu,Constituency_61,MP_Name_61,Work_1689,Health,02-04-2022,664258
1690,Uttar Pradesh,Constituency_62,MP_Name_62,Work_1690,Electricity,13-01-2023,1028146
1691,Tamil Nadu,Constituency_63,MP_Name_63,Work_1691,Roads,20-09-2022,1198012
1692,Karnataka,Constituency_64,MP_Name_64,Work_1692,Electricity,23-09-2021,725338
1693,Delhi,Constituency_65,MP_Name_65,Work_1693,Roads,15-06-2023,1711595
1694,Maharashtra,Constituency_66,MP_Name_66,Work_1694,Electricity,22-04-2022,1595198
1695,Uttar Pradesh,Constituency_67,MP_Name_67,Work_1695,Electricity,07-09-2022,1121877
1696,Uttar Pradesh,Constituency_68,MP_Name_68,Work_1696,Roads,14-07-2023,1236277
1697,Delhi,Constituency_69,MP_Name_69,Work_1697,Roads,24-04-2021,1509600
1698,Karnataka,Constituency_70,MP_Name_70,Work_1698,Health,02-09-2022,1882464
1699,Tamil Nadu,Constituency_71,MP_Name_71,Work_1699,Drinking Water,12-12-2022,1384849
1700,Karnataka,Constituency_72,MP_Name_72,Work_1700,Electricity,10-08-2021,541682
1701,Karnataka,Constituency_73,MP_Name_73,Work_1701,Drinking Water,15-05-2021,1802155
1702,Tamil Nadu,Constituency_74,MP_Name_74,Work_1702,Drinking Water,30-03-2023,1269822
1703,Tamil Nadu,Constituency_75,MP_Name_75,Work_1703,Electricity,16-03-2023,857949
1704,Gujarat,Constituency_76,MP_Name_76,Work_1704,Electricity,24-01-2021,968556
1705,Gujarat,Constituency_77,MP_Name_77,Work_1705,Sanitation,31-12-2021,781806
1706,Tamil Nadu,Constituency_78,MP_Name_78,Work_1706,Education,31-07-2022,691910
1707,Delhi,Constituency_79,MP_Name_79,Work_1707,Drinking Water,02-07-2023,1185688
1708,Gujarat,Constituency_80,MP_Name_80,Work_1708,Electricity,15-07-2021,1719777
1709,Delhi,Constituency_81,MP_Name_81,Work_1709,Electricity,14-05-2023,1066513
1710,Uttar Pradesh,Constituency_82,MP_Name_82,Work_1710,Drinking Water,11-03-2022,1962221
1711,Karnataka,Constituency_83,MP_Name_83,Work_1711,Sanitation,20-06-2022,1037396
1712,Gujarat,Constituency_84,MP_Name_84,Work_1712,Health,30-12-2021,1003624
1713,Tamil Nadu,Constituency_85,MP_Name_85,Work_1713,Electricity,12-04-2023,1755369
1714,Tamil Nadu,Constituency_86,MP_Name_86,Work_1714,Roads,08-06-2022,804373
1715,Maharashtra,Constituency_87,MP_Name_87,Work_1715,Health,03-04-2022,1592488
1716,Uttar Pradesh,Constituency_88,MP_Name_88,Work_1716,Electricity,10-12-2021,1026018
1717,Delhi,Constituency_89,MP_Name_89,Work_1717,Health,02-04-2022,1090479
1718,Uttar Pradesh,Constituency_90,MP_Name_90,Work_1718,Electricity,05-03-2022,1111128
1719,Delhi,Constituency_91,MP_Name_91,Work_1719,Health,25-12-2023,953529
1720,Tamil Nadu,Constituency_92,MP_Name_92,Work_1720,Roads,12-10-2022,1386909
1721,Gujarat,Constituency_93,MP_Name_93,Work_1721,Roads,10-05-2023,650143
1722,Delhi,Constituency_94,MP_Name_94,Work_1722,Sanitation,03-04-2022,923060
1723,Uttar Pradesh,Constituency_95,MP_Name_95,Work_1723,Roads,25-12-2022,847455
1724,Delhi,Constituency_96,MP_Name_96,Work_1724,Roads,30-03-2023,820476
1725,Maharashtra,Constituency_97,MP_Name_97,Work_1725,Roads,12-12-2022,1941055
1726,Gujarat,Constituency_98,MP_Name_98,Work_1726,Education,03-08-2022,1249528
1727,Gujarat,Constituency_99,MP_Name_99,Work_1727,Drinking Water,27-09-2022,704482
1728,Delhi,Constituency_100,MP_Name_100,Work_1728,Education,01-10-2023,1747475
1729,Maharashtra,Constituency_101,MP_Name_101,Work_1729,Roads,12-10-2021,1910164
1730,Uttar Pradesh,Constituency_102,MP_Name_102,Work_1730,Electricity,24-03-2021,697765
1731,Karnataka,Constituency_103,MP_Name_103,Work_1731,Health,10-05-2023,1486598
1732,Uttar Pradesh,Constituency_104,MP_Name_104,Work_1732,Roads,07-05-2023,1951078
1733,Maharashtra,Constituency_105,MP_Name_105,Work_1733,Roads,30-04-2022,1399217
1734,Karnataka,Constituency_106,MP_Name_106,Work_1734,Drinking Water,19-09-2023,1362177
1735,Karnataka,Constituency_107,MP_Name_107,Work_1735,Drinking Water,03-03-2023,1093215
1736,Uttar Pradesh,Constituency_108,MP_Name_108,Work_1736,Drinking Water,05-08-2021,1762662
1737,Maharashtra,Constituency_109,MP_Name_109,Work_1737,Sanitation,23-09-2022,1668573
1738,Karnataka,Constituency_110,MP_Name_110,Work_1738,Drinking Water,12-05-2023,793403
1739,Karnataka,Constituency_111,MP_Name_111,Work_1739,Education,02-07-2022,1401276
1740,Tamil Nadu,Constituency_112,MP_Name_112,Work_1740,Health,22-03-2021,1655610
1741,Karnataka,Constituency_113,MP_Name_113,Work_1741,Drinking Water,12-04-2021,808254
1742,Tamil Nadu,Constituency_114,MP_Name_114,Work_1742,Education,01-01-2022,1326955
1743,Maharashtra,Constituency_115,MP_Name_115,Work_1743,Education,07-08-2023,1368498
1744,Delhi,Constituency_116,MP_Name_116,Work_1744,Drinking Water,09-03-2021,637952
1745,Maharashtra,Constituency_117,MP_Name_117,Work_1745,Roads,05-08-2022,1577727
1746,Tamil Nadu,Constituency_118,MP_Name_118,Work_1746,Roads,15-05-2023,1165158
1747,Maharashtra,Constituency_119,MP_Name_119,Work_1747,Sanitation,07-12-2021,783874
1748,Gujarat,Constituency_120,MP_Name_120,Work_1748,Drinking Water,15-06-2023,1799698
1749,Karnataka,Constituency_121,MP_Name_121,Work_1749,Roads,23-01-2023,1258867
1750,Gujarat,Constituency_122,MP_Name_122,Work_1750,Electricity,22-11-2023,1103572
1751,Karnataka,Constituency_123,MP_Name_123,Work_1751,Sanitation,19-11-2022,815607
1752,Gujarat,Constituency_124,MP_Name_124,Work_1752,Roads,05-02-2022,1600559
1753,Maharashtra,Constituency_125,MP_Name_125,Work_1753,Education,21-01-2022,514240
1754,Maharashtra,Constituency_126,MP_Name_126,Work_1754,Health,04-04-2023,1499006
1755,Tamil Nadu,Constituency_127,MP_Name_127,Work_1755,Education,30-09-2021,1879432
1756,Tamil Nadu,Constituency_128,MP_Name_128,Work_1756,Health,23-02-2023,1967535
1757,Tamil Nadu,Constituency_129,MP_Name_129,Work_1757,Electricity,15-09-2021,1607913
1758,Delhi,Constituency_130,MP_Name_130,Work_1758,Roads,11-02-2022,1312849
1759,Karnataka,Constituency_131,MP_Name_131,Work_1759,Health,15-04-2021,619211
1760,Delhi,Constituency_132,MP_Name_132,Work_1760,Electricity,24-09-2022,885527
1761,Maharashtra,Constituency_133,MP_Name_133,Work_1761,Sanitation,07-04-2021,1523959
1762,Uttar Pradesh,Constituency_134,MP_Name_134,Work_1762,Health,06-04-2022,1076403
1763,Tamil Nadu,Constituency_135,MP_Name_135,Work_1763,Sanitation,08-04-2022,622846
1764,Delhi,Constituency_136,MP_Name_136,Work_1764,Sanitation,14-02-2021,916315
1765,Karnataka,Constituency_137,MP_Name_137,Work_1765,Drinking Water,29-10-2021,1707354
1766,Delhi,Constituency_138,MP_Name_138,Work_1766,Education,11-04-2021,1750359
1767,Uttar Pradesh,Constituency_139,MP_Name_139,Work_1767,Drinking Water,20-05-2022,924056
1768,Delhi,Constituency_140,MP_Name_140,Work_1768,Sanitation,28-06-2023,657501
1769,Karnataka,Constituency_141,MP_Name_141,Work_1769,Electricity,26-11-2023,674634
1770,Maharashtra,Constituency_142,MP_Name_142,Work_1770,Sanitation,31-10-2021,765609
1771,Delhi,Constituency_143,MP_Name_143,Work_1771,Sanitation,27-01-2021,1974429
1772,Gujarat,Constituency_144,MP_Name_144,Work_1772,Roads,11-09-2021,1498032
1773,Uttar Pradesh,Constituency_145,MP_Name_145,Work_1773,Health,18-05-2022,1628401
1774,Gujarat,Constituency_146,MP_Name_146,Work_1774,Electricity,03-10-2022,1425569
1775,Gujarat,Constituency_147,MP_Name_147,Work_1775,Drinking Water,18-01-2021,1361746
1776,Tamil Nadu,Constituency_148,MP_Name_148,Work_1776,Education,02-04-2021,1587522
1777,Tamil Nadu,Constituency_149,MP_Name_149,Work_1777,Roads,12-04-2022,1078165
1778,Karnataka,Constituency_150,MP_Name_150,Work_1778,Drinking Water,17-06-2023,1867077
1779,Delhi,Constituency_151,MP_Name_151,Work_1779,Sanitation,29-11-2022,908972
1780,Maharashtra,Constituency_152,MP_Name_152,Work_1780,Roads,24-12-2022,905450
1781,Karnataka,Constituency_153,MP_Name_153,Work_1781,Education,11-09-2023,1363108
1782,Gujarat,Constituency_154,MP_Name_154,Work_1782,Drinking Water,06-01-2023,780471
1783,Karnataka,Constituency_155,MP_Name_155,Work_1783,Health,27-05-2023,1392884
1784,Tamil Nadu,Constituency_156,MP_Name_156,Work_1784,Roads,22-07-2022,630466
1785,Uttar Pradesh,Constituency_157,MP_Name_157,Work_1785,Education,24-11-2022,1116105
1786,Maharashtra,Constituency_158,MP_Name_158,Work_1786,Drinking Water,06-03-2023,1525360
1787,Karnataka,Constituency_159,MP_Name_159,Work_1787,Drinking Water,07-05-2023,1531940
1788,Uttar Pradesh,Constituency_160,MP_Name_160,Work_1788,Education,14-10-2022,933430
1789,Uttar Pradesh,Constituency_161,MP_Name_161,Work_1789,Education,08-04-2022,1250713
1790,Karnataka,Constituency_162,MP_Name_162,Work_1790,Roads,23-10-2023,561100
1791,Tamil Nadu,Constituency_163,MP_Name_163,Work_1791,Drinking Water,22-02-2022,1827157
1792,Delhi,Constituency_164,MP_Name_164,Work_1792,Drinking Water,18-04-2023,1082668
1793,Delhi,Constituency_165,MP_Name_165,Work_1793,Electricity,27-06-2021,1792270
1794,Uttar Pradesh,Constituency_166,MP_Name_166,Work_1794,Sanitation,29-09-2023,535986
1795,Maharashtra,Constituency_167,MP_Name_167,Work_1795,Sanitation,01-01-2021,1726803
1796,Tamil Nadu,Constituency_168,MP_Name_168,Work_1796,Education,16-11-2023,923732
1797,Maharashtra,Constituency_169,MP_Name_169,Work_1797,Health,12-10-2022,1097085
1798,Delhi,Constituency_170,MP_Name_170,Work_1798,Roads,03-01-2023,1890248
1799,Maharashtra,Constituency_171,MP_Name_171,Work_1799,Education,29-08-2022,1297103
1800,Maharashtra,Constituency_172,MP_Name_172,Work_1800,Electricity,06-05-2021,1971326
1801,Tamil Nadu,Constituency_173,MP_Name_173,Work_1801,Roads,18-09-2023,1387447
1802,Delhi,Constituency_174,MP_Name_174,Work_1802,Sanitation,22-12-2023,684825
1803,Maharashtra,Constituency_175,MP_Name_175,Work_1803,Electricity,02-12-2021,1569837
1804,Karnataka,Constituency_176,MP_Name_176,Work_1804,Electricity,19-09-2023,929782
1805,Delhi,Constituency_177,MP_Name_177,Work_1805,Health,22-12-2021,590234
1806,Uttar Pradesh,Constituency_178,MP_Name_178,Work_1806,Roads,28-03-2023,1956260
1807,Uttar Pradesh,Constituency_179,MP_Name_179,Work_1807,Health,03-06-2021,692525
1808,Karnataka,Constituency_180,MP_Name_180,Work_1808,Health,21-04-2021,1309126
1809,Karnataka,Constituency_181,MP_Name_181,Work_1809,Roads,23-02-2022,893246
1810,Delhi,Constituency_182,MP_Name_182,Work_1810,Electricity,19-07-2023,1649828
1811,Maharashtra,Constituency_183,MP_Name_183,Work_1811,Education,28-12-2023,1163859
1812,Delhi,Constituency_184,MP_Name_184,Work_1812,Health,19-02-2022,1344383
1813,Gujarat,Constituency_185,MP_Name_185,Work_1813,Health,11-05-2021,1616581
1814,Karnataka,Constituency_186,MP_Name_186,Work_1814,Drinking Water,30-01-2023,1146580
1815,Uttar Pradesh,Constituency_187,MP_Name_187,Work_1815,Sanitation,03-12-2021,1884155
1816,Karnataka,Constituency_188,MP_Name_188,Work_1816,Electricity,16-07-2023,794981
1817,Gujarat,Constituency_189,MP_Name_189,Work_1817,Sanitation,10-04-2021,1049025
1818,Delhi,Constituency_190,MP_Name_190,Work_1818,Electricity,31-05-2022,1964216
1819,Karnataka,Constituency_191,MP_Name_191,Work_1819,Sanitation,02-02-2022,1160165
1820,Delhi,Constituency_192,MP_Name_192,Work_1820,Drinking Water,03-06-2021,1173739
1821,Tamil Nadu,Constituency_193,MP_Name_193,Work_1821,Sanitation,01-05-2023,505095
1822,Maharashtra,Constituency_194,MP_Name_194,Work_1822,Health,04-01-2021,829494
1823,Delhi,Constituency_195,MP_Name_195,Work_1823,Education,17-08-2021,551605
1824,Gujarat,Constituency_196,MP_Name_196,Work_1824,Sanitation,05-09-2021,636893
1825,Gujarat,Constituency_197,MP_Name_197,Work_1825,Health,08-04-2023,1007709
1826,Karnataka,Constituency_198,MP_Name_198,Work_1826,Drinking Water,04-07-2023,1532123
1827,Delhi,Constituency_199,MP_Name_199,Work_1827,Drinking Water,28-05-2021,559900
1828,Gujarat,Constituency_200,MP_Name_200,Work_1828,Sanitation,27-09-2021,852487
1829,Karnataka,Constituency_201,MP_Name_201,Work_1829,Education,13-10-2023,1406996
1830,Uttar Pradesh,Constituency_202,MP_Name_202,Work_1830,Electricity,27-03-2021,1607695
1831,Gujarat,Constituency_203,MP_Name_203,Work_1831,Education,05-12-2022,1405046
1832,Maharashtra,Constituency_204,MP_Name_204,Work_1832,Education,31-05-2022,838929
1833,Maharashtra,Constituency_205,MP_Name_205,Work_1833,Health,16-06-2023,1196670
1834,Tamil Nadu,Constituency_206,MP_Name_206,Work_1834,Education,11-02-2022,1161219
1835,Karnataka,Constituency_207,MP_Name_207,Work_1835,Drinking Water,16-12-2021,737335
1836,Tamil Nadu,Constituency_208,MP_Name_208,Work_1836,Electricity,09-03-2022,938020
1837,Uttar Pradesh,Constituency_209,MP_Name_209,Work_1837,Drinking Water,31-03-2022,1764545
1838,Delhi,Constituency_210,MP_Name_210,Work_1838,Health,16-12-2023,1324339
1839,Uttar Pradesh,Constituency_211,MP_Name_211,Work_1839,Roads,17-07-2021,1866794
1840,Uttar Pradesh,Constituency_212,MP_Name_212,Work_1840,Health,09-03-2021,644831
1841,Gujarat,Constituency_213,MP_Name_213,Work_1841,Roads,22-12-2022,794169
1842,Maharashtra,Constituency_214,MP_Name_214,Work_1842,Roads,15-07-2023,1558126
1843,Tamil Nadu,Constituency_215,MP_Name_215,Work_1843,Health,25-08-2021,1816250
1844,Maharashtra,Constituency_216,MP_Name_216,Work_1844,Sanitation,22-12-2021,1726562
1845,Maharashtra,Constituency_217,MP_Name_217,Work_1845,Roads,07-10-2021,1326691
1846,Maharashtra,Constituency_218,MP_Name_218,Work_1846,Roads,29-04-2021,1727381
1847,Uttar Pradesh,Constituency_219,MP_Name_219,Work_1847,Roads,11-10-2022,1419791
1848,Uttar Pradesh,Constituency_220,MP_Name_220,Work_1848,Electricity,25-05-2022,578238
1849,Uttar Pradesh,Constituency_221,MP_Name_221,Work_1849,Health,11-12-2021,687531
1850,Karnataka,Constituency_222,MP_Name_222,Work_1850,Roads,21-07-2022,1804922
1851,Gujarat,Constituency_223,MP_Name_223,Work_1851,Electricity,16-05-2022,1084490
1852,Gujarat,Constituency_224,MP_Name_224,Work_1852,Roads,16-04-2023,1500876
1853,Tamil Nadu,Constituency_225,MP_Name_225,Work_1853,Health,11-01-2022,969393
1854,Tamil Nadu,Constituency_226,MP_Name_226,Work_1854,Health,29-06-2023,1532110
1855,Gujarat,Constituency_227,MP_Name_227,Work_1855,Education,14-01-2023,1187946
1856,Tamil Nadu,Constituency_228,MP_Name_228,Work_1856,Sanitation,16-07-2022,650571
1857,Uttar Pradesh,Constituency_229,MP_Name_229,Work_1857,Health,04-11-2022,1429281
1858,Delhi,Constituency_230,MP_Name_230,Work_1858,Sanitation,12-11-2023,719590
1859,Delhi,Constituency_231,MP_Name_231,Work_1859,Sanitation,30-11-2022,1053520
1860,Karnataka,Constituency_232,MP_Name_232,Work_1860,Roads,07-11-2022,1149223
1861,Tamil Nadu,Constituency_233,MP_Name_233,Work_1861,Education,10-12-2021,1086304
1862,Uttar Pradesh,Constituency_234,MP_Name_234,Work_1862,Health,23-07-2022,1765959
1863,Tamil Nadu,Constituency_235,MP_Name_235,Work_1863,Roads,01-01-2024,857398
1864,Delhi,Constituency_236,MP_Name_236,Work_1864,Education,31-03-2021,1071179
1865,Gujarat,Constituency_237,MP_Name_237,Work_1865,Sanitation,05-04-2021,1994772
1866,Uttar Pradesh,Constituency_238,MP_Name_238,Work_1866,Drinking Water,21-06-2022,989968
1867,Tamil Nadu,Constituency_239,MP_Name_239,Work_1867,Drinking Water,24-01-2023,1964870
1868,Delhi,Constituency_240,MP_Name_240,Work_1868,Sanitation,20-10-2023,793786
1869,Karnataka,Constituency_241,MP_Name_241,Work_1869,Drinking Water,24-02-2022,1061773
1870,Maharashtra,Constituency_242,MP_Name_242,Work_1870,Roads,21-01-2022,1162512
1871,Delhi,Constituency_243,MP_Name_243,Work_1871,Roads,14-08-2023,1493545
1872,Delhi,Constituency_244,MP_Name_244,Work_1872,Electricity,27-01-2022,1724985
1873,Uttar Pradesh,Constituency_245,MP_Name_245,Work_1873,Sanitation,02-03-2021,1640997
1874,Uttar Pradesh,Constituency_246,MP_Name_246,Work_1874,Health,09-07-2023,1927894
1875,Tamil Nadu,Constituency_247,MP_Name_247,Work_1875,Drinking Water,15-12-2021,1606511
1876,Uttar Pradesh,Constituency_248,MP_Name_248,Work_1876,Health,08-04-2021,793430
1877,Tamil Nadu,Constituency_249,MP_Name_249,Work_1877,Drinking Water,29-07-2022,963636
1878,Uttar Pradesh,Constituency_250,MP_Name_250,Work_1878,Drinking Water,09-04-2021,675278
1879,Uttar Pradesh,Constituency_251,MP_Name_251,Work_1879,Electricity,15-04-2021,954390
1880,Karnataka,Constituency_252,MP_Name_252,Work_1880,Electricity,04-01-2022,1070974
1881,Maharashtra,Constituency_253,MP_Name_253,Work_1881,Sanitation,23-05-2021,1282179
1882,Karnataka,Constituency_254,MP_Name_254,Work_1882,Roads,28-05-2021,1446726
1883,Gujarat,Constituency_255,MP_Name_255,Work_1883,Sanitation,07-09-2023,1869040
1884,Delhi,Constituency_256,MP_Name_256,Work_1884,Sanitation,07-11-2023,1514378
1885,Gujarat,Constituency_257,MP_Name_257,Work_1885,Sanitation,23-03-2022,1049443
1886,Uttar Pradesh,Constituency_258,MP_Name_258,Work_1886,Education,09-06-2022,1364740
1887,Karnataka,Constituency_259,MP_Name_259,Work_1887,Sanitation,11-04-2021,505725
1888,Uttar Pradesh,Constituency_260,MP_Name_260,Work_1888,Roads,06-11-2022,1550867
1889,Delhi,Constituency_261,MP_Name_261,Work_1889,Sanitation,15-09-2022,1499207
1890,Gujarat,Constituency_262,MP_Name_262,Work_1890,Sanitation,08-06-2023,1447283
1891,Karnataka,Constituency_263,MP_Name_263,Work_1891,Electricity,27-10-2021,608803
1892,Tamil Nadu,Constituency_264,MP_Name_264,Work_1892,Roads,18-11-2021,1871687
1893,Gujarat,Constituency_265,MP_Name_265,Work_1893,Drinking Water,15-07-2023,1112725
1894,Maharashtra,Constituency_266,MP_Name_266,Work_1894,Health,14-09-2023,1463628
1895,Delhi,Constituency_267,MP_Name_267,Work_1895,Health,11-08-2021,1578596
1896,Gujarat,Constituency_268,MP_Name_268,Work_1896,Electricity,19-06-2023,1978197
1897,Delhi,Constituency_269,MP_Name_269,Work_1897,Sanitation,14-08-2022,1503589
1898,Maharashtra,Constituency_270,MP_Name_270,Work_1898,Sanitation,29-08-2022,1713621
1899,Karnataka,Constituency_271,MP_Name_271,Work_1899,Electricity,17-01-2023,1578052
1900,Gujarat,Constituency_272,MP_Name_272,Work_1900,Roads,04-04-2022,1059372
1901,Uttar Pradesh,Constituency_273,MP_Name_273,Work_1901,Education,15-02-2021,525601
1902,Uttar Pradesh,Constituency_274,MP_Name_274,Work_1902,Education,12-10-2023,1894457
1903,Tamil Nadu,Constituency_275,MP_Name_275,Work_1903,Education,14-08-2021,1788152
1904,Maharashtra,Constituency_276,MP_Name_276,Work_1904,Roads,28-12-2021,1058325
1905,Maharashtra,Constituency_277,MP_Name_277,Work_1905,Drinking Water,01-12-2022,877168
1906,Gujarat,Constituency_278,MP_Name_278,Work_1906,Roads,09-07-2021,624814
1907,Tamil Nadu,Constituency_279,MP_Name_279,Work_1907,Sanitation,03-06-2021,523829
1908,Karnataka,Constituency_280,MP_Name_280,Work_1908,Roads,02-11-2022,1078753
1909,Tamil Nadu,Constituency_281,MP_Name_281,Work_1909,Education,17-10-2021,626137
1910,Uttar Pradesh,Constituency_282,MP_Name_282,Work_1910,Education,24-12-2021,1950357
1911,Uttar Pradesh,Constituency_283,MP_Name_283,Work_1911,Roads,06-04-2023,1731004
1912,Gujarat,Constituency_284,MP_Name_284,Work_1912,Sanitation,08-01-2022,1825336
1913,Karnataka,Constituency_285,MP_Name_285,Work_1913,Sanitation,26-12-2023,1091370
1914,Uttar Pradesh,Constituency_286,MP_Name_286,Work_1914,Sanitation,19-07-2021,1804215
1915,Maharashtra,Constituency_287,MP_Name_287,Work_1915,Electricity,18-12-2021,657893
1916,Delhi,Constituency_288,MP_Name_288,Work_1916,Electricity,06-09-2023,1472083
1917,Karnataka,Constituency_289,MP_Name_289,Work_1917,Electricity,17-08-2023,948021
1918,Gujarat,Constituency_290,MP_Name_290,Work_1918,Sanitation,11-06-2021,1695819
1919,Uttar Pradesh,Constituency_291,MP_Name_291,Work_1919,Sanitation,19-04-2023,1618253
1920,Uttar Pradesh,Constituency_292,MP_Name_292,Work_1920,Electricity,10-04-2022,1729825
1921,Delhi,Constituency_293,MP_Name_293,Work_1921,Drinking Water,19-03-2023,1336332
1922,Uttar Pradesh,Constituency_294,MP_Name_294,Work_1922,Roads,15-06-2021,529102
1923,Maharashtra,Constituency_295,MP_Name_295,Work_1923,Health,04-11-2023,1581583
1924,Gujarat,Constituency_296,MP_Name_296,Work_1924,Health,29-08-2021,1967815
1925,Delhi,Constituency_297,MP_Name_297,Work_1925,Drinking Water,25-07-2022,1205893
1926,Gujarat,Constituency_298,MP_Name_298,Work_1926,Education,31-03-2023,640239
1927,Tamil Nadu,Constituency_299,MP_Name_299,Work_1927,Electricity,06-07-2021,1117501
1928,Tamil Nadu,Constituency_300,MP_Name_300,Work_1928,Health,11-11-2021,510431
1929,Tamil Nadu,Constituency_301,MP_Name_301,Work_1929,Drinking Water,29-03-2021,1545265
1930,Tamil Nadu,Constituency_302,MP_Name_302,Work_1930,Electricity,11-02-2023,1464593
1931,Uttar Pradesh,Constituency_303,MP_Name_303,Work_1931,Education,12-06-2022,1924375
1932,Karnataka,Constituency_304,MP_Name_304,Work_1932,Education,30-09-2021,1021475
1933,Gujarat,Constituency_305,MP_Name_305,Work_1933,Roads,24-05-2022,1939000
1934,Tamil Nadu,Constituency_306,MP_Name_306,Work_1934,Health,09-11-2022,1895595
1935,Uttar Pradesh,Constituency_307,MP_Name_307,Work_1935,Roads,30-08-2023,1661508
1936,Karnataka,Constituency_308,MP_Name_308,Work_1936,Electricity,12-03-2022,1055460
1937,Gujarat,Constituency_309,MP_Name_309,Work_1937,Education,16-04-2023,866349
1938,Karnataka,Constituency_310,MP_Name_310,Work_1938,Sanitation,20-01-2022,1578413
1939,Uttar Pradesh,Constituency_311,MP_Name_311,Work_1939,Sanitation,31-03-2021,920048
1940,Karnataka,Constituency_312,MP_Name_312,Work_1940,Roads,31-05-2022,675802
1941,Karnataka,Constituency_313,MP_Name_313,Work_1941,Education,15-05-2023,1348079
1942,Delhi,Constituency_314,MP_Name_314,Work_1942,Electricity,06-03-2022,1857088
1943,Tamil Nadu,Constituency_315,MP_Name_315,Work_1943,Electricity,01-01-2022,1575944
1944,Gujarat,Constituency_316,MP_Name_316,Work_1944,Electricity,05-12-2021,1896100
1945,Karnataka,Constituency_317,MP_Name_317,Work_1945,Drinking Water,23-06-2022,881467
1946,Tamil Nadu,Constituency_318,MP_Name_318,Work_1946,Drinking Water,24-04-2022,1902333
1947,Delhi,Constituency_319,MP_Name_319,Work_1947,Drinking Water,26-08-2022,1264493
1948,Delhi,Constituency_320,MP_Name_320,Work_1948,Electricity,28-07-2023,1577265
1949,Gujarat,Constituency_321,MP_Name_321,Work_1949,Education,21-09-2022,1097554
1950,Delhi,Constituency_322,MP_Name_322,Work_1950,Electricity,11-03-2022,767601
1951,Delhi,Constituency_323,MP_Name_323,Work_1951,Electricity,09-01-2022,1414942
1952,Delhi,Constituency_324,MP_Name_324,Work_1952,Drinking Water,23-05-2021,952011
1953,Delhi,Constituency_325,MP_Name_325,Work_1953,Electricity,19-07-2023,1500425
1954,Tamil Nadu,Constituency_326,MP_Name_326,Work_1954,Health,12-01-2022,1157408
1955,Maharashtra,Constituency_327,MP_Name_327,Work_1955,Roads,08-01-2023,1748181
1956,Maharashtra,Constituency_328,MP_Name_328,Work_1956,Education,23-05-2023,1763764
1957,Maharashtra,Constituency_329,MP_Name_329,Work_1957,Health,05-07-2023,602356
1958,Tamil Nadu,Constituency_330,MP_Name_330,Work_1958,Health,24-07-2021,1172118
1959,Karnataka,Constituency_331,MP_Name_331,Work_1959,Health,24-02-2021,761948
1960,Uttar Pradesh,Constituency_332,MP_Name_332,Work_1960,Electricity,06-11-2023,535061
1961,Tamil Nadu,Constituency_333,MP_Name_333,Work_1961,Roads,04-02-2021,1891397
1962,Tamil Nadu,Constituency_334,MP_Name_334,Work_1962,Health,30-09-2022,742665
1963,Gujarat,Constituency_335,MP_Name_335,Work_1963,Education,29-03-2021,1890414
1964,Uttar Pradesh,Constituency_336,MP_Name_336,Work_1964,Health,13-08-2022,786546
1965,Delhi,Constituency_337,MP_Name_337,Work_1965,Roads,27-04-2022,1912827
1966,Tamil Nadu,Constituency_338,MP_Name_338,Work_1966,Drinking Water,21-01-2021,1532748
1967,Maharashtra,Constituency_339,MP_Name_339,Work_1967,Education,13-04-2023,1366815
1968,Maharashtra,Constituency_340,MP_Name_340,Work_1968,Drinking Water,02-05-2021,1282608
1969,Karnataka,Constituency_341,MP_Name_341,Work_1969,Health,15-10-2023,1665557
1970,Karnataka,Constituency_342,MP_Name_342,Work_1970,Roads,25-06-2023,801711
1971,Maharashtra,Constituency_343,MP_Name_343,Work_1971,Health,05-06-2021,832022
1972,Gujarat,Constituency_344,MP_Name_344,Work_1972,Education,24-05-2023,1065075
1973,Delhi,Constituency_345,MP_Name_345,Work_1973,Sanitation,12-06-2023,1392271
1974,Tamil Nadu,Constituency_346,MP_Name_346,Work_1974,Health,29-11-2021,1149822
1975,Uttar Pradesh,Constituency_347,MP_Name_347,Work_1975,Sanitation,09-04-2023,1155674
1976,Delhi,Constituency_348,MP_Name_348,Work_1976,Drinking Water,04-01-2021,1752704
1977,Tamil Nadu,Constituency_349,MP_Name_349,Work_1977,Drinking Water,31-07-2021,910746
1978,Delhi,Constituency_350,MP_Name_350,Work_1978,Education,10-12-2021,1586548
1979,Delhi,Constituency_351,MP_Name_351,Work_1979,Health,02-04-2022,1689942
1980,Tamil Nadu,Constituency_352,MP_Name_352,Work_1980,Electricity,01-06-2022,1681183
1981,Uttar Pradesh,Constituency_353,MP_Name_353,Work_1981,Health,04-06-2023,1424205
1982,Delhi,Constituency_354,MP_Name_354,Work_1982,Health,01-12-2023,987949
1983,Tamil Nadu,Constituency_355,MP_Name_355,Work_1983,Education,28-09-2021,1435998
1984,Karnataka,Constituency_356,MP_Name_356,Work_1984,Health,04-07-2021,1965506
1985,Tamil Nadu,Constituency_357,MP_Name_357,Work_1985,Roads,17-05-2021,1988902
1986,Karnataka,Constituency_358,MP_Name_358,Work_1986,Electricity,05-04-2021,1974657
1987,Tamil Nadu,Constituency_359,MP_Name_359,Work_1987,Sanitation,03-02-2023,1001851
1988,Gujarat,Constituency_360,MP_Name_360,Work_1988,Roads,10-06-2023,1978856
1989,Gujarat,Constituency_361,MP_Name_361,Work_1989,Roads,15-03-2022,506631
1990,Karnataka,Constituency_362,MP_Name_362,Work_1990,Education,05-07-2023,1112604
1991,Delhi,Constituency_363,MP_Name_363,Work_1991,Health,25-02-2022,594467
1992,Gujarat,Constituency_364,MP_Name_364,Work_1992,Electricity,12-05-2023,1974096
1993,Gujarat,Constituency_365,MP_Name_365,Work_1993,Sanitation,08-08-2022,895009
1994,Gujarat,Constituency_366,MP_Name_366,Work_1994,Sanitation,01-06-2023,1366093
1995,Karnataka,Constituency_367,MP_Name_367,Work_1995,Sanitation,28-02-2021,1929548
1996,Karnataka,Constituency_368,MP_Name_368,Work_1996,Drinking Water,19-10-2022,1201452
1997,Gujarat,Constituency_369,MP_Name_369,Work_1997,Health,25-01-2022,1107435
1998,Karnataka,Constituency_370,MP_Name_370,Work_1998,Sanitation,16-05-2022,1805994
1999,Maharashtra,Constituency_371,MP_Name_371,Work_1999,Drinking Water,21-12-2023,592862
2000,Delhi,Constituency_372,MP_Name_372,Work_2000,Education,23-03-2022,972413
2001,Delhi,Constituency_373,MP_Name_373,Work_2001,Drinking Water,29-03-2022,1737568
2002,Maharashtra,Constituency_374,MP_Name_374,Work_2002,Education,25-06-2021,1891227
2003,Uttar Pradesh,Constituency_375,MP_Name_375,Work_2003,Electricity,12-08-2023,1392775
2004,Delhi,Constituency_376,MP_Name_376,Work_2004,Drinking Water,12-02-2021,1544734
2005,Uttar Pradesh,Constituency_377,MP_Name_377,Work_2005,Electricity,22-09-2022,1141920
2006,Delhi,Constituency_378,MP_Name_378,Work_2006,Sanitation,30-10-2022,1313648
2007,Tamil Nadu,Constituency_379,MP_Name_379,Work_2007,Drinking Water,07-12-2022,1112089
2008,Gujarat,Constituency_380,MP_Name_380,Work_2008,Sanitation,21-05-2021,1322099
2009,Karnataka,Constituency_381,MP_Name_381,Work_2009,Health,03-11-2022,1152583
2010,Maharashtra,Constituency_382,MP_Name_382,Work_2010,Roads,18-07-2023,1854053
2011,Tamil Nadu,Constituency_383,MP_Name_383,Work_2011,Roads,24-11-2022,1809126
2012,Karnataka,Constituency_384,MP_Name_384,Work_2012,Electricity,27-07-2021,608942
2013,Maharashtra,Constituency_385,MP_Name_385,Work_2013,Roads,28-07-2023,956001
2014,Tamil Nadu,Constituency_386,MP_Name_386,Work_2014,Electricity,09-06-2022,773158
2015,Delhi,Constituency_387,MP_Name_387,Work_2015,Drinking Water,01-08-2022,1419036
2016,Delhi,Constituency_388,MP_Name_388,Work_2016,Drinking Water,11-07-2021,667350
2017,Tamil Nadu,Constituency_389,MP_Name_389,Work_2017,Education,13-12-2022,1394236
2018,Tamil Nadu,Constituency_390,MP_Name_390,Work_2018,Roads,19-05-2022,881319
2019,Delhi,Constituency_391,MP_Name_391,Work_2019,Roads,09-04-2021,697642
2020,Uttar Pradesh,Constituency_392,MP_Name_392,Work_2020,Electricity,07-12-2022,926193
2021,Uttar Pradesh,Constituency_393,MP_Name_393,Work_2021,Health,17-12-2021,1325771
2022,Karnataka,Constituency_394,MP_Name_394,Work_2022,Sanitation,07-10-2022,1923587
2023,Maharashtra,Constituency_395,MP_Name_395,Work_2023,Sanitation,10-06-2021,1598642
2024,Karnataka,Constituency_396,MP_Name_396,Work_2024,Roads,06-08-2022,1718173
2025,Maharashtra,Constituency_397,MP_Name_397,Work_2025,Electricity,04-11-2022,993645
2026,Tamil Nadu,Constituency_398,MP_Name_398,Work_2026,Sanitation,10-10-2023,939463
2027,Maharashtra,Constituency_399,MP_Name_399,Work_2027,Electricity,19-01-2022,1439486
2028,Gujarat,Constituency_400,MP_Name_400,Work_2028,Sanitation,28-07-2023,1323198
2029,Delhi,Constituency_401,MP_Name_401,Work_2029,Drinking Water,06-02-2021,1680958
2030,Gujarat,Constituency_402,MP_Name_402,Work_2030,Roads,15-04-2021,661144
2031,Uttar Pradesh,Constituency_403,MP_Name_403,Work_2031,Drinking Water,13-08-2021,1041402
2032,Delhi,Constituency_404,MP_Name_404,Work_2032,Health,25-10-2021,1663385
2033,Maharashtra,Constituency_405,MP_Name_405,Work_2033,Roads,25-09-2023,652507
2034,Gujarat,Constituency_406,MP_Name_406,Work_2034,Sanitation,29-06-2021,917679
2035,Delhi,Constituency_407,MP_Name_407,Work_2035,Health,26-10-2022,1542863
2036,Maharashtra,Constituency_408,MP_Name_408,Work_2036,Health,06-03-2022,1604272
2037,Gujarat,Constituency_409,MP_Name_409,Work_2037,Education,21-08-2021,1708787
2038,Delhi,Constituency_410,MP_Name_410,Work_2038,Sanitation,09-07-2022,878170
2039,Delhi,Constituency_411,MP_Name_411,Work_2039,Roads,06-10-2023,1283395
2040,Gujarat,Constituency_412,MP_Name_412,Work_2040,Electricity,09-04-2021,714274
2041,Delhi,Constituency_413,MP_Name_413,Work_2041,Electricity,10-11-2021,1427983
2042,Karnataka,Constituency_414,MP_Name_414,Work_2042,Roads,27-11-2021,1151718
2043,Tamil Nadu,Constituency_415,MP_Name_415,Work_2043,Education,15-04-2021,1063706
2044,Maharashtra,Constituency_416,MP_Name_416,Work_2044,Electricity,31-05-2023,1966441
2045,Gujarat,Constituency_417,MP_Name_417,Work_2045,Drinking Water,24-11-2022,918535
2046,Karnataka,Constituency_418,MP_Name_418,Work_2046,Roads,18-03-2021,1048465
2047,Gujarat,Constituency_419,MP_Name_419,Work_2047,Health,23-04-2022,619630
2048,Tamil Nadu,Constituency_420,MP_Name_420,Work_2048,Health,22-10-2022,1868289
2049,Uttar Pradesh,Constituency_421,MP_Name_421,Work_2049,Sanitation,28-12-2022,1077923
2050,Tamil Nadu,Constituency_422,MP_Name_422,Work_2050,Electricity,09-12-2023,830842
2051,Delhi,Constituency_423,MP_Name_423,Work_2051,Education,30-05-2022,978584
2052,Maharashtra,Constituency_424,MP_Name_424,Work_2052,Drinking Water,07-05-2021,1954081
2053,Maharashtra,Constituency_425,MP_Name_425,Work_2053,Education,21-05-2023,1642468
2054,Tamil Nadu,Constituency_426,MP_Name_426,Work_2054,Health,19-12-2022,1195891
2055,Tamil Nadu,Constituency_427,MP_Name_427,Work_2055,Roads,13-08-2021,1891770
2056,Uttar Pradesh,Constituency_428,MP_Name_428,Work_2056,Roads,24-02-2022,1416500
2057,Tamil Nadu,Constituency_429,MP_Name_429,Work_2057,Health,08-12-2021,982820
2058,Maharashtra,Constituency_430,MP_Name_430,Work_2058,Roads,31-01-2023,1770203
2059,Uttar Pradesh,Constituency_431,MP_Name_431,Work_2059,Roads,04-06-2022,1500200
2060,Karnataka,Constituency_432,MP_Name_432,Work_2060,Sanitation,14-10-2021,1606153
2061,Maharashtra,Constituency_433,MP_Name_433,Work_2061,Drinking Water,05-10-2022,1478561
2062,Maharashtra,Constituency_434,MP_Name_434,Work_2062,Education,08-03-2021,1386434
2063,Uttar Pradesh,Constituency_435,MP_Name_435,Work_2063,Drinking Water,26-11-2023,711973
2064,Delhi,Constituency_436,MP_Name_436,Work_2064,Sanitation,22-08-2023,1368340
2065,Karnataka,Constituency_437,MP_Name_437,Work_2065,Education,09-03-2021,1925061
2066,Gujarat,Constituency_438,MP_Name_438,Work_2066,Roads,01-03-2022,1958781
2067,Maharashtra,Constituency_439,MP_Name_439,Work_2067,Health,03-07-2021,1280405
2068,Uttar Pradesh,Constituency_440,MP_Name_440,Work_2068,Electricity,18-12-2022,805068
2069,Gujarat,Constituency_441,MP_Name_441,Work_2069,Education,09-03-2021,1305062
2070,Karnataka,Constituency_442,MP_Name_442,Work_2070,Roads,27-06-2021,1906247
2071,Delhi,Constituency_443,MP_Name_443,Work_2071,Health,10-10-2022,534291
2072,Maharashtra,Constituency_444,MP_Name_444,Work_2072,Electricity,15-10-2023,503424
2073,Karnataka,Constituency_445,MP_Name_445,Work_2073,Roads,30-01-2022,1253585
2074,Karnataka,Constituency_446,MP_Name_446,Work_2074,Electricity,07-05-2022,893105
2075,Tamil Nadu,Constituency_447,MP_Name_447,Work_2075,Roads,12-10-2022,1427554
2076,Gujarat,Constituency_448,MP_Name_448,Work_2076,Sanitation,06-05-2023,1573067
2077,Tamil Nadu,Constituency_449,MP_Name_449,Work_2077,Health,13-09-2021,1715308
2078,Tamil Nadu,Constituency_450,MP_Name_450,Work_2078,Electricity,24-08-2023,1365676
2079,Karnataka,Constituency_451,MP_Name_451,Work_2079,Electricity,10-08-2023,1958352
2080,Uttar Pradesh,Constituency_452,MP_Name_452,Work_2080,Electricity,14-02-2023,553132
2081,Gujarat,Constituency_453,MP_Name_453,Work_2081,Electricity,22-04-2023,1365412
2082,Maharashtra,Constituency_454,MP_Name_454,Work_2082,Health,02-03-2023,945950
2083,Uttar Pradesh,Constituency_455,MP_Name_455,Work_2083,Drinking Water,03-09-2023,1177833
2084,Maharashtra,Constituency_456,MP_Name_456,Work_2084,Sanitation,05-10-2023,1831710
2085,Delhi,Constituency_457,MP_Name_457,Work_2085,Roads,21-10-2023,1755601
2086,Tamil Nadu,Constituency_458,MP_Name_458,Work_2086,Education,11-09-2023,655714
2087,Uttar Pradesh,Constituency_459,MP_Name_459,Work_2087,Drinking Water,22-09-2023,1606146
2088,Delhi,Constituency_460,MP_Name_460,Work_2088,Drinking Water,23-05-2022,882279
2089,Delhi,Constituency_461,MP_Name_461,Work_2089,Electricity,15-12-2022,1030002
2090,Karnataka,Constituency_462,MP_Name_462,Work_2090,Health,21-04-2023,794112
2091,Gujarat,Constituency_463,MP_Name_463,Work_2091,Health,22-08-2022,986585
2092,Maharashtra,Constituency_464,MP_Name_464,Work_2092,Health,08-03-2021,1356080
2093,Maharashtra,Constituency_465,MP_Name_465,Work_2093,Education,10-07-2023,504667
2094,Maharashtra,Constituency_466,MP_Name_466,Work_2094,Education,28-06-2023,1626945
2095,Delhi,Constituency_467,MP_Name_467,Work_2095,Health,13-11-2022,1882005
2096,Tamil Nadu,Constituency_468,MP_Name_468,Work_2096,Sanitation,06-03-2022,595995
2097,Karnataka,Constituency_469,MP_Name_469,Work_2097,Roads,16-05-2023,700058
2098,Karnataka,Constituency_470,MP_Name_470,Work_2098,Drinking Water,18-03-2021,1921211
2099,Delhi,Constituency_471,MP_Name_471,Work_2099,Sanitation,22-01-2021,654410
2100,Maharashtra,Constituency_472,MP_Name_472,Work_2100,Sanitation,02-07-2021,1988925
2101,Gujarat,Constituency_473,MP_Name_473,Work_2101,Education,09-05-2023,1951244
2102,Gujarat,Constituency_474,MP_Name_474,Work_2102,Roads,05-01-2023,581618
2103,Maharashtra,Constituency_475,MP_Name_475,Work_2103,Electricity,03-02-2021,1707074
2104,Karnataka,Constituency_476,MP_Name_476,Work_2104,Sanitation,15-05-2021,724742
2105,Delhi,Constituency_477,MP_Name_477,Work_2105,Health,03-01-2021,822626
2106,Tamil Nadu,Constituency_478,MP_Name_478,Work_2106,Electricity,04-06-2022,770811
2107,Maharashtra,Constituency_479,MP_Name_479,Work_2107,Roads,26-08-2021,1400221
2108,Uttar Pradesh,Constituency_480,MP_Name_480,Work_2108,Education,30-11-2023,1574750
2109,Gujarat,Constituency_481,MP_Name_481,Work_2109,Electricity,28-12-2021,1158241
2110,Uttar Pradesh,Constituency_482,MP_Name_482,Work_2110,Electricity,17-05-2023,1283445
2111,Karnataka,Constituency_483,MP_Name_483,Work_2111,Education,18-06-2022,725394
2112,Maharashtra,Constituency_484,MP_Name_484,Work_2112,Electricity,12-05-2023,1773353
2113,Uttar Pradesh,Constituency_485,MP_Name_485,Work_2113,Sanitation,19-09-2022,1405898
2114,Tamil Nadu,Constituency_486,MP_Name_486,Work_2114,Health,11-07-2021,1289417
2115,Delhi,Constituency_487,MP_Name_487,Work_2115,Education,08-04-2022,1825836
2116,Uttar Pradesh,Constituency_488,MP_Name_488,Work_2116,Health,14-07-2022,1999606
2117,Uttar Pradesh,Constituency_489,MP_Name_489,Work_2117,Electricity,05-09-2021,655201
2118,Delhi,Constituency_490,MP_Name_490,Work_2118,Sanitation,15-07-2023,662978
2119,Karnataka,Constituency_491,MP_Name_491,Work_2119,Drinking Water,09-12-2021,1693227
2120,Tamil Nadu,Constituency_492,MP_Name_492,Work_2120,Drinking Water,28-10-2021,847440
2121,Gujarat,Constituency_493,MP_Name_493,Work_2121,Education,24-07-2021,1589318
2122,Karnataka,Constituency_494,MP_Name_494,Work_2122,Drinking Water,07-05-2022,1452027
2123,Gujarat,Constituency_495,MP_Name_495,Work_2123,Sanitation,10-03-2023,1160154
2124,Uttar Pradesh,Constituency_496,MP_Name_496,Work_2124,Drinking Water,02-11-2023,1616346
2125,Delhi,Constituency_497,MP_Name_497,Work_2125,Roads,11-03-2023,1919170
2126,Tamil Nadu,Constituency_498,MP_Name_498,Work_2126,Health,13-06-2021,1439435
2127,Delhi,Constituency_499,MP_Name_499,Work_2127,Health,11-06-2023,1752740
2128,Maharashtra,Constituency_500,MP_Name_500,Work_2128,Health,01-08-2023,1230574
2129,Uttar Pradesh,Constituency_501,MP_Name_501,Work_2129,Drinking Water,12-06-2021,910625
2130,Tamil Nadu,Constituency_502,MP_Name_502,Work_2130,Drinking Water,16-05-2021,1281800
2131,Karnataka,Constituency_503,MP_Name_503,Work_2131,Sanitation,19-03-2021,766006
2132,Gujarat,Constituency_504,MP_Name_504,Work_2132,Roads,20-05-2021,1919245
2133,Uttar Pradesh,Constituency_505,MP_Name_505,Work_2133,Sanitation,10-06-2023,1062651
2134,Gujarat,Constituency_506,MP_Name_506,Work_2134,Electricity,20-01-2023,987398
2135,Gujarat,Constituency_507,MP_Name_507,Work_2135,Drinking Water,28-10-2021,985669
2136,Maharashtra,Constituency_508,MP_Name_508,Work_2136,Education,29-03-2021,645768
2137,Karnataka,Constituency_509,MP_Name_509,Work_2137,Drinking Water,23-11-2021,1494427
2138,Karnataka,Constituency_510,MP_Name_510,Work_2138,Roads,21-07-2023,1210827
2139,Gujarat,Constituency_511,MP_Name_511,Work_2139,Electricity,16-08-2022,563688
2140,Delhi,Constituency_512,MP_Name_512,Work_2140,Electricity,12-09-2021,981885
2141,Karnataka,Constituency_513,MP_Name_513,Work_2141,Education,21-02-2023,781754
2142,Tamil Nadu,Constituency_514,MP_Name_514,Work_2142,Education,06-02-2022,1335722
2143,Tamil Nadu,Constituency_515,MP_Name_515,Work_2143,Education,19-02-2023,1741643
2144,Tamil Nadu,Constituency_516,MP_Name_516,Work_2144,Drinking Water,17-08-2022,1637943
2145,Maharashtra,Constituency_517,MP_Name_517,Work_2145,Electricity,11-10-2023,1675975
2146,Tamil Nadu,Constituency_518,MP_Name_518,Work_2146,Sanitation,23-05-2023,1878810
2147,Uttar Pradesh,Constituency_519,MP_Name_519,Work_2147,Health,15-05-2021,954233
2148,Gujarat,Constituency_520,MP_Name_520,Work_2148,Education,24-09-2023,1098758
2149,Gujarat,Constituency_521,MP_Name_521,Work_2149,Electricity,03-10-2021,1416488
2150,Delhi,Constituency_522,MP_Name_522,Work_2150,Drinking Water,26-10-2023,520444
2151,Tamil Nadu,Constituency_523,MP_Name_523,Work_2151,Roads,29-10-2022,744982
2152,Karnataka,Constituency_524,MP_Name_524,Work_2152,Electricity,07-05-2022,893740
2153,Delhi,Constituency_525,MP_Name_525,Work_2153,Electricity,14-04-2021,1800531
2154,Gujarat,Constituency_526,MP_Name_526,Work_2154,Sanitation,02-03-2021,1852613
2155,Tamil Nadu,Constituency_527,MP_Name_527,Work_2155,Sanitation,03-05-2022,1620364
2156,Karnataka,Constituency_528,MP_Name_528,Work_2156,Electricity,02-05-2021,1430576
2157,Tamil Nadu,Constituency_529,MP_Name_529,Work_2157,Education,05-06-2022,1952269
2158,Delhi,Constituency_530,MP_Name_530,Work_2158,Electricity,10-09-2023,599645
2159,Maharashtra,Constituency_531,MP_Name_531,Work_2159,Electricity,14-05-2022,807270
2160,Tamil Nadu,Constituency_532,MP_Name_532,Work_2160,Education,22-06-2022,1933650
2161,Delhi,Constituency_533,MP_Name_533,Work_2161,Health,13-11-2022,1879956
2162,Gujarat,Constituency_534,MP_Name_534,Work_2162,Education,02-11-2021,1114060
2163,Karnataka,Constituency_535,MP_Name_535,Work_2163,Education,22-04-2021,677299
2164,Tamil Nadu,Constituency_536,MP_Name_536,Work_2164,Education,08-05-2022,1128066
2165,Delhi,Constituency_537,MP_Name_537,Work_2165,Drinking Water,30-01-2021,1610740
2166,Maharashtra,Constituency_538,MP_Name_538,Work_2166,Roads,04-07-2023,1574699
2167,Gujarat,Constituency_539,MP_Name_539,Work_2167,Sanitation,08-01-2021,935805
2168,Gujarat,Constituency_540,MP_Name_540,Work_2168,Sanitation,13-11-2023,540883
2169,Maharashtra,Constituency_541,MP_Name_541,Work_2169,Electricity,17-03-2021,1002003
2170,Delhi,Constituency_542,MP_Name_542,Work_2170,Health,23-09-2022,1593380
2171,Tamil Nadu,Constituency_543,MP_Name_543,Work_2171,Electricity,21-12-2022,1484863
2172,Delhi,Constituency_1,MP_Name_1,Work_2172,Drinking Water,16-11-2023,1731177
2173,Tamil Nadu,Constituency_2,MP_Name_2,Work_2173,Drinking Water,20-09-2021,1090713
2174,Karnataka,Constituency_3,MP_Name_3,Work_2174,Health,19-02-2022,788568
2175,Tamil Nadu,Constituency_4,MP_Name_4,Work_2175,Electricity,19-01-2023,954177
2176,Uttar Pradesh,Constituency_5,MP_Name_5,Work_2176,Health,12-11-2023,1824427
2177,Uttar Pradesh,Constituency_6,MP_Name_6,Work_2177,Sanitation,03-06-2021,525760
2178,Maharashtra,Constituency_7,MP_Name_7,Work_2178,Roads,06-02-2021,1276632
2179,Uttar Pradesh,Constituency_8,MP_Name_8,Work_2179,Roads,08-03-2023,1743014
2180,Tamil Nadu,Constituency_9,MP_Name_9,Work_2180,Health,24-08-2023,1129110
2181,Delhi,Constituency_10,MP_Name_10,Work_2181,Sanitation,20-08-2021,947522
2182,Karnataka,Constituency_11,MP_Name_11,Work_2182,Roads,23-03-2022,1208273
2183,Delhi,Constituency_12,MP_Name_12,Work_2183,Roads,13-12-2021,1960144
2184,Karnataka,Constituency_13,MP_Name_13,Work_2184,Electricity,29-04-2021,1795692
2185,Maharashtra,Constituency_14,MP_Name_14,Work_2185,Sanitation,15-11-2023,825587
2186,Uttar Pradesh,Constituency_15,MP_Name_15,Work_2186,Health,30-11-2023,1295604
2187,Karnataka,Constituency_16,MP_Name_16,Work_2187,Health,08-07-2023,872205
2188,Gujarat,Constituency_17,MP_Name_17,Work_2188,Roads,09-09-2023,590324
2189,Gujarat,Constituency_18,MP_Name_18,Work_2189,Drinking Water,01-09-2022,702289
2190,Maharashtra,Constituency_19,MP_Name_19,Work_2190,Health,25-03-2023,934874
2191,Delhi,Constituency_20,MP_Name_20,Work_2191,Drinking Water,01-02-2023,1440417
2192,Delhi,Constituency_21,MP_Name_21,Work_2192,Education,20-04-2022,1390618
2193,Maharashtra,Constituency_22,MP_Name_22,Work_2193,Education,22-11-2022,1228438
2194,Delhi,Constituency_23,MP_Name_23,Work_2194,Roads,04-02-2022,1773980
2195,Karnataka,Constituency_24,MP_Name_24,Work_2195,Electricity,12-04-2023,900273
2196,Tamil Nadu,Constituency_25,MP_Name_25,Work_2196,Health,15-08-2022,1900681
2197,Delhi,Constituency_26,MP_Name_26,Work_2197,Electricity,09-05-2023,1147984
2198,Delhi,Constituency_27,MP_Name_27,Work_2198,Health,21-11-2021,1100383
2199,Delhi,Constituency_28,MP_Name_28,Work_2199,Health,21-09-2023,575150
2200,Delhi,Constituency_29,MP_Name_29,Work_2200,Drinking Water,30-03-2021,1393290
2201,Uttar Pradesh,Constituency_30,MP_Name_30,Work_2201,Education,18-09-2022,529231
2202,Maharashtra,Constituency_31,MP_Name_31,Work_2202,Sanitation,23-02-2021,820896
2203,Delhi,Constituency_32,MP_Name_32,Work_2203,Sanitation,03-02-2023,1376169
2204,Karnataka,Constituency_33,MP_Name_33,Work_2204,Roads,06-07-2023,1511856
2205,Karnataka,Constituency_34,MP_Name_34,Work_2205,Drinking Water,23-10-2021,637817
2206,Maharashtra,Constituency_35,MP_Name_35,Work_2206,Health,14-10-2023,1997913
2207,Tamil Nadu,Constituency_36,MP_Name_36,Work_2207,Drinking Water,05-07-2023,1675579
2208,Karnataka,Constituency_37,MP_Name_37,Work_2208,Education,25-01-2022,1357096
2209,Delhi,Constituency_38,MP_Name_38,Work_2209,Health,15-04-2022,627104
2210,Uttar Pradesh,Constituency_39,MP_Name_39,Work_2210,Education,06-05-2022,930634
2211,Tamil Nadu,Constituency_40,MP_Name_40,Work_2211,Health,04-01-2021,1952475
2212,Karnataka,Constituency_41,MP_Name_41,Work_2212,Sanitation,01-09-2022,1882672
2213,Karnataka,Constituency_42,MP_Name_42,Work_2213,Drinking Water,29-05-2023,1006331
2214,Tamil Nadu,Constituency_43,MP_Name_43,Work_2214,Electricity,01-12-2022,856430
2215,Gujarat,Constituency_44,MP_Name_44,Work_2215,Roads,24-01-2021,1749418
2216,Uttar Pradesh,Constituency_45,MP_Name_45,Work_2216,Electricity,20-10-2021,1305214
2217,Tamil Nadu,Constituency_46,MP_Name_46,Work_2217,Education,13-10-2022,1837854
2218,Tamil Nadu,Constituency_47,MP_Name_47,Work_2218,Sanitation,26-03-2022,1607839
2219,Uttar Pradesh,Constituency_48,MP_Name_48,Work_2219,Roads,21-03-2022,1645858
2220,Gujarat,Constituency_49,MP_Name_49,Work_2220,Electricity,24-06-2022,1984348
2221,Tamil Nadu,Constituency_50,MP_Name_50,Work_2221,Drinking Water,05-06-2023,1361237
2222,Maharashtra,Constituency_51,MP_Name_51,Work_2222,Education,18-08-2023,1809376
2223,Tamil Nadu,Constituency_52,MP_Name_52,Work_2223,Health,17-10-2022,684239
2224,Karnataka,Constituency_53,MP_Name_53,Work_2224,Electricity,11-08-2023,1280774
2225,Uttar Pradesh,Constituency_54,MP_Name_54,Work_2225,Electricity,22-11-2022,1873549
2226,Delhi,Constituency_55,MP_Name_55,Work_2226,Health,09-04-2023,1862827
2227,Maharashtra,Constituency_56,MP_Name_56,Work_2227,Electricity,14-03-2021,970872
2228,Uttar Pradesh,Constituency_57,MP_Name_57,Work_2228,Electricity,02-01-2022,834631
2229,Tamil Nadu,Constituency_58,MP_Name_58,Work_2229,Drinking Water,01-11-2023,1886429
2230,Gujarat,Constituency_59,MP_Name_59,Work_2230,Drinking Water,13-03-2022,986034
2231,Delhi,Constituency_60,MP_Name_60,Work_2231,Sanitation,18-09-2022,532792
2232,Maharashtra,Constituency_61,MP_Name_61,Work_2232,Electricity,02-07-2021,1952746
2233,Maharashtra,Constituency_62,MP_Name_62,Work_2233,Drinking Water,15-01-2023,1584791
2234,Gujarat,Constituency_63,MP_Name_63,Work_2234,Roads,21-07-2022,1232483
2235,Karnataka,Constituency_64,MP_Name_64,Work_2235,Health,19-12-2023,636745
2236,Maharashtra,Constituency_65,MP_Name_65,Work_2236,Health,25-06-2023,605805
2237,Karnataka,Constituency_66,MP_Name_66,Work_2237,Electricity,18-08-2023,1122838
2238,Uttar Pradesh,Constituency_67,MP_Name_67,Work_2238,Sanitation,26-11-2023,1914393
2239,Uttar Pradesh,Constituency_68,MP_Name_68,Work_2239,Health,29-04-2023,1402565
2240,Delhi,Constituency_69,MP_Name_69,Work_2240,Health,17-03-2023,562280
2241,Delhi,Constituency_70,MP_Name_70,Work_2241,Sanitation,27-03-2022,789799
2242,Tamil Nadu,Constituency_71,MP_Name_71,Work_2242,Roads,16-09-2023,1608753
2243,Gujarat,Constituency_72,MP_Name_72,Work_2243,Sanitation,20-04-2022,1969014
2244,Gujarat,Constituency_73,MP_Name_73,Work_2244,Drinking Water,19-09-2021,1937060
2245,Uttar Pradesh,Constituency_74,MP_Name_74,Work_2245,Drinking Water,13-12-2022,1528166
2246,Karnataka,Constituency_75,MP_Name_75,Work_2246,Health,15-07-2021,1041861
2247,Gujarat,Constituency_76,MP_Name_76,Work_2247,Sanitation,27-11-2021,691036
2248,Tamil Nadu,Constituency_77,MP_Name_77,Work_2248,Drinking Water,19-11-2021,1857798
2249,Delhi,Constituency_78,MP_Name_78,Work_2249,Roads,26-02-2021,542969
2250,Delhi,Constituency_79,MP_Name_79,Work_2250,Education,07-06-2023,1156229
2251,Delhi,Constituency_80,MP_Name_80,Work_2251,Health,07-04-2021,1530916
2252,Delhi,Constituency_81,MP_Name_81,Work_2252,Drinking Water,01-10-2023,1217521
2253,Maharashtra,Constituency_82,MP_Name_82,Work_2253,Roads,28-08-2022,989457
2254,Uttar Pradesh,Constituency_83,MP_Name_83,Work_2254,Education,16-02-2021,690168
2255,Uttar Pradesh,Constituency_84,MP_Name_84,Work_2255,Health,25-09-2022,1044083
2256,Gujarat,Constituency_85,MP_Name_85,Work_2256,Health,31-01-2023,561257
2257,Tamil Nadu,Constituency_86,MP_Name_86,Work_2257,Education,04-05-2023,1747351
2258,Delhi,Constituency_87,MP_Name_87,Work_2258,Electricity,14-10-2021,1418985
2259,Gujarat,Constituency_88,MP_Name_88,Work_2259,Electricity,24-12-2021,1162705
2260,Tamil Nadu,Constituency_89,MP_Name_89,Work_2260,Electricity,14-04-2021,1306834
2261,Uttar Pradesh,Constituency_90,MP_Name_90,Work_2261,Education,04-11-2023,1487107
2262,Maharashtra,Constituency_91,MP_Name_91,Work_2262,Drinking Water,26-08-2023,1295333
2263,Delhi,Constituency_92,MP_Name_92,Work_2263,Sanitation,09-03-2021,1689480
2264,Delhi,Constituency_93,MP_Name_93,Work_2264,Roads,24-08-2021,1023365
2265,Maharashtra,Constituency_94,MP_Name_94,Work_2265,Roads,11-01-2023,1974658
2266,Delhi,Constituency_95,MP_Name_95,Work_2266,Education,18-08-2022,1761683
2267,Delhi,Constituency_96,MP_Name_96,Work_2267,Electricity,06-05-2021,966162
2268,Gujarat,Constituency_97,MP_Name_97,Work_2268,Education,17-08-2021,850417
2269,Tamil Nadu,Constituency_98,MP_Name_98,Work_2269,Drinking Water,25-06-2021,839268
2270,Karnataka,Constituency_99,MP_Name_99,Work_2270,Sanitation,21-03-2022,635438
2271,Gujarat,Constituency_100,MP_Name_100,Work_2271,Sanitation,27-06-2022,922663
2272,Gujarat,Constituency_101,MP_Name_101,Work_2272,Electricity,13-12-2022,1070300
2273,Maharashtra,Constituency_102,MP_Name_102,Work_2273,Education,11-11-2022,1284474
2274,Uttar Pradesh,Constituency_103,MP_Name_103,Work_2274,Roads,15-03-2023,1074991
2275,Tamil Nadu,Constituency_104,MP_Name_104,Work_2275,Electricity,20-09-2021,1818241
2276,Maharashtra,Constituency_105,MP_Name_105,Work_2276,Roads,16-02-2023,1938702
2277,Uttar Pradesh,Constituency_106,MP_Name_106,Work_2277,Health,30-05-2023,963236
2278,Karnataka,Constituency_107,MP_Name_107,Work_2278,Sanitation,13-09-2023,562694
2279,Gujarat,Constituency_108,MP_Name_108,Work_2279,Education,20-11-2022,1501985
2280,Delhi,Constituency_109,MP_Name_109,Work_2280,Electricity,06-11-2023,1914027
2281,Gujarat,Constituency_110,MP_Name_110,Work_2281,Roads,07-04-2023,1246729
2282,Uttar Pradesh,Constituency_111,MP_Name_111,Work_2282,Electricity,27-11-2021,1245882
2283,Tamil Nadu,Constituency_112,MP_Name_112,Work_2283,Drinking Water,11-01-2022,1005621
2284,Tamil Nadu,Constituency_113,MP_Name_113,Work_2284,Drinking Water,02-09-2022,1748045
2285,Delhi,Constituency_114,MP_Name_114,Work_2285,Health,25-07-2021,1753297
2286,Delhi,Constituency_115,MP_Name_115,Work_2286,Education,27-07-2021,1142171
2287,Gujarat,Constituency_116,MP_Name_116,Work_2287,Sanitation,03-11-2022,1588565
2288,Uttar Pradesh,Constituency_117,MP_Name_117,Work_2288,Education,14-04-2023,1219448
2289,Tamil Nadu,Constituency_118,MP_Name_118,Work_2289,Roads,29-11-2021,944465
2290,Gujarat,Constituency_119,MP_Name_119,Work_2290,Education,01-12-2021,1120777
2291,Maharashtra,Constituency_120,MP_Name_120,Work_2291,Electricity,18-12-2021,1511913
2292,Uttar Pradesh,Constituency_121,MP_Name_121,Work_2292,Drinking Water,10-09-2021,946455
2293,Maharashtra,Constituency_122,MP_Name_122,Work_2293,Roads,09-03-2022,1078701
2294,Delhi,Constituency_123,MP_Name_123,Work_2294,Health,14-02-2023,1288097
2295,Karnataka,Constituency_124,MP_Name_124,Work_2295,Drinking Water,16-10-2022,946765
2296,Delhi,Constituency_125,MP_Name_125,Work_2296,Roads,31-03-2021,1056010
2297,Maharashtra,Constituency_126,MP_Name_126,Work_2297,Health,26-11-2022,899476
2298,Delhi,Constituency_127,MP_Name_127,Work_2298,Education,16-08-2021,1799305
2299,Gujarat,Constituency_128,MP_Name_128,Work_2299,Drinking Water,29-06-2022,1862539
2300,Uttar Pradesh,Constituency_129,MP_Name_129,Work_2300,Drinking Water,05-09-2021,713708
2301,Gujarat,Constituency_130,MP_Name_130,Work_2301,Electricity,21-07-2022,1254707
2302,Maharashtra,Constituency_131,MP_Name_131,Work_2302,Health,17-01-2021,1076221
2303,Uttar Pradesh,Constituency_132,MP_Name_132,Work_2303,Drinking Water,20-10-2023,1809428
2304,Tamil Nadu,Constituency_133,MP_Name_133,Work_2304,Health,09-11-2021,1584416
2305,Uttar Pradesh,Constituency_134,MP_Name_134,Work_2305,Electricity,17-04-2021,1635242
2306,Maharashtra,Constituency_135,MP_Name_135,Work_2306,Roads,04-11-2023,510373
2307,Uttar Pradesh,Constituency_136,MP_Name_136,Work_2307,Electricity,25-09-2023,605208
2308,Gujarat,Constituency_137,MP_Name_137,Work_2308,Drinking Water,17-09-2023,721200
2309,Maharashtra,Constituency_138,MP_Name_138,Work_2309,Electricity,05-05-2022,1672215
2310,Karnataka,Constituency_139,MP_Name_139,Work_2310,Sanitation,05-09-2023,699231
2311,Karnataka,Constituency_140,MP_Name_140,Work_2311,Drinking Water,25-09-2022,649588
2312,Maharashtra,Constituency_141,MP_Name_141,Work_2312,Electricity,09-10-2021,1101773
2313,Maharashtra,Constituency_142,MP_Name_142,Work_2313,Education,25-04-2021,1767499
2314,Karnataka,Constituency_143,MP_Name_143,Work_2314,Roads,06-07-2023,1285509
2315,Uttar Pradesh,Constituency_144,MP_Name_144,Work_2315,Electricity,23-05-2022,1138777
2316,Tamil Nadu,Constituency_145,MP_Name_145,Work_2316,Education,05-06-2022,575106
2317,Delhi,Constituency_146,MP_Name_146,Work_2317,Health,18-08-2022,1145832
2318,Maharashtra,Constituency_147,MP_Name_147,Work_2318,Education,08-10-2023,1481061
2319,Maharashtra,Constituency_148,MP_Name_148,Work_2319,Drinking Water,31-01-2021,1263875
2320,Karnataka,Constituency_149,MP_Name_149,Work_2320,Education,01-09-2022,1204648
2321,Gujarat,Constituency_150,MP_Name_150,Work_2321,Electricity,23-11-2021,566980
2322,Delhi,Constituency_151,MP_Name_151,Work_2322,Drinking Water,17-12-2023,1993046
2323,Gujarat,Constituency_152,MP_Name_152,Work_2323,Electricity,08-09-2021,944671
2324,Tamil Nadu,Constituency_153,MP_Name_153,Work_2324,Sanitation,22-07-2023,1819967
2325,Tamil Nadu,Constituency_154,MP_Name_154,Work_2325,Sanitation,16-01-2023,871042
2326,Karnataka,Constituency_155,MP_Name_155,Work_2326,Drinking Water,01-12-2022,1584859
2327,Maharashtra,Constituency_156,MP_Name_156,Work_2327,Sanitation,03-01-2022,718787
2328,Delhi,Constituency_157,MP_Name_157,Work_2328,Education,17-04-2022,1197230
2329,Uttar Pradesh,Constituency_158,MP_Name_158,Work_2329,Roads,15-09-2021,855965
2330,Maharashtra,Constituency_159,MP_Name_159,Work_2330,Education,11-01-2023,583069
2331,Maharashtra,Constituency_160,MP_Name_160,Work_2331,Health,12-07-2023,1333821
2332,Karnataka,Constituency_161,MP_Name_161,Work_2332,Health,27-06-2022,809542
2333,Uttar Pradesh,Constituency_162,MP_Name_162,Work_2333,Roads,15-10-2022,1496562
2334,Uttar Pradesh,Constituency_163,MP_Name_163,Work_2334,Health,17-12-2023,1530084
2335,Uttar Pradesh,Constituency_164,MP_Name_164,Work_2335,Drinking Water,01-03-2022,769749
2336,Delhi,Constituency_165,MP_Name_165,Work_2336,Education,17-01-2022,1892931
2337,Delhi,Constituency_166,MP_Name_166,Work_2337,Sanitation,09-04-2023,729205
2338,Karnataka,Constituency_167,MP_Name_167,Work_2338,Education,28-03-2022,1735634
2339,Karnataka,Constituency_168,MP_Name_168,Work_2339,Sanitation,13-05-2022,1154303
2340,Maharashtra,Constituency_169,MP_Name_169,Work_2340,Electricity,12-03-2022,839656
2341,Uttar Pradesh,Constituency_170,MP_Name_170,Work_2341,Health,12-11-2021,1384639
2342,Tamil Nadu,Constituency_171,MP_Name_171,Work_2342,Electricity,05-06-2021,632423
2343,Delhi,Constituency_172,MP_Name_172,Work_2343,Electricity,28-09-2022,1965797
2344,Uttar Pradesh,Constituency_173,MP_Name_173,Work_2344,Drinking Water,17-02-2022,1130892
2345,Gujarat,Constituency_174,MP_Name_174,Work_2345,Health,06-11-2022,664783
2346,Gujarat,Constituency_175,MP_Name_175,Work_2346,Electricity,13-09-2022,585690
2347,Tamil Nadu,Constituency_176,MP_Name_176,Work_2347,Electricity,20-05-2023,1567316
2348,Tamil Nadu,Constituency_177,MP_Name_177,Work_2348,Sanitation,09-11-2022,612817
2349,Gujarat,Constituency_178,MP_Name_178,Work_2349,Education,12-06-2023,1265791
2350,Gujarat,Constituency_179,MP_Name_179,Work_2350,Electricity,01-10-2023,1611554
2351,Uttar Pradesh,Constituency_180,MP_Name_180,Work_2351,Roads,27-06-2022,1828851
2352,Karnataka,Constituency_181,MP_Name_181,Work_2352,Roads,26-01-2021,1879587
2353,Tamil Nadu,Constituency_182,MP_Name_182,Work_2353,Drinking Water,26-10-2023,1205344
2354,Tamil Nadu,Constituency_183,MP_Name_183,Work_2354,Education,09-02-2023,1863034
2355,Gujarat,Constituency_184,MP_Name_184,Work_2355,Health,13-06-2023,1719159
2356,Gujarat,Constituency_185,MP_Name_185,Work_2356,Electricity,23-09-2022,1167599
2357,Karnataka,Constituency_186,MP_Name_186,Work_2357,Electricity,27-02-2023,1971437
2358,Maharashtra,Constituency_187,MP_Name_187,Work_2358,Drinking Water,23-06-2021,1345219
2359,Maharashtra,Constituency_188,MP_Name_188,Work_2359,Electricity,22-07-2021,927002
2360,Tamil Nadu,Constituency_189,MP_Name_189,Work_2360,Education,13-01-2022,1327989
2361,Gujarat,Constituency_190,MP_Name_190,Work_2361,Sanitation,09-01-2022,1164337
2362,Karnataka,Constituency_191,MP_Name_191,Work_2362,Health,21-08-2021,1568220
2363,Karnataka,Constituency_192,MP_Name_192,Work_2363,Roads,29-09-2023,1536119
2364,Gujarat,Constituency_193,MP_Name_193,Work_2364,Electricity,29-03-2022,1834543
2365,Uttar Pradesh,Constituency_194,MP_Name_194,Work_2365,Drinking Water,25-01-2021,748532
2366,Uttar Pradesh,Constituency_195,MP_Name_195,Work_2366,Electricity,13-11-2022,1285421
2367,Karnataka,Constituency_196,MP_Name_196,Work_2367,Education,26-01-2023,1050016
2368,Delhi,Constituency_197,MP_Name_197,Work_2368,Education,22-03-2021,897907
2369,Gujarat,Constituency_198,MP_Name_198,Work_2369,Education,15-06-2022,784888
2370,Uttar Pradesh,Constituency_199,MP_Name_199,Work_2370,Drinking Water,07-04-2021,708718
2371,Maharashtra,Constituency_200,MP_Name_200,Work_2371,Health,30-05-2021,1839731
2372,Tamil Nadu,Constituency_201,MP_Name_201,Work_2372,Electricity,05-04-2023,1459495
2373,Delhi,Constituency_202,MP_Name_202,Work_2373,Education,20-10-2022,1860568
2374,Uttar Pradesh,Constituency_203,MP_Name_203,Work_2374,Sanitation,23-03-2022,1527919
2375,Maharashtra,Constituency_204,MP_Name_204,Work_2375,Drinking Water,30-05-2022,1661575
2376,Karnataka,Constituency_205,MP_Name_205,Work_2376,Health,17-04-2022,535130
2377,Maharashtra,Constituency_206,MP_Name_206,Work_2377,Sanitation,23-10-2023,1035276
2378,Gujarat,Constituency_207,MP_Name_207,Work_2378,Roads,29-05-2022,679748
2379,Maharashtra,Constituency_208,MP_Name_208,Work_2379,Health,25-02-2023,1291363
2380,Karnataka,Constituency_209,MP_Name_209,Work_2380,Education,19-10-2022,714494
2381,Maharashtra,Constituency_210,MP_Name_210,Work_2381,Health,24-03-2023,1478690
2382,Gujarat,Constituency_211,MP_Name_211,Work_2382,Health,02-05-2022,1068001
2383,Uttar Pradesh,Constituency_212,MP_Name_212,Work_2383,Health,11-02-2023,632055
2384,Gujarat,Constituency_213,MP_Name_213,Work_2384,Health,16-07-2023,1684747
2385,Delhi,Constituency_214,MP_Name_214,Work_2385,Roads,07-07-2023,819336
2386,Maharashtra,Constituency_215,MP_Name_215,Work_2386,Drinking Water,14-06-2023,672340
2387,Uttar Pradesh,Constituency_216,MP_Name_216,Work_2387,Education,22-03-2022,755412
2388,Delhi,Constituency_217,MP_Name_217,Work_2388,Drinking Water,02-03-2023,523630
2389,Gujarat,Constituency_218,MP_Name_218,Work_2389,Sanitation,15-08-2022,539993
2390,Maharashtra,Constituency_219,MP_Name_219,Work_2390,Sanitation,20-03-2021,1902134
2391,Delhi,Constituency_220,MP_Name_220,Work_2391,Drinking Water,25-12-2023,1423337
2392,Tamil Nadu,Constituency_221,MP_Name_221,Work_2392,Sanitation,26-10-2021,1747623
2393,Uttar Pradesh,Constituency_222,MP_Name_222,Work_2393,Drinking Water,13-01-2022,1968053
2394,Gujarat,Constituency_223,MP_Name_223,Work_2394,Health,22-02-2023,741340
2395,Tamil Nadu,Constituency_224,MP_Name_224,Work_2395,Drinking Water,02-04-2021,909571
2396,Delhi,Constituency_225,MP_Name_225,Work_2396,Health,03-10-2022,1340530
2397,Uttar Pradesh,Constituency_226,MP_Name_226,Work_2397,Drinking Water,23-11-2023,818109
2398,Gujarat,Constituency_227,MP_Name_227,Work_2398,Education,04-05-2022,843230
2399,Delhi,Constituency_228,MP_Name_228,Work_2399,Electricity,11-05-2021,610238
2400,Maharashtra,Constituency_229,MP_Name_229,Work_2400,Roads,05-12-2021,1171539
2401,Gujarat,Constituency_230,MP_Name_230,Work_2401,Education,12-02-2023,1909738
2402,Delhi,Constituency_231,MP_Name_231,Work_2402,Electricity,23-04-2023,1789092
2403,Tamil Nadu,Constituency_232,MP_Name_232,Work_2403,Sanitation,09-09-2021,957215
2404,Karnataka,Constituency_233,MP_Name_233,Work_2404,Health,04-07-2021,1769741
2405,Maharashtra,Constituency_234,MP_Name_234,Work_2405,Electricity,24-02-2023,1108604
2406,Tamil Nadu,Constituency_235,MP_Name_235,Work_2406,Education,08-12-2021,1697450
2407,Uttar Pradesh,Constituency_236,MP_Name_236,Work_2407,Sanitation,16-09-2021,1620692
2408,Karnataka,Constituency_237,MP_Name_237,Work_2408,Health,27-10-2022,1119605
2409,Gujarat,Constituency_238,MP_Name_238,Work_2409,Education,06-01-2023,685489
2410,Maharashtra,Constituency_239,MP_Name_239,Work_2410,Health,13-10-2021,949540
2411,Delhi,Constituency_240,MP_Name_240,Work_2411,Drinking Water,09-11-2022,1451220
2412,Uttar Pradesh,Constituency_241,MP_Name_241,Work_2412,Electricity,25-11-2022,811806
2413,Maharashtra,Constituency_242,MP_Name_242,Work_2413,Sanitation,06-12-2021,1535708
2414,Uttar Pradesh,Constituency_243,MP_Name_243,Work_2414,Electricity,17-02-2022,509854
2415,Gujarat,Constituency_244,MP_Name_244,Work_2415,Health,20-11-2021,528243
2416,Gujarat,Constituency_245,MP_Name_245,Work_2416,Drinking Water,25-09-2022,1534945
2417,Delhi,Constituency_246,MP_Name_246,Work_2417,Education,28-10-2021,837571
2418,Tamil Nadu,Constituency_247,MP_Name_247,Work_2418,Drinking Water,14-03-2021,763688
2419,Tamil Nadu,Constituency_248,MP_Name_248,Work_2419,Health,19-08-2023,792916
2420,Gujarat,Constituency_249,MP_Name_249,Work_2420,Sanitation,27-10-2023,953678
2421,Gujarat,Constituency_250,MP_Name_250,Work_2421,Roads,23-10-2021,734427
2422,Delhi,Constituency_251,MP_Name_251,Work_2422,Sanitation,25-09-2022,1318219
2423,Delhi,Constituency_252,MP_Name_252,Work_2423,Drinking Water,03-06-2021,1786320
2424,Tamil Nadu,Constituency_253,MP_Name_253,Work_2424,Education,29-07-2023,1173897
2425,Karnataka,Constituency_254,MP_Name_254,Work_2425,Drinking Water,22-01-2021,607761
2426,Gujarat,Constituency_255,MP_Name_255,Work_2426,Electricity,13-06-2022,1036472
2427,Gujarat,Constituency_256,MP_Name_256,Work_2427,Health,28-05-2023,795990
2428,Maharashtra,Constituency_257,MP_Name_257,Work_2428,Education,24-02-2022,1993453
2429,Karnataka,Constituency_258,MP_Name_258,Work_2429,Education,27-06-2023,1917821
2430,Delhi,Constituency_259,MP_Name_259,Work_2430,Electricity,11-06-2022,1205958
2431,Tamil Nadu,Constituency_260,MP_Name_260,Work_2431,Health,08-01-2022,1626703
2432,Uttar Pradesh,Constituency_261,MP_Name_261,Work_2432,Health,05-06-2023,1755268
2433,Karnataka,Constituency_262,MP_Name_262,Work_2433,Roads,16-04-2021,649556
2434,Karnataka,Constituency_263,MP_Name_263,Work_2434,Roads,01-07-2022,1727767
2435,Tamil Nadu,Constituency_264,MP_Name_264,Work_2435,Education,27-07-2023,552374
2436,Delhi,Constituency_265,MP_Name_265,Work_2436,Drinking Water,18-09-2021,1001885
2437,Maharashtra,Constituency_266,MP_Name_266,Work_2437,Sanitation,29-04-2022,1713723
2438,Delhi,Constituency_267,MP_Name_267,Work_2438,Drinking Water,03-03-2023,559425
2439,Maharashtra,Constituency_268,MP_Name_268,Work_2439,Roads,14-01-2022,1548216
2440,Delhi,Constituency_269,MP_Name_269,Work_2440,Sanitation,09-03-2022,1158263
2441,Gujarat,Constituency_270,MP_Name_270,Work_2441,Sanitation,30-07-2021,1316344
2442,Tamil Nadu,Constituency_271,MP_Name_271,Work_2442,Roads,01-07-2021,913845
2443,Uttar Pradesh,Constituency_272,MP_Name_272,Work_2443,Electricity,29-05-2022,1102600
2444,Tamil Nadu,Constituency_273,MP_Name_273,Work_2444,Health,01-12-2021,1624621
2445,Gujarat,Constituency_274,MP_Name_274,Work_2445,Sanitation,04-12-2022,1942623
2446,Tamil Nadu,Constituency_275,MP_Name_275,Work_2446,Sanitation,03-08-2022,599607
2447,Karnataka,Constituency_276,MP_Name_276,Work_2447,Drinking Water,13-08-2022,1597882
2448,Gujarat,Constituency_277,MP_Name_277,Work_2448,Electricity,26-11-2021,1724986
2449,Karnataka,Constituency_278,MP_Name_278,Work_2449,Health,05-02-2021,1081399
2450,Delhi,Constituency_279,MP_Name_279,Work_2450,Health,13-06-2023,880775
2451,Uttar Pradesh,Constituency_280,MP_Name_280,Work_2451,Health,06-01-2022,1979066
2452,Tamil Nadu,Constituency_281,MP_Name_281,Work_2452,Electricity,07-07-2021,920843
2453,Karnataka,Constituency_282,MP_Name_282,Work_2453,Roads,04-07-2021,1199019
2454,Maharashtra,Constituency_283,MP_Name_283,Work_2454,Drinking Water,17-11-2022,1032231
2455,Karnataka,Constituency_284,MP_Name_284,Work_2455,Health,16-06-2022,704797
2456,Uttar Pradesh,Constituency_285,MP_Name_285,Work_2456,Education,06-04-2023,941768
2457,Maharashtra,Constituency_286,MP_Name_286,Work_2457,Sanitation,27-01-2023,643075
2458,Karnataka,Constituency_287,MP_Name_287,Work_2458,Education,08-12-2021,1848223
2459,Tamil Nadu,Constituency_288,MP_Name_288,Work_2459,Roads,10-01-2021,1143256
2460,Tamil Nadu,Constituency_289,MP_Name_289,Work_2460,Health,15-10-2021,1640491
2461,Gujarat,Constituency_290,MP_Name_290,Work_2461,Roads,27-07-2022,937992
2462,Delhi,Constituency_291,MP_Name_291,Work_2462,Education,23-02-2022,530949
2463,Uttar Pradesh,Constituency_292,MP_Name_292,Work_2463,Education,24-01-2023,1853811
2464,Maharashtra,Constituency_293,MP_Name_293,Work_2464,Sanitation,15-11-2022,1058041
2465,Gujarat,Constituency_294,MP_Name_294,Work_2465,Education,09-03-2021,703182
2466,Delhi,Constituency_295,MP_Name_295,Work_2466,Health,08-08-2023,1253063
2467,Maharashtra,Constituency_296,MP_Name_296,Work_2467,Sanitation,14-03-2023,688437
2468,Delhi,Constituency_297,MP_Name_297,Work_2468,Electricity,21-02-2022,1258518
2469,Maharashtra,Constituency_298,MP_Name_298,Work_2469,Sanitation,02-09-2023,1717727
2470,Uttar Pradesh,Constituency_299,MP_Name_299,Work_2470,Health,19-06-2021,1802245
2471,Maharashtra,Constituency_300,MP_Name_300,Work_2471,Drinking Water,12-04-2023,828548
2472,Tamil Nadu,Constituency_301,MP_Name_301,Work_2472,Health,14-11-2022,1333801
2473,Karnataka,Constituency_302,MP_Name_302,Work_2473,Drinking Water,21-02-2023,1095324
2474,Tamil Nadu,Constituency_303,MP_Name_303,Work_2474,Education,22-06-2023,1084066
2475,Delhi,Constituency_304,MP_Name_304,Work_2475,Drinking Water,27-04-2021,1058692
2476,Uttar Pradesh,Constituency_305,MP_Name_305,Work_2476,Drinking Water,14-07-2023,1041629
2477,Maharashtra,Constituency_306,MP_Name_306,Work_2477,Health,13-07-2022,1468674
2478,Gujarat,Constituency_307,MP_Name_307,Work_2478,Drinking Water,09-12-2023,1308600
2479,Uttar Pradesh,Constituency_308,MP_Name_308,Work_2479,Electricity,06-05-2021,1816389
2480,Delhi,Constituency_309,MP_Name_309,Work_2480,Electricity,13-06-2023,1604577
2481,Tamil Nadu,Constituency_310,MP_Name_310,Work_2481,Drinking Water,06-07-2022,1201902
2482,Uttar Pradesh,Constituency_311,MP_Name_311,Work_2482,Education,02-09-2022,1953173
2483,Uttar Pradesh,Constituency_312,MP_Name_312,Work_2483,Drinking Water,05-03-2021,579811
2484,Karnataka,Constituency_313,MP_Name_313,Work_2484,Health,13-04-2023,1516161
2485,Tamil Nadu,Constituency_314,MP_Name_314,Work_2485,Health,13-06-2021,1412913
2486,Tamil Nadu,Constituency_315,MP_Name_315,Work_2486,Roads,23-03-2023,791816
2487,Maharashtra,Constituency_316,MP_Name_316,Work_2487,Education,04-01-2023,1761827
2488,Maharashtra,Constituency_317,MP_Name_317,Work_2488,Drinking Water,13-02-2022,1445248
2489,Uttar Pradesh,Constituency_318,MP_Name_318,Work_2489,Electricity,18-07-2022,1305621
2490,Delhi,Constituency_319,MP_Name_319,Work_2490,Roads,09-10-2021,1245627
2491,Gujarat,Constituency_320,MP_Name_320,Work_2491,Health,19-01-2023,1740500
2492,Tamil Nadu,Constituency_321,MP_Name_321,Work_2492,Education,20-03-2023,1455677
2493,Delhi,Constituency_322,MP_Name_322,Work_2493,Drinking Water,10-02-2021,776941
2494,Uttar Pradesh,Constituency_323,MP_Name_323,Work_2494,Drinking Water,08-07-2022,1234062
2495,Tamil Nadu,Constituency_324,MP_Name_324,Work_2495,Drinking Water,09-11-2022,1706566
2496,Maharashtra,Constituency_325,MP_Name_325,Work_2496,Electricity,01-03-2022,1036704
2497,Tamil Nadu,Constituency_326,MP_Name_326,Work_2497,Sanitation,25-08-2023,718371
2498,Delhi,Constituency_327,MP_Name_327,Work_2498,Health,03-09-2021,579340
2499,Tamil Nadu,Constituency_328,MP_Name_328,Work_2499,Electricity,10-03-2021,1922509
2500,Tamil Nadu,Constituency_329,MP_Name_329,Work_2500,Sanitation,05-12-2023,1382159
2501,Maharashtra,Constituency_330,MP_Name_330,Work_2501,Health,18-06-2021,1348139
2502,Maharashtra,Constituency_331,MP_Name_331,Work_2502,Roads,03-04-2022,536068
2503,Delhi,Constituency_332,MP_Name_332,Work_2503,Drinking Water,17-12-2021,611738
2504,Uttar Pradesh,Constituency_333,MP_Name_333,Work_2504,Sanitation,02-01-2021,761030
2505,Karnataka,Constituency_334,MP_Name_334,Work_2505,Sanitation,27-01-2022,1351175
2506,Karnataka,Constituency_335,MP_Name_335,Work_2506,Sanitation,23-08-2023,1285689
2507,Karnataka,Constituency_336,MP_Name_336,Work_2507,Electricity,13-09-2023,1230003
2508,Karnataka,Constituency_337,MP_Name_337,Work_2508,Electricity,03-10-2021,1122898
2509,Delhi,Constituency_338,MP_Name_338,Work_2509,Electricity,30-07-2021,1641545
2510,Tamil Nadu,Constituency_339,MP_Name_339,Work_2510,Drinking Water,19-02-2023,1051070
2511,Uttar Pradesh,Constituency_340,MP_Name_340,Work_2511,Education,24-06-2021,530517
2512,Karnataka,Constituency_341,MP_Name_341,Work_2512,Drinking Water,17-05-2021,1227241
2513,Uttar Pradesh,Constituency_342,MP_Name_342,Work_2513,Roads,31-07-2021,1359959
2514,Delhi,Constituency_343,MP_Name_343,Work_2514,Drinking Water,24-09-2022,925529
2515,Delhi,Constituency_344,MP_Name_344,Work_2515,Electricity,09-03-2021,557682
2516,Tamil Nadu,Constituency_345,MP_Name_345,Work_2516,Drinking Water,16-07-2021,1023064
2517,Maharashtra,Constituency_346,MP_Name_346,Work_2517,Sanitation,18-02-2023,529498
2518,Tamil Nadu,Constituency_347,MP_Name_347,Work_2518,Health,21-10-2022,1618204
2519,Gujarat,Constituency_348,MP_Name_348,Work_2519,Drinking Water,09-08-2023,1503605
2520,Delhi,Constituency_349,MP_Name_349,Work_2520,Health,15-05-2023,1217661
2521,Karnataka,Constituency_350,MP_Name_350,Work_2521,Roads,14-01-2021,1015314
2522,Uttar Pradesh,Constituency_351,MP_Name_351,Work_2522,Electricity,21-11-2021,1038245
2523,Gujarat,Constituency_352,MP_Name_352,Work_2523,Sanitation,07-04-2022,1906589
2524,Maharashtra,Constituency_353,MP_Name_353,Work_2524,Electricity,18-05-2021,1661020
2525,Tamil Nadu,Constituency_354,MP_Name_354,Work_2525,Education,26-07-2022,1137454
2526,Karnataka,Constituency_355,MP_Name_355,Work_2526,Drinking Water,31-10-2022,1055788
2527,Gujarat,Constituency_356,MP_Name_356,Work_2527,Roads,04-08-2023,531879
2528,Karnataka,Constituency_357,MP_Name_357,Work_2528,Health,14-02-2023,1843965
2529,Tamil Nadu,Constituency_358,MP_Name_358,Work_2529,Electricity,01-02-2023,1489181
2530,Maharashtra,Constituency_359,MP_Name_359,Work_2530,Sanitation,17-02-2022,1337568
2531,Maharashtra,Constituency_360,MP_Name_360,Work_2531,Drinking Water,26-02-2022,1913563
2532,Maharashtra,Constituency_361,MP_Name_361,Work_2532,Drinking Water,31-05-2023,1655085
2533,Maharashtra,Constituency_362,MP_Name_362,Work_2533,Drinking Water,10-10-2023,520556
2534,Delhi,Constituency_363,MP_Name_363,Work_2534,Electricity,14-04-2022,1084866
2535,Uttar Pradesh,Constituency_364,MP_Name_364,Work_2535,Roads,09-07-2021,1731803
2536,Delhi,Constituency_365,MP_Name_365,Work_2536,Roads,27-06-2021,890660
2537,Delhi,Constituency_366,MP_Name_366,Work_2537,Sanitation,23-05-2021,1999285
2538,Uttar Pradesh,Constituency_367,MP_Name_367,Work_2538,Sanitation,28-03-2022,635370
2539,Karnataka,Constituency_368,MP_Name_368,Work_2539,Electricity,02-11-2023,959588
2540,Delhi,Constituency_369,MP_Name_369,Work_2540,Education,12-02-2023,1094444
2541,Gujarat,Constituency_370,MP_Name_370,Work_2541,Education,18-05-2022,1321465
2542,Maharashtra,Constituency_371,MP_Name_371,Work_2542,Roads,25-03-2021,1874125
2543,Tamil Nadu,Constituency_372,MP_Name_372,Work_2543,Roads,31-10-2021,1816749
2544,Karnataka,Constituency_373,MP_Name_373,Work_2544,Electricity,30-01-2021,1464916
2545,Delhi,Constituency_374,MP_Name_374,Work_2545,Education,19-09-2021,870814
2546,Karnataka,Constituency_375,MP_Name_375,Work_2546,Electricity,05-11-2023,1065390
2547,Delhi,Constituency_376,MP_Name_376,Work_2547,Education,08-12-2022,1917073
2548,Uttar Pradesh,Constituency_377,MP_Name_377,Work_2548,Health,10-04-2023,1014234
2549,Uttar Pradesh,Constituency_378,MP_Name_378,Work_2549,Roads,11-09-2021,822832
2550,Gujarat,Constituency_379,MP_Name_379,Work_2550,Health,11-01-2021,1032833
2551,Tamil Nadu,Constituency_380,MP_Name_380,Work_2551,Health,07-04-2022,986469
2552,Delhi,Constituency_381,MP_Name_381,Work_2552,Health,25-12-2023,1154908
2553,Maharashtra,Constituency_382,MP_Name_382,Work_2553,Drinking Water,11-09-2023,1158447
2554,Delhi,Constituency_383,MP_Name_383,Work_2554,Roads,29-03-2021,868100
2555,Gujarat,Constituency_384,MP_Name_384,Work_2555,Roads,21-05-2023,1023813
2556,Tamil Nadu,Constituency_385,MP_Name_385,Work_2556,Electricity,10-08-2021,606155
2557,Uttar Pradesh,Constituency_386,MP_Name_386,Work_2557,Education,17-01-2023,587892
2558,Karnataka,Constituency_387,MP_Name_387,Work_2558,Electricity,12-10-2021,1028018
2559,Gujarat,Constituency_388,MP_Name_388,Work_2559,Roads,22-02-2021,1405639
2560,Delhi,Constituency_389,MP_Name_389,Work_2560,Health,10-06-2021,1110915
2561,Delhi,Constituency_390,MP_Name_390,Work_2561,Roads,05-04-2021,1248210
2562,Gujarat,Constituency_391,MP_Name_391,Work_2562,Health,22-04-2021,972808
2563,Maharashtra,Constituency_392,MP_Name_392,Work_2563,Education,21-10-2022,1316845
2564,Tamil Nadu,Constituency_393,MP_Name_393,Work_2564,Education,31-07-2023,590405
2565,Tamil Nadu,Constituency_394,MP_Name_394,Work_2565,Sanitation,12-04-2021,1822227
2566,Tamil Nadu,Constituency_395,MP_Name_395,Work_2566,Roads,21-11-2022,1670471
2567,Gujarat,Constituency_396,MP_Name_396,Work_2567,Sanitation,29-07-2021,1514792
2568,Uttar Pradesh,Constituency_397,MP_Name_397,Work_2568,Sanitation,18-05-2023,1418499
2569,Karnataka,Constituency_398,MP_Name_398,Work_2569,Electricity,04-08-2021,662709
2570,Karnataka,Constituency_399,MP_Name_399,Work_2570,Electricity,06-03-2022,856403
2571,Tamil Nadu,Constituency_400,MP_Name_400,Work_2571,Health,29-11-2022,1782319
2572,Maharashtra,Constituency_401,MP_Name_401,Work_2572,Roads,20-08-2021,856402
2573,Maharashtra,Constituency_402,MP_Name_402,Work_2573,Education,12-12-2021,537899
2574,Gujarat,Constituency_403,MP_Name_403,Work_2574,Sanitation,14-01-2023,1625166
2575,Uttar Pradesh,Constituency_404,MP_Name_404,Work_2575,Electricity,26-10-2023,1297189
2576,Delhi,Constituency_405,MP_Name_405,Work_2576,Electricity,02-12-2021,1765387
2577,Karnataka,Constituency_406,MP_Name_406,Work_2577,Electricity,21-06-2022,849974
2578,Gujarat,Constituency_407,MP_Name_407,Work_2578,Electricity,25-12-2023,1951421
2579,Gujarat,Constituency_408,MP_Name_408,Work_2579,Health,07-04-2022,945472
2580,Gujarat,Constituency_409,MP_Name_409,Work_2580,Education,17-02-2023,512292
2581,Maharashtra,Constituency_410,MP_Name_410,Work_2581,Education,02-03-2021,1534321
2582,Delhi,Constituency_411,MP_Name_411,Work_2582,Electricity,26-01-2023,1507265
2583,Gujarat,Constituency_412,MP_Name_412,Work_2583,Health,26-02-2022,1758707
2584,Gujarat,Constituency_413,MP_Name_413,Work_2584,Sanitation,02-12-2021,1128753
2585,Tamil Nadu,Constituency_414,MP_Name_414,Work_2585,Education,02-11-2023,571377
2586,Delhi,Constituency_415,MP_Name_415,Work_2586,Education,08-02-2023,1507590
2587,Maharashtra,Constituency_416,MP_Name_416,Work_2587,Electricity,08-05-2021,754245
2588,Karnataka,Constituency_417,MP_Name_417,Work_2588,Education,07-06-2023,1770176
2589,Karnataka,Constituency_418,MP_Name_418,Work_2589,Roads,02-02-2021,687751
2590,Gujarat,Constituency_419,MP_Name_419,Work_2590,Drinking Water,31-08-2021,1193908
2591,Tamil Nadu,Constituency_420,MP_Name_420,Work_2591,Education,05-09-2022,1673453
2592,Maharashtra,Constituency_421,MP_Name_421,Work_2592,Education,07-06-2021,577065
2593,Tamil Nadu,Constituency_422,MP_Name_422,Work_2593,Health,20-07-2022,1547991
2594,Uttar Pradesh,Constituency_423,MP_Name_423,Work_2594,Roads,09-10-2021,1112529
2595,Uttar Pradesh,Constituency_424,MP_Name_424,Work_2595,Sanitation,07-09-2022,753410
2596,Uttar Pradesh,Constituency_425,MP_Name_425,Work_2596,Sanitation,30-11-2022,530728
2597,Maharashtra,Constituency_426,MP_Name_426,Work_2597,Drinking Water,14-04-2022,1989687
2598,Uttar Pradesh,Constituency_427,MP_Name_427,Work_2598,Electricity,27-02-2023,1600388
2599,Karnataka,Constituency_428,MP_Name_428,Work_2599,Drinking Water,02-05-2022,1404822
2600,Gujarat,Constituency_429,MP_Name_429,Work_2600,Education,30-08-2023,879999
2601,Gujarat,Constituency_430,MP_Name_430,Work_2601,Roads,03-04-2021,725149
2602,Delhi,Constituency_431,MP_Name_431,Work_2602,Sanitation,25-08-2023,1918105
2603,Delhi,Constituency_432,MP_Name_432,Work_2603,Sanitation,08-03-2023,1165161
2604,Delhi,Constituency_433,MP_Name_433,Work_2604,Roads,31-10-2021,864408
2605,Tamil Nadu,Constituency_434,MP_Name_434,Work_2605,Drinking Water,03-06-2021,941805
2606,Delhi,Constituency_435,MP_Name_435,Work_2606,Drinking Water,29-05-2022,809337
2607,Delhi,Constituency_436,MP_Name_436,Work_2607,Drinking Water,20-07-2023,1391483
2608,Gujarat,Constituency_437,MP_Name_437,Work_2608,Electricity,19-10-2022,1273105
2609,Uttar Pradesh,Constituency_438,MP_Name_438,Work_2609,Drinking Water,01-09-2023,1537121
2610,Delhi,Constituency_439,MP_Name_439,Work_2610,Education,20-08-2022,1289284
2611,Uttar Pradesh,Constituency_440,MP_Name_440,Work_2611,Sanitation,28-05-2021,515212
2612,Uttar Pradesh,Constituency_441,MP_Name_441,Work_2612,Electricity,13-08-2021,1324344
2613,Maharashtra,Constituency_442,MP_Name_442,Work_2613,Health,11-04-2022,932751
2614,Gujarat,Constituency_443,MP_Name_443,Work_2614,Health,12-11-2021,804331
2615,Gujarat,Constituency_444,MP_Name_444,Work_2615,Health,19-02-2023,1547925
2616,Uttar Pradesh,Constituency_445,MP_Name_445,Work_2616,Education,31-05-2022,1055302
2617,Gujarat,Constituency_446,MP_Name_446,Work_2617,Roads,18-01-2023,1151315
2618,Delhi,Constituency_447,MP_Name_447,Work_2618,Roads,22-08-2021,770016
2619,Tamil Nadu,Constituency_448,MP_Name_448,Work_2619,Health,30-06-2022,1111943
2620,Gujarat,Constituency_449,MP_Name_449,Work_2620,Drinking Water,28-06-2021,1383676
2621,Maharashtra,Constituency_450,MP_Name_450,Work_2621,Education,07-02-2021,581220
2622,Maharashtra,Constituency_451,MP_Name_451,Work_2622,Health,20-12-2023,1677285
2623,Maharashtra,Constituency_452,MP_Name_452,Work_2623,Health,10-02-2021,1483111
2624,Gujarat,Constituency_453,MP_Name_453,Work_2624,Drinking Water,28-12-2021,1430003
2625,Gujarat,Constituency_454,MP_Name_454,Work_2625,Drinking Water,27-10-2023,813472
2626,Uttar Pradesh,Constituency_455,MP_Name_455,Work_2626,Roads,02-01-2021,817963
2627,Karnataka,Constituency_456,MP_Name_456,Work_2627,Drinking Water,09-11-2021,500206
2628,Tamil Nadu,Constituency_457,MP_Name_457,Work_2628,Roads,04-05-2021,973537
2629,Delhi,Constituency_458,MP_Name_458,Work_2629,Electricity,09-08-2021,1545027
2630,Tamil Nadu,Constituency_459,MP_Name_459,Work_2630,Drinking Water,13-11-2023,926957
2631,Uttar Pradesh,Constituency_460,MP_Name_460,Work_2631,Roads,15-01-2022,1031702
2632,Uttar Pradesh,Constituency_461,MP_Name_461,Work_2632,Sanitation,23-11-2023,1472731
2633,Delhi,Constituency_462,MP_Name_462,Work_2633,Drinking Water,14-12-2023,783906
2634,Tamil Nadu,Constituency_463,MP_Name_463,Work_2634,Roads,09-05-2021,1106801
2635,Maharashtra,Constituency_464,MP_Name_464,Work_2635,Sanitation,30-10-2021,1838152
2636,Delhi,Constituency_465,MP_Name_465,Work_2636,Drinking Water,22-11-2022,1291264
2637,Tamil Nadu,Constituency_466,MP_Name_466,Work_2637,Electricity,23-12-2021,1608577
2638,Gujarat,Constituency_467,MP_Name_467,Work_2638,Drinking Water,27-09-2022,1458909
2639,Tamil Nadu,Constituency_468,MP_Name_468,Work_2639,Education,31-10-2022,513936
2640,Karnataka,Constituency_469,MP_Name_469,Work_2640,Health,06-02-2023,1980553
2641,Karnataka,Constituency_470,MP_Name_470,Work_2641,Sanitation,09-07-2022,1787053
2642,Delhi,Constituency_471,MP_Name_471,Work_2642,Health,21-06-2022,1076064
2643,Karnataka,Constituency_472,MP_Name_472,Work_2643,Sanitation,24-05-2023,854977
2644,Karnataka,Constituency_473,MP_Name_473,Work_2644,Roads,21-03-2022,1785134
2645,Tamil Nadu,Constituency_474,MP_Name_474,Work_2645,Drinking Water,27-12-2023,760274
2646,Tamil Nadu,Constituency_475,MP_Name_475,Work_2646,Drinking Water,17-11-2021,1407304
2647,Tamil Nadu,Constituency_476,MP_Name_476,Work_2647,Roads,16-07-2023,1882873
2648,Uttar Pradesh,Constituency_477,MP_Name_477,Work_2648,Electricity,28-01-2022,1380223
2649,Gujarat,Constituency_478,MP_Name_478,Work_2649,Sanitation,02-10-2021,1347011
2650,Maharashtra,Constituency_479,MP_Name_479,Work_2650,Roads,14-08-2021,1384441
2651,Uttar Pradesh,Constituency_480,MP_Name_480,Work_2651,Electricity,24-12-2021,690491
2652,Maharashtra,Constituency_481,MP_Name_481,Work_2652,Roads,02-06-2023,946176
2653,Maharashtra,Constituency_482,MP_Name_482,Work_2653,Education,19-10-2023,572904
2654,Karnataka,Constituency_483,MP_Name_483,Work_2654,Sanitation,31-01-2023,1026576
2655,Karnataka,Constituency_484,MP_Name_484,Work_2655,Electricity,31-05-2022,1915000
2656,Karnataka,Constituency_485,MP_Name_485,Work_2656,Sanitation,26-03-2021,1738934
2657,Uttar Pradesh,Constituency_486,MP_Name_486,Work_2657,Roads,07-02-2022,1456641
2658,Maharashtra,Constituency_487,MP_Name_487,Work_2658,Electricity,07-06-2022,1095501
2659,Uttar Pradesh,Constituency_488,MP_Name_488,Work_2659,Health,25-04-2023,735510
2660,Delhi,Constituency_489,MP_Name_489,Work_2660,Drinking Water,09-06-2021,1659671
2661,Gujarat,Constituency_490,MP_Name_490,Work_2661,Roads,31-03-2022,701242
2662,Delhi,Constituency_491,MP_Name_491,Work_2662,Sanitation,03-05-2023,1889924
2663,Gujarat,Constituency_492,MP_Name_492,Work_2663,Sanitation,08-11-2022,1499836
2664,Tamil Nadu,Constituency_493,MP_Name_493,Work_2664,Education,15-06-2023,1419241
2665,Uttar Pradesh,Constituency_494,MP_Name_494,Work_2665,Drinking Water,19-01-2022,1074015
2666,Maharashtra,Constituency_495,MP_Name_495,Work_2666,Electricity,09-12-2023,1051980
2667,Maharashtra,Constituency_496,MP_Name_496,Work_2667,Electricity,10-10-2023,1239225
2668,Tamil Nadu,Constituency_497,MP_Name_497,Work_2668,Health,15-04-2022,704999
2669,Delhi,Constituency_498,MP_Name_498,Work_2669,Education,01-02-2021,1830796
2670,Karnataka,Constituency_499,MP_Name_499,Work_2670,Drinking Water,15-05-2021,1647865
2671,Delhi,Constituency_500,MP_Name_500,Work_2671,Electricity,15-07-2021,1978999
2672,Delhi,Constituency_501,MP_Name_501,Work_2672,Education,13-01-2023,1888121
2673,Karnataka,Constituency_502,MP_Name_502,Work_2673,Drinking Water,07-04-2023,712309
2674,Uttar Pradesh,Constituency_503,MP_Name_503,Work_2674,Electricity,17-10-2022,1053307
2675,Delhi,Constituency_504,MP_Name_504,Work_2675,Sanitation,17-06-2022,692359
2676,Gujarat,Constituency_505,MP_Name_505,Work_2676,Sanitation,30-11-2023,637190
2677,Maharashtra,Constituency_506,MP_Name_506,Work_2677,Health,14-05-2021,903483
2678,Karnataka,Constituency_507,MP_Name_507,Work_2678,Sanitation,04-11-2022,790783
2679,Maharashtra,Constituency_508,MP_Name_508,Work_2679,Health,15-11-2022,1378699
2680,Tamil Nadu,Constituency_509,MP_Name_509,Work_2680,Health,10-03-2023,639066
2681,Delhi,Constituency_510,MP_Name_510,Work_2681,Roads,05-06-2023,856567
2682,Delhi,Constituency_511,MP_Name_511,Work_2682,Health,28-05-2023,1706987
2683,Tamil Nadu,Constituency_512,MP_Name_512,Work_2683,Drinking Water,18-11-2023,1251278
2684,Delhi,Constituency_513,MP_Name_513,Work_2684,Electricity,13-06-2021,1170534
2685,Karnataka,Constituency_514,MP_Name_514,Work_2685,Drinking Water,23-05-2023,1368510
2686,Uttar Pradesh,Constituency_515,MP_Name_515,Work_2686,Education,02-11-2023,1331133
2687,Uttar Pradesh,Constituency_516,MP_Name_516,Work_2687,Electricity,03-09-2022,667640
2688,Uttar Pradesh,Constituency_517,MP_Name_517,Work_2688,Roads,12-07-2021,1096425
2689,Delhi,Constituency_518,MP_Name_518,Work_2689,Education,28-12-2021,1021146
2690,Gujarat,Constituency_519,MP_Name_519,Work_2690,Sanitation,03-02-2023,1722090
2691,Gujarat,Constituency_520,MP_Name_520,Work_2691,Roads,23-09-2021,1596871
2692,Karnataka,Constituency_521,MP_Name_521,Work_2692,Roads,07-11-2023,696608
2693,Gujarat,Constituency_522,MP_Name_522,Work_2693,Electricity,22-02-2021,622819
2694,Maharashtra,Constituency_523,MP_Name_523,Work_2694,Health,16-12-2022,748132
2695,Tamil Nadu,Constituency_524,MP_Name_524,Work_2695,Electricity,05-12-2022,1827148
2696,Delhi,Constituency_525,MP_Name_525,Work_2696,Drinking Water,21-06-2023,1076125
2697,Uttar Pradesh,Constituency_526,MP_Name_526,Work_2697,Roads,30-11-2021,1453787
2698,Tamil Nadu,Constituency_527,MP_Name_527,Work_2698,Health,12-01-2022,1101883
2699,Tamil Nadu,Constituency_528,MP_Name_528,Work_2699,Drinking Water,21-01-2021,1976455
2700,Delhi,Constituency_529,MP_Name_529,Work_2700,Sanitation,06-10-2022,1782361
2701,Maharashtra,Constituency_530,MP_Name_530,Work_2701,Roads,25-09-2022,601241
2702,Delhi,Constituency_531,MP_Name_531,Work_2702,Drinking Water,21-02-2023,1062028
2703,Tamil Nadu,Constituency_532,MP_Name_532,Work_2703,Roads,06-12-2021,607122
2704,Tamil Nadu,Constituency_533,MP_Name_533,Work_2704,Electricity,30-09-2022,1344156
2705,Maharashtra,Constituency_534,MP_Name_534,Work_2705,Drinking Water,30-11-2022,646822
2706,Gujarat,Constituency_535,MP_Name_535,Work_2706,Roads,17-05-2022,1473444
2707,Maharashtra,Constituency_536,MP_Name_536,Work_2707,Sanitation,29-10-2022,1606017
2708,Tamil Nadu,Constituency_537,MP_Name_537,Work_2708,Drinking Water,08-06-2023,1200926
2709,Maharashtra,Constituency_538,MP_Name_538,Work_2709,Sanitation,07-01-2023,1428064
2710,Gujarat,Constituency_539,MP_Name_539,Work_2710,Drinking Water,18-12-2023,827171
2711,Karnataka,Constituency_540,MP_Name_540,Work_2711,Health,04-04-2022,753910
2712,Gujarat,Constituency_541,MP_Name_541,Work_2712,Health,17-11-2021,1220409
2713,Delhi,Constituency_542,MP_Name_542,Work_2713,Drinking Water,16-03-2021,1132535
2714,Delhi,Constituency_543,MP_Name_543,Work_2714,Education,25-05-2021,1824827
