sr_no,state,ida,constituency,mp_name,work,work_category,sanction_date,sanction_amount,work_status
1,Madhya Pradesh,District_E,Constituency_1,MP_Name_1,MP/388/2023-2024/1001 - Construction of Roads facility,Education,10-10-2024,1760788,Sanctioned
2,Madhya Pradesh,District_C,Constituency_1,MP_Name_1,MP/913/2021-2022/1002 - Construction of Roads facility,Education,11-08-2023,1126739,Sanctioned
3,Madhya Pradesh,District_A,Constituency_1,MP_Name_1,MP/875/2022-2023/1003 - Construction of Sanitation facility,Sanitation,28-03-2021,627673,Sanctioned
4,Madhya Pradesh,District_B,Constituency_1,MP_Name_1,MP/848/2021-2022/1004 - Construction of Education facility,Electricity,24-12-2023,983557,Sanctioned
5,Madhya Pradesh,District_D,Constituency_1,MP_Name_1,MP/230/2022-2023/1005 - Construction of Health facility,Sanitation,23-09-2021,1312911,Sanctioned
6,Madhya Pradesh,District_D,Constituency_1,MP_Name_1,MP/464/2021-2022/1006 - Construction of Sanitation facility,Health,03-06-2022,1733619,Sanctioned
7,Madhya Pradesh,District_C,Constituency_1,MP_Name_1,MP/918/2021-2022/1007 - Construction of Roads facility,Electricity,24-08-2022,458988,Sanctioned
8,Uttar Pradesh,District_C,Constituency_2,MP_Name_2,UP/432/2021-2022/1008 - Construction of Roads facility,Drinking Water,20-01-2022,928929,Sanctioned
9,Uttar Pradesh,District_A,Constituency_2,MP_Name_2,UP/750/2021-2022/1009 - Construction of Education facility,Drinking Water,18-12-2021,1529009,Sanctioned
10,Uttar Pradesh,District_D,Constituency_2,MP_Name_2,UP/587/2023-2024/1010 - Construction of Roads facility,Sanitation,17-04-2021,1071003,Sanctioned
11,Uttar Pradesh,District_C,Constituency_2,MP_Name_2,UP/393/2022-2023/1011 - Construction of Roads facility,Drinking Water,05-11-2024,1214974,Sanctioned
12,Uttar Pradesh,District_B,Constituency_2,MP_Name_2,UP/250/2021-2022/1012 - Construction of Sanitation facility,Education,06-11-2023,1261787,Sanctioned
13,Uttar Pradesh,District_C,Constituency_2,MP_Name_2,UP/653/2021-2022/1013 - Construction of Sanitation facility,Education,20-12-2021,432684,Sanctioned
14,Uttar Pradesh,District_C,Constituency_2,MP_Name_2,UP/371/2023-2024/1014 - Construction of Electricity facility,Health,18-11-2023,1129309,Sanctioned
15,Uttar Pradesh,District_B,Constituency_2,MP_Name_2,UP/590/2022-2023/1015 - Construction of Health facility,Health,19-06-2024,929654,Sanctioned
16,Karnataka,District_C,Constituency_3,MP_Name_3,KA/819/2023-2024/1016 - Construction of Health facility,Electricity,06-09-2022,540026,Sanctioned
17,Karnataka,District_C,Constituency_3,MP_Name_3,KA/386/2021-2022/1017 - Construction of Education facility,Drinking Water,23-08-2021,1414800,Sanctioned
18,Karnataka,District_E,Constituency_3,MP_Name_3,KA/524/2022-2023/1018 - Construction of Electricity facility,Electricity,07-10-2022,1636006,Sanctioned
19,Karnataka,District_C,Constituency_3,MP_Name_3,KA/700/2022-2023/1019 - Construction of Roads facility,Education,01-04-2023,606096,Sanctioned
20,Karnataka,District_C,Constituency_3,MP_Name_3,KA/691/2023-2024/1020 - Construction of Sanitation facility,Roads,04-05-2022,1788158,Sanctioned
21,Karnataka,District_D,Constituency_3,MP_Name_3,KA/582/2021-2022/1021 - Construction of Roads facility,Education,25-05-2023,676613,Sanctioned
22,Karnataka,District_A,Constituency_3,MP_Name_3,KA/754/2021-2022/1022 - Construction of Electricity facility,Drinking Water,26-03-2021,430021,Sanctioned
23,Delhi,District_E,Constituency_4,MP_Name_4,DL/270/2023-2024/1023 - Construction of Education facility,Drinking Water,20-07-2022,403248,Sanctioned
24,Delhi,District_C,Constituency_4,MP_Name_4,DL/638/2023-2024/1024 - Construction of Education facility,Drinking Water,05-05-2021,1837591,Sanctioned
25,Delhi,District_C,Constituency_4,MP_Name_4,DL/203/2023-2024/1025 - Construction of Sanitation facility,Roads,03-12-2024,1358461,Sanctioned
26,Delhi,District_B,Constituency_4,MP_Name_4,DL/667/2023-2024/1026 - Construction of Drinking Water facility,Drinking Water,24-07-2021,1058422,Sanctioned
27,Karnataka,District_A,Constituency_5,MP_Name_5,KA/711/2023-2024/1027 - Construction of Sanitation facility,Electricity,28-12-2024,1049291,Sanctioned
28,Karnataka,District_A,Constituency_5,MP_Name_5,KA/833/2022-2023/1028 - Construction of Roads facility,Electricity,13-10-2024,1564490,Sanctioned
29,Karnataka,District_C,Constituency_5,MP_Name_5,KA/841/2022-2023/1029 - Construction of Education facility,Health,14-11-2021,734734,Sanctioned
30,West Bengal,District_E,Constituency_6,MP_Name_6,WB/718/2023-2024/1030 - Construction of Health facility,Electricity,27-03-2023,1271773,Sanctioned
31,West Bengal,District_B,Constituency_6,MP_Name_6,WB/936/2022-2023/1031 - Construction of Drinking Water facility,Roads,12-04-2024,487109,Sanctioned
32,West Bengal,District_B,Constituency_6,MP_Name_6,WB/992/2022-2023/1032 - Construction of Education facility,Electricity,03-08-2024,1488767,Sanctioned
33,West Bengal,District_A,Constituency_6,MP_Name_6,WB/585/2022-2023/1033 - Construction of Education facility,Electricity,25-03-2023,914416,Sanctioned
34,West Bengal,District_C,Constituency_6,MP_Name_6,WB/471/2023-2024/1034 - Construction of Health facility,Health,15-01-2022,1802023,Sanctioned
35,Madhya Pradesh,District_E,Constituency_7,MP_Name_7,MP/355/2023-2024/1035 - Construction of Sanitation facility,Electricity,15-05-2021,1745722,Sanctioned
36,Madhya Pradesh,District_C,Constituency_7,MP_Name_7,MP/166/2022-2023/1036 - Construction of Roads facility,Drinking Water,12-10-2024,659856,Sanctioned
37,Madhya Pradesh,District_A,Constituency_7,MP_Name_7,MP/736/2023-2024/1037 - Construction of Electricity facility,Roads,28-05-2021,752782,Sanctioned
38,Madhya Pradesh,District_E,Constituency_7,MP_Name_7,MP/116/2023-2024/1038 - Construction of Electricity facility,Education,16-08-2024,1019366,Sanctioned
39,Madhya Pradesh,District_C,Constituency_7,MP_Name_7,MP/889/2021-2022/1039 - Construction of Electricity facility,Drinking Water,07-02-2021,762834,Sanctioned
40,Madhya Pradesh,District_E,Constituency_7,MP_Name_7,MP/295/2021-2022/1040 - Construction of Electricity facility,Roads,05-04-2024,1799442,Sanctioned
41,Maharashtra,District_B,Constituency_8,MP_Name_8,MH/429/2021-2022/1041 - Construction of Health facility,Electricity,02-01-2023,765287,Sanctioned
42,Maharashtra,District_C,Constituency_8,MP_Name_8,MH/493/2023-2024/1042 - Construction of Roads facility,Sanitation,29-09-2024,602805,Sanctioned
43,Maharashtra,District_B,Constituency_8,MP_Name_8,MH/789/2021-2022/1043 - Construction of Roads facility,Sanitation,05-10-2022,973160,Sanctioned
44,Maharashtra,District_C,Constituency_8,MP_Name_8,MH/669/2022-2023/1044 - Construction of Education facility,Health,02-08-2022,763255,Sanctioned
45,Maharashtra,District_E,Constituency_8,MP_Name_8,MH/209/2022-2023/1045 - Construction of Education facility,Drinking Water,21-02-2024,587220,Sanctioned
46,Maharashtra,District_C,Constituency_8,MP_Name_8,MH/295/2023-2024/1046 - Construction of Electricity facility,Health,11-03-2022,1796583,Sanctioned
47,Delhi,District_C,Constituency_9,MP_Name_9,DL/920/2021-2022/1047 - Construction of Health facility,Health,24-04-2023,1052031,Sanctioned
48,Delhi,District_B,Constituency_9,MP_Name_9,DL/263/2022-2023/1048 - Construction of Health facility,Sanitation,09-11-2022,1641941,Sanctioned
49,Delhi,District_B,Constituency_9,MP_Name_9,DL/155/2021-2022/1049 - Construction of Education facility,Health,08-11-2021,1605603,Sanctioned
50,Delhi,District_B,Constituency_9,MP_Name_9,DL/437/2021-2022/1050 - Construction of Drinking Water facility,Roads,08-03-2024,1085266,Sanctioned
51,Delhi,District_C,Constituency_9,MP_Name_9,DL/314/2023-2024/1051 - Construction of Roads facility,Sanitation,08-01-2023,600843,Sanctioned
52,Delhi,District_B,Constituency_10,MP_Name_10,DL/383/2023-2024/1052 - Construction of Health facility,Health,23-02-2022,1579913,Sanctioned
53,Delhi,District_C,Constituency_10,MP_Name_10,DL/993/2023-2024/1053 - Construction of Roads facility,Roads,27-10-2021,698301,Sanctioned
54,Delhi,District_C,Constituency_10,MP_Name_10,DL/373/2023-2024/1054 - Construction of Education facility,Health,27-07-2021,1131720,Sanctioned
55,Delhi,District_B,Constituency_10,MP_Name_10,DL/754/2023-2024/1055 - Construction of Roads facility,Health,27-02-2021,1433692,Sanctioned
56,Delhi,District_C,Constituency_10,MP_Name_10,DL/312/2023-2024/1056 - Construction of Drinking Water facility,Health,13-12-2022,1812188,Sanctioned
57,Delhi,District_E,Constituency_10,MP_Name_10,DL/932/2023-2024/1057 - Construction of Drinking Water facility,Drinking Water,08-04-2023,1128876,Sanctioned
58,Delhi,District_A,Constituency_10,MP_Name_10,DL/384/2023-2024/1058 - Construction of Drinking Water facility,Roads,30-12-2023,1382406,Sanctioned
59,Madhya Pradesh,District_C,Constituency_11,MP_Name_11,MP/336/2021-2022/1059 - Construction of Drinking Water facility,Sanitation,11-12-2023,625068,Sanctioned
60,Madhya Pradesh,District_A,Constituency_11,MP_Name_11,MP/151/2022-2023/1060 - Construction of Roads facility,Drinking Water,24-04-2024,1385489,Sanctioned
61,Madhya Pradesh,District_D,Constituency_11,MP_Name_11,MP/461/2022-2023/1061 - Construction of Roads facility,Roads,16-03-2022,1125568,Sanctioned
62,Delhi,District_B,Constituency_12,MP_Name_12,DL/140/2023-2024/1062 - Construction of Electricity facility,Electricity,19-12-2023,771950,Sanctioned
63,Delhi,District_E,Constituency_12,MP_Name_12,DL/467/2022-2023/1063 - Construction of Sanitation facility,Electricity,29-04-2024,1190856,Sanctioned
64,Delhi,District_C,Constituency_12,MP_Name_12,DL/438/2021-2022/1064 - Construction of Health facility,Drinking Water,17-09-2023,1876684,Sanctioned
65,Madhya Pradesh,District_C,Constituency_13,MP_Name_13,MP/481/2021-2022/1065 - Construction of Roads facility,Drinking Water,15-06-2022,1715994,Sanctioned
66,Madhya Pradesh,District_D,Constituency_13,MP_Name_13,MP/991/2023-2024/1066 - Construction of Sanitation facility,Roads,04-07-2024,544800,Sanctioned
67,Madhya Pradesh,District_E,Constituency_13,MP_Name_13,MP/273/2022-2023/1067 - Construction of Education facility,Education,03-02-2024,1271055,Sanctioned
68,Uttar Pradesh,District_E,Constituency_14,MP_Name_14,UP/410/2021-2022/1068 - Construction of Drinking Water facility,Education,19-09-2023,729538,Sanctioned
69,Uttar Pradesh,District_B,Constituency_14,MP_Name_14,UP/532/2023-2024/1069 - Construction of Education facility,Electricity,02-03-2021,1514689,Sanctioned
70,Uttar Pradesh,District_C,Constituency_14,MP_Name_14,UP/224/2023-2024/1070 - Construction of Education facility,Roads,18-11-2023,427261,Sanctioned
71,Uttar Pradesh,District_A,Constituency_14,MP_Name_14,UP/100/2023-2024/1071 - Construction of Drinking Water facility,Drinking Water,30-11-2021,1064755,Sanctioned
72,Uttar Pradesh,District_B,Constituency_14,MP_Name_14,UP/666/2021-2022/1072 - Construction of Drinking Water facility,Sanitation,31-05-2021,1705915,Sanctioned
73,Uttar Pradesh,District_D,Constituency_14,MP_Name_14,UP/119/2022-2023/1073 - Construction of Health facility,Sanitation,07-06-2021,907641,Sanctioned
74,West Bengal,District_B,Constituency_15,MP_Name_15,WB/982/2021-2022/1074 - Construction of Roads facility,Drinking Water,28-11-2021,1877629,Sanctioned
75,West Bengal,District_B,Constituency_15,MP_Name_15,WB/959/2021-2022/1075 - Construction of Sanitation facility,Roads,17-06-2024,692676,Sanctioned
76,West Bengal,District_B,Constituency_15,MP_Name_15,WB/606/2022-2023/1076 - Construction of Health facility,Drinking Water,28-05-2022,1363074,Sanctioned
77,West Bengal,District_E,Constituency_15,MP_Name_15,WB/638/2023-2024/1077 - Construction of Sanitation facility,Education,04-08-2021,898107,Sanctioned
78,West Bengal,District_D,Constituency_15,MP_Name_15,WB/122/2023-2024/1078 - Construction of Electricity facility,Education,19-04-2021,934356,Sanctioned
79,West Bengal,District_B,Constituency_15,MP_Name_15,WB/372/2021-2022/1079 - Construction of Drinking Water facility,Roads,24-06-2024,897097,Sanctioned
80,West Bengal,District_D,Constituency_15,MP_Name_15,WB/207/2022-2023/1080 - Construction of Electricity facility,Drinking Water,04-04-2023,1478587,Sanctioned
81,Uttar Pradesh,District_E,Constituency_16,MP_Name_16,UP/270/2021-2022/1081 - Construction of Roads facility,Health,19-06-2023,853343,Sanctioned
82,Uttar Pradesh,District_A,Constituency_16,MP_Name_16,UP/108/2021-2022/1082 - Construction of Education facility,Electricity,30-05-2021,462919,Sanctioned
83,Uttar Pradesh,District_B,Constituency_16,MP_Name_16,UP/611/2023-2024/1083 - Construction of Electricity facility,Roads,19-08-2021,568983,Sanctioned
84,Uttar Pradesh,District_C,Constituency_16,MP_Name_16,UP/451/2023-2024/1084 - Construction of Sanitation facility,Roads,21-01-2021,605957,Sanctioned
85,Uttar Pradesh,District_C,Constituency_16,MP_Name_16,UP/468/2022-2023/1085 - Construction of Education facility,Health,11-04-2021,1820351,Sanctioned
86,West Bengal,District_B,Constituency_17,MP_Name_17,WB/726/2021-2022/1086 - Construction of Sanitation facility,Health,15-05-2023,1477072,Sanctioned
87,West Bengal,District_B,Constituency_17,MP_Name_17,WB/800/2022-2023/1087 - Construction of Education facility,Health,01-09-2022,1573003,Sanctioned
88,West Bengal,District_B,Constituency_17,MP_Name_17,WB/690/2023-2024/1088 - Construction of Electricity facility,Sanitation,28-01-2024,1661216,Sanctioned
89,West Bengal,District_E,Constituency_17,MP_Name_17,WB/322/2023-2024/1089 - Construction of Electricity facility,Sanitation,11-08-2024,588132,Sanctioned
90,West Bengal,District_D,Constituency_17,MP_Name_17,WB/806/2023-2024/1090 - Construction of Electricity facility,Education,07-05-2023,1097340,Sanctioned
91,West Bengal,District_B,Constituency_17,MP_Name_17,WB/424/2022-2023/1091 - Construction of Education facility,Health,25-09-2024,414874,Sanctioned
92,West Bengal,District_E,Constituency_17,MP_Name_17,WB/374/2023-2024/1092 - Construction of Electricity facility,Sanitation,02-03-2024,1462714,Sanctioned
93,West Bengal,District_E,Constituency_18,MP_Name_18,WB/585/2023-2024/1093 - Construction of Sanitation facility,Health,29-10-2021,846693,Sanctioned
94,West Bengal,District_A,Constituency_18,MP_Name_18,WB/793/2023-2024/1094 - Construction of Education facility,Electricity,07-07-2023,598056,Sanctioned
95,West Bengal,District_D,Constituency_18,MP_Name_18,WB/472/2022-2023/1095 - Construction of Roads facility,Electricity,05-12-2024,1203267,Sanctioned
96,West Bengal,District_D,Constituency_18,MP_Name_18,WB/847/2021-2022/1096 - Construction of Sanitation facility,Drinking Water,17-06-2024,1311861,Sanctioned
97,Karnataka,District_C,Constituency_19,MP_Name_19,KA/882/2021-2022/1097 - Construction of Roads facility,Drinking Water,01-03-2022,508129,Sanctioned
98,Karnataka,District_C,Constituency_19,MP_Name_19,KA/656/2023-2024/1098 - Construction of Sanitation facility,Roads,25-12-2023,1068036,Sanctioned
99,Karnataka,District_A,Constituency_19,MP_Name_19,KA/233/2023-2024/1099 - Construction of Drinking Water facility,Electricity,25-03-2023,950786,Sanctioned
100,Karnataka,District_C,Constituency_19,MP_Name_19,KA/976/2023-2024/1100 - Construction of Roads facility,Roads,08-02-2021,1045899,Sanctioned
101,Karnataka,District_A,Constituency_19,MP_Name_19,KA/452/2021-2022/1101 - Construction of Drinking Water facility,Sanitation,23-03-2021,487930,Sanctioned
102,Karnataka,District_D,Constituency_19,MP_Name_19,KA/993/2021-2022/1102 - Construction of Electricity facility,Roads,28-05-2022,1157544,Sanctioned
103,Karnataka,District_D,Constituency_19,MP_Name_19,KA/116/2021-2022/1103 - Construction of Health facility,Health,07-02-2023,1880435,Sanctioned
104,Tamil Nadu,District_E,Constituency_20,MP_Name_20,TN/258/2021-2022/1104 - Construction of Drinking Water facility,Roads,23-09-2024,852679,Sanctioned
105,Tamil Nadu,District_B,Constituency_20,MP_Name_20,TN/251/2021-2022/1105 - Construction of Roads facility,Roads,18-05-2022,680143,Sanctioned
106,Tamil Nadu,District_B,Constituency_20,MP_Name_20,TN/205/2022-2023/1106 - Construction of Sanitation facility,Electricity,22-07-2021,1778354,Sanctioned
107,Tamil Nadu,District_A,Constituency_20,MP_Name_20,TN/841/2023-2024/1107 - Construction of Sanitation facility,Drinking Water,08-09-2023,819145,Sanctioned
108,Madhya Pradesh,District_E,Constituency_21,MP_Name_21,MP/554/2023-2024/1108 - Construction of Drinking Water facility,Electricity,13-12-2023,1792620,Sanctioned
109,Madhya Pradesh,District_D,Constituency_21,MP_Name_21,MP/310/2022-2023/1109 - Construction of Drinking Water facility,Roads,12-01-2022,1405138,Sanctioned
110,Madhya Pradesh,District_B,Constituency_21,MP_Name_21,MP/564/2023-2024/1110 - Construction of Roads facility,Sanitation,15-08-2023,1232658,Sanctioned
111,Madhya Pradesh,District_D,Constituency_21,MP_Name_21,MP/407/2023-2024/1111 - Construction of Roads facility,Electricity,12-07-2024,826962,Sanctioned
112,Madhya Pradesh,District_C,Constituency_21,MP_Name_21,MP/465/2023-2024/1112 - Construction of Sanitation facility,Roads,26-06-2022,774879,Sanctioned
113,Madhya Pradesh,District_D,Constituency_21,MP_Name_21,MP/666/2021-2022/1113 - Construction of Electricity facility,Roads,08-11-2021,1101236,Sanctioned
114,Madhya Pradesh,District_A,Constituency_21,MP_Name_21,MP/124/2021-2022/1114 - Construction of Roads facility,Roads,02-08-2022,1592644,Sanctioned
115,Gujarat,District_C,Constituency_22,MP_Name_22,GJ/574/2021-2022/1115 - Construction of Drinking Water facility,Roads,25-01-2021,1134857,Sanctioned
116,Gujarat,District_A,Constituency_22,MP_Name_22,GJ/226/2022-2023/1116 - Construction of Education facility,Drinking Water,18-03-2021,562659,Sanctioned
117,Gujarat,District_C,Constituency_22,MP_Name_22,GJ/969/2021-2022/1117 - Construction of Health facility,Sanitation,03-04-2021,1432441,Sanctioned
118,Gujarat,District_B,Constituency_22,MP_Name_22,GJ/230/2022-2023/1118 - Construction of Electricity facility,Education,05-04-2023,626006,Sanctioned
119,Maharashtra,District_E,Constituency_23,MP_Name_23,MH/197/2021-2022/1119 - Construction of Sanitation facility,Education,20-11-2023,740869,Sanctioned
120,Maharashtra,District_A,Constituency_23,MP_Name_23,MH/915/2021-2022/1120 - Construction of Education facility,Sanitation,26-03-2023,1624188,Sanctioned
121,Maharashtra,District_D,Constituency_23,MP_Name_23,MH/136/2021-2022/1121 - Construction of Health facility,Education,31-07-2021,560704,Sanctioned
122,Maharashtra,District_D,Constituency_23,MP_Name_23,MH/618/2022-2023/1122 - Construction of Sanitation facility,Sanitation,22-11-2023,1520912,Sanctioned
123,Karnataka,District_E,Constituency_24,MP_Name_24,KA/962/2023-2024/1123 - Construction of Roads facility,Electricity,08-06-2021,910555,Sanctioned
124,Karnataka,District_D,Constituency_24,MP_Name_24,KA/277/2022-2023/1124 - Construction of Education facility,Electricity,25-06-2022,1347839,Sanctioned
125,Karnataka,District_A,Constituency_24,MP_Name_24,KA/852/2023-2024/1125 - Construction of Sanitation facility,Roads,01-01-2023,1244463,Sanctioned
126,Karnataka,District_E,Constituency_24,MP_Name_24,KA/940/2021-2022/1126 - Construction of Health facility,Roads,18-03-2022,1694346,Sanctioned
127,Karnataka,District_C,Constituency_24,MP_Name_24,KA/449/2023-2024/1127 - Construction of Electricity facility,Roads,22-10-2022,1529644,Sanctioned
128,Gujarat,District_D,Constituency_25,MP_Name_25,GJ/226/2022-2023/1128 - Construction of Drinking Water facility,Electricity,08-01-2021,1753963,Sanctioned
129,Gujarat,District_B,Constituency_25,MP_Name_25,GJ/489/2021-2022/1129 - Construction of Sanitation facility,Drinking Water,22-06-2024,1887746,Sanctioned
130,Gujarat,District_D,Constituency_25,MP_Name_25,GJ/727/2021-2022/1130 - Construction of Sanitation facility,Drinking Water,14-11-2021,1306634,Sanctioned
131,Gujarat,District_B,Constituency_25,MP_Name_25,GJ/295/2022-2023/1131 - Construction of Roads facility,Education,02-05-2022,1358873,Sanctioned
132,Gujarat,District_B,Constituency_25,MP_Name_25,GJ/541/2023-2024/1132 - Construction of Electricity facility,Education,27-12-2024,1331058,Sanctioned
133,Gujarat,District_B,Constituency_25,MP_Name_25,GJ/169/2023-2024/1133 - Construction of Electricity facility,Health,23-01-2023,1037866,Sanctioned
134,Gujarat,District_E,Constituency_25,MP_Name_25,GJ/376/2023-2024/1134 - Construction of Education facility,Roads,01-04-2024,716512,Sanctioned
135,Gujarat,District_B,Constituency_25,MP_Name_25,GJ/391/2022-2023/1135 - Construction of Education facility,Electricity,08-05-2024,1501592,Sanctioned
136,Rajasthan,District_D,Constituency_26,MP_Name_26,RJ/457/2022-2023/1136 - Construction of Health facility,Drinking Water,25-09-2021,1825286,Sanctioned
137,Rajasthan,District_D,Constituency_26,MP_Name_26,RJ/530/2023-2024/1137 - Construction of Health facility,Sanitation,06-08-2024,760433,Sanctioned
138,Rajasthan,District_A,Constituency_26,MP_Name_26,RJ/491/2023-2024/1138 - Construction of Electricity facility,Roads,18-10-2024,1249309,Sanctioned
139,Rajasthan,District_C,Constituency_26,MP_Name_26,RJ/275/2023-2024/1139 - Construction of Sanitation facility,Health,16-10-2022,447170,Sanctioned
140,Rajasthan,District_E,Constituency_26,MP_Name_26,RJ/560/2023-2024/1140 - Construction of Health facility,Health,29-08-2021,1164106,Sanctioned
141,Rajasthan,District_C,Constituency_26,MP_Name_26,RJ/377/2023-2024/1141 - Construction of Education facility,Sanitation,13-03-2022,1336204,Sanctioned
142,Gujarat,District_A,Constituency_27,MP_Name_27,GJ/447/2023-2024/1142 - Construction of Roads facility,Roads,01-11-2022,1383873,Sanctioned
143,Gujarat,District_B,Constituency_27,MP_Name_27,GJ/821/2021-2022/1143 - Construction of Sanitation facility,Roads,18-01-2021,1455906,Sanctioned
144,Gujarat,District_B,Constituency_27,MP_Name_27,GJ/357/2021-2022/1144 - Construction of Roads facility,Sanitation,11-08-2024,1256922,Sanctioned
145,Bihar,District_C,Constituency_28,MP_Name_28,BR/527/2021-2022/1145 - Construction of Sanitation facility,Education,04-10-2022,828726,Sanctioned
146,Bihar,District_E,Constituency_28,MP_Name_28,BR/182/2022-2023/1146 - Construction of Sanitation facility,Electricity,19-11-2022,527064,Sanctioned
147,Bihar,District_D,Constituency_28,MP_Name_28,BR/761/2023-2024/1147 - Construction of Roads facility,Drinking Water,02-04-2023,1248835,Sanctioned
148,Bihar,District_A,Constituency_28,MP_Name_28,BR/293/2021-2022/1148 - Construction of Sanitation facility,Electricity,12-11-2021,1718500,Sanctioned
149,Bihar,District_C,Constituency_28,MP_Name_28,BR/772/2021-2022/1149 - Construction of Electricity facility,Education,13-08-2021,608578,Sanctioned
150,Tamil Nadu,District_E,Constituency_29,MP_Name_29,TN/312/2023-2024/1150 - Construction of Drinking Water facility,Sanitation,01-07-2023,716548,Sanctioned
151,Tamil Nadu,District_C,Constituency_29,MP_Name_29,TN/501/2023-2024/1151 - Construction of Drinking Water facility,Health,21-11-2024,1451571,Sanctioned
152,Tamil Nadu,District_A,Constituency_29,MP_Name_29,TN/955/2021-2022/1152 - Construction of Drinking Water facility,Electricity,20-10-2022,699088,Sanctioned
153,Tamil Nadu,District_D,Constituency_29,MP_Name_29,TN/939/2022-2023/1153 - Construction of Sanitation facility,Sanitation,10-05-2024,677273,Sanctioned
154,Tamil Nadu,District_D,Constituency_29,MP_Name_29,TN/787/2023-2024/1154 - Construction of Electricity facility,Education,10-01-2023,1845472,Sanctioned
155,Tamil Nadu,District_D,Constituency_29,MP_Name_29,TN/821/2023-2024/1155 - Construction of Drinking Water facility,Education,06-09-2024,1077681,Sanctioned
156,Tamil Nadu,District_C,Constituency_29,MP_Name_29,TN/442/2021-2022/1156 - Construction of Health facility,Electricity,18-10-2024,1600305,Sanctioned
157,Tamil Nadu,District_D,Constituency_29,MP_Name_29,TN/856/2021-2022/1157 - Construction of Drinking Water facility,Roads,24-07-2021,973158,Sanctioned
158,Maharashtra,District_B,Constituency_30,MP_Name_30,MH/603/2022-2023/1158 - Construction of Electricity facility,Sanitation,25-08-2023,1164049,Sanctioned
159,Maharashtra,District_A,Constituency_30,MP_Name_30,MH/258/2021-2022/1159 - Construction of Drinking Water facility,Health,18-02-2021,891519,Sanctioned
160,Maharashtra,District_B,Constituency_30,MP_Name_30,MH/584/2023-2024/1160 - Construction of Drinking Water facility,Health,07-08-2021,1167590,Sanctioned
161,Maharashtra,District_D,Constituency_30,MP_Name_30,MH/916/2022-2023/1161 - Construction of Health facility,Drinking Water,21-01-2023,1216896,Sanctioned
162,Maharashtra,District_C,Constituency_30,MP_Name_30,MH/347/2022-2023/1162 - Construction of Health facility,Health,26-02-2024,1145484,Sanctioned
163,Maharashtra,District_E,Constituency_30,MP_Name_30,MH/930/2022-2023/1163 - Construction of Health facility,Electricity,03-07-2024,980074,Sanctioned
164,Maharashtra,District_B,Constituency_30,MP_Name_30,MH/380/2023-2024/1164 - Construction of Sanitation facility,Health,30-09-2022,731965,Sanctioned
165,Delhi,District_D,Constituency_31,MP_Name_31,DL/525/2021-2022/1165 - Construction of Education facility,Roads,08-08-2024,1495015,Sanctioned
166,Delhi,District_A,Constituency_31,MP_Name_31,DL/699/2022-2023/1166 - Construction of Education facility,Sanitation,26-04-2022,1429044,Sanctioned
167,Delhi,District_D,Constituency_31,MP_Name_31,DL/569/2021-2022/1167 - Construction of Electricity facility,Roads,02-07-2021,1153683,Sanctioned
168,Delhi,District_B,Constituency_31,MP_Name_31,DL/903/2021-2022/1168 - Construction of Roads facility,Roads,25-05-2024,484962,Sanctioned
169,Delhi,District_E,Constituency_31,MP_Name_31,DL/408/2021-2022/1169 - Construction of Sanitation facility,Sanitation,15-11-2021,1403413,Sanctioned
170,Delhi,District_E,Constituency_31,MP_Name_31,DL/393/2021-2022/1170 - Construction of Education facility,Sanitation,21-12-2024,1193516,Sanctioned
171,Delhi,District_B,Constituency_31,MP_Name_31,DL/905/2021-2022/1171 - Construction of Electricity facility,Sanitation,29-04-2021,618522,Sanctioned
172,Tamil Nadu,District_C,Constituency_32,MP_Name_32,TN/358/2022-2023/1172 - Construction of Education facility,Health,11-02-2023,1472178,Sanctioned
173,Tamil Nadu,District_B,Constituency_32,MP_Name_32,TN/842/2023-2024/1173 - Construction of Electricity facility,Health,02-03-2023,1399096,Sanctioned
174,Tamil Nadu,District_C,Constituency_32,MP_Name_32,TN/335/2023-2024/1174 - Construction of Health facility,Roads,16-09-2023,1564387,Sanctioned
175,Tamil Nadu,District_B,Constituency_32,MP_Name_32,TN/617/2021-2022/1175 - Construction of Sanitation facility,Sanitation,17-12-2021,1740252,Sanctioned
176,Tamil Nadu,District_A,Constituency_32,MP_Name_32,TN/419/2021-2022/1176 - Construction of Sanitation facility,Education,02-12-2023,1579948,Sanctioned
177,Tamil Nadu,District_D,Constituency_33,MP_Name_33,TN/539/2021-2022/1177 - Construction of Electricity facility,Education,21-11-2023,1533148,Sanctioned
178,Tamil Nadu,District_D,Constituency_33,MP_Name_33,TN/648/2021-2022/1178 - Construction of Education facility,Education,05-12-2023,1792324,Sanctioned
179,Tamil Nadu,District_C,Constituency_33,MP_Name_33,TN/802/2022-2023/1179 - Construction of Education facility,Roads,14-10-2022,549774,Sanctioned
180,Rajasthan,District_E,Constituency_34,MP_Name_34,RJ/721/2021-2022/1180 - Construction of Sanitation facility,Sanitation,16-03-2024,1331815,Sanctioned
181,Rajasthan,District_D,Constituency_34,MP_Name_34,RJ/951/2023-2024/1181 - Construction of Education facility,Electricity,29-09-2023,858134,Sanctioned
182,Rajasthan,District_D,Constituency_34,MP_Name_34,RJ/988/2023-2024/1182 - Construction of Sanitation facility,Sanitation,26-03-2023,960360,Sanctioned
183,Rajasthan,District_E,Constituency_34,MP_Name_34,RJ/936/2022-2023/1183 - Construction of Drinking Water facility,Electricity,08-12-2024,864525,Sanctioned
184,Rajasthan,District_E,Constituency_35,MP_Name_35,RJ/385/2022-2023/1184 - Construction of Drinking Water facility,Roads,25-03-2023,754377,Sanctioned
185,Rajasthan,District_A,Constituency_35,MP_Name_35,RJ/779/2023-2024/1185 - Construction of Drinking Water facility,Education,13-10-2023,420561,Sanctioned
186,Rajasthan,District_D,Constituency_35,MP_Name_35,RJ/968/2022-2023/1186 - Construction of Education facility,Education,10-03-2024,1059546,Sanctioned
187,West Bengal,District_A,Constituency_36,MP_Name_36,WB/494/2023-2024/1187 - Construction of Education facility,Roads,04-11-2024,1778888,Sanctioned
188,West Bengal,District_E,Constituency_36,MP_Name_36,WB/550/2022-2023/1188 - Construction of Electricity facility,Roads,21-07-2024,1017675,Sanctioned
189,West Bengal,District_A,Constituency_36,MP_Name_36,WB/126/2021-2022/1189 - Construction of Sanitation facility,Electricity,25-11-2021,797102,Sanctioned
190,West Bengal,District_E,Constituency_36,MP_Name_36,WB/768/2023-2024/1190 - Construction of Drinking Water facility,Drinking Water,06-04-2023,1543393,Sanctioned
191,West Bengal,District_D,Constituency_36,MP_Name_36,WB/692/2022-2023/1191 - Construction of Roads facility,Electricity,11-05-2023,934687,Sanctioned
192,West Bengal,District_E,Constituency_36,MP_Name_36,WB/742/2023-2024/1192 - Construction of Drinking Water facility,Roads,26-12-2021,1725594,Sanctioned
193,West Bengal,District_D,Constituency_36,MP_Name_36,WB/853/2022-2023/1193 - Construction of Drinking Water facility,Drinking Water,21-07-2021,1478198,Sanctioned
194,Karnataka,District_E,Constituency_37,MP_Name_37,KA/771/2021-2022/1194 - Construction of Sanitation facility,Sanitation,09-10-2022,1708543,Sanctioned
195,Karnataka,District_A,Constituency_37,MP_Name_37,KA/576/2023-2024/1195 - Construction of Drinking Water facility,Sanitation,09-03-2023,1099473,Sanctioned
196,Karnataka,District_C,Constituency_37,MP_Name_37,KA/717/2022-2023/1196 - Construction of Sanitation facility,Roads,13-09-2023,1777747,Sanctioned
197,Karnataka,District_D,Constituency_37,MP_Name_37,KA/174/2023-2024/1197 - Construction of Roads facility,Roads,22-06-2022,1688714,Sanctioned
198,Karnataka,District_E,Constituency_37,MP_Name_37,KA/226/2023-2024/1198 - Construction of Sanitation facility,Sanitation,27-12-2021,1316861,Sanctioned
199,Karnataka,District_A,Constituency_37,MP_Name_37,KA/706/2022-2023/1199 - Construction of Sanitation facility,Education,21-04-2023,1127111,Sanctioned
200,Karnataka,District_C,Constituency_37,MP_Name_37,KA/150/2021-2022/1200 - Construction of Sanitation facility,Education,21-05-2024,1148793,Sanctioned
201,Karnataka,District_E,Constituency_37,MP_Name_37,KA/880/2021-2022/1201 - Construction of Roads facility,Roads,18-11-2022,494957,Sanctioned
202,Tamil Nadu,District_B,Constituency_38,MP_Name_38,TN/768/2021-2022/1202 - Construction of Education facility,Sanitation,19-02-2024,975635,Sanctioned
203,Tamil Nadu,District_A,Constituency_38,MP_Name_38,TN/320/2022-2023/1203 - Construction of Drinking Water facility,Education,26-04-2021,1805181,Sanctioned
204,Tamil Nadu,District_C,Constituency_38,MP_Name_38,TN/917/2023-2024/1204 - Construction of Health facility,Education,06-04-2023,1304464,Sanctioned
205,Tamil Nadu,District_A,Constituency_38,MP_Name_38,TN/799/2023-2024/1205 - Construction of Education facility,Sanitation,13-08-2021,408624,Sanctioned
206,Tamil Nadu,District_E,Constituency_38,MP_Name_38,TN/558/2021-2022/1206 - Construction of Electricity facility,Sanitation,11-08-2022,841745,Sanctioned
207,Tamil Nadu,District_C,Constituency_38,MP_Name_38,TN/447/2023-2024/1207 - Construction of Health facility,Electricity,24-07-2021,1736855,Sanctioned
208,Gujarat,District_B,Constituency_39,MP_Name_39,GJ/509/2022-2023/1208 - Construction of Education facility,Electricity,15-08-2022,643277,Sanctioned
209,Gujarat,District_A,Constituency_39,MP_Name_39,GJ/637/2023-2024/1209 - Construction of Electricity facility,Electricity,07-06-2021,843924,Sanctioned
210,Gujarat,District_C,Constituency_39,MP_Name_39,GJ/156/2021-2022/1210 - Construction of Health facility,Drinking Water,12-12-2021,812861,Sanctioned
211,Gujarat,District_E,Constituency_39,MP_Name_39,GJ/601/2021-2022/1211 - Construction of Electricity facility,Education,10-06-2023,1192664,Sanctioned
212,Maharashtra,District_C,Constituency_40,MP_Name_40,MH/587/2021-2022/1212 - Construction of Roads facility,Roads,27-10-2022,1788011,Sanctioned
213,Maharashtra,District_A,Constituency_40,MP_Name_40,MH/112/2021-2022/1213 - Construction of Education facility,Education,19-05-2024,1248774,Sanctioned
214,Maharashtra,District_B,Constituency_40,MP_Name_40,MH/720/2022-2023/1214 - Construction of Drinking Water facility,Electricity,11-12-2023,904101,Sanctioned
215,Maharashtra,District_A,Constituency_40,MP_Name_40,MH/953/2021-2022/1215 - Construction of Drinking Water facility,Education,27-03-2024,1360320,Sanctioned
216,Maharashtra,District_C,Constituency_40,MP_Name_40,MH/825/2022-2023/1216 - Construction of Education facility,Health,26-03-2022,1499649,Sanctioned
217,Maharashtra,District_C,Constituency_40,MP_Name_40,MH/534/2023-2024/1217 - Construction of Education facility,Electricity,04-02-2024,1688097,Sanctioned
218,Maharashtra,District_B,Constituency_40,MP_Name_40,MH/518/2022-2023/1218 - Construction of Electricity facility,Education,17-06-2021,1470861,Sanctioned
219,Bihar,District_E,Constituency_41,MP_Name_41,BR/881/2022-2023/1219 - Construction of Electricity facility,Electricity,25-01-2022,1201446,Sanctioned
220,Bihar,District_B,Constituency_41,MP_Name_41,BR/245/2021-2022/1220 - Construction of Sanitation facility,Roads,27-01-2023,1137443,Sanctioned
221,Bihar,District_C,Constituency_41,MP_Name_41,BR/134/2023-2024/1221 - Construction of Electricity facility,Health,16-10-2024,1005242,Sanctioned
222,Bihar,District_B,Constituency_41,MP_Name_41,BR/238/2021-2022/1222 - Construction of Education facility,Electricity,20-09-2023,955297,Sanctioned
223,Bihar,District_E,Constituency_41,MP_Name_41,BR/975/2023-2024/1223 - Construction of Electricity facility,Electricity,29-04-2023,947955,Sanctioned
224,Karnataka,District_E,Constituency_42,MP_Name_42,KA/923/2022-2023/1224 - Construction of Roads facility,Roads,18-12-2024,784424,Sanctioned
225,Karnataka,District_E,Constituency_42,MP_Name_42,KA/449/2022-2023/1225 - Construction of Roads facility,Drinking Water,09-03-2022,469595,Sanctioned
226,Karnataka,District_B,Constituency_42,MP_Name_42,KA/694/2023-2024/1226 - Construction of Roads facility,Education,08-12-2024,1717879,Sanctioned
227,Karnataka,District_B,Constituency_42,MP_Name_42,KA/890/2023-2024/1227 - Construction of Roads facility,Drinking Water,19-06-2023,670036,Sanctioned
228,Karnataka,District_B,Constituency_42,MP_Name_42,KA/235/2023-2024/1228 - Construction of Health facility,Electricity,08-10-2021,1490961,Sanctioned
229,Karnataka,District_E,Constituency_42,MP_Name_42,KA/116/2022-2023/1229 - Construction of Roads facility,Education,12-07-2024,1463526,Sanctioned
230,Karnataka,District_E,Constituency_42,MP_Name_42,KA/483/2023-2024/1230 - Construction of Health facility,Health,27-06-2022,918341,Sanctioned
231,Tamil Nadu,District_D,Constituency_43,MP_Name_43,TN/456/2021-2022/1231 - Construction of Health facility,Sanitation,02-07-2024,583389,Sanctioned
232,Tamil Nadu,District_E,Constituency_43,MP_Name_43,TN/615/2021-2022/1232 - Construction of Sanitation facility,Education,10-07-2024,853045,Sanctioned
233,Tamil Nadu,District_B,Constituency_43,MP_Name_43,TN/346/2023-2024/1233 - Construction of Health facility,Drinking Water,19-06-2023,1451010,Sanctioned
234,Tamil Nadu,District_A,Constituency_43,MP_Name_43,TN/739/2022-2023/1234 - Construction of Health facility,Health,28-01-2023,1529938,Sanctioned
235,Tamil Nadu,District_D,Constituency_43,MP_Name_43,TN/346/2021-2022/1235 - Construction of Education facility,Roads,12-02-2024,1571852,Sanctioned
236,Tamil Nadu,District_A,Constituency_43,MP_Name_43,TN/216/2023-2024/1236 - Construction of Health facility,Roads,20-06-2022,496631,Sanctioned
237,Tamil Nadu,District_A,Constituency_43,MP_Name_43,TN/915/2021-2022/1237 - Construction of Health facility,Sanitation,22-06-2021,1264094,Sanctioned
238,Tamil Nadu,District_C,Constituency_43,MP_Name_43,TN/438/2021-2022/1238 - Construction of Drinking Water facility,Drinking Water,04-02-2022,1066860,Sanctioned
239,West Bengal,District_B,Constituency_44,MP_Name_44,WB/455/2023-2024/1239 - Construction of Drinking Water facility,Drinking Water,07-04-2022,767397,Sanctioned
240,West Bengal,District_B,Constituency_44,MP_Name_44,WB/359/2023-2024/1240 - Construction of Sanitation facility,Drinking Water,03-09-2021,1059260,Sanctioned
241,West Bengal,District_A,Constituency_44,MP_Name_44,WB/120/2023-2024/1241 - Construction of Sanitation facility,Electricity,29-10-2023,624660,Sanctioned
242,West Bengal,District_D,Constituency_44,MP_Name_44,WB/131/2022-2023/1242 - Construction of Electricity facility,Sanitation,31-07-2023,878522,Sanctioned
243,West Bengal,District_B,Constituency_44,MP_Name_44,WB/540/2021-2022/1243 - Construction of Education facility,Drinking Water,31-10-2024,1532455,Sanctioned
244,West Bengal,District_A,Constituency_44,MP_Name_44,WB/854/2023-2024/1244 - Construction of Drinking Water facility,Education,27-07-2023,1396963,Sanctioned
245,Uttar Pradesh,District_A,Constituency_45,MP_Name_45,UP/997/2023-2024/1245 - Construction of Electricity facility,Drinking Water,18-07-2022,1795433,Sanctioned
246,Uttar Pradesh,District_A,Constituency_45,MP_Name_45,UP/478/2023-2024/1246 - Construction of Health facility,Education,05-03-2024,1139300,Sanctioned
247,Uttar Pradesh,District_C,Constituency_45,MP_Name_45,UP/995/2022-2023/1247 - Construction of Roads facility,Electricity,14-01-2024,1750410,Sanctioned
248,Uttar Pradesh,District_A,Constituency_45,MP_Name_45,UP/294/2023-2024/1248 - Construction of Education facility,Sanitation,21-10-2023,1139987,Sanctioned
249,Bihar,District_D,Constituency_46,MP_Name_46,BR/275/2021-2022/1249 - Construction of Health facility,Drinking Water,28-04-2023,1554044,Sanctioned
250,Bihar,District_B,Constituency_46,MP_Name_46,BR/711/2021-2022/1250 - Construction of Health facility,Sanitation,07-06-2024,563083,Sanctioned
251,Bihar,District_C,Constituency_46,MP_Name_46,BR/882/2022-2023/1251 - Construction of Drinking Water facility,Drinking Water,31-01-2021,1399809,Sanctioned
252,Bihar,District_A,Constituency_46,MP_Name_46,BR/935/2022-2023/1252 - Construction of Education facility,Sanitation,19-06-2024,980988,Sanctioned
253,Bihar,District_B,Constituency_46,MP_Name_46,BR/713/2022-2023/1253 - Construction of Health facility,Sanitation,30-09-2024,752479,Sanctioned
254,Bihar,District_B,Constituency_46,MP_Name_46,BR/950/2022-2023/1254 - Construction of Sanitation facility,Roads,06-03-2024,539787,Sanctioned
255,Bihar,District_A,Constituency_46,MP_Name_46,BR/833/2023-2024/1255 - Construction of Drinking Water facility,Roads,07-03-2022,1623478,Sanctioned
256,Madhya Pradesh,District_A,Constituency_47,MP_Name_47,MP/180/2022-2023/1256 - Construction of Drinking Water facility,Education,08-02-2023,1095265,Sanctioned
257,Madhya Pradesh,District_C,Constituency_47,MP_Name_47,MP/626/2022-2023/1257 - Construction of Sanitation facility,Drinking Water,24-01-2023,1362150,Sanctioned
258,Madhya Pradesh,District_C,Constituency_47,MP_Name_47,MP/866/2023-2024/1258 - Construction of Education facility,Health,01-10-2022,1898802,Sanctioned
259,Rajasthan,District_B,Constituency_48,MP_Name_48,RJ/746/2022-2023/1259 - Construction of Electricity facility,Roads,04-09-2023,1603370,Sanctioned
260,Rajasthan,District_D,Constituency_48,MP_Name_48,RJ/804/2022-2023/1260 - Construction of Drinking Water facility,Electricity,28-07-2022,1255684,Sanctioned
261,Rajasthan,District_C,Constituency_48,MP_Name_48,RJ/156/2022-2023/1261 - Construction of Health facility,Electricity,03-07-2024,1525146,Sanctioned
262,Rajasthan,District_E,Constituency_48,MP_Name_48,RJ/704/2023-2024/1262 - Construction of Roads facility,Drinking Water,12-11-2024,869971,Sanctioned
263,Rajasthan,District_A,Constituency_48,MP_Name_48,RJ/845/2022-2023/1263 - Construction of Drinking Water facility,Roads,22-12-2022,1493629,Sanctioned
264,Rajasthan,District_A,Constituency_48,MP_Name_48,RJ/157/2021-2022/1264 - Construction of Health facility,Drinking Water,08-11-2024,1106889,Sanctioned
265,Maharashtra,District_A,Constituency_49,MP_Name_49,MH/471/2021-2022/1265 - Construction of Roads facility,Education,28-04-2021,1207727,Sanctioned
266,Maharashtra,District_C,Constituency_49,MP_Name_49,MH/976/2021-2022/1266 - Construction of Roads facility,Roads,13-04-2022,1336530,Sanctioned
267,Maharashtra,District_E,Constituency_49,MP_Name_49,MH/607/2023-2024/1267 - Construction of Roads facility,Sanitation,05-06-2022,1386016,Sanctioned
268,Maharashtra,District_A,Constituency_49,MP_Name_49,MH/805/2022-2023/1268 - Construction of Sanitation facility,Education,28-02-2021,733834,Sanctioned
269,Maharashtra,District_C,Constituency_49,MP_Name_49,MH/617/2023-2024/1269 - Construction of Electricity facility,Electricity,19-02-2021,1750743,Sanctioned
270,Maharashtra,District_A,Constituency_49,MP_Name_49,MH/508/2022-2023/1270 - Construction of Sanitation facility,Roads,16-07-2022,1102067,Sanctioned
271,Maharashtra,District_B,Constituency_49,MP_Name_49,MH/445/2021-2022/1271 - Construction of Education facility,Sanitation,10-01-2021,1316619,Sanctioned
272,Madhya Pradesh,District_C,Constituency_50,MP_Name_50,MP/378/2023-2024/1272 - Construction of Roads facility,Health,02-12-2022,1644255,Sanctioned
273,Madhya Pradesh,District_A,Constituency_50,MP_Name_50,MP/935/2022-2023/1273 - Construction of Sanitation facility,Roads,30-04-2021,415666,Sanctioned
274,Madhya Pradesh,District_C,Constituency_50,MP_Name_50,MP/728/2023-2024/1274 - Construction of Health facility,Education,15-12-2021,1346791,Sanctioned
275,Madhya Pradesh,District_A,Constituency_50,MP_Name_50,MP/366/2021-2022/1275 - Construction of Health facility,Education,15-09-2024,536937,Sanctioned
276,Madhya Pradesh,District_C,Constituency_50,MP_Name_50,MP/632/2021-2022/1276 - Construction of Roads facility,Drinking Water,30-12-2022,1173833,Sanctioned
277,Madhya Pradesh,District_C,Constituency_50,MP_Name_50,MP/156/2023-2024/1277 - Construction of Education facility,Sanitation,14-05-2023,465530,Sanctioned
278,Madhya Pradesh,District_A,Constituency_50,MP_Name_50,MP/215/2022-2023/1278 - Construction of Education facility,Sanitation,08-06-2022,592685,Sanctioned
279,Madhya Pradesh,District_C,Constituency_50,MP_Name_50,MP/961/2022-2023/1279 - Construction of Health facility,Roads,17-02-2022,842767,Sanctioned
280,Delhi,District_E,Constituency_51,MP_Name_51,DL/119/2021-2022/1280 - Construction of Electricity facility,Education,25-08-2024,1549496,Sanctioned
281,Delhi,District_D,Constituency_51,MP_Name_51,DL/651/2022-2023/1281 - Construction of Drinking Water facility,Health,14-04-2022,1660569,Sanctioned
282,Delhi,District_A,Constituency_51,MP_Name_51,DL/530/2022-2023/1282 - Construction of Electricity facility,Education,23-07-2022,1892282,Sanctioned
283,Delhi,District_E,Constituency_51,MP_Name_51,DL/749/2022-2023/1283 - Construction of Drinking Water facility,Electricity,10-02-2023,604632,Sanctioned
284,Uttar Pradesh,District_E,Constituency_52,MP_Name_52,UP/289/2023-2024/1284 - Construction of Roads facility,Drinking Water,06-08-2023,528025,Sanctioned
285,Uttar Pradesh,District_D,Constituency_52,MP_Name_52,UP/864/2023-2024/1285 - Construction of Roads facility,Roads,21-05-2021,1710512,Sanctioned
286,Uttar Pradesh,District_E,Constituency_52,MP_Name_52,UP/942/2022-2023/1286 - Construction of Electricity facility,Electricity,01-06-2021,1714000,Sanctioned
287,Uttar Pradesh,District_C,Constituency_52,MP_Name_52,UP/646/2022-2023/1287 - Construction of Roads facility,Drinking Water,20-08-2024,1224482,Sanctioned
288,Uttar Pradesh,District_A,Constituency_52,MP_Name_52,UP/796/2021-2022/1288 - Construction of Roads facility,Roads,23-11-2024,1012637,Sanctioned
289,Uttar Pradesh,District_C,Constituency_52,MP_Name_52,UP/796/2023-2024/1289 - Construction of Sanitation facility,Drinking Water,17-07-2021,1076003,Sanctioned
290,Karnataka,District_C,Constituency_53,MP_Name_53,KA/154/2021-2022/1290 - Construction of Health facility,Sanitation,24-07-2021,591851,Sanctioned
291,Karnataka,District_E,Constituency_53,MP_Name_53,KA/519/2021-2022/1291 - Construction of Electricity facility,Electricity,29-05-2022,1101538,Sanctioned
292,Karnataka,District_C,Constituency_53,MP_Name_53,KA/636/2021-2022/1292 - Construction of Education facility,Education,11-08-2022,1745529,Sanctioned
293,Karnataka,District_A,Constituency_53,MP_Name_53,KA/129/2022-2023/1293 - Construction of Health facility,Roads,05-01-2024,1348382,Sanctioned
294,Karnataka,District_A,Constituency_53,MP_Name_53,KA/581/2021-2022/1294 - Construction of Electricity facility,Sanitation,15-12-2024,571362,Sanctioned
295,Karnataka,District_E,Constituency_53,MP_Name_53,KA/216/2021-2022/1295 - Construction of Sanitation facility,Drinking Water,25-10-2024,1174473,Sanctioned
296,Gujarat,District_C,Constituency_54,MP_Name_54,GJ/852/2021-2022/1296 - Construction of Drinking Water facility,Drinking Water,27-08-2023,617143,Sanctioned
297,Gujarat,District_B,Constituency_54,MP_Name_54,GJ/195/2023-2024/1297 - Construction of Drinking Water facility,Health,21-09-2022,1025737,Sanctioned
298,Gujarat,District_D,Constituency_54,MP_Name_54,GJ/299/2022-2023/1298 - Construction of Sanitation facility,Electricity,26-11-2022,720458,Sanctioned
299,Gujarat,District_D,Constituency_54,MP_Name_54,GJ/523/2021-2022/1299 - Construction of Sanitation facility,Roads,30-09-2023,724741,Sanctioned
300,Gujarat,District_E,Constituency_54,MP_Name_54,GJ/328/2023-2024/1300 - Construction of Health facility,Electricity,03-09-2022,1401992,Sanctioned
301,Gujarat,District_D,Constituency_54,MP_Name_54,GJ/238/2022-2023/1301 - Construction of Sanitation facility,Electricity,18-07-2023,1201062,Sanctioned
302,Gujarat,District_B,Constituency_54,MP_Name_54,GJ/823/2023-2024/1302 - Construction of Electricity facility,Sanitation,17-01-2021,530313,Sanctioned
303,Madhya Pradesh,District_D,Constituency_55,MP_Name_55,MP/781/2023-2024/1303 - Construction of Sanitation facility,Electricity,02-08-2021,1508219,Sanctioned
304,Madhya Pradesh,District_A,Constituency_55,MP_Name_55,MP/824/2021-2022/1304 - Construction of Drinking Water facility,Drinking Water,08-06-2023,1507991,Sanctioned
305,Madhya Pradesh,District_D,Constituency_55,MP_Name_55,MP/115/2021-2022/1305 - Construction of Drinking Water facility,Electricity,30-05-2021,1067404,Sanctioned
306,Madhya Pradesh,District_E,Constituency_55,MP_Name_55,MP/182/2023-2024/1306 - Construction of Health facility,Drinking Water,22-12-2023,915918,Sanctioned
307,Madhya Pradesh,District_D,Constituency_55,MP_Name_55,MP/463/2023-2024/1307 - Construction of Drinking Water facility,Drinking Water,10-10-2022,1053567,Sanctioned
308,Madhya Pradesh,District_E,Constituency_55,MP_Name_55,MP/928/2022-2023/1308 - Construction of Electricity facility,Roads,30-09-2022,922436,Sanctioned
309,Madhya Pradesh,District_A,Constituency_55,MP_Name_55,MP/993/2022-2023/1309 - Construction of Electricity facility,Roads,26-09-2021,1364714,Sanctioned
310,Tamil Nadu,District_A,Constituency_56,MP_Name_56,TN/167/2023-2024/1310 - Construction of Health facility,Education,14-06-2022,1870400,Sanctioned
311,Tamil Nadu,District_B,Constituency_56,MP_Name_56,TN/189/2022-2023/1311 - Construction of Health facility,Health,27-10-2021,610852,Sanctioned
312,Tamil Nadu,District_C,Constituency_56,MP_Name_56,TN/416/2022-2023/1312 - Construction of Roads facility,Education,20-07-2021,744889,Sanctioned
313,Tamil Nadu,District_A,Constituency_56,MP_Name_56,TN/267/2022-2023/1313 - Construction of Roads facility,Sanitation,19-01-2021,1094515,Sanctioned
314,Tamil Nadu,District_B,Constituency_56,MP_Name_56,TN/895/2021-2022/1314 - Construction of Drinking Water facility,Drinking Water,03-12-2024,1831484,Sanctioned
315,Tamil Nadu,District_D,Constituency_56,MP_Name_56,TN/830/2021-2022/1315 - Construction of Health facility,Health,24-12-2024,889793,Sanctioned
316,Tamil Nadu,District_A,Constituency_57,MP_Name_57,TN/939/2023-2024/1316 - Construction of Sanitation facility,Education,06-05-2022,444216,Sanctioned
317,Tamil Nadu,District_B,Constituency_57,MP_Name_57,TN/930/2022-2023/1317 - Construction of Sanitation facility,Health,17-01-2022,683070,Sanctioned
318,Tamil Nadu,District_E,Constituency_57,MP_Name_57,TN/729/2021-2022/1318 - Construction of Education facility,Electricity,29-12-2024,755566,Sanctioned
319,Tamil Nadu,District_B,Constituency_57,MP_Name_57,TN/470/2022-2023/1319 - Construction of Sanitation facility,Education,08-01-2021,998090,Sanctioned
320,Maharashtra,District_C,Constituency_58,MP_Name_58,MH/594/2023-2024/1320 - Construction of Health facility,Electricity,05-08-2021,1535097,Sanctioned
321,Maharashtra,District_E,Constituency_58,MP_Name_58,MH/382/2022-2023/1321 - Construction of Roads facility,Roads,03-01-2024,1333804,Sanctioned
322,Maharashtra,District_A,Constituency_58,MP_Name_58,MH/418/2023-2024/1322 - Construction of Roads facility,Electricity,27-03-2023,1820375,Sanctioned
323,Maharashtra,District_A,Constituency_58,MP_Name_58,MH/995/2022-2023/1323 - Construction of Health facility,Education,26-11-2022,463180,Sanctioned
324,Maharashtra,District_B,Constituency_58,MP_Name_58,MH/291/2023-2024/1324 - Construction of Education facility,Sanitation,03-03-2024,1476937,Sanctioned
325,Delhi,District_E,Constituency_59,MP_Name_59,DL/841/2022-2023/1325 - Construction of Roads facility,Roads,13-11-2022,1707883,Sanctioned
326,Delhi,District_A,Constituency_59,MP_Name_59,DL/444/2022-2023/1326 - Construction of Electricity facility,Sanitation,23-09-2021,1105473,Sanctioned
327,Delhi,District_D,Constituency_59,MP_Name_59,DL/462/2023-2024/1327 - Construction of Sanitation facility,Education,20-11-2021,563604,Sanctioned
328,Delhi,District_E,Constituency_59,MP_Name_59,DL/843/2022-2023/1328 - Construction of Roads facility,Electricity,24-05-2022,1131943,Sanctioned
329,Delhi,District_B,Constituency_59,MP_Name_59,DL/134/2022-2023/1329 - Construction of Education facility,Electricity,05-12-2023,1069736,Sanctioned
330,Delhi,District_B,Constituency_59,MP_Name_59,DL/662/2023-2024/1330 - Construction of Roads facility,Roads,18-01-2021,512368,Sanctioned
331,Delhi,District_E,Constituency_59,MP_Name_59,DL/176/2023-2024/1331 - Construction of Roads facility,Electricity,03-03-2022,1378760,Sanctioned
332,Delhi,District_A,Constituency_59,MP_Name_59,DL/674/2022-2023/1332 - Construction of Roads facility,Health,18-11-2021,699204,Sanctioned
333,Karnataka,District_B,Constituency_60,MP_Name_60,KA/693/2023-2024/1333 - Construction of Sanitation facility,Electricity,06-10-2022,491994,Sanctioned
334,Karnataka,District_D,Constituency_60,MP_Name_60,KA/913/2022-2023/1334 - Construction of Health facility,Health,03-10-2024,1616559,Sanctioned
335,Karnataka,District_C,Constituency_60,MP_Name_60,KA/582/2022-2023/1335 - Construction of Sanitation facility,Drinking Water,14-08-2022,1556951,Sanctioned
336,Karnataka,District_D,Constituency_60,MP_Name_60,KA/670/2022-2023/1336 - Construction of Drinking Water facility,Drinking Water,06-12-2021,899527,Sanctioned
337,Karnataka,District_E,Constituency_60,MP_Name_60,KA/321/2023-2024/1337 - Construction of Electricity facility,Electricity,09-09-2022,1013733,Sanctioned
338,Delhi,District_C,Constituency_61,MP_Name_61,DL/935/2022-2023/1338 - Construction of Electricity facility,Roads,04-02-2024,739290,Sanctioned
339,Delhi,District_D,Constituency_61,MP_Name_61,DL/175/2021-2022/1339 - Construction of Health facility,Drinking Water,28-07-2024,1338960,Sanctioned
340,Delhi,District_E,Constituency_61,MP_Name_61,DL/348/2023-2024/1340 - Construction of Electricity facility,Electricity,04-10-2023,947939,Sanctioned
341,Delhi,District_D,Constituency_61,MP_Name_61,DL/273/2022-2023/1341 - Construction of Education facility,Electricity,05-01-2021,1322634,Sanctioned
342,Delhi,District_D,Constituency_62,MP_Name_62,DL/283/2021-2022/1342 - Construction of Drinking Water facility,Sanitation,23-01-2022,1854608,Sanctioned
343,Delhi,District_E,Constituency_62,MP_Name_62,DL/630/2021-2022/1343 - Construction of Health facility,Roads,01-09-2023,1019394,Sanctioned
344,Delhi,District_B,Constituency_62,MP_Name_62,DL/236/2021-2022/1344 - Construction of Health facility,Education,10-10-2021,1727404,Sanctioned
345,Delhi,District_C,Constituency_62,MP_Name_62,DL/565/2023-2024/1345 - Construction of Health facility,Education,21-01-2021,1569926,Sanctioned
346,Delhi,District_C,Constituency_62,MP_Name_62,DL/290/2021-2022/1346 - Construction of Drinking Water facility,Electricity,07-02-2021,1779485,Sanctioned
347,Rajasthan,District_E,Constituency_63,MP_Name_63,RJ/223/2023-2024/1347 - Construction of Sanitation facility,Sanitation,05-12-2021,480813,Sanctioned
348,Rajasthan,District_A,Constituency_63,MP_Name_63,RJ/519/2022-2023/1348 - Construction of Roads facility,Education,10-05-2023,1635860,Sanctioned
349,Rajasthan,District_B,Constituency_63,MP_Name_63,RJ/111/2022-2023/1349 - Construction of Sanitation facility,Electricity,01-06-2021,1438526,Sanctioned
350,Delhi,District_D,Constituency_64,MP_Name_64,DL/950/2021-2022/1350 - Construction of Education facility,Health,30-07-2024,1871976,Sanctioned
351,Delhi,District_E,Constituency_64,MP_Name_64,DL/372/2022-2023/1351 - Construction of Drinking Water facility,Drinking Water,14-07-2024,721969,Sanctioned
352,Delhi,District_A,Constituency_64,MP_Name_64,DL/608/2022-2023/1352 - Construction of Health facility,Drinking Water,21-09-2024,1015435,Sanctioned
353,Delhi,District_D,Constituency_64,MP_Name_64,DL/232/2022-2023/1353 - Construction of Electricity facility,Health,03-03-2023,699085,Sanctioned
354,Delhi,District_C,Constituency_64,MP_Name_64,DL/676/2021-2022/1354 - Construction of Sanitation facility,Sanitation,12-10-2023,1084174,Sanctioned
355,Delhi,District_B,Constituency_64,MP_Name_64,DL/790/2023-2024/1355 - Construction of Health facility,Sanitation,15-01-2022,1198543,Sanctioned
356,Delhi,District_C,Constituency_64,MP_Name_64,DL/386/2021-2022/1356 - Construction of Sanitation facility,Electricity,20-10-2024,1354423,Sanctioned
357,Bihar,District_B,Constituency_65,MP_Name_65,BR/729/2021-2022/1357 - Construction of Health facility,Drinking Water,09-07-2021,1450340,Sanctioned
358,Bihar,District_E,Constituency_65,MP_Name_65,BR/533/2021-2022/1358 - Construction of Drinking Water facility,Electricity,02-12-2023,1274827,Sanctioned
359,Bihar,District_E,Constituency_65,MP_Name_65,BR/900/2022-2023/1359 - Construction of Sanitation facility,Education,10-08-2021,1345607,Sanctioned
360,Bihar,District_A,Constituency_65,MP_Name_65,BR/236/2022-2023/1360 - Construction of Education facility,Education,08-07-2022,936025,Sanctioned
361,Bihar,District_C,Constituency_65,MP_Name_65,BR/727/2021-2022/1361 - Construction of Sanitation facility,Roads,09-06-2024,1680185,Sanctioned
362,Bihar,District_E,Constituency_65,MP_Name_65,BR/572/2023-2024/1362 - Construction of Education facility,Electricity,24-07-2024,1411320,Sanctioned
363,Bihar,District_C,Constituency_65,MP_Name_65,BR/695/2022-2023/1363 - Construction of Sanitation facility,Health,29-09-2021,1498428,Sanctioned
364,Rajasthan,District_A,Constituency_66,MP_Name_66,RJ/355/2021-2022/1364 - Construction of Drinking Water facility,Drinking Water,09-02-2023,834728,Sanctioned
365,Rajasthan,District_D,Constituency_66,MP_Name_66,RJ/923/2023-2024/1365 - Construction of Electricity facility,Education,25-01-2023,529425,Sanctioned
366,Rajasthan,District_D,Constituency_66,MP_Name_66,RJ/508/2022-2023/1366 - Construction of Health facility,Drinking Water,20-09-2021,1443051,Sanctioned
367,Rajasthan,District_B,Constituency_66,MP_Name_66,RJ/583/2022-2023/1367 - Construction of Health facility,Electricity,23-10-2021,1000997,Sanctioned
368,Rajasthan,District_C,Constituency_66,MP_Name_66,RJ/869/2022-2023/1368 - Construction of Drinking Water facility,Electricity,10-11-2021,1016740,Sanctioned
369,Rajasthan,District_C,Constituency_66,MP_Name_66,RJ/312/2021-2022/1369 - Construction of Drinking Water facility,Sanitation,01-11-2021,1001771,Sanctioned
370,Rajasthan,District_E,Constituency_66,MP_Name_66,RJ/745/2021-2022/1370 - Construction of Education facility,Electricity,15-08-2023,870811,Sanctioned
371,Delhi,District_E,Constituency_67,MP_Name_67,DL/449/2022-2023/1371 - Construction of Roads facility,Health,24-10-2024,1832121,Sanctioned
372,Delhi,District_B,Constituency_67,MP_Name_67,DL/652/2023-2024/1372 - Construction of Sanitation facility,Health,03-07-2023,733398,Sanctioned
373,Delhi,District_C,Constituency_67,MP_Name_67,DL/763/2023-2024/1373 - Construction of Health facility,Electricity,18-07-2021,1210499,Sanctioned
374,Gujarat,District_C,Constituency_68,MP_Name_68,GJ/884/2023-2024/1374 - Construction of Sanitation facility,Electricity,21-12-2021,589240,Sanctioned
375,Gujarat,District_C,Constituency_68,MP_Name_68,GJ/263/2022-2023/1375 - Construction of Roads facility,Health,20-09-2022,695689,Sanctioned
376,Gujarat,District_C,Constituency_68,MP_Name_68,GJ/282/2021-2022/1376 - Construction of Roads facility,Drinking Water,19-06-2022,1045490,Sanctioned
377,Gujarat,District_C,Constituency_68,MP_Name_68,GJ/114/2021-2022/1377 - Construction of Health facility,Health,11-09-2024,669558,Sanctioned
378,Gujarat,District_D,Constituency_68,MP_Name_68,GJ/868/2023-2024/1378 - Construction of Sanitation facility,Drinking Water,12-01-2021,1515075,Sanctioned
379,Gujarat,District_B,Constituency_68,MP_Name_68,GJ/767/2023-2024/1379 - Construction of Education facility,Electricity,10-06-2024,636849,Sanctioned
380,Gujarat,District_C,Constituency_68,MP_Name_68,GJ/136/2023-2024/1380 - Construction of Education facility,Drinking Water,14-09-2022,636294,Sanctioned
381,Gujarat,District_D,Constituency_68,MP_Name_68,GJ/761/2022-2023/1381 - Construction of Sanitation facility,Sanitation,07-06-2023,1854572,Sanctioned
382,Bihar,District_D,Constituency_69,MP_Name_69,BR/333/2021-2022/1382 - Construction of Sanitation facility,Drinking Water,28-04-2021,1577954,Sanctioned
383,Bihar,District_A,Constituency_69,MP_Name_69,BR/670/2023-2024/1383 - Construction of Education facility,Sanitation,21-10-2021,1773593,Sanctioned
384,Bihar,District_A,Constituency_69,MP_Name_69,BR/768/2022-2023/1384 - Construction of Sanitation facility,Health,26-07-2022,1475830,Sanctioned
385,Bihar,District_B,Constituency_69,MP_Name_69,BR/939/2022-2023/1385 - Construction of Electricity facility,Health,29-12-2024,762998,Sanctioned
386,Bihar,District_C,Constituency_69,MP_Name_69,BR/227/2022-2023/1386 - Construction of Education facility,Sanitation,02-08-2022,1380818,Sanctioned
387,Bihar,District_B,Constituency_69,MP_Name_69,BR/176/2021-2022/1387 - Construction of Education facility,Education,07-01-2023,903313,Sanctioned
388,Tamil Nadu,District_D,Constituency_70,MP_Name_70,TN/209/2021-2022/1388 - Construction of Education facility,Electricity,10-03-2024,1446157,Sanctioned
389,Tamil Nadu,District_B,Constituency_70,MP_Name_70,TN/208/2021-2022/1389 - Construction of Health facility,Health,12-05-2024,710663,Sanctioned
390,Tamil Nadu,District_B,Constituency_70,MP_Name_70,TN/863/2021-2022/1390 - Construction of Sanitation facility,Sanitation,24-08-2022,1688239,Sanctioned
391,Tamil Nadu,District_D,Constituency_70,MP_Name_70,TN/739/2023-2024/1391 - Construction of Education facility,Education,22-09-2024,1683926,Sanctioned
392,Tamil Nadu,District_B,Constituency_70,MP_Name_70,TN/710/2023-2024/1392 - Construction of Sanitation facility,Drinking Water,20-10-2021,982307,Sanctioned
393,Tamil Nadu,District_E,Constituency_70,MP_Name_70,TN/109/2022-2023/1393 - Construction of Health facility,Health,26-04-2024,773455,Sanctioned
394,Tamil Nadu,District_A,Constituency_70,MP_Name_70,TN/737/2023-2024/1394 - Construction of Education facility,Drinking Water,28-05-2022,1017474,Sanctioned
395,Tamil Nadu,District_B,Constituency_70,MP_Name_70,TN/663/2022-2023/1395 - Construction of Sanitation facility,Health,30-11-2023,1548369,Sanctioned
396,Karnataka,District_A,Constituency_71,MP_Name_71,KA/422/2022-2023/1396 - Construction of Electricity facility,Health,05-10-2023,1372493,Sanctioned
397,Karnataka,District_C,Constituency_71,MP_Name_71,KA/914/2023-2024/1397 - Construction of Health facility,Health,28-11-2021,1487167,Sanctioned
398,Karnataka,District_B,Constituency_71,MP_Name_71,KA/143/2023-2024/1398 - Construction of Sanitation facility,Sanitation,24-01-2023,826851,Sanctioned
399,Karnataka,District_C,Constituency_71,MP_Name_71,KA/128/2023-2024/1399 - Construction of Drinking Water facility,Electricity,20-10-2024,742855,Sanctioned
400,Karnataka,District_D,Constituency_71,MP_Name_71,KA/365/2022-2023/1400 - Construction of Roads facility,Health,01-12-2023,1227794,Sanctioned
401,Karnataka,District_E,Constituency_71,MP_Name_71,KA/484/2022-2023/1401 - Construction of Drinking Water facility,Drinking Water,07-06-2021,1475484,Sanctioned
402,Karnataka,District_D,Constituency_71,MP_Name_71,KA/988/2023-2024/1402 - Construction of Health facility,Health,25-08-2021,1565101,Sanctioned
403,West Bengal,District_A,Constituency_72,MP_Name_72,WB/494/2022-2023/1403 - Construction of Drinking Water facility,Health,11-03-2021,593409,Sanctioned
404,West Bengal,District_C,Constituency_72,MP_Name_72,WB/623/2022-2023/1404 - Construction of Roads facility,Sanitation,06-07-2024,1609719,Sanctioned
405,West Bengal,District_D,Constituency_72,MP_Name_72,WB/136/2022-2023/1405 - Construction of Roads facility,Electricity,09-12-2022,511107,Sanctioned
406,West Bengal,District_C,Constituency_72,MP_Name_72,WB/517/2023-2024/1406 - Construction of Health facility,Health,18-01-2022,1755673,Sanctioned
407,Uttar Pradesh,District_E,Constituency_73,MP_Name_73,UP/698/2023-2024/1407 - Construction of Education facility,Electricity,11-07-2021,1679252,Sanctioned
408,Uttar Pradesh,District_A,Constituency_73,MP_Name_73,UP/298/2023-2024/1408 - Construction of Education facility,Drinking Water,09-04-2024,1218582,Sanctioned
409,Uttar Pradesh,District_A,Constituency_73,MP_Name_73,UP/196/2022-2023/1409 - Construction of Health facility,Roads,29-11-2022,1470959,Sanctioned
410,Uttar Pradesh,District_B,Constituency_73,MP_Name_73,UP/933/2021-2022/1410 - Construction of Roads facility,Drinking Water,27-09-2022,1486390,Sanctioned
411,Uttar Pradesh,District_E,Constituency_73,MP_Name_73,UP/319/2023-2024/1411 - Construction of Drinking Water facility,Sanitation,02-04-2023,1447766,Sanctioned
412,Uttar Pradesh,District_B,Constituency_73,MP_Name_73,UP/491/2022-2023/1412 - Construction of Electricity facility,Sanitation,20-02-2022,672535,Sanctioned
413,Uttar Pradesh,District_A,Constituency_73,MP_Name_73,UP/856/2021-2022/1413 - Construction of Health facility,Health,17-08-2022,1158563,Sanctioned
414,Rajasthan,District_A,Constituency_74,MP_Name_74,RJ/316/2022-2023/1414 - Construction of Electricity facility,Health,23-12-2022,1124132,Sanctioned
415,Rajasthan,District_D,Constituency_74,MP_Name_74,RJ/603/2023-2024/1415 - Construction of Electricity facility,Sanitation,22-07-2022,1295906,Sanctioned
416,Rajasthan,District_A,Constituency_74,MP_Name_74,RJ/646/2023-2024/1416 - Construction of Electricity facility,Drinking Water,15-11-2022,812734,Sanctioned
417,Rajasthan,District_E,Constituency_74,MP_Name_74,RJ/421/2023-2024/1417 - Construction of Drinking Water facility,Electricity,26-01-2023,1552470,Sanctioned
418,Rajasthan,District_C,Constituency_74,MP_Name_74,RJ/334/2021-2022/1418 - Construction of Health facility,Drinking Water,02-12-2021,1851088,Sanctioned
419,Tamil Nadu,District_E,Constituency_75,MP_Name_75,TN/911/2021-2022/1419 - Construction of Health facility,Roads,01-02-2021,1765672,Sanctioned
420,Tamil Nadu,District_A,Constituency_75,MP_Name_75,TN/539/2023-2024/1420 - Construction of Drinking Water facility,Health,01-08-2023,758195,Sanctioned
421,Tamil Nadu,District_E,Constituency_75,MP_Name_75,TN/337/2023-2024/1421 - Construction of Sanitation facility,Health,05-08-2024,701237,Sanctioned
422,Tamil Nadu,District_D,Constituency_75,MP_Name_75,TN/119/2021-2022/1422 - Construction of Sanitation facility,Sanitation,12-09-2021,579402,Sanctioned
423,Tamil Nadu,District_B,Constituency_75,MP_Name_75,TN/703/2021-2022/1423 - Construction of Health facility,Sanitation,10-03-2022,1788648,Sanctioned
424,Madhya Pradesh,District_D,Constituency_76,MP_Name_76,MP/536/2021-2022/1424 - Construction of Education facility,Roads,14-04-2024,540422,Sanctioned
425,Madhya Pradesh,District_A,Constituency_76,MP_Name_76,MP/752/2023-2024/1425 - Construction of Electricity facility,Education,20-01-2021,1250255,Sanctioned
426,Madhya Pradesh,District_A,Constituency_76,MP_Name_76,MP/106/2022-2023/1426 - Construction of Education facility,Electricity,09-01-2023,434267,Sanctioned
427,Madhya Pradesh,District_A,Constituency_76,MP_Name_76,MP/736/2022-2023/1427 - Construction of Education facility,Roads,01-04-2023,701989,Sanctioned
428,Madhya Pradesh,District_A,Constituency_76,MP_Name_76,MP/784/2021-2022/1428 - Construction of Education facility,Drinking Water,27-07-2021,1219576,Sanctioned
429,Tamil Nadu,District_C,Constituency_77,MP_Name_77,TN/568/2022-2023/1429 - Construction of Drinking Water facility,Sanitation,12-12-2022,870037,Sanctioned
430,Tamil Nadu,District_C,Constituency_77,MP_Name_77,TN/170/2021-2022/1430 - Construction of Education facility,Drinking Water,30-07-2024,1560575,Sanctioned
431,Tamil Nadu,District_A,Constituency_77,MP_Name_77,TN/878/2023-2024/1431 - Construction of Drinking Water facility,Health,25-06-2024,681389,Sanctioned
432,Tamil Nadu,District_B,Constituency_77,MP_Name_77,TN/786/2021-2022/1432 - Construction of Electricity facility,Drinking Water,31-01-2022,1156701,Sanctioned
433,Uttar Pradesh,District_E,Constituency_78,MP_Name_78,UP/484/2023-2024/1433 - Construction of Electricity facility,Electricity,13-05-2024,843651,Sanctioned
434,Uttar Pradesh,District_A,Constituency_78,MP_Name_78,UP/411/2022-2023/1434 - Construction of Sanitation facility,Health,17-04-2024,1526454,Sanctioned
435,Uttar Pradesh,District_C,Constituency_78,MP_Name_78,UP/302/2021-2022/1435 - Construction of Roads facility,Health,18-12-2024,770681,Sanctioned
436,Uttar Pradesh,District_E,Constituency_78,MP_Name_78,UP/768/2021-2022/1436 - Construction of Electricity facility,Education,04-01-2024,1676465,Sanctioned
437,Delhi,District_B,Constituency_79,MP_Name_79,DL/285/2023-2024/1437 - Construction of Education facility,Drinking Water,18-12-2024,1486094,Sanctioned
438,Delhi,District_B,Constituency_79,MP_Name_79,DL/438/2021-2022/1438 - Construction of Education facility,Roads,04-09-2022,1126273,Sanctioned
439,Delhi,District_B,Constituency_79,MP_Name_79,DL/725/2022-2023/1439 - Construction of Drinking Water facility,Education,21-10-2022,609260,Sanctioned
440,West Bengal,District_D,Constituency_80,MP_Name_80,WB/551/2023-2024/1440 - Construction of Electricity facility,Drinking Water,13-08-2023,728165,Sanctioned
441,West Bengal,District_B,Constituency_80,MP_Name_80,WB/789/2021-2022/1441 - Construction of Health facility,Electricity,14-01-2021,700821,Sanctioned
442,West Bengal,District_A,Constituency_80,MP_Name_80,WB/919/2021-2022/1442 - Construction of Sanitation facility,Education,02-07-2024,622388,Sanctioned
443,West Bengal,District_C,Constituency_80,MP_Name_80,WB/825/2022-2023/1443 - Construction of Health facility,Education,09-02-2023,1162727,Sanctioned
444,West Bengal,District_E,Constituency_80,MP_Name_80,WB/251/2022-2023/1444 - Construction of Roads facility,Electricity,06-03-2024,1747630,Sanctioned
445,West Bengal,District_E,Constituency_80,MP_Name_80,WB/953/2023-2024/1445 - Construction of Sanitation facility,Electricity,09-06-2022,1868985,Sanctioned
446,West Bengal,District_B,Constituency_80,MP_Name_80,WB/442/2021-2022/1446 - Construction of Health facility,Electricity,26-10-2023,875721,Sanctioned
447,West Bengal,District_D,Constituency_80,MP_Name_80,WB/398/2021-2022/1447 - Construction of Electricity facility,Health,14-12-2024,1597313,Sanctioned
448,Karnataka,District_A,Constituency_81,MP_Name_81,KA/197/2023-2024/1448 - Construction of Roads facility,Drinking Water,26-11-2023,1273667,Sanctioned
449,Karnataka,District_C,Constituency_81,MP_Name_81,KA/531/2021-2022/1449 - Construction of Sanitation facility,Education,23-11-2023,937383,Sanctioned
450,Karnataka,District_B,Constituency_81,MP_Name_81,KA/575/2021-2022/1450 - Construction of Drinking Water facility,Health,20-08-2024,1559141,Sanctioned
451,Karnataka,District_B,Constituency_81,MP_Name_81,KA/177/2021-2022/1451 - Construction of Drinking Water facility,Sanitation,03-03-2021,1650628,Sanctioned
452,Karnataka,District_C,Constituency_81,MP_Name_81,KA/911/2021-2022/1452 - Construction of Health facility,Drinking Water,07-03-2021,790922,Sanctioned
453,Karnataka,District_A,Constituency_81,MP_Name_81,KA/497/2023-2024/1453 - Construction of Drinking Water facility,Health,22-01-2024,1291208,Sanctioned
454,Maharashtra,District_C,Constituency_82,MP_Name_82,MH/835/2021-2022/1454 - Construction of Electricity facility,Roads,12-01-2022,1731175,Sanctioned
455,Maharashtra,District_C,Constituency_82,MP_Name_82,MH/446/2022-2023/1455 - Construction of Sanitation facility,Electricity,19-09-2021,1402410,Sanctioned
456,Maharashtra,District_E,Constituency_82,MP_Name_82,MH/185/2022-2023/1456 - Construction of Roads facility,Drinking Water,23-12-2021,1194848,Sanctioned
457,Maharashtra,District_D,Constituency_82,MP_Name_82,MH/683/2022-2023/1457 - Construction of Sanitation facility,Drinking Water,21-02-2023,1689663,Sanctioned
458,Maharashtra,District_E,Constituency_83,MP_Name_83,MH/871/2021-2022/1458 - Construction of Education facility,Drinking Water,02-04-2023,1845670,Sanctioned
459,Maharashtra,District_A,Constituency_83,MP_Name_83,MH/753/2021-2022/1459 - Construction of Sanitation facility,Drinking Water,24-02-2023,1597641,Sanctioned
460,Maharashtra,District_D,Constituency_83,MP_Name_83,MH/711/2023-2024/1460 - Construction of Electricity facility,Roads,26-11-2021,984300,Sanctioned
461,Maharashtra,District_C,Constituency_83,MP_Name_83,MH/434/2023-2024/1461 - Construction of Electricity facility,Roads,05-02-2023,434606,Sanctioned
462,Maharashtra,District_A,Constituency_83,MP_Name_83,MH/482/2022-2023/1462 - Construction of Health facility,Electricity,25-10-2021,952949,Sanctioned
463,Gujarat,District_E,Constituency_84,MP_Name_84,GJ/480/2021-2022/1463 - Construction of Electricity facility,Education,18-01-2023,759013,Sanctioned
464,Gujarat,District_B,Constituency_84,MP_Name_84,GJ/620/2022-2023/1464 - Construction of Roads facility,Roads,19-09-2022,468386,Sanctioned
465,Gujarat,District_B,Constituency_84,MP_Name_84,GJ/159/2023-2024/1465 - Construction of Roads facility,Health,05-09-2023,1095710,Sanctioned
466,Gujarat,District_C,Constituency_84,MP_Name_84,GJ/530/2022-2023/1466 - Construction of Drinking Water facility,Electricity,29-12-2021,1019412,Sanctioned
467,Gujarat,District_C,Constituency_84,MP_Name_84,GJ/225/2022-2023/1467 - Construction of Education facility,Health,09-01-2023,1074366,Sanctioned
468,Gujarat,District_B,Constituency_84,MP_Name_84,GJ/567/2021-2022/1468 - Construction of Drinking Water facility,Roads,14-07-2024,1440704,Sanctioned
469,Gujarat,District_E,Constituency_85,MP_Name_85,GJ/750/2022-2023/1469 - Construction of Electricity facility,Electricity,20-02-2024,914709,Sanctioned
470,Gujarat,District_C,Constituency_85,MP_Name_85,GJ/947/2022-2023/1470 - Construction of Health facility,Drinking Water,06-12-2022,1602736,Sanctioned
471,Gujarat,District_B,Constituency_85,MP_Name_85,GJ/514/2023-2024/1471 - Construction of Electricity facility,Roads,08-11-2023,618868,Sanctioned
472,Gujarat,District_E,Constituency_85,MP_Name_85,GJ/665/2022-2023/1472 - Construction of Sanitation facility,Sanitation,07-09-2021,1234553,Sanctioned
473,Gujarat,District_C,Constituency_86,MP_Name_86,GJ/858/2023-2024/1473 - Construction of Electricity facility,Sanitation,06-09-2023,747953,Sanctioned
474,Gujarat,District_D,Constituency_86,MP_Name_86,GJ/869/2023-2024/1474 - Construction of Drinking Water facility,Roads,08-05-2022,1433901,Sanctioned
475,Gujarat,District_B,Constituency_86,MP_Name_86,GJ/635/2021-2022/1475 - Construction of Health facility,Sanitation,18-09-2024,421405,Sanctioned
476,Gujarat,District_B,Constituency_86,MP_Name_86,GJ/479/2021-2022/1476 - Construction of Electricity facility,Health,08-12-2024,1341208,Sanctioned
477,West Bengal,District_D,Constituency_87,MP_Name_87,WB/668/2022-2023/1477 - Construction of Roads facility,Health,27-02-2021,1773297,Sanctioned
478,West Bengal,District_A,Constituency_87,MP_Name_87,WB/652/2022-2023/1478 - Construction of Electricity facility,Education,29-01-2023,1069968,Sanctioned
479,West Bengal,District_C,Constituency_87,MP_Name_87,WB/240/2022-2023/1479 - Construction of Health facility,Health,14-11-2022,1615714,Sanctioned
480,West Bengal,District_A,Constituency_87,MP_Name_87,WB/808/2023-2024/1480 - Construction of Health facility,Electricity,12-12-2022,825772,Sanctioned
481,West Bengal,District_D,Constituency_87,MP_Name_87,WB/878/2023-2024/1481 - Construction of Health facility,Roads,21-04-2023,1508774,Sanctioned
482,West Bengal,District_A,Constituency_87,MP_Name_87,WB/232/2023-2024/1482 - Construction of Health facility,Health,13-01-2022,1867714,Sanctioned
483,West Bengal,District_D,Constituency_87,MP_Name_87,WB/392/2021-2022/1483 - Construction of Health facility,Electricity,25-10-2021,1795949,Sanctioned
484,Madhya Pradesh,District_E,Constituency_88,MP_Name_88,MP/826/2022-2023/1484 - Construction of Education facility,Health,12-04-2021,1533971,Sanctioned
485,Madhya Pradesh,District_D,Constituency_88,MP_Name_88,MP/329/2022-2023/1485 - Construction of Roads facility,Electricity,12-08-2024,1823458,Sanctioned
486,Madhya Pradesh,District_A,Constituency_88,MP_Name_88,MP/333/2023-2024/1486 - Construction of Drinking Water facility,Drinking Water,02-10-2023,1626563,Sanctioned
487,Madhya Pradesh,District_E,Constituency_88,MP_Name_88,MP/654/2022-2023/1487 - Construction of Health facility,Health,06-04-2024,1160657,Sanctioned
488,Madhya Pradesh,District_D,Constituency_88,MP_Name_88,MP/822/2021-2022/1488 - Construction of Sanitation facility,Education,03-05-2024,558224,Sanctioned
489,Karnataka,District_C,Constituency_89,MP_Name_89,KA/630/2021-2022/1489 - Construction of Education facility,Sanitation,17-04-2023,1286230,Sanctioned
490,Karnataka,District_C,Constituency_89,MP_Name_89,KA/960/2023-2024/1490 - Construction of Health facility,Drinking Water,25-05-2024,1627851,Sanctioned
491,Karnataka,District_C,Constituency_89,MP_Name_89,KA/178/2021-2022/1491 - Construction of Education facility,Health,09-09-2023,626750,Sanctioned
492,Karnataka,District_E,Constituency_89,MP_Name_89,KA/592/2021-2022/1492 - Construction of Electricity facility,Roads,18-06-2024,430636,Sanctioned
493,Tamil Nadu,District_E,Constituency_90,MP_Name_90,TN/552/2023-2024/1493 - Construction of Sanitation facility,Drinking Water,14-08-2023,1257896,Sanctioned
494,Tamil Nadu,District_B,Constituency_90,MP_Name_90,TN/221/2022-2023/1494 - Construction of Sanitation facility,Education,16-04-2021,1452017,Sanctioned
495,Tamil Nadu,District_B,Constituency_90,MP_Name_90,TN/728/2023-2024/1495 - Construction of Electricity facility,Electricity,09-09-2022,1043050,Sanctioned
496,Tamil Nadu,District_C,Constituency_90,MP_Name_90,TN/816/2022-2023/1496 - Construction of Electricity facility,Drinking Water,11-09-2023,1128665,Sanctioned
497,Tamil Nadu,District_D,Constituency_90,MP_Name_90,TN/279/2023-2024/1497 - Construction of Education facility,Sanitation,18-11-2023,1203530,Sanctioned
498,Rajasthan,District_D,Constituency_91,MP_Name_91,RJ/872/2021-2022/1498 - Construction of Sanitation facility,Health,25-07-2023,862913,Sanctioned
499,Rajasthan,District_A,Constituency_91,MP_Name_91,RJ/228/2021-2022/1499 - Construction of Electricity facility,Health,01-02-2023,694251,Sanctioned
500,Rajasthan,District_C,Constituency_91,MP_Name_91,RJ/332/2021-2022/1500 - Construction of Drinking Water facility,Roads,27-02-2024,785882,Sanctioned
501,Rajasthan,District_D,Constituency_91,MP_Name_91,RJ/464/2022-2023/1501 - Construction of Electricity facility,Health,11-09-2024,1361274,Sanctioned
502,Rajasthan,District_B,Constituency_91,MP_Name_91,RJ/711/2021-2022/1502 - Construction of Electricity facility,Electricity,11-07-2024,559553,Sanctioned
503,Rajasthan,District_A,Constituency_91,MP_Name_91,RJ/775/2023-2024/1503 - Construction of Sanitation facility,Health,27-09-2024,1563772,Sanctioned
504,Rajasthan,District_C,Constituency_91,MP_Name_91,RJ/175/2022-2023/1504 - Construction of Health facility,Drinking Water,24-09-2024,810497,Sanctioned
505,Rajasthan,District_A,Constituency_91,MP_Name_91,RJ/612/2021-2022/1505 - Construction of Electricity facility,Sanitation,27-07-2022,1844793,Sanctioned
506,Uttar Pradesh,District_C,Constituency_92,MP_Name_92,UP/370/2023-2024/1506 - Construction of Roads facility,Education,09-10-2024,1530085,Sanctioned
507,Uttar Pradesh,District_E,Constituency_92,MP_Name_92,UP/214/2021-2022/1507 - Construction of Health facility,Electricity,15-06-2022,619973,Sanctioned
508,Uttar Pradesh,District_A,Constituency_92,MP_Name_92,UP/361/2021-2022/1508 - Construction of Education facility,Electricity,22-11-2024,1770865,Sanctioned
509,Uttar Pradesh,District_E,Constituency_92,MP_Name_92,UP/886/2021-2022/1509 - Construction of Roads facility,Health,04-12-2024,735600,Sanctioned
510,Uttar Pradesh,District_E,Constituency_92,MP_Name_92,UP/442/2022-2023/1510 - Construction of Health facility,Roads,15-01-2023,1396793,Sanctioned
511,Uttar Pradesh,District_D,Constituency_92,MP_Name_92,UP/659/2022-2023/1511 - Construction of Health facility,Electricity,07-01-2024,1884831,Sanctioned
512,Uttar Pradesh,District_E,Constituency_92,MP_Name_92,UP/565/2022-2023/1512 - Construction of Education facility,Health,25-03-2022,1698934,Sanctioned
513,Uttar Pradesh,District_E,Constituency_92,MP_Name_92,UP/609/2023-2024/1513 - Construction of Electricity facility,Education,16-12-2021,1852487,Sanctioned
514,Uttar Pradesh,District_A,Constituency_93,MP_Name_93,UP/607/2021-2022/1514 - Construction of Health facility,Roads,26-06-2022,523215,Sanctioned
515,Uttar Pradesh,District_A,Constituency_93,MP_Name_93,UP/975/2021-2022/1515 - Construction of Roads facility,Drinking Water,25-01-2022,641800,Sanctioned
516,Uttar Pradesh,District_A,Constituency_93,MP_Name_93,UP/580/2023-2024/1516 - Construction of Education facility,Roads,08-06-2021,946521,Sanctioned
517,Uttar Pradesh,District_A,Constituency_93,MP_Name_93,UP/716/2023-2024/1517 - Construction of Roads facility,Electricity,01-04-2021,905382,Sanctioned
518,Uttar Pradesh,District_D,Constituency_94,MP_Name_94,UP/129/2022-2023/1518 - Construction of Drinking Water facility,Education,17-08-2024,1430739,Sanctioned
519,Uttar Pradesh,District_B,Constituency_94,MP_Name_94,UP/674/2022-2023/1519 - Construction of Sanitation facility,Education,20-07-2023,1647980,Sanctioned
520,Uttar Pradesh,District_A,Constituency_94,MP_Name_94,UP/137/2021-2022/1520 - Construction of Education facility,Electricity,02-06-2023,1069582,Sanctioned
521,Uttar Pradesh,District_B,Constituency_94,MP_Name_94,UP/467/2023-2024/1521 - Construction of Health facility,Electricity,26-05-2023,1567347,Sanctioned
522,Uttar Pradesh,District_C,Constituency_94,MP_Name_94,UP/177/2023-2024/1522 - Construction of Sanitation facility,Drinking Water,11-07-2023,780632,Sanctioned
523,Karnataka,District_D,Constituency_95,MP_Name_95,KA/991/2021-2022/1523 - Construction of Health facility,Drinking Water,12-05-2022,1415597,Sanctioned
524,Karnataka,District_D,Constituency_95,MP_Name_95,KA/121/2021-2022/1524 - Construction of Sanitation facility,Education,29-12-2021,945824,Sanctioned
525,Karnataka,District_B,Constituency_95,MP_Name_95,KA/944/2023-2024/1525 - Construction of Roads facility,Roads,15-08-2021,1511477,Sanctioned
526,Karnataka,District_C,Constituency_95,MP_Name_95,KA/809/2023-2024/1526 - Construction of Drinking Water facility,Education,05-07-2022,750835,Sanctioned
527,Karnataka,District_B,Constituency_95,MP_Name_95,KA/666/2022-2023/1527 - Construction of Roads facility,Electricity,07-01-2021,903923,Sanctioned
528,Karnataka,District_C,Constituency_95,MP_Name_95,KA/255/2023-2024/1528 - Construction of Drinking Water facility,Roads,05-09-2021,1159274,Sanctioned
529,Karnataka,District_A,Constituency_95,MP_Name_95,KA/848/2022-2023/1529 - Construction of Education facility,Roads,07-08-2022,1804109,Sanctioned
530,Karnataka,District_B,Constituency_95,MP_Name_95,KA/632/2021-2022/1530 - Construction of Education facility,Health,24-05-2022,1197263,Sanctioned
531,Uttar Pradesh,District_A,Constituency_96,MP_Name_96,UP/736/2022-2023/1531 - Construction of Sanitation facility,Sanitation,20-08-2023,1599911,Sanctioned
532,Uttar Pradesh,District_E,Constituency_96,MP_Name_96,UP/289/2022-2023/1532 - Construction of Health facility,Sanitation,07-10-2023,1269842,Sanctioned
533,Uttar Pradesh,District_C,Constituency_96,MP_Name_96,UP/848/2022-2023/1533 - Construction of Sanitation facility,Sanitation,25-10-2022,1833163,Sanctioned
534,Uttar Pradesh,District_A,Constituency_96,MP_Name_96,UP/974/2023-2024/1534 - Construction of Health facility,Electricity,14-07-2021,916583,Sanctioned
535,Tamil Nadu,District_E,Constituency_97,MP_Name_97,TN/960/2023-2024/1535 - Construction of Drinking Water facility,Electricity,04-12-2022,860335,Sanctioned
536,Tamil Nadu,District_C,Constituency_97,MP_Name_97,TN/665/2022-2023/1536 - Construction of Education facility,Health,16-06-2021,1659268,Sanctioned
537,Tamil Nadu,District_C,Constituency_97,MP_Name_97,TN/990/2022-2023/1537 - Construction of Drinking Water facility,Drinking Water,03-07-2022,1119922,Sanctioned
538,Tamil Nadu,District_D,Constituency_97,MP_Name_97,TN/137/2022-2023/1538 - Construction of Sanitation facility,Electricity,07-05-2023,1659868,Sanctioned
539,Tamil Nadu,District_E,Constituency_97,MP_Name_97,TN/360/2023-2024/1539 - Construction of Sanitation facility,Roads,01-05-2024,934991,Sanctioned
540,Tamil Nadu,District_A,Constituency_97,MP_Name_97,TN/278/2022-2023/1540 - Construction of Roads facility,Electricity,14-10-2022,1687773,Sanctioned
541,Tamil Nadu,District_D,Constituency_97,MP_Name_97,TN/908/2021-2022/1541 - Construction of Electricity facility,Drinking Water,11-04-2024,1847346,Sanctioned
542,Tamil Nadu,District_A,Constituency_97,MP_Name_97,TN/866/2023-2024/1542 - Construction of Roads facility,Health,19-06-2022,1381134,Sanctioned
543,Bihar,District_A,Constituency_98,MP_Name_98,BR/986/2023-2024/1543 - Construction of Roads facility,Health,30-08-2024,1025892,Sanctioned
544,Bihar,District_C,Constituency_98,MP_Name_98,BR/618/2022-2023/1544 - Construction of Education facility,Electricity,27-06-2022,1353487,Sanctioned
545,Bihar,District_E,Constituency_98,MP_Name_98,BR/608/2022-2023/1545 - Construction of Sanitation facility,Drinking Water,11-10-2024,1381573,Sanctioned
546,Uttar Pradesh,District_E,Constituency_99,MP_Name_99,UP/801/2023-2024/1546 - Construction of Education facility,Sanitation,08-10-2022,564024,Sanctioned
547,Uttar Pradesh,District_E,Constituency_99,MP_Name_99,UP/577/2022-2023/1547 - Construction of Drinking Water facility,Health,11-02-2022,1788239,Sanctioned
548,Uttar Pradesh,District_A,Constituency_99,MP_Name_99,UP/820/2023-2024/1548 - Construction of Education facility,Education,07-10-2023,1338449,Sanctioned
549,Uttar Pradesh,District_A,Constituency_99,MP_Name_99,UP/830/2022-2023/1549 - Construction of Education facility,Roads,28-06-2021,1795474,Sanctioned
550,Uttar Pradesh,District_E,Constituency_99,MP_Name_99,UP/894/2023-2024/1550 - Construction of Sanitation facility,Health,08-09-2024,1545515,Sanctioned
551,Tamil Nadu,District_A,Constituency_100,MP_Name_100,TN/199/2022-2023/1551 - Construction of Education facility,Education,30-04-2023,1068271,Sanctioned
552,Tamil Nadu,District_E,Constituency_100,MP_Name_100,TN/281/2021-2022/1552 - Construction of Roads facility,Roads,23-05-2021,682213,Sanctioned
553,Tamil Nadu,District_D,Constituency_100,MP_Name_100,TN/312/2023-2024/1553 - Construction of Drinking Water facility,Roads,28-12-2022,525232,Sanctioned
554,Tamil Nadu,District_A,Constituency_100,MP_Name_100,TN/632/2021-2022/1554 - Construction of Health facility,Health,23-11-2024,704039,Sanctioned
555,Tamil Nadu,District_C,Constituency_100,MP_Name_100,TN/537/2021-2022/1555 - Construction of Sanitation facility,Roads,17-01-2021,744753,Sanctioned
556,Tamil Nadu,District_D,Constituency_100,MP_Name_100,TN/656/2021-2022/1556 - Construction of Health facility,Drinking Water,20-03-2023,775131,Sanctioned
557,Tamil Nadu,District_D,Constituency_100,MP_Name_100,TN/587/2022-2023/1557 - Construction of Drinking Water facility,Roads,15-12-2021,854910,Sanctioned
558,Uttar Pradesh,District_B,Constituency_101,MP_Name_101,UP/654/2023-2024/1558 - Construction of Drinking Water facility,Sanitation,17-12-2024,809775,Sanctioned
559,Uttar Pradesh,District_D,Constituency_101,MP_Name_101,UP/141/2022-2023/1559 - Construction of Education facility,Electricity,11-05-2023,836911,Sanctioned
560,Uttar Pradesh,District_B,Constituency_101,MP_Name_101,UP/394/2023-2024/1560 - Construction of Sanitation facility,Sanitation,09-09-2023,1664350,Sanctioned
561,Uttar Pradesh,District_E,Constituency_101,MP_Name_101,UP/849/2021-2022/1561 - Construction of Education facility,Health,02-09-2023,1813382,Sanctioned
562,Maharashtra,District_D,Constituency_102,MP_Name_102,MH/367/2022-2023/1562 - Construction of Health facility,Health,21-03-2021,946248,Sanctioned
563,Maharashtra,District_B,Constituency_102,MP_Name_102,MH/250/2021-2022/1563 - Construction of Health facility,Drinking Water,15-12-2022,1543072,Sanctioned
564,Maharashtra,District_B,Constituency_102,MP_Name_102,MH/894/2021-2022/1564 - Construction of Health facility,Drinking Water,19-11-2023,1579324,Sanctioned
565,Maharashtra,District_B,Constituency_102,MP_Name_102,MH/200/2021-2022/1565 - Construction of Sanitation facility,Drinking Water,21-02-2024,792318,Sanctioned
566,Maharashtra,District_D,Constituency_102,MP_Name_102,MH/173/2021-2022/1566 - Construction of Roads facility,Education,29-04-2023,1134126,Sanctioned
567,Maharashtra,District_D,Constituency_102,MP_Name_102,MH/965/2022-2023/1567 - Construction of Drinking Water facility,Sanitation,04-05-2021,1351791,Sanctioned
568,Bihar,District_A,Constituency_103,MP_Name_103,BR/245/2022-2023/1568 - Construction of Electricity facility,Education,23-06-2023,416044,Sanctioned
569,Bihar,District_C,Constituency_103,MP_Name_103,BR/974/2023-2024/1569 - Construction of Electricity facility,Roads,19-10-2024,1705323,Sanctioned
570,Bihar,District_A,Constituency_103,MP_Name_103,BR/196/2021-2022/1570 - Construction of Roads facility,Health,20-09-2024,1073946,Sanctioned
571,Bihar,District_B,Constituency_103,MP_Name_103,BR/431/2022-2023/1571 - Construction of Sanitation facility,Electricity,12-08-2024,1408594,Sanctioned
572,Bihar,District_E,Constituency_103,MP_Name_103,BR/913/2023-2024/1572 - Construction of Roads facility,Sanitation,03-06-2021,1718809,Sanctioned
573,Bihar,District_D,Constituency_103,MP_Name_103,BR/350/2023-2024/1573 - Construction of Roads facility,Health,04-09-2024,1247965,Sanctioned
574,Bihar,District_A,Constituency_103,MP_Name_103,BR/610/2022-2023/1574 - Construction of Roads facility,Education,02-05-2021,731462,Sanctioned
575,Bihar,District_E,Constituency_103,MP_Name_103,BR/589/2021-2022/1575 - Construction of Electricity facility,Drinking Water,14-10-2023,1404347,Sanctioned
576,Rajasthan,District_E,Constituency_104,MP_Name_104,RJ/613/2022-2023/1576 - Construction of Education facility,Education,12-05-2024,430213,Sanctioned
577,Rajasthan,District_D,Constituency_104,MP_Name_104,RJ/860/2022-2023/1577 - Construction of Electricity facility,Education,30-11-2023,1161611,Sanctioned
578,Rajasthan,District_E,Constituency_104,MP_Name_104,RJ/247/2022-2023/1578 - Construction of Electricity facility,Drinking Water,27-05-2024,415632,Sanctioned
579,Rajasthan,District_E,Constituency_104,MP_Name_104,RJ/810/2023-2024/1579 - Construction of Education facility,Drinking Water,24-11-2023,1261233,Sanctioned
580,Rajasthan,District_A,Constituency_104,MP_Name_104,RJ/530/2023-2024/1580 - Construction of Electricity facility,Roads,02-08-2021,692255,Sanctioned
581,West Bengal,District_B,Constituency_105,MP_Name_105,WB/367/2023-2024/1581 - Construction of Sanitation facility,Electricity,09-09-2022,1790466,Sanctioned
582,West Bengal,District_D,Constituency_105,MP_Name_105,WB/757/2022-2023/1582 - Construction of Drinking Water facility,Education,06-02-2022,1277030,Sanctioned
583,West Bengal,District_C,Constituency_105,MP_Name_105,WB/150/2022-2023/1583 - Construction of Sanitation facility,Education,13-12-2021,1224499,Sanctioned
584,Karnataka,District_B,Constituency_106,MP_Name_106,KA/478/2021-2022/1584 - Construction of Health facility,Health,15-04-2023,1352317,Sanctioned
585,Karnataka,District_A,Constituency_106,MP_Name_106,KA/912/2022-2023/1585 - Construction of Health facility,Education,19-07-2021,1385794,Sanctioned
586,Karnataka,District_E,Constituency_106,MP_Name_106,KA/829/2021-2022/1586 - Construction of Drinking Water facility,Drinking Water,26-03-2023,1130631,Sanctioned
587,Karnataka,District_A,Constituency_106,MP_Name_106,KA/551/2023-2024/1587 - Construction of Health facility,Health,21-11-2022,771311,Sanctioned
588,Karnataka,District_A,Constituency_106,MP_Name_106,KA/244/2023-2024/1588 - Construction of Education facility,Drinking Water,16-06-2024,1118901,Sanctioned
589,Karnataka,District_E,Constituency_106,MP_Name_106,KA/840/2022-2023/1589 - Construction of Drinking Water facility,Education,24-09-2022,630472,Sanctioned
590,Karnataka,District_C,Constituency_106,MP_Name_106,KA/870/2022-2023/1590 - Construction of Electricity facility,Education,03-04-2021,1311383,Sanctioned
591,Karnataka,District_D,Constituency_106,MP_Name_106,KA/445/2023-2024/1591 - Construction of Sanitation facility,Electricity,08-05-2021,618814,Sanctioned
592,Bihar,District_B,Constituency_107,MP_Name_107,BR/679/2023-2024/1592 - Construction of Electricity facility,Electricity,11-01-2021,1563490,Sanctioned
593,Bihar,District_B,Constituency_107,MP_Name_107,BR/715/2021-2022/1593 - Construction of Sanitation facility,Education,24-06-2022,1737599,Sanctioned
594,Bihar,District_E,Constituency_107,MP_Name_107,BR/889/2023-2024/1594 - Construction of Drinking Water facility,Education,13-05-2023,1352443,Sanctioned
595,Bihar,District_A,Constituency_107,MP_Name_107,BR/636/2022-2023/1595 - Construction of Sanitation facility,Roads,19-10-2021,903523,Sanctioned
596,Bihar,District_D,Constituency_107,MP_Name_107,BR/795/2023-2024/1596 - Construction of Sanitation facility,Drinking Water,29-10-2021,1480316,Sanctioned
597,Bihar,District_D,Constituency_107,MP_Name_107,BR/299/2022-2023/1597 - Construction of Drinking Water facility,Sanitation,07-10-2024,1128346,Sanctioned
598,Bihar,District_A,Constituency_107,MP_Name_107,BR/314/2022-2023/1598 - Construction of Roads facility,Electricity,01-09-2024,854182,Sanctioned
599,Bihar,District_E,Constituency_107,MP_Name_107,BR/194/2021-2022/1599 - Construction of Roads facility,Drinking Water,16-07-2021,847297,Sanctioned
600,Karnataka,District_C,Constituency_108,MP_Name_108,KA/649/2023-2024/1600 - Construction of Education facility,Health,29-07-2023,1639590,Sanctioned
601,Karnataka,District_D,Constituency_108,MP_Name_108,KA/483/2023-2024/1601 - Construction of Roads facility,Electricity,29-07-2024,1407366,Sanctioned
602,Karnataka,District_D,Constituency_108,MP_Name_108,KA/786/2021-2022/1602 - Construction of Drinking Water facility,Drinking Water,16-08-2021,896489,Sanctioned
603,Karnataka,District_B,Constituency_108,MP_Name_108,KA/174/2021-2022/1603 - Construction of Education facility,Sanitation,23-05-2023,755382,Sanctioned
604,Karnataka,District_E,Constituency_108,MP_Name_108,KA/158/2022-2023/1604 - Construction of Health facility,Sanitation,09-11-2023,953950,Sanctioned
605,West Bengal,District_A,Constituency_109,MP_Name_109,WB/418/2023-2024/1605 - Construction of Electricity facility,Education,10-02-2022,416426,Sanctioned
606,West Bengal,District_D,Constituency_109,MP_Name_109,WB/256/2021-2022/1606 - Construction of Roads facility,Roads,03-04-2024,1505722,Sanctioned
607,West Bengal,District_A,Constituency_109,MP_Name_109,WB/670/2022-2023/1607 - Construction of Electricity facility,Sanitation,08-04-2024,1242756,Sanctioned
608,West Bengal,District_B,Constituency_109,MP_Name_109,WB/440/2021-2022/1608 - Construction of Education facility,Roads,15-01-2024,1679345,Sanctioned
609,West Bengal,District_C,Constituency_109,MP_Name_109,WB/585/2022-2023/1609 - Construction of Drinking Water facility,Sanitation,17-05-2021,707455,Sanctioned
610,West Bengal,District_D,Constituency_109,MP_Name_109,WB/984/2021-2022/1610 - Construction of Roads facility,Roads,04-09-2023,1718904,Sanctioned
611,Uttar Pradesh,District_D,Constituency_110,MP_Name_110,UP/506/2023-2024/1611 - Construction of Health facility,Drinking Water,30-10-2021,1719445,Sanctioned
612,Uttar Pradesh,District_C,Constituency_110,MP_Name_110,UP/769/2022-2023/1612 - Construction of Education facility,Health,08-03-2024,1462889,Sanctioned
613,Uttar Pradesh,District_B,Constituency_110,MP_Name_110,UP/834/2022-2023/1613 - Construction of Sanitation facility,Drinking Water,14-01-2022,1135003,Sanctioned
614,Madhya Pradesh,District_E,Constituency_111,MP_Name_111,MP/727/2021-2022/1614 - Construction of Sanitation facility,Drinking Water,10-02-2021,958780,Sanctioned
615,Madhya Pradesh,District_A,Constituency_111,MP_Name_111,MP/525/2022-2023/1615 - Construction of Education facility,Roads,17-01-2023,1185456,Sanctioned
616,Madhya Pradesh,District_A,Constituency_111,MP_Name_111,MP/205/2021-2022/1616 - Construction of Health facility,Drinking Water,09-07-2023,1468129,Sanctioned
617,Madhya Pradesh,District_E,Constituency_111,MP_Name_111,MP/494/2023-2024/1617 - Construction of Roads facility,Roads,24-07-2023,830951,Sanctioned
618,Madhya Pradesh,District_E,Constituency_111,MP_Name_111,MP/149/2023-2024/1618 - Construction of Roads facility,Drinking Water,17-08-2022,1081265,Sanctioned
619,Madhya Pradesh,District_A,Constituency_111,MP_Name_111,MP/955/2023-2024/1619 - Construction of Drinking Water facility,Electricity,13-03-2024,1083586,Sanctioned
620,Tamil Nadu,District_B,Constituency_112,MP_Name_112,TN/433/2022-2023/1620 - Construction of Sanitation facility,Sanitation,08-09-2021,461452,Sanctioned
621,Tamil Nadu,District_B,Constituency_112,MP_Name_112,TN/337/2021-2022/1621 - Construction of Drinking Water facility,Roads,05-12-2022,1216264,Sanctioned
622,Tamil Nadu,District_E,Constituency_112,MP_Name_112,TN/928/2022-2023/1622 - Construction of Sanitation facility,Roads,02-02-2022,1888286,Sanctioned
623,Tamil Nadu,District_E,Constituency_112,MP_Name_112,TN/761/2023-2024/1623 - Construction of Education facility,Education,26-10-2023,1752530,Sanctioned
624,West Bengal,District_C,Constituency_113,MP_Name_113,WB/794/2021-2022/1624 - Construction of Electricity facility,Education,27-10-2023,1477220,Sanctioned
625,West Bengal,District_C,Constituency_113,MP_Name_113,WB/117/2023-2024/1625 - Construction of Sanitation facility,Education,07-05-2022,1768878,Sanctioned
626,West Bengal,District_B,Constituency_113,MP_Name_113,WB/252/2021-2022/1626 - Construction of Education facility,Electricity,08-12-2021,539552,Sanctioned
627,West Bengal,District_E,Constituency_113,MP_Name_113,WB/546/2023-2024/1627 - Construction of Health facility,Drinking Water,22-05-2024,798230,Sanctioned
628,West Bengal,District_D,Constituency_113,MP_Name_113,WB/176/2021-2022/1628 - Construction of Electricity facility,Education,21-03-2021,1620439,Sanctioned
629,West Bengal,District_D,Constituency_113,MP_Name_113,WB/520/2022-2023/1629 - Construction of Electricity facility,Sanitation,03-10-2023,1324576,Sanctioned
630,Maharashtra,District_E,Constituency_114,MP_Name_114,MH/592/2023-2024/1630 - Construction of Roads facility,Education,20-09-2023,1005155,Sanctioned
631,Maharashtra,District_C,Constituency_114,MP_Name_114,MH/625/2022-2023/1631 - Construction of Drinking Water facility,Health,09-06-2022,1733714,Sanctioned
632,Maharashtra,District_D,Constituency_114,MP_Name_114,MH/194/2021-2022/1632 - Construction of Sanitation facility,Drinking Water,15-06-2024,1794473,Sanctioned
633,Maharashtra,District_B,Constituency_114,MP_Name_114,MH/199/2021-2022/1633 - Construction of Roads facility,Electricity,27-04-2022,543130,Sanctioned
634,Maharashtra,District_A,Constituency_114,MP_Name_114,MH/927/2023-2024/1634 - Construction of Electricity facility,Sanitation,22-11-2023,1759070,Sanctioned
635,Maharashtra,District_A,Constituency_114,MP_Name_114,MH/403/2023-2024/1635 - Construction of Sanitation facility,Sanitation,19-08-2023,1448327,Sanctioned
636,Maharashtra,District_D,Constituency_114,MP_Name_114,MH/597/2022-2023/1636 - Construction of Education facility,Health,14-04-2024,1449685,Sanctioned
637,Maharashtra,District_D,Constituency_114,MP_Name_114,MH/953/2023-2024/1637 - Construction of Electricity facility,Education,19-03-2021,816577,Sanctioned
638,Uttar Pradesh,District_C,Constituency_115,MP_Name_115,UP/325/2021-2022/1638 - Construction of Education facility,Electricity,03-09-2022,1289868,Sanctioned
639,Uttar Pradesh,District_C,Constituency_115,MP_Name_115,UP/893/2023-2024/1639 - Construction of Roads facility,Roads,11-09-2021,589714,Sanctioned
640,Uttar Pradesh,District_E,Constituency_115,MP_Name_115,UP/303/2022-2023/1640 - Construction of Education facility,Education,26-04-2022,1359481,Sanctioned
641,Delhi,District_C,Constituency_116,MP_Name_116,DL/166/2022-2023/1641 - Construction of Drinking Water facility,Electricity,08-02-2022,602748,Sanctioned
642,Delhi,District_A,Constituency_116,MP_Name_116,DL/971/2023-2024/1642 - Construction of Education facility,Drinking Water,26-12-2024,602063,Sanctioned
643,Delhi,District_A,Constituency_116,MP_Name_116,DL/918/2022-2023/1643 - Construction of Electricity facility,Health,07-11-2022,749630,Sanctioned
644,Delhi,District_C,Constituency_116,MP_Name_116,DL/543/2022-2023/1644 - Construction of Drinking Water facility,Education,23-12-2021,1219510,Sanctioned
645,Delhi,District_D,Constituency_116,MP_Name_116,DL/937/2022-2023/1645 - Construction of Roads facility,Education,23-11-2021,1196466,Sanctioned
646,Delhi,District_E,Constituency_116,MP_Name_116,DL/597/2023-2024/1646 - Construction of Drinking Water facility,Sanitation,16-05-2021,1532439,Sanctioned
647,Delhi,District_C,Constituency_116,MP_Name_116,DL/976/2023-2024/1647 - Construction of Drinking Water facility,Health,23-03-2021,1138531,Sanctioned
648,Delhi,District_C,Constituency_117,MP_Name_117,DL/817/2021-2022/1648 - Construction of Sanitation facility,Health,26-11-2024,756099,Sanctioned
649,Delhi,District_A,Constituency_117,MP_Name_117,DL/615/2023-2024/1649 - Construction of Drinking Water facility,Health,07-07-2022,1477469,Sanctioned
650,Delhi,District_E,Constituency_117,MP_Name_117,DL/807/2022-2023/1650 - Construction of Health facility,Health,05-04-2021,780008,Sanctioned
651,Delhi,District_E,Constituency_117,MP_Name_117,DL/951/2023-2024/1651 - Construction of Sanitation facility,Drinking Water,22-06-2021,910867,Sanctioned
652,Delhi,District_D,Constituency_117,MP_Name_117,DL/127/2021-2022/1652 - Construction of Roads facility,Drinking Water,25-04-2024,1028438,Sanctioned
653,Delhi,District_D,Constituency_118,MP_Name_118,DL/113/2021-2022/1653 - Construction of Electricity facility,Electricity,04-03-2023,1871942,Sanctioned
654,Delhi,District_D,Constituency_118,MP_Name_118,DL/604/2023-2024/1654 - Construction of Sanitation facility,Drinking Water,06-02-2021,1681946,Sanctioned
655,Delhi,District_A,Constituency_118,MP_Name_118,DL/799/2022-2023/1655 - Construction of Roads facility,Electricity,21-02-2021,1382893,Sanctioned
656,Delhi,District_C,Constituency_118,MP_Name_118,DL/252/2022-2023/1656 - Construction of Electricity facility,Roads,24-07-2023,476653,Sanctioned
657,Delhi,District_B,Constituency_118,MP_Name_118,DL/907/2021-2022/1657 - Construction of Roads facility,Education,23-06-2024,561979,Sanctioned
658,Delhi,District_B,Constituency_118,MP_Name_118,DL/510/2021-2022/1658 - Construction of Sanitation facility,Drinking Water,29-11-2023,900465,Sanctioned
659,Delhi,District_D,Constituency_118,MP_Name_118,DL/654/2021-2022/1659 - Construction of Electricity facility,Electricity,23-03-2022,1502275,Sanctioned
660,Gujarat,District_D,Constituency_119,MP_Name_119,GJ/736/2023-2024/1660 - Construction of Roads facility,Electricity,06-06-2022,1015437,Sanctioned
661,Gujarat,District_D,Constituency_119,MP_Name_119,GJ/872/2023-2024/1661 - Construction of Sanitation facility,Drinking Water,28-06-2021,1571979,Sanctioned
662,Gujarat,District_B,Constituency_119,MP_Name_119,GJ/211/2022-2023/1662 - Construction of Drinking Water facility,Education,17-07-2023,828548,Sanctioned
663,West Bengal,District_E,Constituency_120,MP_Name_120,WB/176/2023-2024/1663 - Construction of Electricity facility,Roads,05-08-2022,1299318,Sanctioned
664,West Bengal,District_D,Constituency_120,MP_Name_120,WB/532/2021-2022/1664 - Construction of Health facility,Health,19-06-2023,786724,Sanctioned
665,West Bengal,District_D,Constituency_120,MP_Name_120,WB/340/2021-2022/1665 - Construction of Electricity facility,Roads,05-10-2021,931962,Sanctioned
666,West Bengal,District_C,Constituency_120,MP_Name_120,WB/891/2021-2022/1666 - Construction of Drinking Water facility,Electricity,12-12-2024,1525048,Sanctioned
667,West Bengal,District_B,Constituency_120,MP_Name_120,WB/815/2022-2023/1667 - Construction of Drinking Water facility,Education,27-10-2023,1000253,Sanctioned
668,West Bengal,District_E,Constituency_120,MP_Name_120,WB/945/2022-2023/1668 - Construction of Roads facility,Sanitation,19-08-2024,1425930,Sanctioned
669,Karnataka,District_C,Constituency_121,MP_Name_121,KA/232/2023-2024/1669 - Construction of Electricity facility,Education,07-04-2024,798395,Sanctioned
670,Karnataka,District_D,Constituency_121,MP_Name_121,KA/335/2022-2023/1670 - Construction of Health facility,Education,28-07-2021,1112938,Sanctioned
671,Karnataka,District_A,Constituency_121,MP_Name_121,KA/391/2022-2023/1671 - Construction of Education facility,Education,07-03-2023,823197,Sanctioned
672,Karnataka,District_C,Constituency_121,MP_Name_121,KA/130/2023-2024/1672 - Construction of Sanitation facility,Electricity,20-11-2022,577297,Sanctioned
673,Karnataka,District_D,Constituency_121,MP_Name_121,KA/608/2023-2024/1673 - Construction of Electricity facility,Electricity,28-01-2022,1230851,Sanctioned
674,Karnataka,District_C,Constituency_121,MP_Name_121,KA/579/2022-2023/1674 - Construction of Roads facility,Health,27-03-2024,1471893,Sanctioned
675,West Bengal,District_A,Constituency_122,MP_Name_122,WB/258/2021-2022/1675 - Construction of Roads facility,Roads,28-01-2023,538397,Sanctioned
676,West Bengal,District_B,Constituency_122,MP_Name_122,WB/228/2022-2023/1676 - Construction of Roads facility,Education,19-07-2024,629566,Sanctioned
677,West Bengal,District_A,Constituency_122,MP_Name_122,WB/212/2022-2023/1677 - Construction of Health facility,Health,30-05-2022,1484840,Sanctioned
678,West Bengal,District_B,Constituency_122,MP_Name_122,WB/440/2021-2022/1678 - Construction of Roads facility,Sanitation,22-05-2023,1059375,Sanctioned
679,West Bengal,District_A,Constituency_122,MP_Name_122,WB/688/2022-2023/1679 - Construction of Health facility,Roads,03-12-2023,1525973,Sanctioned
680,West Bengal,District_E,Constituency_122,MP_Name_122,WB/342/2023-2024/1680 - Construction of Health facility,Roads,16-04-2022,1417571,Sanctioned
681,West Bengal,District_C,Constituency_122,MP_Name_122,WB/485/2022-2023/1681 - Construction of Sanitation facility,Drinking Water,21-08-2021,927223,Sanctioned
682,Gujarat,District_C,Constituency_123,MP_Name_123,GJ/959/2023-2024/1682 - Construction of Electricity facility,Roads,04-12-2024,1128299,Sanctioned
683,Gujarat,District_A,Constituency_123,MP_Name_123,GJ/128/2021-2022/1683 - Construction of Health facility,Roads,13-05-2021,683784,Sanctioned
684,Gujarat,District_D,Constituency_123,MP_Name_123,GJ/761/2022-2023/1684 - Construction of Health facility,Roads,10-03-2022,1310770,Sanctioned
685,Gujarat,District_B,Constituency_123,MP_Name_123,GJ/880/2023-2024/1685 - Construction of Roads facility,Electricity,15-01-2023,1059590,Sanctioned
686,Gujarat,District_E,Constituency_123,MP_Name_123,GJ/672/2021-2022/1686 - Construction of Sanitation facility,Sanitation,31-10-2023,684565,Sanctioned
687,Delhi,District_C,Constituency_124,MP_Name_124,DL/676/2021-2022/1687 - Construction of Electricity facility,Sanitation,18-11-2022,1719390,Sanctioned
688,Delhi,District_B,Constituency_124,MP_Name_124,DL/161/2023-2024/1688 - Construction of Electricity facility,Education,12-06-2023,1460882,Sanctioned
689,Delhi,District_A,Constituency_124,MP_Name_124,DL/291/2021-2022/1689 - Construction of Sanitation facility,Education,18-05-2024,1653248,Sanctioned
690,Delhi,District_D,Constituency_124,MP_Name_124,DL/818/2021-2022/1690 - Construction of Health facility,Health,28-02-2024,1453593,Sanctioned
691,Delhi,District_B,Constituency_124,MP_Name_124,DL/359/2021-2022/1691 - Construction of Electricity facility,Electricity,11-03-2024,1580880,Sanctioned
692,Gujarat,District_E,Constituency_125,MP_Name_125,GJ/911/2022-2023/1692 - Construction of Health facility,Drinking Water,22-12-2022,501546,Sanctioned
693,Gujarat,District_A,Constituency_125,MP_Name_125,GJ/103/2023-2024/1693 - Construction of Drinking Water facility,Electricity,25-03-2024,1060297,Sanctioned
694,Gujarat,District_A,Constituency_125,MP_Name_125,GJ/854/2023-2024/1694 - Construction of Education facility,Education,13-01-2022,1884553,Sanctioned
695,Gujarat,District_B,Constituency_125,MP_Name_125,GJ/965/2023-2024/1695 - Construction of Drinking Water facility,Electricity,31-08-2021,1119017,Sanctioned
696,Gujarat,District_B,Constituency_125,MP_Name_125,GJ/731/2021-2022/1696 - Construction of Drinking Water facility,Health,18-05-2024,1820690,Sanctioned
697,Uttar Pradesh,District_C,Constituency_126,MP_Name_126,UP/708/2023-2024/1697 - Construction of Drinking Water facility,Drinking Water,14-01-2023,1707355,Sanctioned
698,Uttar Pradesh,District_A,Constituency_126,MP_Name_126,UP/264/2021-2022/1698 - Construction of Drinking Water facility,Sanitation,14-02-2023,1372099,Sanctioned
699,Uttar Pradesh,District_A,Constituency_126,MP_Name_126,UP/276/2023-2024/1699 - Construction of Electricity facility,Drinking Water,06-05-2023,1523939,Sanctioned
700,Maharashtra,District_D,Constituency_127,MP_Name_127,MH/648/2022-2023/1700 - Construction of Health facility,Health,29-05-2023,1490488,Sanctioned
701,Maharashtra,District_C,Constituency_127,MP_Name_127,MH/580/2022-2023/1701 - Construction of Drinking Water facility,Drinking Water,11-10-2021,1876732,Sanctioned
702,Maharashtra,District_E,Constituency_127,MP_Name_127,MH/835/2023-2024/1702 - Construction of Electricity facility,Electricity,27-08-2024,1272935,Sanctioned
703,Maharashtra,District_D,Constituency_127,MP_Name_127,MH/595/2023-2024/1703 - Construction of Education facility,Sanitation,07-09-2022,1638245,Sanctioned
704,Maharashtra,District_E,Constituency_127,MP_Name_127,MH/145/2021-2022/1704 - Construction of Electricity facility,Electricity,31-03-2021,910938,Sanctioned
705,Maharashtra,District_E,Constituency_128,MP_Name_128,MH/253/2023-2024/1705 - Construction of Drinking Water facility,Education,16-08-2023,1522741,Sanctioned
706,Maharashtra,District_E,Constituency_128,MP_Name_128,MH/627/2022-2023/1706 - Construction of Education facility,Electricity,04-10-2024,1203542,Sanctioned
707,Maharashtra,District_E,Constituency_128,MP_Name_128,MH/959/2023-2024/1707 - Construction of Health facility,Education,17-12-2021,739065,Sanctioned
708,Maharashtra,District_B,Constituency_128,MP_Name_128,MH/483/2022-2023/1708 - Construction of Education facility,Electricity,02-08-2023,1073455,Sanctioned
709,Maharashtra,District_D,Constituency_128,MP_Name_128,MH/402/2022-2023/1709 - Construction of Education facility,Education,24-03-2021,1868913,Sanctioned
710,Karnataka,District_E,Constituency_129,MP_Name_129,KA/158/2023-2024/1710 - Construction of Sanitation facility,Drinking Water,31-05-2023,730068,Sanctioned
711,Karnataka,District_A,Constituency_129,MP_Name_129,KA/285/2021-2022/1711 - Construction of Roads facility,Health,16-07-2022,1629837,Sanctioned
712,Karnataka,District_B,Constituency_129,MP_Name_129,KA/520/2021-2022/1712 - Construction of Health facility,Electricity,25-02-2021,999165,Sanctioned
713,Karnataka,District_D,Constituency_129,MP_Name_129,KA/614/2021-2022/1713 - Construction of Roads facility,Roads,05-10-2023,1550081,Sanctioned
714,Karnataka,District_D,Constituency_129,MP_Name_129,KA/685/2022-2023/1714 - Construction of Health facility,Health,25-09-2024,1861558,Sanctioned
715,Karnataka,District_D,Constituency_129,MP_Name_129,KA/417/2022-2023/1715 - Construction of Roads facility,Education,30-03-2022,1792320,Sanctioned
716,Karnataka,District_C,Constituency_129,MP_Name_129,KA/996/2021-2022/1716 - Construction of Sanitation facility,Roads,06-03-2021,1109907,Sanctioned
717,Karnataka,District_B,Constituency_130,MP_Name_130,KA/267/2023-2024/1717 - Construction of Education facility,Electricity,01-05-2021,1472121,Sanctioned
718,Karnataka,District_C,Constituency_130,MP_Name_130,KA/213/2023-2024/1718 - Construction of Roads facility,Health,25-01-2021,877600,Sanctioned
719,Karnataka,District_C,Constituency_130,MP_Name_130,KA/313/2022-2023/1719 - Construction of Sanitation facility,Drinking Water,30-09-2021,1763002,Sanctioned
720,Karnataka,District_E,Constituency_130,MP_Name_130,KA/795/2022-2023/1720 - Construction of Drinking Water facility,Health,24-03-2022,1228894,Sanctioned
721,Karnataka,District_C,Constituency_130,MP_Name_130,KA/629/2023-2024/1721 - Construction of Electricity facility,Education,26-04-2024,510733,Sanctioned
722,Karnataka,District_D,Constituency_130,MP_Name_130,KA/608/2023-2024/1722 - Construction of Education facility,Sanitation,24-11-2023,1631577,Sanctioned
723,Karnataka,District_D,Constituency_130,MP_Name_130,KA/430/2022-2023/1723 - Construction of Sanitation facility,Education,23-08-2021,1279470,Sanctioned
724,Karnataka,District_C,Constituency_130,MP_Name_130,KA/437/2021-2022/1724 - Construction of Roads facility,Electricity,24-09-2021,1871240,Sanctioned
725,Karnataka,District_C,Constituency_131,MP_Name_131,KA/550/2022-2023/1725 - Construction of Roads facility,Drinking Water,01-02-2021,1260993,Sanctioned
726,Karnataka,District_B,Constituency_131,MP_Name_131,KA/281/2022-2023/1726 - Construction of Roads facility,Sanitation,20-03-2022,1754729,Sanctioned
727,Karnataka,District_E,Constituency_131,MP_Name_131,KA/686/2023-2024/1727 - Construction of Health facility,Sanitation,12-06-2022,479575,Sanctioned
728,Karnataka,District_E,Constituency_131,MP_Name_131,KA/394/2022-2023/1728 - Construction of Drinking Water facility,Health,28-10-2021,1703224,Sanctioned
729,Karnataka,District_A,Constituency_132,MP_Name_132,KA/216/2021-2022/1729 - Construction of Education facility,Sanitation,15-11-2023,436259,Sanctioned
730,Karnataka,District_E,Constituency_132,MP_Name_132,KA/835/2022-2023/1730 - Construction of Drinking Water facility,Roads,20-05-2023,1696670,Sanctioned
731,Karnataka,District_B,Constituency_132,MP_Name_132,KA/785/2023-2024/1731 - Construction of Sanitation facility,Education,24-02-2024,479025,Sanctioned
732,Karnataka,District_D,Constituency_132,MP_Name_132,KA/609/2022-2023/1732 - Construction of Drinking Water facility,Roads,17-04-2024,553875,Sanctioned
733,Karnataka,District_B,Constituency_132,MP_Name_132,KA/108/2021-2022/1733 - Construction of Health facility,Health,22-11-2024,1622307,Sanctioned
734,Karnataka,District_E,Constituency_132,MP_Name_132,KA/922/2021-2022/1734 - Construction of Sanitation facility,Drinking Water,23-04-2021,1690526,Sanctioned
735,Karnataka,District_E,Constituency_132,MP_Name_132,KA/481/2021-2022/1735 - Construction of Drinking Water facility,Drinking Water,01-03-2024,1580106,Sanctioned
736,Uttar Pradesh,District_A,Constituency_133,MP_Name_133,UP/884/2022-2023/1736 - Construction of Roads facility,Health,25-04-2024,1001317,Sanctioned
737,Uttar Pradesh,District_B,Constituency_133,MP_Name_133,UP/111/2022-2023/1737 - Construction of Health facility,Electricity,06-02-2021,948080,Sanctioned
738,Uttar Pradesh,District_E,Constituency_133,MP_Name_133,UP/404/2021-2022/1738 - Construction of Health facility,Education,23-11-2021,776846,Sanctioned
739,Uttar Pradesh,District_B,Constituency_133,MP_Name_133,UP/765/2021-2022/1739 - Construction of Roads facility,Roads,10-03-2023,1840237,Sanctioned
740,Rajasthan,District_A,Constituency_134,MP_Name_134,RJ/471/2022-2023/1740 - Construction of Drinking Water facility,Electricity,15-04-2023,1839216,Sanctioned
741,Rajasthan,District_B,Constituency_134,MP_Name_134,RJ/888/2023-2024/1741 - Construction of Drinking Water facility,Health,10-10-2024,1036172,Sanctioned
742,Rajasthan,District_B,Constituency_134,MP_Name_134,RJ/965/2021-2022/1742 - Construction of Sanitation facility,Roads,22-07-2024,413790,Sanctioned
743,Rajasthan,District_B,Constituency_134,MP_Name_134,RJ/371/2023-2024/1743 - Construction of Roads facility,Sanitation,28-03-2021,863597,Sanctioned
744,Rajasthan,District_C,Constituency_134,MP_Name_134,RJ/722/2022-2023/1744 - Construction of Roads facility,Drinking Water,28-07-2024,1803778,Sanctioned
745,Gujarat,District_D,Constituency_135,MP_Name_135,GJ/561/2023-2024/1745 - Construction of Sanitation facility,Electricity,30-05-2024,1266797,Sanctioned
746,Gujarat,District_E,Constituency_135,MP_Name_135,GJ/634/2022-2023/1746 - Construction of Drinking Water facility,Education,29-05-2024,917701,Sanctioned
747,Gujarat,District_A,Constituency_135,MP_Name_135,GJ/405/2022-2023/1747 - Construction of Drinking Water facility,Electricity,05-09-2021,1317804,Sanctioned
748,West Bengal,District_E,Constituency_136,MP_Name_136,WB/711/2022-2023/1748 - Construction of Roads facility,Health,07-05-2024,1729687,Sanctioned
749,West Bengal,District_B,Constituency_136,MP_Name_136,WB/814/2022-2023/1749 - Construction of Roads facility,Electricity,08-01-2023,1683656,Sanctioned
750,West Bengal,District_B,Constituency_136,MP_Name_136,WB/383/2021-2022/1750 - Construction of Drinking Water facility,Health,19-03-2021,1697376,Sanctioned
751,Karnataka,District_C,Constituency_137,MP_Name_137,KA/569/2022-2023/1751 - Construction of Drinking Water facility,Drinking Water,31-03-2022,1129324,Sanctioned
752,Karnataka,District_E,Constituency_137,MP_Name_137,KA/323/2021-2022/1752 - Construction of Electricity facility,Education,25-12-2024,1128445,Sanctioned
753,Karnataka,District_D,Constituency_137,MP_Name_137,KA/374/2023-2024/1753 - Construction of Sanitation facility,Drinking Water,05-01-2021,1365261,Sanctioned
754,Karnataka,District_B,Constituency_137,MP_Name_137,KA/159/2022-2023/1754 - Construction of Health facility,Sanitation,06-10-2024,1241638,Sanctioned
755,Karnataka,District_A,Constituency_137,MP_Name_137,KA/278/2021-2022/1755 - Construction of Roads facility,Electricity,24-08-2024,1031183,Sanctioned
756,Karnataka,District_C,Constituency_137,MP_Name_137,KA/142/2021-2022/1756 - Construction of Electricity facility,Sanitation,05-01-2024,744026,Sanctioned
757,Delhi,District_C,Constituency_138,MP_Name_138,DL/125/2023-2024/1757 - Construction of Education facility,Drinking Water,01-09-2024,1558326,Sanctioned
758,Delhi,District_B,Constituency_138,MP_Name_138,DL/590/2023-2024/1758 - Construction of Roads facility,Education,23-03-2022,1467464,Sanctioned
759,Delhi,District_E,Constituency_138,MP_Name_138,DL/686/2022-2023/1759 - Construction of Electricity facility,Drinking Water,24-12-2021,1024385,Sanctioned
760,Delhi,District_C,Constituency_139,MP_Name_139,DL/475/2023-2024/1760 - Construction of Roads facility,Drinking Water,29-05-2023,668092,Sanctioned
761,Delhi,District_C,Constituency_139,MP_Name_139,DL/923/2022-2023/1761 - Construction of Roads facility,Education,15-01-2024,411261,Sanctioned
762,Delhi,District_E,Constituency_139,MP_Name_139,DL/932/2022-2023/1762 - Construction of Health facility,Roads,16-01-2024,1379743,Sanctioned
763,Delhi,District_B,Constituency_139,MP_Name_139,DL/583/2021-2022/1763 - Construction of Drinking Water facility,Drinking Water,04-10-2024,1429677,Sanctioned
764,Delhi,District_E,Constituency_139,MP_Name_139,DL/954/2023-2024/1764 - Construction of Health facility,Roads,09-11-2024,1236179,Sanctioned
765,Delhi,District_C,Constituency_139,MP_Name_139,DL/856/2022-2023/1765 - Construction of Sanitation facility,Roads,29-07-2024,1480097,Sanctioned
766,Gujarat,District_A,Constituency_140,MP_Name_140,GJ/885/2023-2024/1766 - Construction of Education facility,Roads,07-01-2022,484457,Sanctioned
767,Gujarat,District_E,Constituency_140,MP_Name_140,GJ/735/2023-2024/1767 - Construction of Health facility,Roads,12-08-2023,454631,Sanctioned
768,Gujarat,District_E,Constituency_140,MP_Name_140,GJ/392/2021-2022/1768 - Construction of Roads facility,Electricity,19-03-2024,988204,Sanctioned
769,Gujarat,District_C,Constituency_140,MP_Name_140,GJ/881/2023-2024/1769 - Construction of Drinking Water facility,Drinking Water,15-08-2021,479190,Sanctioned
770,Gujarat,District_E,Constituency_140,MP_Name_140,GJ/384/2023-2024/1770 - Construction of Sanitation facility,Electricity,18-08-2022,1536373,Sanctioned
771,Gujarat,District_E,Constituency_140,MP_Name_140,GJ/698/2022-2023/1771 - Construction of Sanitation facility,Roads,27-11-2022,1112391,Sanctioned
772,Gujarat,District_E,Constituency_140,MP_Name_140,GJ/594/2021-2022/1772 - Construction of Drinking Water facility,Drinking Water,09-11-2024,1470785,Sanctioned
773,Gujarat,District_D,Constituency_140,MP_Name_140,GJ/552/2022-2023/1773 - Construction of Health facility,Drinking Water,15-08-2021,1540851,Sanctioned
774,West Bengal,District_C,Constituency_141,MP_Name_141,WB/211/2022-2023/1774 - Construction of Drinking Water facility,Electricity,05-01-2021,966618,Sanctioned
775,West Bengal,District_D,Constituency_141,MP_Name_141,WB/690/2021-2022/1775 - Construction of Roads facility,Health,28-09-2022,1332246,Sanctioned
776,West Bengal,District_C,Constituency_141,MP_Name_141,WB/475/2022-2023/1776 - Construction of Sanitation facility,Drinking Water,25-11-2023,704601,Sanctioned
777,West Bengal,District_D,Constituency_141,MP_Name_141,WB/463/2021-2022/1777 - Construction of Health facility,Drinking Water,20-09-2024,1744988,Sanctioned
778,West Bengal,District_E,Constituency_141,MP_Name_141,WB/219/2023-2024/1778 - Construction of Drinking Water facility,Drinking Water,12-06-2022,1557111,Sanctioned
779,West Bengal,District_E,Constituency_141,MP_Name_141,WB/404/2021-2022/1779 - Construction of Health facility,Sanitation,25-02-2023,539236,Sanctioned
780,West Bengal,District_D,Constituency_141,MP_Name_141,WB/904/2022-2023/1780 - Construction of Health facility,Drinking Water,30-04-2024,1537128,Sanctioned
781,Maharashtra,District_B,Constituency_142,MP_Name_142,MH/657/2021-2022/1781 - Construction of Electricity facility,Drinking Water,16-01-2023,759266,Sanctioned
782,Maharashtra,District_B,Constituency_142,MP_Name_142,MH/571/2023-2024/1782 - Construction of Electricity facility,Sanitation,07-10-2021,804946,Sanctioned
783,Maharashtra,District_D,Constituency_142,MP_Name_142,MH/638/2022-2023/1783 - Construction of Drinking Water facility,Roads,07-08-2024,1856789,Sanctioned
784,Maharashtra,District_D,Constituency_142,MP_Name_142,MH/223/2023-2024/1784 - Construction of Electricity facility,Sanitation,22-06-2024,1080665,Sanctioned
785,Maharashtra,District_A,Constituency_142,MP_Name_142,MH/654/2021-2022/1785 - Construction of Roads facility,Roads,13-12-2024,1461687,Sanctioned
786,Maharashtra,District_D,Constituency_142,MP_Name_142,MH/871/2022-2023/1786 - Construction of Education facility,Health,04-11-2023,942363,Sanctioned
787,Maharashtra,District_C,Constituency_142,MP_Name_142,MH/152/2021-2022/1787 - Construction of Health facility,Sanitation,10-08-2021,1352283,Sanctioned
788,Delhi,District_C,Constituency_143,MP_Name_143,DL/463/2021-2022/1788 - Construction of Health facility,Health,30-11-2021,1634874,Sanctioned
789,Delhi,District_B,Constituency_143,MP_Name_143,DL/977/2022-2023/1789 - Construction of Sanitation facility,Drinking Water,06-10-2024,1680305,Sanctioned
790,Delhi,District_A,Constituency_143,MP_Name_143,DL/211/2023-2024/1790 - Construction of Electricity facility,Roads,04-09-2023,484856,Sanctioned
791,Delhi,District_D,Constituency_143,MP_Name_143,DL/363/2021-2022/1791 - Construction of Sanitation facility,Drinking Water,04-08-2023,1067526,Sanctioned
792,Delhi,District_D,Constituency_143,MP_Name_143,DL/606/2023-2024/1792 - Construction of Electricity facility,Drinking Water,17-03-2024,1836424,Sanctioned
793,Delhi,District_A,Constituency_143,MP_Name_143,DL/223/2022-2023/1793 - Construction of Drinking Water facility,Sanitation,15-11-2024,1498947,Sanctioned
794,Delhi,District_C,Constituency_143,MP_Name_143,DL/630/2023-2024/1794 - Construction of Roads facility,Health,12-02-2023,1291665,Sanctioned
795,Delhi,District_D,Constituency_143,MP_Name_143,DL/701/2022-2023/1795 - Construction of Education facility,Drinking Water,19-12-2023,1369874,Sanctioned
796,Uttar Pradesh,District_D,Constituency_144,MP_Name_144,UP/240/2021-2022/1796 - Construction of Roads facility,Health,22-01-2023,661980,Sanctioned
797,Uttar Pradesh,District_C,Constituency_144,MP_Name_144,UP/332/2022-2023/1797 - Construction of Roads facility,Health,24-04-2022,631904,Sanctioned
798,Uttar Pradesh,District_C,Constituency_144,MP_Name_144,UP/691/2022-2023/1798 - Construction of Education facility,Education,06-02-2023,1880775,Sanctioned
799,Uttar Pradesh,District_D,Constituency_144,MP_Name_144,UP/376/2022-2023/1799 - Construction of Sanitation facility,Education,23-03-2023,1275726,Sanctioned
800,Rajasthan,District_D,Constituency_145,MP_Name_145,RJ/474/2021-2022/1800 - Construction of Drinking Water facility,Health,17-06-2022,1193497,Sanctioned
801,Rajasthan,District_A,Constituency_145,MP_Name_145,RJ/828/2021-2022/1801 - Construction of Education facility,Roads,27-02-2023,438556,Sanctioned
802,Rajasthan,District_A,Constituency_145,MP_Name_145,RJ/577/2022-2023/1802 - Construction of Sanitation facility,Drinking Water,02-02-2024,1707533,Sanctioned
803,West Bengal,District_E,Constituency_146,MP_Name_146,WB/466/2022-2023/1803 - Construction of Education facility,Drinking Water,20-08-2023,799962,Sanctioned
804,West Bengal,District_B,Constituency_146,MP_Name_146,WB/253/2021-2022/1804 - Construction of Roads facility,Sanitation,13-01-2023,1352509,Sanctioned
805,West Bengal,District_B,Constituency_146,MP_Name_146,WB/967/2022-2023/1805 - Construction of Sanitation facility,Electricity,09-12-2021,1458021,Sanctioned
806,West Bengal,District_A,Constituency_146,MP_Name_146,WB/447/2021-2022/1806 - Construction of Roads facility,Drinking Water,17-04-2022,598503,Sanctioned
807,West Bengal,District_E,Constituency_146,MP_Name_146,WB/488/2022-2023/1807 - Construction of Education facility,Sanitation,13-03-2022,1861347,Sanctioned
808,West Bengal,District_B,Constituency_146,MP_Name_146,WB/555/2022-2023/1808 - Construction of Sanitation facility,Electricity,23-09-2022,479082,Sanctioned
809,Uttar Pradesh,District_E,Constituency_147,MP_Name_147,UP/100/2021-2022/1809 - Construction of Roads facility,Drinking Water,22-03-2021,1584510,Sanctioned
810,Uttar Pradesh,District_C,Constituency_147,MP_Name_147,UP/670/2022-2023/1810 - Construction of Drinking Water facility,Electricity,08-01-2023,904398,Sanctioned
811,Uttar Pradesh,District_B,Constituency_147,MP_Name_147,UP/346/2022-2023/1811 - Construction of Sanitation facility,Education,25-08-2021,1643998,Sanctioned
812,Uttar Pradesh,District_D,Constituency_147,MP_Name_147,UP/433/2022-2023/1812 - Construction of Roads facility,Drinking Water,14-11-2021,424419,Sanctioned
813,Uttar Pradesh,District_B,Constituency_147,MP_Name_147,UP/755/2022-2023/1813 - Construction of Education facility,Electricity,09-12-2021,910920,Sanctioned
814,Uttar Pradesh,District_B,Constituency_147,MP_Name_147,UP/141/2021-2022/1814 - Construction of Sanitation facility,Sanitation,19-06-2021,803487,Sanctioned
815,Uttar Pradesh,District_E,Constituency_147,MP_Name_147,UP/760/2021-2022/1815 - Construction of Health facility,Roads,06-01-2021,960145,Sanctioned
816,Karnataka,District_E,Constituency_148,MP_Name_148,KA/631/2021-2022/1816 - Construction of Health facility,Drinking Water,30-04-2021,506132,Sanctioned
817,Karnataka,District_D,Constituency_148,MP_Name_148,KA/616/2022-2023/1817 - Construction of Sanitation facility,Education,24-04-2024,440365,Sanctioned
818,Karnataka,District_E,Constituency_148,MP_Name_148,KA/111/2022-2023/1818 - Construction of Electricity facility,Sanitation,02-05-2023,961683,Sanctioned
819,Karnataka,District_C,Constituency_148,MP_Name_148,KA/903/2021-2022/1819 - Construction of Sanitation facility,Sanitation,10-04-2023,1742570,Sanctioned
820,Karnataka,District_D,Constituency_148,MP_Name_148,KA/787/2023-2024/1820 - Construction of Sanitation facility,Sanitation,16-06-2022,678224,Sanctioned
821,Rajasthan,District_A,Constituency_149,MP_Name_149,RJ/253/2023-2024/1821 - Construction of Electricity facility,Drinking Water,28-01-2021,1898106,Sanctioned
822,Rajasthan,District_E,Constituency_149,MP_Name_149,RJ/142/2022-2023/1822 - Construction of Education facility,Electricity,21-01-2021,433093,Sanctioned
823,Rajasthan,District_E,Constituency_149,MP_Name_149,RJ/800/2022-2023/1823 - Construction of Electricity facility,Electricity,31-07-2024,1505301,Sanctioned
824,Rajasthan,District_A,Constituency_149,MP_Name_149,RJ/616/2023-2024/1824 - Construction of Roads facility,Health,10-08-2023,1469248,Sanctioned
825,Rajasthan,District_A,Constituency_149,MP_Name_149,RJ/205/2021-2022/1825 - Construction of Education facility,Roads,10-02-2023,1440170,Sanctioned
826,West Bengal,District_B,Constituency_150,MP_Name_150,WB/401/2022-2023/1826 - Construction of Roads facility,Health,26-03-2021,749571,Sanctioned
827,West Bengal,District_E,Constituency_150,MP_Name_150,WB/251/2021-2022/1827 - Construction of Electricity facility,Sanitation,29-08-2024,1445469,Sanctioned
828,West Bengal,District_C,Constituency_150,MP_Name_150,WB/352/2021-2022/1828 - Construction of Health facility,Drinking Water,21-03-2023,1011956,Sanctioned
829,West Bengal,District_B,Constituency_150,MP_Name_150,WB/167/2023-2024/1829 - Construction of Sanitation facility,Roads,08-03-2024,936598,Sanctioned
830,West Bengal,District_C,Constituency_150,MP_Name_150,WB/841/2023-2024/1830 - Construction of Education facility,Health,16-10-2022,736452,Sanctioned
831,West Bengal,District_A,Constituency_150,MP_Name_150,WB/230/2022-2023/1831 - Construction of Health facility,Electricity,16-03-2021,1208534,Sanctioned
832,West Bengal,District_D,Constituency_150,MP_Name_150,WB/183/2022-2023/1832 - Construction of Drinking Water facility,Electricity,25-08-2021,641008,Sanctioned
833,West Bengal,District_B,Constituency_150,MP_Name_150,WB/158/2022-2023/1833 - Construction of Health facility,Health,01-10-2024,477499,Sanctioned
834,Tamil Nadu,District_B,Constituency_151,MP_Name_151,TN/899/2021-2022/1834 - Construction of Health facility,Education,05-10-2021,1475547,Sanctioned
835,Tamil Nadu,District_C,Constituency_151,MP_Name_151,TN/427/2023-2024/1835 - Construction of Roads facility,Education,03-04-2023,1171880,Sanctioned
836,Tamil Nadu,District_C,Constituency_151,MP_Name_151,TN/446/2022-2023/1836 - Construction of Drinking Water facility,Health,12-11-2022,1030212,Sanctioned
837,Tamil Nadu,District_E,Constituency_151,MP_Name_151,TN/827/2021-2022/1837 - Construction of Education facility,Health,27-11-2021,1311583,Sanctioned
838,Tamil Nadu,District_C,Constituency_151,MP_Name_151,TN/979/2021-2022/1838 - Construction of Roads facility,Roads,18-08-2022,1412872,Sanctioned
839,Bihar,District_E,Constituency_152,MP_Name_152,BR/914/2023-2024/1839 - Construction of Drinking Water facility,Health,01-08-2023,1899711,Sanctioned
840,Bihar,District_B,Constituency_152,MP_Name_152,BR/304/2022-2023/1840 - Construction of Roads facility,Education,13-01-2024,1762785,Sanctioned
841,Bihar,District_C,Constituency_152,MP_Name_152,BR/532/2022-2023/1841 - Construction of Drinking Water facility,Electricity,04-03-2021,1533033,Sanctioned
842,Bihar,District_E,Constituency_152,MP_Name_152,BR/756/2022-2023/1842 - Construction of Health facility,Education,12-06-2021,1518677,Sanctioned
843,Bihar,District_B,Constituency_152,MP_Name_152,BR/679/2022-2023/1843 - Construction of Electricity facility,Drinking Water,09-10-2024,1672144,Sanctioned
844,Bihar,District_C,Constituency_152,MP_Name_152,BR/764/2021-2022/1844 - Construction of Electricity facility,Health,20-01-2021,465565,Sanctioned
845,Madhya Pradesh,District_D,Constituency_153,MP_Name_153,MP/597/2021-2022/1845 - Construction of Education facility,Electricity,25-12-2024,454804,Sanctioned
846,Madhya Pradesh,District_C,Constituency_153,MP_Name_153,MP/449/2023-2024/1846 - Construction of Drinking Water facility,Sanitation,01-08-2022,556217,Sanctioned
847,Madhya Pradesh,District_A,Constituency_153,MP_Name_153,MP/204/2022-2023/1847 - Construction of Health facility,Drinking Water,11-07-2022,1554301,Sanctioned
848,Madhya Pradesh,District_A,Constituency_153,MP_Name_153,MP/107/2023-2024/1848 - Construction of Roads facility,Electricity,17-11-2021,1413049,Sanctioned
849,Gujarat,District_B,Constituency_154,MP_Name_154,GJ/375/2022-2023/1849 - Construction of Roads facility,Roads,05-10-2022,1087960,Sanctioned
850,Gujarat,District_A,Constituency_154,MP_Name_154,GJ/439/2022-2023/1850 - Construction of Health facility,Health,12-01-2021,1379451,Sanctioned
851,Gujarat,District_E,Constituency_154,MP_Name_154,GJ/340/2022-2023/1851 - Construction of Drinking Water facility,Health,01-05-2024,885445,Sanctioned
852,Gujarat,District_E,Constituency_154,MP_Name_154,GJ/512/2022-2023/1852 - Construction of Health facility,Health,12-04-2024,1069278,Sanctioned
853,Gujarat,District_E,Constituency_154,MP_Name_154,GJ/354/2023-2024/1853 - Construction of Drinking Water facility,Roads,13-10-2023,841220,Sanctioned
854,Gujarat,District_B,Constituency_154,MP_Name_154,GJ/847/2021-2022/1854 - Construction of Education facility,Roads,05-02-2023,1677937,Sanctioned
855,Gujarat,District_B,Constituency_154,MP_Name_154,GJ/734/2023-2024/1855 - Construction of Health facility,Education,06-06-2024,1810406,Sanctioned
856,Gujarat,District_D,Constituency_154,MP_Name_154,GJ/666/2022-2023/1856 - Construction of Roads facility,Education,06-07-2024,1649650,Sanctioned
857,Bihar,District_C,Constituency_155,MP_Name_155,BR/756/2021-2022/1857 - Construction of Health facility,Education,14-05-2024,1131596,Sanctioned
858,Bihar,District_C,Constituency_155,MP_Name_155,BR/207/2022-2023/1858 - Construction of Sanitation facility,Drinking Water,20-07-2021,1328698,Sanctioned
859,Bihar,District_E,Constituency_155,MP_Name_155,BR/793/2023-2024/1859 - Construction of Health facility,Electricity,31-01-2024,432865,Sanctioned
860,Bihar,District_D,Constituency_155,MP_Name_155,BR/400/2021-2022/1860 - Construction of Drinking Water facility,Drinking Water,01-04-2021,505448,Sanctioned
861,Bihar,District_D,Constituency_155,MP_Name_155,BR/566/2021-2022/1861 - Construction of Sanitation facility,Health,26-03-2023,919269,Sanctioned
862,Bihar,District_C,Constituency_155,MP_Name_155,BR/569/2021-2022/1862 - Construction of Roads facility,Drinking Water,23-07-2024,755446,Sanctioned
863,Bihar,District_B,Constituency_155,MP_Name_155,BR/788/2023-2024/1863 - Construction of Health facility,Roads,30-03-2022,1076269,Sanctioned
864,Delhi,District_C,Constituency_156,MP_Name_156,DL/453/2021-2022/1864 - Construction of Education facility,Drinking Water,13-07-2021,788920,Sanctioned
865,Delhi,District_B,Constituency_156,MP_Name_156,DL/657/2021-2022/1865 - Construction of Health facility,Education,10-08-2022,1844023,Sanctioned
866,Delhi,District_D,Constituency_156,MP_Name_156,DL/448/2022-2023/1866 - Construction of Health facility,Sanitation,03-02-2023,1858979,Sanctioned
867,Delhi,District_C,Constituency_156,MP_Name_156,DL/239/2023-2024/1867 - Construction of Electricity facility,Education,09-01-2024,967133,Sanctioned
868,Delhi,District_B,Constituency_156,MP_Name_156,DL/701/2021-2022/1868 - Construction of Roads facility,Electricity,28-09-2023,1856007,Sanctioned
869,Delhi,District_A,Constituency_156,MP_Name_156,DL/555/2023-2024/1869 - Construction of Roads facility,Health,15-04-2024,1158999,Sanctioned
870,Madhya Pradesh,District_D,Constituency_157,MP_Name_157,MP/533/2021-2022/1870 - Construction of Drinking Water facility,Sanitation,10-11-2022,995998,Sanctioned
871,Madhya Pradesh,District_C,Constituency_157,MP_Name_157,MP/729/2022-2023/1871 - Construction of Health facility,Electricity,20-01-2023,1237901,Sanctioned
872,Madhya Pradesh,District_D,Constituency_157,MP_Name_157,MP/171/2022-2023/1872 - Construction of Drinking Water facility,Roads,11-10-2022,1120459,Sanctioned
873,Madhya Pradesh,District_C,Constituency_157,MP_Name_157,MP/190/2022-2023/1873 - Construction of Drinking Water facility,Roads,12-09-2024,839864,Sanctioned
874,Madhya Pradesh,District_A,Constituency_157,MP_Name_157,MP/581/2022-2023/1874 - Construction of Health facility,Health,03-06-2024,1724375,Sanctioned
875,Madhya Pradesh,District_D,Constituency_157,MP_Name_157,MP/631/2023-2024/1875 - Construction of Roads facility,Education,16-12-2022,420414,Sanctioned
876,Madhya Pradesh,District_D,Constituency_157,MP_Name_157,MP/648/2022-2023/1876 - Construction of Health facility,Health,08-01-2021,1198180,Sanctioned
877,Maharashtra,District_E,Constituency_158,MP_Name_158,MH/521/2022-2023/1877 - Construction of Education facility,Electricity,23-08-2022,997950,Sanctioned
878,Maharashtra,District_C,Constituency_158,MP_Name_158,MH/275/2021-2022/1878 - Construction of Sanitation facility,Electricity,27-05-2024,654393,Sanctioned
879,Maharashtra,District_A,Constituency_158,MP_Name_158,MH/721/2023-2024/1879 - Construction of Drinking Water facility,Electricity,11-10-2024,1619080,Sanctioned
880,Maharashtra,District_B,Constituency_158,MP_Name_158,MH/526/2023-2024/1880 - Construction of Health facility,Roads,15-05-2023,1380706,Sanctioned
881,Maharashtra,District_A,Constituency_158,MP_Name_158,MH/957/2021-2022/1881 - Construction of Health facility,Electricity,25-08-2023,927261,Sanctioned
882,Maharashtra,District_B,Constituency_158,MP_Name_158,MH/151/2021-2022/1882 - Construction of Health facility,Roads,15-07-2024,466432,Sanctioned
883,Maharashtra,District_E,Constituency_158,MP_Name_158,MH/575/2023-2024/1883 - Construction of Drinking Water facility,Health,12-12-2021,1367059,Sanctioned
884,Bihar,District_E,Constituency_159,MP_Name_159,BR/947/2021-2022/1884 - Construction of Roads facility,Health,10-06-2023,1859441,Sanctioned
885,Bihar,District_E,Constituency_159,MP_Name_159,BR/904/2022-2023/1885 - Construction of Health facility,Health,27-02-2024,1052052,Sanctioned
886,Bihar,District_D,Constituency_159,MP_Name_159,BR/766/2021-2022/1886 - Construction of Drinking Water facility,Sanitation,12-11-2021,1228373,Sanctioned
887,Rajasthan,District_D,Constituency_160,MP_Name_160,RJ/286/2023-2024/1887 - Construction of Health facility,Drinking Water,26-01-2022,1891638,Sanctioned
888,Rajasthan,District_E,Constituency_160,MP_Name_160,RJ/977/2022-2023/1888 - Construction of Electricity facility,Drinking Water,30-08-2023,1250510,Sanctioned
889,Rajasthan,District_E,Constituency_160,MP_Name_160,RJ/974/2023-2024/1889 - Construction of Electricity facility,Drinking Water,20-11-2021,1602785,Sanctioned
890,Rajasthan,District_B,Constituency_160,MP_Name_160,RJ/737/2023-2024/1890 - Construction of Health facility,Health,03-10-2021,988061,Sanctioned
891,Rajasthan,District_D,Constituency_160,MP_Name_160,RJ/892/2022-2023/1891 - Construction of Education facility,Electricity,20-02-2021,1711300,Sanctioned
892,Rajasthan,District_B,Constituency_160,MP_Name_160,RJ/712/2023-2024/1892 - Construction of Sanitation facility,Electricity,11-09-2023,810050,Sanctioned
893,Tamil Nadu,District_E,Constituency_161,MP_Name_161,TN/223/2023-2024/1893 - Construction of Roads facility,Sanitation,18-07-2023,1364640,Sanctioned
894,Tamil Nadu,District_A,Constituency_161,MP_Name_161,TN/627/2023-2024/1894 - Construction of Education facility,Health,17-04-2024,1236848,Sanctioned
895,Tamil Nadu,District_C,Constituency_161,MP_Name_161,TN/294/2022-2023/1895 - Construction of Sanitation facility,Roads,25-10-2022,1706187,Sanctioned
896,Tamil Nadu,District_C,Constituency_161,MP_Name_161,TN/460/2022-2023/1896 - Construction of Drinking Water facility,Drinking Water,02-04-2024,1653079,Sanctioned
897,Tamil Nadu,District_D,Constituency_161,MP_Name_161,TN/145/2021-2022/1897 - Construction of Education facility,Education,08-05-2022,436490,Sanctioned
898,Tamil Nadu,District_A,Constituency_161,MP_Name_161,TN/357/2021-2022/1898 - Construction of Drinking Water facility,Drinking Water,06-04-2023,756576,Sanctioned
899,Tamil Nadu,District_C,Constituency_161,MP_Name_161,TN/760/2022-2023/1899 - Construction of Roads facility,Health,25-07-2023,1231063,Sanctioned
900,Tamil Nadu,District_D,Constituency_161,MP_Name_161,TN/172/2023-2024/1900 - Construction of Roads facility,Roads,07-03-2021,599938,Sanctioned
901,Madhya Pradesh,District_A,Constituency_162,MP_Name_162,MP/726/2022-2023/1901 - Construction of Roads facility,Health,19-03-2022,862931,Sanctioned
902,Madhya Pradesh,District_A,Constituency_162,MP_Name_162,MP/991/2023-2024/1902 - Construction of Roads facility,Sanitation,25-12-2023,440881,Sanctioned
903,Madhya Pradesh,District_B,Constituency_162,MP_Name_162,MP/798/2023-2024/1903 - Construction of Roads facility,Health,31-07-2023,1630531,Sanctioned
904,Madhya Pradesh,District_A,Constituency_162,MP_Name_162,MP/772/2022-2023/1904 - Construction of Roads facility,Electricity,02-12-2024,698769,Sanctioned
905,Madhya Pradesh,District_C,Constituency_162,MP_Name_162,MP/806/2022-2023/1905 - Construction of Education facility,Electricity,18-09-2021,1837207,Sanctioned
906,Gujarat,District_D,Constituency_163,MP_Name_163,GJ/635/2022-2023/1906 - Construction of Education facility,Roads,16-06-2023,1260272,Sanctioned
907,Gujarat,District_D,Constituency_163,MP_Name_163,GJ/790/2023-2024/1907 - Construction of Drinking Water facility,Electricity,27-04-2022,935890,Sanctioned
908,Gujarat,District_D,Constituency_163,MP_Name_163,GJ/469/2021-2022/1908 - Construction of Electricity facility,Health,17-02-2022,1429779,Sanctioned
909,Gujarat,District_C,Constituency_163,MP_Name_163,GJ/998/2022-2023/1909 - Construction of Sanitation facility,Electricity,29-07-2022,1100040,Sanctioned
910,Gujarat,District_A,Constituency_163,MP_Name_163,GJ/840/2022-2023/1910 - Construction of Education facility,Sanitation,29-05-2022,1830037,Sanctioned
911,Gujarat,District_D,Constituency_163,MP_Name_163,GJ/589/2022-2023/1911 - Construction of Drinking Water facility,Health,14-06-2024,1374421,Sanctioned
912,Karnataka,District_B,Constituency_164,MP_Name_164,KA/152/2021-2022/1912 - Construction of Education facility,Electricity,13-10-2023,1757360,Sanctioned
913,Karnataka,District_E,Constituency_164,MP_Name_164,KA/287/2023-2024/1913 - Construction of Roads facility,Electricity,17-02-2021,501395,Sanctioned
914,Karnataka,District_C,Constituency_164,MP_Name_164,KA/554/2022-2023/1914 - Construction of Drinking Water facility,Electricity,08-10-2023,907664,Sanctioned
915,Karnataka,District_D,Constituency_164,MP_Name_164,KA/604/2023-2024/1915 - Construction of Education facility,Roads,05-01-2024,670865,Sanctioned
916,Karnataka,District_A,Constituency_164,MP_Name_164,KA/755/2022-2023/1916 - Construction of Electricity facility,Sanitation,03-07-2021,480820,Sanctioned
917,Karnataka,District_A,Constituency_164,MP_Name_164,KA/772/2022-2023/1917 - Construction of Sanitation facility,Electricity,16-12-2023,892024,Sanctioned
918,Karnataka,District_C,Constituency_164,MP_Name_164,KA/725/2023-2024/1918 - Construction of Electricity facility,Drinking Water,23-07-2024,1767215,Sanctioned
919,Karnataka,District_C,Constituency_164,MP_Name_164,KA/833/2021-2022/1919 - Construction of Roads facility,Roads,19-08-2021,1682393,Sanctioned
920,Rajasthan,District_B,Constituency_165,MP_Name_165,RJ/198/2022-2023/1920 - Construction of Roads facility,Sanitation,09-11-2021,1721113,Sanctioned
921,Rajasthan,District_D,Constituency_165,MP_Name_165,RJ/618/2023-2024/1921 - Construction of Education facility,Education,26-06-2021,1268620,Sanctioned
922,Rajasthan,District_B,Constituency_165,MP_Name_165,RJ/478/2022-2023/1922 - Construction of Roads facility,Sanitation,09-05-2021,400608,Sanctioned
923,Rajasthan,District_A,Constituency_165,MP_Name_165,RJ/802/2021-2022/1923 - Construction of Roads facility,Roads,27-03-2022,1428314,Sanctioned
924,Rajasthan,District_E,Constituency_165,MP_Name_165,RJ/258/2022-2023/1924 - Construction of Roads facility,Electricity,22-06-2023,1277277,Sanctioned
925,Rajasthan,District_A,Constituency_165,MP_Name_165,RJ/967/2022-2023/1925 - Construction of Roads facility,Education,11-10-2024,1472693,Sanctioned
926,Rajasthan,District_E,Constituency_165,MP_Name_165,RJ/586/2021-2022/1926 - Construction of Roads facility,Education,12-09-2024,1022538,Sanctioned
927,Delhi,District_C,Constituency_166,MP_Name_166,DL/560/2022-2023/1927 - Construction of Health facility,Electricity,07-09-2021,1227135,Sanctioned
928,Delhi,District_D,Constituency_166,MP_Name_166,DL/476/2023-2024/1928 - Construction of Health facility,Sanitation,26-10-2023,939789,Sanctioned
929,Delhi,District_C,Constituency_166,MP_Name_166,DL/554/2021-2022/1929 - Construction of Health facility,Roads,23-06-2023,755691,Sanctioned
930,Delhi,District_E,Constituency_166,MP_Name_166,DL/929/2021-2022/1930 - Construction of Sanitation facility,Health,12-03-2021,1274815,Sanctioned
931,Delhi,District_C,Constituency_166,MP_Name_166,DL/895/2021-2022/1931 - Construction of Health facility,Education,27-09-2021,1435707,Sanctioned
932,Delhi,District_B,Constituency_166,MP_Name_166,DL/973/2022-2023/1932 - Construction of Sanitation facility,Roads,22-09-2022,1082201,Sanctioned
933,Delhi,District_A,Constituency_166,MP_Name_166,DL/328/2021-2022/1933 - Construction of Sanitation facility,Health,09-07-2024,1288045,Sanctioned
934,Delhi,District_C,Constituency_166,MP_Name_166,DL/832/2023-2024/1934 - Construction of Sanitation facility,Drinking Water,04-09-2021,1062685,Sanctioned
935,Uttar Pradesh,District_B,Constituency_167,MP_Name_167,UP/446/2022-2023/1935 - Construction of Health facility,Education,28-10-2024,1057839,Sanctioned
936,Uttar Pradesh,District_D,Constituency_167,MP_Name_167,UP/216/2021-2022/1936 - Construction of Roads facility,Education,12-08-2024,1498104,Sanctioned
937,Uttar Pradesh,District_D,Constituency_167,MP_Name_167,UP/163/2023-2024/1937 - Construction of Health facility,Electricity,09-05-2022,808724,Sanctioned
938,Uttar Pradesh,District_B,Constituency_167,MP_Name_167,UP/366/2023-2024/1938 - Construction of Drinking Water facility,Electricity,24-11-2022,1527306,Sanctioned
939,Uttar Pradesh,District_B,Constituency_167,MP_Name_167,UP/998/2023-2024/1939 - Construction of Health facility,Health,01-09-2023,523392,Sanctioned
940,Uttar Pradesh,District_C,Constituency_167,MP_Name_167,UP/574/2021-2022/1940 - Construction of Sanitation facility,Sanitation,10-08-2021,1341421,Sanctioned
941,Uttar Pradesh,District_D,Constituency_167,MP_Name_167,UP/295/2023-2024/1941 - Construction of Drinking Water facility,Health,15-12-2023,1856116,Sanctioned
942,Rajasthan,District_A,Constituency_168,MP_Name_168,RJ/799/2023-2024/1942 - Construction of Health facility,Electricity,09-12-2023,797722,Sanctioned
943,Rajasthan,District_A,Constituency_168,MP_Name_168,RJ/255/2023-2024/1943 - Construction of Drinking Water facility,Sanitation,12-05-2024,536898,Sanctioned
944,Rajasthan,District_B,Constituency_168,MP_Name_168,RJ/886/2021-2022/1944 - Construction of Sanitation facility,Education,17-02-2022,913222,Sanctioned
945,Rajasthan,District_E,Constituency_168,MP_Name_168,RJ/423/2023-2024/1945 - Construction of Electricity facility,Electricity,12-07-2024,1223055,Sanctioned
946,Rajasthan,District_D,Constituency_168,MP_Name_168,RJ/417/2022-2023/1946 - Construction of Roads facility,Electricity,26-02-2021,750531,Sanctioned
947,Tamil Nadu,District_C,Constituency_169,MP_Name_169,TN/615/2023-2024/1947 - Construction of Electricity facility,Education,18-04-2021,1720897,Sanctioned
948,Tamil Nadu,District_C,Constituency_169,MP_Name_169,TN/316/2021-2022/1948 - Construction of Health facility,Health,12-04-2024,606756,Sanctioned
949,Tamil Nadu,District_C,Constituency_169,MP_Name_169,TN/283/2022-2023/1949 - Construction of Electricity facility,Health,22-05-2021,1148003,Sanctioned
950,Tamil Nadu,District_E,Constituency_169,MP_Name_169,TN/297/2023-2024/1950 - Construction of Roads facility,Sanitation,05-06-2022,1648728,Sanctioned
951,Tamil Nadu,District_A,Constituency_169,MP_Name_169,TN/776/2021-2022/1951 - Construction of Roads facility,Education,19-07-2024,975817,Sanctioned
952,Uttar Pradesh,District_C,Constituency_170,MP_Name_170,UP/369/2023-2024/1952 - Construction of Electricity facility,Roads,08-11-2023,1118014,Sanctioned
953,Uttar Pradesh,District_D,Constituency_170,MP_Name_170,UP/911/2023-2024/1953 - Construction of Roads facility,Sanitation,03-06-2021,1328517,Sanctioned
954,Uttar Pradesh,District_B,Constituency_170,MP_Name_170,UP/941/2021-2022/1954 - Construction of Electricity facility,Sanitation,10-06-2024,1507556,Sanctioned
955,Uttar Pradesh,District_B,Constituency_171,MP_Name_171,UP/474/2021-2022/1955 - Construction of Sanitation facility,Education,16-08-2021,1372191,Sanctioned
956,Uttar Pradesh,District_B,Constituency_171,MP_Name_171,UP/516/2023-2024/1956 - Construction of Electricity facility,Education,10-08-2022,1704670,Sanctioned
957,Uttar Pradesh,District_C,Constituency_171,MP_Name_171,UP/228/2021-2022/1957 - Construction of Drinking Water facility,Drinking Water,19-08-2024,1769399,Sanctioned
958,Uttar Pradesh,District_A,Constituency_171,MP_Name_171,UP/333/2022-2023/1958 - Construction of Electricity facility,Drinking Water,23-03-2021,1578337,Sanctioned
959,Uttar Pradesh,District_C,Constituency_171,MP_Name_171,UP/229/2022-2023/1959 - Construction of Drinking Water facility,Roads,14-02-2021,1156106,Sanctioned
960,Uttar Pradesh,District_D,Constituency_171,MP_Name_171,UP/582/2021-2022/1960 - Construction of Electricity facility,Sanitation,07-03-2021,788957,Sanctioned
961,Uttar Pradesh,District_D,Constituency_171,MP_Name_171,UP/885/2021-2022/1961 - Construction of Roads facility,Drinking Water,07-11-2021,1583823,Sanctioned
962,Maharashtra,District_C,Constituency_172,MP_Name_172,MH/999/2022-2023/1962 - Construction of Health facility,Education,04-01-2024,739867,Sanctioned
963,Maharashtra,District_B,Constituency_172,MP_Name_172,MH/644/2021-2022/1963 - Construction of Sanitation facility,Roads,02-04-2024,1224730,Sanctioned
964,Maharashtra,District_E,Constituency_172,MP_Name_172,MH/105/2021-2022/1964 - Construction of Roads facility,Roads,18-04-2023,678274,Sanctioned
965,Maharashtra,District_C,Constituency_172,MP_Name_172,MH/395/2021-2022/1965 - Construction of Health facility,Sanitation,11-06-2021,1319191,Sanctioned
966,Gujarat,District_B,Constituency_173,MP_Name_173,GJ/972/2023-2024/1966 - Construction of Education facility,Roads,05-06-2022,1069743,Sanctioned
967,Gujarat,District_A,Constituency_173,MP_Name_173,GJ/685/2023-2024/1967 - Construction of Education facility,Electricity,13-04-2021,1686267,Sanctioned
968,Gujarat,District_B,Constituency_173,MP_Name_173,GJ/715/2023-2024/1968 - Construction of Health facility,Electricity,01-06-2023,1436957,Sanctioned
969,Gujarat,District_D,Constituency_173,MP_Name_173,GJ/416/2022-2023/1969 - Construction of Health facility,Electricity,25-06-2024,771803,Sanctioned
970,Gujarat,District_C,Constituency_173,MP_Name_173,GJ/781/2023-2024/1970 - Construction of Electricity facility,Education,02-09-2022,432523,Sanctioned
971,Gujarat,District_B,Constituency_173,MP_Name_173,GJ/241/2022-2023/1971 - Construction of Electricity facility,Health,25-09-2023,1095109,Sanctioned
972,Gujarat,District_C,Constituency_173,MP_Name_173,GJ/898/2023-2024/1972 - Construction of Health facility,Health,04-04-2022,499384,Sanctioned
973,Bihar,District_A,Constituency_174,MP_Name_174,BR/780/2021-2022/1973 - Construction of Roads facility,Drinking Water,09-11-2024,852645,Sanctioned
974,Bihar,District_E,Constituency_174,MP_Name_174,BR/788/2021-2022/1974 - Construction of Drinking Water facility,Drinking Water,09-01-2022,1121692,Sanctioned
975,Bihar,District_B,Constituency_174,MP_Name_174,BR/477/2022-2023/1975 - Construction of Health facility,Roads,12-11-2023,617957,Sanctioned
976,Bihar,District_C,Constituency_174,MP_Name_174,BR/113/2023-2024/1976 - Construction of Electricity facility,Education,19-07-2024,1141071,Sanctioned
977,Bihar,District_E,Constituency_174,MP_Name_174,BR/163/2022-2023/1977 - Construction of Electricity facility,Sanitation,28-06-2023,1543273,Sanctioned
978,Bihar,District_D,Constituency_174,MP_Name_174,BR/671/2023-2024/1978 - Construction of Education facility,Health,23-07-2022,1842063,Sanctioned
979,Bihar,District_C,Constituency_174,MP_Name_174,BR/420/2023-2024/1979 - Construction of Sanitation facility,Electricity,16-07-2024,1453358,Sanctioned
980,Rajasthan,District_C,Constituency_175,MP_Name_175,RJ/179/2021-2022/1980 - Construction of Electricity facility,Electricity,10-12-2022,1560810,Sanctioned
981,Rajasthan,District_D,Constituency_175,MP_Name_175,RJ/988/2023-2024/1981 - Construction of Sanitation facility,Sanitation,06-11-2022,818643,Sanctioned
982,Rajasthan,District_E,Constituency_175,MP_Name_175,RJ/839/2023-2024/1982 - Construction of Education facility,Health,22-04-2022,980625,Sanctioned
983,Rajasthan,District_B,Constituency_175,MP_Name_175,RJ/745/2022-2023/1983 - Construction of Roads facility,Drinking Water,13-01-2022,1063288,Sanctioned
984,Rajasthan,District_D,Constituency_175,MP_Name_175,RJ/748/2023-2024/1984 - Construction of Roads facility,Roads,24-03-2023,843641,Sanctioned
985,Rajasthan,District_E,Constituency_175,MP_Name_175,RJ/116/2021-2022/1985 - Construction of Drinking Water facility,Health,01-11-2021,1211119,Sanctioned
986,Karnataka,District_E,Constituency_176,MP_Name_176,KA/696/2022-2023/1986 - Construction of Education facility,Education,14-05-2022,1464154,Sanctioned
987,Karnataka,District_E,Constituency_176,MP_Name_176,KA/249/2022-2023/1987 - Construction of Sanitation facility,Sanitation,13-10-2021,687229,Sanctioned
988,Karnataka,District_C,Constituency_176,MP_Name_176,KA/330/2021-2022/1988 - Construction of Health facility,Roads,05-10-2021,1843310,Sanctioned
989,Madhya Pradesh,District_E,Constituency_177,MP_Name_177,MP/612/2023-2024/1989 - Construction of Roads facility,Electricity,24-02-2024,985881,Sanctioned
990,Madhya Pradesh,District_A,Constituency_177,MP_Name_177,MP/356/2022-2023/1990 - Construction of Electricity facility,Health,06-02-2021,825689,Sanctioned
991,Madhya Pradesh,District_A,Constituency_177,MP_Name_177,MP/538/2023-2024/1991 - Construction of Drinking Water facility,Education,19-05-2021,1378543,Sanctioned
992,Madhya Pradesh,District_A,Constituency_177,MP_Name_177,MP/609/2023-2024/1992 - Construction of Drinking Water facility,Education,20-03-2021,1394581,Sanctioned
993,Madhya Pradesh,District_B,Constituency_177,MP_Name_177,MP/805/2021-2022/1993 - Construction of Sanitation facility,Sanitation,20-11-2024,1724081,Sanctioned
994,Madhya Pradesh,District_A,Constituency_177,MP_Name_177,MP/723/2023-2024/1994 - Construction of Electricity facility,Health,28-07-2021,1216316,Sanctioned
995,Madhya Pradesh,District_A,Constituency_177,MP_Name_177,MP/260/2022-2023/1995 - Construction of Sanitation facility,Health,22-10-2024,1814436,Sanctioned
996,Madhya Pradesh,District_D,Constituency_177,MP_Name_177,MP/116/2021-2022/1996 - Construction of Sanitation facility,Roads,13-04-2024,470469,Sanctioned
997,Maharashtra,District_D,Constituency_178,MP_Name_178,MH/580/2022-2023/1997 - Construction of Electricity facility,Roads,10-01-2021,1062384,Sanctioned
998,Maharashtra,District_B,Constituency_178,MP_Name_178,MH/111/2022-2023/1998 - Construction of Education facility,Sanitation,23-05-2023,1191118,Sanctioned
999,Maharashtra,District_A,Constituency_178,MP_Name_178,MH/632/2023-2024/1999 - Construction of Health facility,Drinking Water,19-08-2024,1859420,Sanctioned
1000,Maharashtra,District_C,Constituency_178,MP_Name_178,MH/613/2021-2022/2000 - Construction of Sanitation facility,Electricity,10-07-2023,561332,Sanctioned
1001,Maharashtra,District_C,Constituency_178,MP_Name_178,MH/768/2021-2022/2001 - Construction of Drinking Water facility,Health,05-01-2021,1077161,Sanctioned
1002,Maharashtra,District_B,Constituency_178,MP_Name_178,MH/154/2021-2022/2002 - Construction of Health facility,Education,23-07-2021,1858638,Sanctioned
1003,Tamil Nadu,District_A,Constituency_179,MP_Name_179,TN/367/2021-2022/2003 - Construction of Drinking Water facility,Electricity,05-07-2023,591161,Sanctioned
1004,Tamil Nadu,District_A,Constituency_179,MP_Name_179,TN/954/2023-2024/2004 - Construction of Health facility,Education,27-08-2022,941383,Sanctioned
1005,Tamil Nadu,District_D,Constituency_179,MP_Name_179,TN/725/2022-2023/2005 - Construction of Education facility,Drinking Water,07-04-2024,615605,Sanctioned
1006,Tamil Nadu,District_B,Constituency_179,MP_Name_179,TN/711/2023-2024/2006 - Construction of Electricity facility,Sanitation,07-10-2023,1436776,Sanctioned
1007,West Bengal,District_C,Constituency_180,MP_Name_180,WB/812/2023-2024/2007 - Construction of Sanitation facility,Education,22-12-2022,562033,Sanctioned
1008,West Bengal,District_C,Constituency_180,MP_Name_180,WB/463/2022-2023/2008 - Construction of Drinking Water facility,Health,15-02-2024,1708802,Sanctioned
1009,West Bengal,District_C,Constituency_180,MP_Name_180,WB/721/2021-2022/2009 - Construction of Health facility,Education,21-08-2024,957636,Sanctioned
1010,West Bengal,District_E,Constituency_180,MP_Name_180,WB/765/2021-2022/2010 - Construction of Health facility,Health,06-11-2024,879612,Sanctioned
1011,West Bengal,District_B,Constituency_180,MP_Name_180,WB/513/2023-2024/2011 - Construction of Sanitation facility,Drinking Water,02-12-2021,976856,Sanctioned
1012,West Bengal,District_E,Constituency_180,MP_Name_180,WB/194/2022-2023/2012 - Construction of Sanitation facility,Electricity,16-03-2023,437217,Sanctioned
1013,West Bengal,District_A,Constituency_180,MP_Name_180,WB/320/2023-2024/2013 - Construction of Sanitation facility,Drinking Water,11-05-2022,1636367,Sanctioned
1014,Maharashtra,District_B,Constituency_181,MP_Name_181,MH/166/2021-2022/2014 - Construction of Drinking Water facility,Education,15-12-2024,1428381,Sanctioned
1015,Maharashtra,District_B,Constituency_181,MP_Name_181,MH/869/2022-2023/2015 - Construction of Health facility,Health,22-10-2022,1103410,Sanctioned
1016,Maharashtra,District_C,Constituency_181,MP_Name_181,MH/329/2022-2023/2016 - Construction of Health facility,Roads,16-03-2023,1849747,Sanctioned
1017,Maharashtra,District_C,Constituency_181,MP_Name_181,MH/221/2022-2023/2017 - Construction of Sanitation facility,Education,01-05-2022,1810503,Sanctioned
1018,Maharashtra,District_E,Constituency_181,MP_Name_181,MH/538/2021-2022/2018 - Construction of Education facility,Education,02-09-2023,622595,Sanctioned
1019,Maharashtra,District_B,Constituency_181,MP_Name_181,MH/964/2023-2024/2019 - Construction of Health facility,Education,19-05-2023,1618823,Sanctioned
1020,Maharashtra,District_E,Constituency_181,MP_Name_181,MH/679/2021-2022/2020 - Construction of Sanitation facility,Health,30-04-2023,1087469,Sanctioned
1021,Tamil Nadu,District_B,Constituency_182,MP_Name_182,TN/472/2021-2022/2021 - Construction of Health facility,Roads,11-02-2022,1869587,Sanctioned
1022,Tamil Nadu,District_D,Constituency_182,MP_Name_182,TN/576/2022-2023/2022 - Construction of Education facility,Education,01-11-2023,468104,Sanctioned
1023,Tamil Nadu,District_B,Constituency_182,MP_Name_182,TN/241/2022-2023/2023 - Construction of Sanitation facility,Health,28-12-2022,878906,Sanctioned
1024,Tamil Nadu,District_C,Constituency_182,MP_Name_182,TN/864/2023-2024/2024 - Construction of Sanitation facility,Education,18-11-2021,682233,Sanctioned
1025,Tamil Nadu,District_E,Constituency_182,MP_Name_182,TN/738/2023-2024/2025 - Construction of Education facility,Drinking Water,13-02-2023,696366,Sanctioned
1026,Tamil Nadu,District_C,Constituency_182,MP_Name_182,TN/686/2022-2023/2026 - Construction of Education facility,Sanitation,09-02-2023,630931,Sanctioned
1027,Tamil Nadu,District_C,Constituency_182,MP_Name_182,TN/235/2023-2024/2027 - Construction of Health facility,Roads,18-03-2021,426911,Sanctioned
1028,Uttar Pradesh,District_C,Constituency_183,MP_Name_183,UP/355/2021-2022/2028 - Construction of Roads facility,Roads,12-02-2024,745920,Sanctioned
1029,Uttar Pradesh,District_E,Constituency_183,MP_Name_183,UP/881/2021-2022/2029 - Construction of Education facility,Drinking Water,20-06-2023,1608352,Sanctioned
1030,Uttar Pradesh,District_E,Constituency_183,MP_Name_183,UP/507/2023-2024/2030 - Construction of Education facility,Education,03-11-2021,549489,Sanctioned
1031,Delhi,District_D,Constituency_184,MP_Name_184,DL/210/2022-2023/2031 - Construction of Health facility,Health,27-05-2022,1294795,Sanctioned
1032,Delhi,District_E,Constituency_184,MP_Name_184,DL/687/2021-2022/2032 - Construction of Health facility,Drinking Water,06-04-2021,1295994,Sanctioned
1033,Delhi,District_E,Constituency_184,MP_Name_184,DL/857/2023-2024/2033 - Construction of Health facility,Sanitation,10-07-2022,1501137,Sanctioned
1034,Delhi,District_B,Constituency_184,MP_Name_184,DL/867/2022-2023/2034 - Construction of Drinking Water facility,Health,07-09-2021,506228,Sanctioned
1035,Delhi,District_D,Constituency_184,MP_Name_184,DL/556/2022-2023/2035 - Construction of Sanitation facility,Drinking Water,15-08-2021,950954,Sanctioned
1036,Delhi,District_B,Constituency_184,MP_Name_184,DL/916/2021-2022/2036 - Construction of Health facility,Sanitation,16-02-2023,405413,Sanctioned
1037,Delhi,District_E,Constituency_184,MP_Name_184,DL/539/2021-2022/2037 - Construction of Health facility,Sanitation,09-04-2022,1189754,Sanctioned
1038,West Bengal,District_A,Constituency_185,MP_Name_185,WB/698/2022-2023/2038 - Construction of Drinking Water facility,Drinking Water,08-04-2023,1233905,Sanctioned
1039,West Bengal,District_B,Constituency_185,MP_Name_185,WB/729/2021-2022/2039 - Construction of Education facility,Education,07-10-2021,1819671,Sanctioned
1040,West Bengal,District_D,Constituency_185,MP_Name_185,WB/539/2023-2024/2040 - Construction of Sanitation facility,Sanitation,02-09-2022,1632807,Sanctioned
1041,West Bengal,District_B,Constituency_185,MP_Name_185,WB/328/2021-2022/2041 - Construction of Health facility,Health,14-02-2024,818571,Sanctioned
1042,West Bengal,District_A,Constituency_185,MP_Name_185,WB/441/2023-2024/2042 - Construction of Sanitation facility,Electricity,22-07-2023,1416249,Sanctioned
1043,West Bengal,District_A,Constituency_185,MP_Name_185,WB/474/2022-2023/2043 - Construction of Sanitation facility,Health,24-07-2024,1304123,Sanctioned
1044,Tamil Nadu,District_A,Constituency_186,MP_Name_186,TN/216/2023-2024/2044 - Construction of Electricity facility,Roads,10-07-2021,1440244,Sanctioned
1045,Tamil Nadu,District_D,Constituency_186,MP_Name_186,TN/453/2021-2022/2045 - Construction of Electricity facility,Education,04-06-2022,968603,Sanctioned
1046,Tamil Nadu,District_E,Constituency_186,MP_Name_186,TN/884/2022-2023/2046 - Construction of Sanitation facility,Roads,11-05-2024,898941,Sanctioned
1047,Tamil Nadu,District_A,Constituency_186,MP_Name_186,TN/265/2023-2024/2047 - Construction of Drinking Water facility,Drinking Water,30-09-2022,688265,Sanctioned
1048,Tamil Nadu,District_B,Constituency_186,MP_Name_186,TN/804/2022-2023/2048 - Construction of Education facility,Drinking Water,18-02-2023,557437,Sanctioned
1049,Tamil Nadu,District_C,Constituency_186,MP_Name_186,TN/197/2022-2023/2049 - Construction of Drinking Water facility,Roads,13-02-2023,1293389,Sanctioned
1050,Tamil Nadu,District_D,Constituency_186,MP_Name_186,TN/763/2022-2023/2050 - Construction of Electricity facility,Electricity,21-06-2024,1074950,Sanctioned
1051,Tamil Nadu,District_E,Constituency_186,MP_Name_186,TN/761/2021-2022/2051 - Construction of Roads facility,Roads,14-03-2022,1451036,Sanctioned
1052,Gujarat,District_A,Constituency_187,MP_Name_187,GJ/877/2023-2024/2052 - Construction of Drinking Water facility,Roads,27-06-2021,1264618,Sanctioned
1053,Gujarat,District_A,Constituency_187,MP_Name_187,GJ/311/2021-2022/2053 - Construction of Education facility,Sanitation,07-09-2023,962059,Sanctioned
1054,Gujarat,District_D,Constituency_187,MP_Name_187,GJ/857/2023-2024/2054 - Construction of Sanitation facility,Education,08-12-2024,1388808,Sanctioned
1055,Gujarat,District_B,Constituency_187,MP_Name_187,GJ/144/2023-2024/2055 - Construction of Education facility,Electricity,13-03-2021,1093747,Sanctioned
1056,Gujarat,District_A,Constituency_187,MP_Name_187,GJ/199/2022-2023/2056 - Construction of Education facility,Health,25-07-2022,1188325,Sanctioned
1057,Gujarat,District_B,Constituency_187,MP_Name_187,GJ/460/2023-2024/2057 - Construction of Drinking Water facility,Drinking Water,30-06-2022,1453805,Sanctioned
1058,Gujarat,District_E,Constituency_187,MP_Name_187,GJ/127/2022-2023/2058 - Construction of Roads facility,Health,08-02-2021,550932,Sanctioned
1059,Tamil Nadu,District_A,Constituency_188,MP_Name_188,TN/164/2023-2024/2059 - Construction of Sanitation facility,Electricity,22-12-2021,1207469,Sanctioned
1060,Tamil Nadu,District_C,Constituency_188,MP_Name_188,TN/940/2021-2022/2060 - Construction of Drinking Water facility,Sanitation,11-06-2023,478683,Sanctioned
1061,Tamil Nadu,District_A,Constituency_188,MP_Name_188,TN/788/2022-2023/2061 - Construction of Sanitation facility,Electricity,06-08-2021,1460972,Sanctioned
1062,Tamil Nadu,District_B,Constituency_188,MP_Name_188,TN/593/2022-2023/2062 - Construction of Sanitation facility,Health,18-05-2022,1347644,Sanctioned
1063,Tamil Nadu,District_B,Constituency_188,MP_Name_188,TN/947/2021-2022/2063 - Construction of Sanitation facility,Drinking Water,14-09-2023,1410764,Sanctioned
1064,Tamil Nadu,District_B,Constituency_188,MP_Name_188,TN/140/2021-2022/2064 - Construction of Roads facility,Roads,26-09-2023,884603,Sanctioned
1065,West Bengal,District_C,Constituency_189,MP_Name_189,WB/500/2021-2022/2065 - Construction of Roads facility,Education,21-08-2024,1581135,Sanctioned
1066,West Bengal,District_D,Constituency_189,MP_Name_189,WB/710/2022-2023/2066 - Construction of Electricity facility,Sanitation,16-04-2023,798186,Sanctioned
1067,West Bengal,District_E,Constituency_189,MP_Name_189,WB/813/2023-2024/2067 - Construction of Roads facility,Roads,07-07-2023,1357173,Sanctioned
1068,West Bengal,District_A,Constituency_189,MP_Name_189,WB/645/2022-2023/2068 - Construction of Health facility,Education,21-03-2024,743432,Sanctioned
1069,West Bengal,District_E,Constituency_189,MP_Name_189,WB/653/2022-2023/2069 - Construction of Health facility,Sanitation,24-11-2022,604545,Sanctioned
1070,West Bengal,District_C,Constituency_189,MP_Name_189,WB/201/2022-2023/2070 - Construction of Electricity facility,Roads,24-05-2024,1318328,Sanctioned
1071,West Bengal,District_B,Constituency_189,MP_Name_189,WB/841/2022-2023/2071 - Construction of Electricity facility,Sanitation,24-12-2024,1846942,Sanctioned
1072,Karnataka,District_E,Constituency_190,MP_Name_190,KA/114/2021-2022/2072 - Construction of Roads facility,Electricity,28-05-2023,1201076,Sanctioned
1073,Karnataka,District_B,Constituency_190,MP_Name_190,KA/830/2023-2024/2073 - Construction of Drinking Water facility,Roads,20-02-2023,1236302,Sanctioned
1074,Karnataka,District_E,Constituency_190,MP_Name_190,KA/246/2022-2023/2074 - Construction of Education facility,Drinking Water,02-03-2024,454389,Sanctioned
1075,Tamil Nadu,District_C,Constituency_191,MP_Name_191,TN/183/2023-2024/2075 - Construction of Electricity facility,Drinking Water,20-03-2024,1397935,Sanctioned
1076,Tamil Nadu,District_D,Constituency_191,MP_Name_191,TN/665/2023-2024/2076 - Construction of Electricity facility,Drinking Water,13-07-2023,841211,Sanctioned
1077,Tamil Nadu,District_C,Constituency_191,MP_Name_191,TN/734/2023-2024/2077 - Construction of Drinking Water facility,Electricity,20-11-2021,930109,Sanctioned
1078,Tamil Nadu,District_E,Constituency_191,MP_Name_191,TN/884/2021-2022/2078 - Construction of Roads facility,Roads,06-06-2023,1225248,Sanctioned
1079,Tamil Nadu,District_B,Constituency_191,MP_Name_191,TN/103/2022-2023/2079 - Construction of Sanitation facility,Health,19-10-2024,538813,Sanctioned
1080,Tamil Nadu,District_E,Constituency_191,MP_Name_191,TN/542/2021-2022/2080 - Construction of Roads facility,Drinking Water,26-05-2023,1437617,Sanctioned
1081,Tamil Nadu,District_C,Constituency_191,MP_Name_191,TN/661/2023-2024/2081 - Construction of Roads facility,Electricity,14-06-2023,1210944,Sanctioned
1082,Tamil Nadu,District_C,Constituency_191,MP_Name_191,TN/905/2023-2024/2082 - Construction of Electricity facility,Roads,08-12-2021,1484467,Sanctioned
1083,Gujarat,District_D,Constituency_192,MP_Name_192,GJ/669/2021-2022/2083 - Construction of Education facility,Drinking Water,06-05-2023,670358,Sanctioned
1084,Gujarat,District_A,Constituency_192,MP_Name_192,GJ/537/2022-2023/2084 - Construction of Health facility,Electricity,21-02-2022,514373,Sanctioned
1085,Gujarat,District_C,Constituency_192,MP_Name_192,GJ/124/2023-2024/2085 - Construction of Roads facility,Electricity,06-07-2022,498403,Sanctioned
1086,Gujarat,District_C,Constituency_192,MP_Name_192,GJ/649/2021-2022/2086 - Construction of Drinking Water facility,Sanitation,08-07-2022,500821,Sanctioned
1087,Gujarat,District_A,Constituency_192,MP_Name_192,GJ/202/2023-2024/2087 - Construction of Electricity facility,Health,08-03-2023,638710,Sanctioned
1088,Gujarat,District_C,Constituency_192,MP_Name_192,GJ/493/2022-2023/2088 - Construction of Drinking Water facility,Roads,16-10-2023,1351967,Sanctioned
1089,Uttar Pradesh,District_D,Constituency_193,MP_Name_193,UP/299/2023-2024/2089 - Construction of Electricity facility,Sanitation,19-06-2024,1278718,Sanctioned
1090,Uttar Pradesh,District_B,Constituency_193,MP_Name_193,UP/483/2022-2023/2090 - Construction of Health facility,Education,24-04-2023,1237270,Sanctioned
1091,Uttar Pradesh,District_B,Constituency_193,MP_Name_193,UP/719/2023-2024/2091 - Construction of Electricity facility,Sanitation,15-07-2021,1441918,Sanctioned
1092,Uttar Pradesh,District_B,Constituency_193,MP_Name_193,UP/487/2023-2024/2092 - Construction of Sanitation facility,Sanitation,01-04-2021,913502,Sanctioned
1093,Uttar Pradesh,District_C,Constituency_193,MP_Name_193,UP/353/2021-2022/2093 - Construction of Roads facility,Health,02-07-2024,1746066,Sanctioned
1094,Uttar Pradesh,District_B,Constituency_193,MP_Name_193,UP/303/2023-2024/2094 - Construction of Health facility,Health,20-10-2023,512268,Sanctioned
1095,Bihar,District_E,Constituency_194,MP_Name_194,BR/342/2021-2022/2095 - Construction of Sanitation facility,Education,25-02-2021,928209,Sanctioned
1096,Bihar,District_B,Constituency_194,MP_Name_194,BR/527/2021-2022/2096 - Construction of Roads facility,Health,07-10-2022,1063942,Sanctioned
1097,Bihar,District_E,Constituency_194,MP_Name_194,BR/793/2023-2024/2097 - Construction of Electricity facility,Electricity,11-03-2024,1797248,Sanctioned
1098,Bihar,District_C,Constituency_194,MP_Name_194,BR/392/2021-2022/2098 - Construction of Roads facility,Sanitation,01-10-2024,873166,Sanctioned
1099,Uttar Pradesh,District_E,Constituency_195,MP_Name_195,UP/436/2021-2022/2099 - Construction of Electricity facility,Education,01-07-2021,1707247,Sanctioned
1100,Uttar Pradesh,District_D,Constituency_195,MP_Name_195,UP/377/2021-2022/2100 - Construction of Education facility,Drinking Water,02-12-2024,1892023,Sanctioned
1101,Uttar Pradesh,District_B,Constituency_195,MP_Name_195,UP/912/2022-2023/2101 - Construction of Roads facility,Electricity,21-01-2022,574829,Sanctioned
1102,Uttar Pradesh,District_D,Constituency_195,MP_Name_195,UP/183/2022-2023/2102 - Construction of Sanitation facility,Education,04-11-2021,1766011,Sanctioned
1103,Uttar Pradesh,District_E,Constituency_195,MP_Name_195,UP/295/2023-2024/2103 - Construction of Education facility,Education,04-06-2023,962976,Sanctioned
1104,Uttar Pradesh,District_D,Constituency_195,MP_Name_195,UP/973/2023-2024/2104 - Construction of Roads facility,Sanitation,26-04-2023,1320401,Sanctioned
1105,Uttar Pradesh,District_C,Constituency_195,MP_Name_195,UP/956/2023-2024/2105 - Construction of Roads facility,Roads,20-10-2021,620291,Sanctioned
1106,West Bengal,District_E,Constituency_196,MP_Name_196,WB/293/2022-2023/2106 - Construction of Sanitation facility,Roads,29-03-2024,669193,Sanctioned
1107,West Bengal,District_C,Constituency_196,MP_Name_196,WB/710/2021-2022/2107 - Construction of Electricity facility,Sanitation,13-03-2021,1762155,Sanctioned
1108,West Bengal,District_C,Constituency_196,MP_Name_196,WB/796/2022-2023/2108 - Construction of Health facility,Education,07-05-2022,1191763,Sanctioned
1109,West Bengal,District_C,Constituency_196,MP_Name_196,WB/390/2022-2023/2109 - Construction of Sanitation facility,Education,06-08-2021,709301,Sanctioned
1110,West Bengal,District_C,Constituency_196,MP_Name_196,WB/576/2022-2023/2110 - Construction of Roads facility,Education,12-10-2024,505203,Sanctioned
1111,West Bengal,District_D,Constituency_196,MP_Name_196,WB/736/2023-2024/2111 - Construction of Drinking Water facility,Drinking Water,05-10-2022,801550,Sanctioned
1112,Tamil Nadu,District_B,Constituency_197,MP_Name_197,TN/936/2021-2022/2112 - Construction of Drinking Water facility,Drinking Water,24-11-2023,1603448,Sanctioned
1113,Tamil Nadu,District_D,Constituency_197,MP_Name_197,TN/355/2021-2022/2113 - Construction of Electricity facility,Education,09-03-2022,1152087,Sanctioned
1114,Tamil Nadu,District_C,Constituency_197,MP_Name_197,TN/357/2021-2022/2114 - Construction of Education facility,Electricity,10-03-2024,1064520,Sanctioned
1115,Tamil Nadu,District_E,Constituency_197,MP_Name_197,TN/649/2022-2023/2115 - Construction of Health facility,Electricity,25-09-2023,1626033,Sanctioned
1116,Tamil Nadu,District_B,Constituency_197,MP_Name_197,TN/424/2022-2023/2116 - Construction of Sanitation facility,Sanitation,27-12-2022,1509177,Sanctioned
1117,Tamil Nadu,District_A,Constituency_197,MP_Name_197,TN/105/2022-2023/2117 - Construction of Electricity facility,Drinking Water,27-03-2023,1159929,Sanctioned
1118,Tamil Nadu,District_E,Constituency_197,MP_Name_197,TN/976/2023-2024/2118 - Construction of Roads facility,Sanitation,20-04-2024,827748,Sanctioned
1119,Tamil Nadu,District_A,Constituency_197,MP_Name_197,TN/510/2021-2022/2119 - Construction of Sanitation facility,Electricity,08-02-2021,531278,Sanctioned
1120,Maharashtra,District_C,Constituency_198,MP_Name_198,MH/300/2021-2022/2120 - Construction of Drinking Water facility,Drinking Water,13-02-2021,1606903,Sanctioned
1121,Maharashtra,District_D,Constituency_198,MP_Name_198,MH/218/2021-2022/2121 - Construction of Drinking Water facility,Education,11-04-2024,672163,Sanctioned
1122,Maharashtra,District_C,Constituency_198,MP_Name_198,MH/923/2022-2023/2122 - Construction of Roads facility,Electricity,28-08-2024,1499709,Sanctioned
1123,Maharashtra,District_C,Constituency_198,MP_Name_198,MH/924/2023-2024/2123 - Construction of Sanitation facility,Sanitation,12-12-2022,1761188,Sanctioned
1124,Maharashtra,District_D,Constituency_198,MP_Name_198,MH/608/2022-2023/2124 - Construction of Sanitation facility,Roads,27-06-2022,481902,Sanctioned
1125,Rajasthan,District_A,Constituency_199,MP_Name_199,RJ/115/2022-2023/2125 - Construction of Drinking Water facility,Roads,08-06-2021,737039,Sanctioned
1126,Rajasthan,District_A,Constituency_199,MP_Name_199,RJ/101/2021-2022/2126 - Construction of Roads facility,Electricity,02-09-2024,889289,Sanctioned
1127,Rajasthan,District_B,Constituency_199,MP_Name_199,RJ/434/2022-2023/2127 - Construction of Electricity facility,Health,18-10-2022,747145,Sanctioned
1128,Rajasthan,District_B,Constituency_199,MP_Name_199,RJ/914/2022-2023/2128 - Construction of Electricity facility,Electricity,17-10-2021,578606,Sanctioned
1129,Rajasthan,District_C,Constituency_199,MP_Name_199,RJ/353/2023-2024/2129 - Construction of Roads facility,Health,02-08-2022,1823699,Sanctioned
1130,Rajasthan,District_D,Constituency_199,MP_Name_199,RJ/182/2022-2023/2130 - Construction of Education facility,Roads,01-09-2023,1381831,Sanctioned
1131,Rajasthan,District_C,Constituency_199,MP_Name_199,RJ/232/2021-2022/2131 - Construction of Health facility,Health,01-08-2021,1855624,Sanctioned
1132,Rajasthan,District_B,Constituency_200,MP_Name_200,RJ/327/2022-2023/2132 - Construction of Roads facility,Electricity,30-04-2023,958873,Sanctioned
1133,Rajasthan,District_B,Constituency_200,MP_Name_200,RJ/518/2022-2023/2133 - Construction of Electricity facility,Education,11-12-2021,1852983,Sanctioned
1134,Rajasthan,District_B,Constituency_200,MP_Name_200,RJ/718/2023-2024/2134 - Construction of Roads facility,Electricity,27-07-2022,953431,Sanctioned
1135,Rajasthan,District_D,Constituency_200,MP_Name_200,RJ/809/2022-2023/2135 - Construction of Sanitation facility,Education,16-10-2021,1449347,Sanctioned
1136,Rajasthan,District_E,Constituency_200,MP_Name_200,RJ/124/2021-2022/2136 - Construction of Drinking Water facility,Roads,02-02-2022,775403,Sanctioned
1137,Rajasthan,District_C,Constituency_200,MP_Name_200,RJ/443/2023-2024/2137 - Construction of Roads facility,Education,18-05-2023,1543049,Sanctioned
1138,Karnataka,District_C,Constituency_201,MP_Name_201,KA/424/2023-2024/2138 - Construction of Health facility,Roads,25-12-2022,1290014,Sanctioned
1139,Karnataka,District_E,Constituency_201,MP_Name_201,KA/441/2023-2024/2139 - Construction of Education facility,Roads,31-07-2021,1414496,Sanctioned
1140,Karnataka,District_D,Constituency_201,MP_Name_201,KA/428/2021-2022/2140 - Construction of Sanitation facility,Electricity,16-05-2022,1015447,Sanctioned
1141,Karnataka,District_E,Constituency_201,MP_Name_201,KA/752/2022-2023/2141 - Construction of Drinking Water facility,Drinking Water,31-10-2023,1612983,Sanctioned
1142,Karnataka,District_D,Constituency_201,MP_Name_201,KA/371/2021-2022/2142 - Construction of Roads facility,Sanitation,24-07-2022,979649,Sanctioned
1143,Karnataka,District_B,Constituency_201,MP_Name_201,KA/908/2022-2023/2143 - Construction of Roads facility,Education,02-11-2022,588091,Sanctioned
1144,Karnataka,District_C,Constituency_201,MP_Name_201,KA/794/2021-2022/2144 - Construction of Health facility,Sanitation,25-06-2021,834608,Sanctioned
1145,Karnataka,District_E,Constituency_201,MP_Name_201,KA/871/2023-2024/2145 - Construction of Roads facility,Roads,18-08-2024,931186,Sanctioned
1146,Bihar,District_A,Constituency_202,MP_Name_202,BR/930/2022-2023/2146 - Construction of Drinking Water facility,Health,18-06-2022,495327,Sanctioned
1147,Bihar,District_E,Constituency_202,MP_Name_202,BR/931/2021-2022/2147 - Construction of Health facility,Roads,03-02-2023,1546044,Sanctioned
1148,Bihar,District_A,Constituency_202,MP_Name_202,BR/920/2021-2022/2148 - Construction of Sanitation facility,Roads,28-05-2024,403534,Sanctioned
1149,Bihar,District_E,Constituency_202,MP_Name_202,BR/542/2023-2024/2149 - Construction of Roads facility,Education,25-02-2022,1539262,Sanctioned
1150,Bihar,District_D,Constituency_202,MP_Name_202,BR/378/2023-2024/2150 - Construction of Sanitation facility,Drinking Water,11-05-2021,665321,Sanctioned
1151,Bihar,District_A,Constituency_202,MP_Name_202,BR/247/2022-2023/2151 - Construction of Education facility,Education,27-01-2022,1883400,Sanctioned
1152,Maharashtra,District_C,Constituency_203,MP_Name_203,MH/715/2022-2023/2152 - Construction of Drinking Water facility,Health,14-01-2024,1360391,Sanctioned
1153,Maharashtra,District_E,Constituency_203,MP_Name_203,MH/904/2023-2024/2153 - Construction of Roads facility,Health,23-02-2021,1039220,Sanctioned
1154,Maharashtra,District_C,Constituency_203,MP_Name_203,MH/592/2023-2024/2154 - Construction of Drinking Water facility,Education,03-06-2022,476852,Sanctioned
1155,Maharashtra,District_D,Constituency_203,MP_Name_203,MH/853/2022-2023/2155 - Construction of Electricity facility,Drinking Water,13-08-2022,1434601,Sanctioned
1156,Maharashtra,District_D,Constituency_203,MP_Name_203,MH/934/2022-2023/2156 - Construction of Sanitation facility,Education,08-07-2024,763744,Sanctioned
1157,Maharashtra,District_C,Constituency_203,MP_Name_203,MH/298/2023-2024/2157 - Construction of Drinking Water facility,Roads,29-01-2022,1268469,Sanctioned
1158,Maharashtra,District_D,Constituency_203,MP_Name_203,MH/746/2021-2022/2158 - Construction of Drinking Water facility,Sanitation,18-02-2023,1001189,Sanctioned
1159,Maharashtra,District_B,Constituency_203,MP_Name_203,MH/784/2023-2024/2159 - Construction of Roads facility,Electricity,07-03-2022,927919,Sanctioned
1160,Madhya Pradesh,District_E,Constituency_204,MP_Name_204,MP/837/2021-2022/2160 - Construction of Drinking Water facility,Education,19-03-2023,1701585,Sanctioned
1161,Madhya Pradesh,District_E,Constituency_204,MP_Name_204,MP/335/2023-2024/2161 - Construction of Drinking Water facility,Drinking Water,13-04-2024,900711,Sanctioned
1162,Madhya Pradesh,District_C,Constituency_204,MP_Name_204,MP/699/2022-2023/2162 - Construction of Roads facility,Education,28-11-2022,1395014,Sanctioned
1163,Madhya Pradesh,District_C,Constituency_204,MP_Name_204,MP/477/2021-2022/2163 - Construction of Sanitation facility,Electricity,10-07-2024,1454589,Sanctioned
1164,Madhya Pradesh,District_C,Constituency_204,MP_Name_204,MP/539/2023-2024/2164 - Construction of Roads facility,Electricity,14-09-2021,1694422,Sanctioned
1165,Madhya Pradesh,District_E,Constituency_204,MP_Name_204,MP/379/2022-2023/2165 - Construction of Sanitation facility,Health,08-03-2021,1114200,Sanctioned
1166,Madhya Pradesh,District_A,Constituency_204,MP_Name_204,MP/784/2021-2022/2166 - Construction of Education facility,Electricity,13-01-2022,846027,Sanctioned
1167,Tamil Nadu,District_D,Constituency_205,MP_Name_205,TN/749/2023-2024/2167 - Construction of Roads facility,Roads,05-06-2023,1243951,Sanctioned
1168,Tamil Nadu,District_B,Constituency_205,MP_Name_205,TN/376/2022-2023/2168 - Construction of Education facility,Roads,29-05-2021,1098636,Sanctioned
1169,Tamil Nadu,District_E,Constituency_205,MP_Name_205,TN/843/2021-2022/2169 - Construction of Electricity facility,Drinking Water,02-11-2021,561949,Sanctioned
1170,Tamil Nadu,District_B,Constituency_205,MP_Name_205,TN/535/2022-2023/2170 - Construction of Education facility,Education,26-03-2024,1728700,Sanctioned
1171,Tamil Nadu,District_E,Constituency_205,MP_Name_205,TN/261/2022-2023/2171 - Construction of Health facility,Roads,24-11-2023,676409,Sanctioned
1172,Tamil Nadu,District_D,Constituency_205,MP_Name_205,TN/666/2022-2023/2172 - Construction of Health facility,Education,15-07-2021,1873349,Sanctioned
1173,Tamil Nadu,District_C,Constituency_205,MP_Name_205,TN/430/2023-2024/2173 - Construction of Drinking Water facility,Sanitation,26-05-2023,1084218,Sanctioned
1174,Tamil Nadu,District_E,Constituency_205,MP_Name_205,TN/355/2023-2024/2174 - Construction of Health facility,Electricity,01-09-2022,1695903,Sanctioned
1175,Maharashtra,District_E,Constituency_206,MP_Name_206,MH/263/2023-2024/2175 - Construction of Drinking Water facility,Roads,29-08-2024,1521235,Sanctioned
1176,Maharashtra,District_E,Constituency_206,MP_Name_206,MH/612/2021-2022/2176 - Construction of Electricity facility,Health,14-10-2022,1741452,Sanctioned
1177,Maharashtra,District_E,Constituency_206,MP_Name_206,MH/746/2022-2023/2177 - Construction of Electricity facility,Drinking Water,15-09-2021,1135171,Sanctioned
1178,Bihar,District_D,Constituency_207,MP_Name_207,BR/344/2022-2023/2178 - Construction of Electricity facility,Sanitation,21-08-2024,1274452,Sanctioned
1179,Bihar,District_B,Constituency_207,MP_Name_207,BR/791/2021-2022/2179 - Construction of Electricity facility,Drinking Water,11-02-2024,916938,Sanctioned
1180,Bihar,District_C,Constituency_207,MP_Name_207,BR/535/2021-2022/2180 - Construction of Education facility,Roads,04-12-2021,1040253,Sanctioned
1181,Bihar,District_A,Constituency_207,MP_Name_207,BR/622/2023-2024/2181 - Construction of Health facility,Roads,14-11-2021,1159953,Sanctioned
1182,Bihar,District_C,Constituency_207,MP_Name_207,BR/561/2023-2024/2182 - Construction of Health facility,Electricity,14-06-2022,913690,Sanctioned
1183,Bihar,District_A,Constituency_207,MP_Name_207,BR/780/2022-2023/2183 - Construction of Education facility,Sanitation,08-02-2023,1167045,Sanctioned
1184,Rajasthan,District_C,Constituency_208,MP_Name_208,RJ/899/2021-2022/2184 - Construction of Education facility,Electricity,17-06-2021,943280,Sanctioned
1185,Rajasthan,District_A,Constituency_208,MP_Name_208,RJ/277/2022-2023/2185 - Construction of Health facility,Roads,04-06-2021,808955,Sanctioned
1186,Rajasthan,District_D,Constituency_208,MP_Name_208,RJ/544/2023-2024/2186 - Construction of Drinking Water facility,Electricity,16-06-2021,984377,Sanctioned
1187,Rajasthan,District_E,Constituency_208,MP_Name_208,RJ/651/2021-2022/2187 - Construction of Drinking Water facility,Roads,12-04-2023,677377,Sanctioned
1188,Rajasthan,District_A,Constituency_208,MP_Name_208,RJ/785/2021-2022/2188 - Construction of Drinking Water facility,Drinking Water,15-08-2023,1143271,Sanctioned
1189,Rajasthan,District_C,Constituency_208,MP_Name_208,RJ/920/2021-2022/2189 - Construction of Education facility,Health,24-01-2024,1232528,Sanctioned
1190,Rajasthan,District_B,Constituency_208,MP_Name_208,RJ/751/2021-2022/2190 - Construction of Health facility,Education,14-02-2024,882481,Sanctioned
1191,Delhi,District_B,Constituency_209,MP_Name_209,DL/140/2022-2023/2191 - Construction of Drinking Water facility,Health,16-06-2023,1201827,Sanctioned
1192,Delhi,District_B,Constituency_209,MP_Name_209,DL/329/2022-2023/2192 - Construction of Sanitation facility,Sanitation,14-02-2022,1819282,Sanctioned
1193,Delhi,District_C,Constituency_209,MP_Name_209,DL/299/2021-2022/2193 - Construction of Drinking Water facility,Electricity,18-02-2024,1753790,Sanctioned
1194,Delhi,District_E,Constituency_209,MP_Name_209,DL/316/2021-2022/2194 - Construction of Roads facility,Sanitation,22-01-2022,1688354,Sanctioned
1195,Delhi,District_D,Constituency_209,MP_Name_209,DL/444/2023-2024/2195 - Construction of Health facility,Electricity,18-09-2023,977861,Sanctioned
1196,Delhi,District_E,Constituency_209,MP_Name_209,DL/137/2021-2022/2196 - Construction of Drinking Water facility,Electricity,15-05-2023,731463,Sanctioned
1197,Delhi,District_B,Constituency_209,MP_Name_209,DL/407/2023-2024/2197 - Construction of Electricity facility,Roads,24-04-2023,1714559,Sanctioned
1198,Tamil Nadu,District_B,Constituency_210,MP_Name_210,TN/575/2023-2024/2198 - Construction of Sanitation facility,Health,26-06-2022,1234192,Sanctioned
1199,Tamil Nadu,District_C,Constituency_210,MP_Name_210,TN/957/2023-2024/2199 - Construction of Roads facility,Education,28-10-2023,1413153,Sanctioned
1200,Tamil Nadu,District_B,Constituency_210,MP_Name_210,TN/632/2021-2022/2200 - Construction of Electricity facility,Roads,31-08-2021,583451,Sanctioned
1201,Tamil Nadu,District_C,Constituency_210,MP_Name_210,TN/816/2022-2023/2201 - Construction of Sanitation facility,Drinking Water,26-11-2022,1086034,Sanctioned
1202,Tamil Nadu,District_A,Constituency_210,MP_Name_210,TN/188/2021-2022/2202 - Construction of Electricity facility,Health,24-07-2023,1538116,Sanctioned
1203,Tamil Nadu,District_A,Constituency_210,MP_Name_210,TN/427/2022-2023/2203 - Construction of Education facility,Roads,10-12-2022,876829,Sanctioned
1204,Tamil Nadu,District_A,Constituency_210,MP_Name_210,TN/921/2023-2024/2204 - Construction of Health facility,Electricity,29-09-2023,1063855,Sanctioned
1205,Gujarat,District_B,Constituency_211,MP_Name_211,GJ/298/2021-2022/2205 - Construction of Drinking Water facility,Health,27-02-2021,1065611,Sanctioned
1206,Gujarat,District_E,Constituency_211,MP_Name_211,GJ/985/2022-2023/2206 - Construction of Drinking Water facility,Health,05-12-2024,1220700,Sanctioned
1207,Gujarat,District_B,Constituency_211,MP_Name_211,GJ/665/2021-2022/2207 - Construction of Health facility,Sanitation,19-05-2022,999571,Sanctioned
1208,Gujarat,District_B,Constituency_211,MP_Name_211,GJ/761/2023-2024/2208 - Construction of Sanitation facility,Health,05-03-2023,1456515,Sanctioned
1209,Gujarat,District_D,Constituency_211,MP_Name_211,GJ/151/2023-2024/2209 - Construction of Electricity facility,Education,21-02-2024,1219310,Sanctioned
1210,Gujarat,District_E,Constituency_211,MP_Name_211,GJ/403/2021-2022/2210 - Construction of Roads facility,Electricity,23-11-2024,1166143,Sanctioned
1211,Gujarat,District_B,Constituency_211,MP_Name_211,GJ/115/2023-2024/2211 - Construction of Education facility,Education,21-05-2024,1642250,Sanctioned
1212,Tamil Nadu,District_D,Constituency_212,MP_Name_212,TN/284/2023-2024/2212 - Construction of Drinking Water facility,Roads,28-11-2023,834934,Sanctioned
1213,Tamil Nadu,District_C,Constituency_212,MP_Name_212,TN/438/2022-2023/2213 - Construction of Drinking Water facility,Drinking Water,13-07-2022,1678942,Sanctioned
1214,Tamil Nadu,District_C,Constituency_212,MP_Name_212,TN/818/2023-2024/2214 - Construction of Roads facility,Health,08-01-2022,666046,Sanctioned
1215,Tamil Nadu,District_E,Constituency_212,MP_Name_212,TN/417/2021-2022/2215 - Construction of Education facility,Drinking Water,16-06-2023,642203,Sanctioned
1216,Tamil Nadu,District_D,Constituency_212,MP_Name_212,TN/310/2022-2023/2216 - Construction of Health facility,Education,08-09-2022,1217616,Sanctioned
1217,Tamil Nadu,District_C,Constituency_213,MP_Name_213,TN/533/2023-2024/2217 - Construction of Sanitation facility,Sanitation,14-11-2022,1809798,Sanctioned
1218,Tamil Nadu,District_B,Constituency_213,MP_Name_213,TN/245/2021-2022/2218 - Construction of Sanitation facility,Health,31-08-2023,918150,Sanctioned
1219,Tamil Nadu,District_B,Constituency_213,MP_Name_213,TN/401/2022-2023/2219 - Construction of Education facility,Drinking Water,16-01-2024,1060524,Sanctioned
1220,Tamil Nadu,District_C,Constituency_213,MP_Name_213,TN/306/2022-2023/2220 - Construction of Electricity facility,Electricity,29-11-2021,1093000,Sanctioned
1221,Tamil Nadu,District_C,Constituency_213,MP_Name_213,TN/930/2023-2024/2221 - Construction of Health facility,Electricity,24-10-2022,1095120,Sanctioned
1222,Tamil Nadu,District_D,Constituency_213,MP_Name_213,TN/751/2021-2022/2222 - Construction of Sanitation facility,Drinking Water,12-06-2021,1182624,Sanctioned
1223,Tamil Nadu,District_D,Constituency_213,MP_Name_213,TN/552/2022-2023/2223 - Construction of Health facility,Sanitation,05-11-2023,859107,Sanctioned
1224,Bihar,District_D,Constituency_214,MP_Name_214,BR/525/2021-2022/2224 - Construction of Education facility,Sanitation,19-12-2021,1708792,Sanctioned
1225,Bihar,District_A,Constituency_214,MP_Name_214,BR/601/2023-2024/2225 - Construction of Roads facility,Sanitation,28-02-2021,846935,Sanctioned
1226,Bihar,District_E,Constituency_214,MP_Name_214,BR/877/2021-2022/2226 - Construction of Health facility,Health,23-09-2024,793121,Sanctioned
1227,Bihar,District_A,Constituency_214,MP_Name_214,BR/776/2022-2023/2227 - Construction of Roads facility,Electricity,08-11-2022,444241,Sanctioned
1228,Bihar,District_A,Constituency_214,MP_Name_214,BR/511/2023-2024/2228 - Construction of Education facility,Electricity,10-10-2021,1166365,Sanctioned
1229,Bihar,District_E,Constituency_214,MP_Name_214,BR/975/2022-2023/2229 - Construction of Drinking Water facility,Education,16-06-2024,729679,Sanctioned
1230,Bihar,District_B,Constituency_214,MP_Name_214,BR/669/2021-2022/2230 - Construction of Drinking Water facility,Roads,26-04-2024,1419294,Sanctioned
1231,Bihar,District_B,Constituency_214,MP_Name_214,BR/995/2023-2024/2231 - Construction of Education facility,Health,12-06-2023,535757,Sanctioned
1232,West Bengal,District_C,Constituency_215,MP_Name_215,WB/526/2022-2023/2232 - Construction of Education facility,Education,03-12-2022,1664673,Sanctioned
1233,West Bengal,District_E,Constituency_215,MP_Name_215,WB/981/2021-2022/2233 - Construction of Electricity facility,Electricity,28-08-2022,465422,Sanctioned
1234,West Bengal,District_A,Constituency_215,MP_Name_215,WB/233/2022-2023/2234 - Construction of Sanitation facility,Health,16-10-2021,502732,Sanctioned
1235,West Bengal,District_B,Constituency_215,MP_Name_215,WB/923/2023-2024/2235 - Construction of Sanitation facility,Drinking Water,13-09-2021,1162605,Sanctioned
1236,West Bengal,District_A,Constituency_215,MP_Name_215,WB/595/2021-2022/2236 - Construction of Sanitation facility,Electricity,20-09-2023,807383,Sanctioned
1237,Delhi,District_E,Constituency_216,MP_Name_216,DL/735/2021-2022/2237 - Construction of Roads facility,Electricity,12-01-2024,775695,Sanctioned
1238,Delhi,District_B,Constituency_216,MP_Name_216,DL/135/2021-2022/2238 - Construction of Roads facility,Roads,07-09-2023,1448202,Sanctioned
1239,Delhi,District_C,Constituency_216,MP_Name_216,DL/599/2021-2022/2239 - Construction of Sanitation facility,Electricity,23-06-2022,1242558,Sanctioned
1240,Delhi,District_C,Constituency_216,MP_Name_216,DL/157/2021-2022/2240 - Construction of Electricity facility,Education,13-03-2023,413668,Sanctioned
1241,Delhi,District_E,Constituency_216,MP_Name_216,DL/870/2023-2024/2241 - Construction of Health facility,Electricity,10-06-2024,1262142,Sanctioned
1242,Delhi,District_E,Constituency_216,MP_Name_216,DL/660/2023-2024/2242 - Construction of Drinking Water facility,Roads,22-10-2023,1544763,Sanctioned
1243,Delhi,District_A,Constituency_216,MP_Name_216,DL/343/2023-2024/2243 - Construction of Sanitation facility,Roads,25-12-2023,1380388,Sanctioned
1244,Delhi,District_D,Constituency_216,MP_Name_216,DL/375/2023-2024/2244 - Construction of Sanitation facility,Education,18-06-2022,590741,Sanctioned
1245,Gujarat,District_A,Constituency_217,MP_Name_217,GJ/336/2022-2023/2245 - Construction of Sanitation facility,Drinking Water,07-01-2021,1709668,Sanctioned
1246,Gujarat,District_B,Constituency_217,MP_Name_217,GJ/686/2023-2024/2246 - Construction of Health facility,Health,18-05-2024,1501403,Sanctioned
1247,Gujarat,District_A,Constituency_217,MP_Name_217,GJ/229/2022-2023/2247 - Construction of Education facility,Roads,17-12-2023,796353,Sanctioned
1248,Gujarat,District_E,Constituency_217,MP_Name_217,GJ/219/2022-2023/2248 - Construction of Electricity facility,Roads,24-11-2024,1232735,Sanctioned
1249,Gujarat,District_A,Constituency_217,MP_Name_217,GJ/572/2023-2024/2249 - Construction of Education facility,Drinking Water,10-02-2022,1242857,Sanctioned
1250,Maharashtra,District_B,Constituency_218,MP_Name_218,MH/955/2021-2022/2250 - Construction of Health facility,Roads,17-01-2024,878279,Sanctioned
1251,Maharashtra,District_C,Constituency_218,MP_Name_218,MH/274/2023-2024/2251 - Construction of Health facility,Sanitation,06-12-2023,702984,Sanctioned
1252,Maharashtra,District_A,Constituency_218,MP_Name_218,MH/152/2023-2024/2252 - Construction of Drinking Water facility,Education,02-04-2024,1062412,Sanctioned
1253,Maharashtra,District_B,Constituency_218,MP_Name_218,MH/385/2022-2023/2253 - Construction of Health facility,Health,26-12-2021,1804310,Sanctioned
1254,Maharashtra,District_B,Constituency_218,MP_Name_218,MH/717/2023-2024/2254 - Construction of Roads facility,Sanitation,27-11-2024,506390,Sanctioned
1255,Maharashtra,District_C,Constituency_218,MP_Name_218,MH/999/2021-2022/2255 - Construction of Roads facility,Roads,05-10-2023,959663,Sanctioned
1256,Maharashtra,District_E,Constituency_218,MP_Name_218,MH/276/2022-2023/2256 - Construction of Roads facility,Sanitation,01-04-2021,624079,Sanctioned
1257,Bihar,District_C,Constituency_219,MP_Name_219,BR/439/2023-2024/2257 - Construction of Drinking Water facility,Education,20-11-2022,915434,Sanctioned
1258,Bihar,District_B,Constituency_219,MP_Name_219,BR/991/2023-2024/2258 - Construction of Education facility,Sanitation,06-01-2023,788234,Sanctioned
1259,Bihar,District_C,Constituency_219,MP_Name_219,BR/187/2023-2024/2259 - Construction of Sanitation facility,Education,24-03-2021,1278368,Sanctioned
1260,Bihar,District_B,Constituency_219,MP_Name_219,BR/978/2023-2024/2260 - Construction of Education facility,Health,08-09-2024,1260204,Sanctioned
1261,Bihar,District_D,Constituency_219,MP_Name_219,BR/799/2022-2023/2261 - Construction of Education facility,Sanitation,31-07-2024,1422877,Sanctioned
1262,Bihar,District_A,Constituency_219,MP_Name_219,BR/784/2021-2022/2262 - Construction of Drinking Water facility,Health,26-09-2024,743543,Sanctioned
1263,Bihar,District_A,Constituency_219,MP_Name_219,BR/395/2022-2023/2263 - Construction of Education facility,Roads,29-10-2022,583875,Sanctioned
1264,Karnataka,District_B,Constituency_220,MP_Name_220,KA/356/2022-2023/2264 - Construction of Drinking Water facility,Health,14-11-2023,1725992,Sanctioned
1265,Karnataka,District_E,Constituency_220,MP_Name_220,KA/993/2021-2022/2265 - Construction of Drinking Water facility,Sanitation,07-02-2021,1490878,Sanctioned
1266,Karnataka,District_A,Constituency_220,MP_Name_220,KA/315/2021-2022/2266 - Construction of Drinking Water facility,Electricity,21-07-2024,1474730,Sanctioned
1267,Bihar,District_C,Constituency_221,MP_Name_221,BR/912/2021-2022/2267 - Construction of Health facility,Sanitation,26-11-2023,1452915,Sanctioned
1268,Bihar,District_D,Constituency_221,MP_Name_221,BR/189/2021-2022/2268 - Construction of Education facility,Education,05-05-2023,1369014,Sanctioned
1269,Bihar,District_C,Constituency_221,MP_Name_221,BR/514/2022-2023/2269 - Construction of Drinking Water facility,Sanitation,07-09-2023,877406,Sanctioned
1270,Bihar,District_A,Constituency_221,MP_Name_221,BR/360/2023-2024/2270 - Construction of Education facility,Health,14-02-2023,985408,Sanctioned
1271,Bihar,District_B,Constituency_222,MP_Name_222,BR/200/2022-2023/2271 - Construction of Education facility,Health,22-11-2023,429943,Sanctioned
1272,Bihar,District_D,Constituency_222,MP_Name_222,BR/942/2023-2024/2272 - Construction of Health facility,Drinking Water,08-11-2024,644880,Sanctioned
1273,Bihar,District_C,Constituency_222,MP_Name_222,BR/330/2022-2023/2273 - Construction of Education facility,Roads,30-11-2021,1249053,Sanctioned
1274,Bihar,District_A,Constituency_222,MP_Name_222,BR/732/2023-2024/2274 - Construction of Health facility,Electricity,13-01-2021,1562761,Sanctioned
1275,Bihar,District_C,Constituency_222,MP_Name_222,BR/219/2022-2023/2275 - Construction of Drinking Water facility,Electricity,06-01-2023,865806,Sanctioned
1276,Uttar Pradesh,District_B,Constituency_223,MP_Name_223,UP/592/2023-2024/2276 - Construction of Electricity facility,Health,09-10-2021,1136244,Sanctioned
1277,Uttar Pradesh,District_C,Constituency_223,MP_Name_223,UP/833/2022-2023/2277 - Construction of Roads facility,Sanitation,01-11-2021,1468198,Sanctioned
1278,Uttar Pradesh,District_D,Constituency_223,MP_Name_223,UP/223/2023-2024/2278 - Construction of Drinking Water facility,Electricity,31-03-2022,850187,Sanctioned
1279,Uttar Pradesh,District_D,Constituency_223,MP_Name_223,UP/102/2022-2023/2279 - Construction of Sanitation facility,Roads,18-11-2021,489631,Sanctioned
1280,Uttar Pradesh,District_D,Constituency_223,MP_Name_223,UP/910/2021-2022/2280 - Construction of Education facility,Roads,30-12-2021,832167,Sanctioned
1281,Rajasthan,District_A,Constituency_224,MP_Name_224,RJ/683/2022-2023/2281 - Construction of Sanitation facility,Roads,05-05-2024,658587,Sanctioned
1282,Rajasthan,District_A,Constituency_224,MP_Name_224,RJ/345/2021-2022/2282 - Construction of Electricity facility,Sanitation,24-01-2021,1137826,Sanctioned
1283,Rajasthan,District_D,Constituency_224,MP_Name_224,RJ/309/2021-2022/2283 - Construction of Roads facility,Sanitation,27-06-2024,1197041,Sanctioned
1284,Rajasthan,District_D,Constituency_224,MP_Name_224,RJ/785/2022-2023/2284 - Construction of Education facility,Electricity,15-07-2022,645692,Sanctioned
1285,Gujarat,District_B,Constituency_225,MP_Name_225,GJ/703/2022-2023/2285 - Construction of Roads facility,Drinking Water,19-12-2023,519252,Sanctioned
1286,Gujarat,District_E,Constituency_225,MP_Name_225,GJ/948/2023-2024/2286 - Construction of Health facility,Drinking Water,07-06-2024,1787871,Sanctioned
1287,Gujarat,District_D,Constituency_225,MP_Name_225,GJ/223/2022-2023/2287 - Construction of Health facility,Sanitation,24-07-2021,677500,Sanctioned
1288,Gujarat,District_D,Constituency_225,MP_Name_225,GJ/166/2023-2024/2288 - Construction of Health facility,Electricity,18-08-2022,812452,Sanctioned
1289,Gujarat,District_E,Constituency_225,MP_Name_225,GJ/117/2023-2024/2289 - Construction of Education facility,Sanitation,27-11-2023,854877,Sanctioned
1290,Gujarat,District_B,Constituency_225,MP_Name_225,GJ/804/2021-2022/2290 - Construction of Roads facility,Sanitation,02-01-2023,1557226,Sanctioned
1291,Gujarat,District_C,Constituency_226,MP_Name_226,GJ/322/2022-2023/2291 - Construction of Roads facility,Sanitation,10-05-2022,459463,Sanctioned
1292,Gujarat,District_B,Constituency_226,MP_Name_226,GJ/388/2023-2024/2292 - Construction of Drinking Water facility,Drinking Water,14-07-2022,659302,Sanctioned
1293,Gujarat,District_D,Constituency_226,MP_Name_226,GJ/512/2021-2022/2293 - Construction of Education facility,Roads,24-06-2022,1334112,Sanctioned
1294,Gujarat,District_D,Constituency_226,MP_Name_226,GJ/526/2022-2023/2294 - Construction of Electricity facility,Health,19-03-2021,510130,Sanctioned
1295,Gujarat,District_B,Constituency_226,MP_Name_226,GJ/447/2022-2023/2295 - Construction of Electricity facility,Electricity,15-08-2023,1134142,Sanctioned
1296,Gujarat,District_A,Constituency_226,MP_Name_226,GJ/418/2023-2024/2296 - Construction of Sanitation facility,Sanitation,01-02-2022,588772,Sanctioned
1297,Gujarat,District_D,Constituency_227,MP_Name_227,GJ/324/2023-2024/2297 - Construction of Roads facility,Health,25-01-2022,1344675,Sanctioned
1298,Gujarat,District_B,Constituency_227,MP_Name_227,GJ/551/2022-2023/2298 - Construction of Roads facility,Drinking Water,23-09-2022,1598912,Sanctioned
1299,Gujarat,District_A,Constituency_227,MP_Name_227,GJ/168/2022-2023/2299 - Construction of Drinking Water facility,Sanitation,18-10-2024,888324,Sanctioned
1300,Gujarat,District_C,Constituency_227,MP_Name_227,GJ/693/2021-2022/2300 - Construction of Roads facility,Electricity,18-03-2022,1581633,Sanctioned
1301,Gujarat,District_A,Constituency_227,MP_Name_227,GJ/183/2022-2023/2301 - Construction of Electricity facility,Health,06-07-2024,1760988,Sanctioned
1302,Rajasthan,District_E,Constituency_228,MP_Name_228,RJ/837/2023-2024/2302 - Construction of Health facility,Education,10-08-2023,1248301,Sanctioned
1303,Rajasthan,District_B,Constituency_228,MP_Name_228,RJ/352/2022-2023/2303 - Construction of Drinking Water facility,Roads,24-04-2022,518624,Sanctioned
1304,Rajasthan,District_D,Constituency_228,MP_Name_228,RJ/487/2022-2023/2304 - Construction of Sanitation facility,Health,01-09-2022,1382209,Sanctioned
1305,Rajasthan,District_E,Constituency_228,MP_Name_228,RJ/450/2021-2022/2305 - Construction of Health facility,Electricity,11-04-2022,1445721,Sanctioned
1306,Rajasthan,District_E,Constituency_228,MP_Name_228,RJ/200/2022-2023/2306 - Construction of Sanitation facility,Sanitation,30-01-2021,1725551,Sanctioned
1307,Rajasthan,District_B,Constituency_228,MP_Name_228,RJ/571/2023-2024/2307 - Construction of Drinking Water facility,Education,14-04-2021,486835,Sanctioned
1308,Uttar Pradesh,District_A,Constituency_229,MP_Name_229,UP/128/2023-2024/2308 - Construction of Electricity facility,Drinking Water,27-12-2021,504826,Sanctioned
1309,Uttar Pradesh,District_D,Constituency_229,MP_Name_229,UP/760/2021-2022/2309 - Construction of Electricity facility,Electricity,25-01-2023,1137061,Sanctioned
1310,Uttar Pradesh,District_D,Constituency_229,MP_Name_229,UP/351/2022-2023/2310 - Construction of Drinking Water facility,Sanitation,10-07-2021,823248,Sanctioned
1311,Uttar Pradesh,District_E,Constituency_229,MP_Name_229,UP/872/2023-2024/2311 - Construction of Education facility,Health,18-07-2024,1355036,Sanctioned
1312,Uttar Pradesh,District_D,Constituency_229,MP_Name_229,UP/440/2021-2022/2312 - Construction of Electricity facility,Roads,19-02-2022,1398334,Sanctioned
1313,Uttar Pradesh,District_A,Constituency_229,MP_Name_229,UP/365/2022-2023/2313 - Construction of Health facility,Drinking Water,30-11-2023,1475556,Sanctioned
1314,West Bengal,District_A,Constituency_230,MP_Name_230,WB/891/2021-2022/2314 - Construction of Health facility,Drinking Water,26-04-2022,1084363,Sanctioned
1315,West Bengal,District_A,Constituency_230,MP_Name_230,WB/445/2022-2023/2315 - Construction of Drinking Water facility,Drinking Water,29-04-2024,476759,Sanctioned
1316,West Bengal,District_D,Constituency_230,MP_Name_230,WB/645/2023-2024/2316 - Construction of Education facility,Health,28-01-2024,753761,Sanctioned
1317,Uttar Pradesh,District_A,Constituency_231,MP_Name_231,UP/989/2023-2024/2317 - Construction of Roads facility,Education,29-11-2023,576096,Sanctioned
1318,Uttar Pradesh,District_A,Constituency_231,MP_Name_231,UP/342/2023-2024/2318 - Construction of Sanitation facility,Roads,07-03-2021,1279722,Sanctioned
1319,Uttar Pradesh,District_B,Constituency_231,MP_Name_231,UP/836/2023-2024/2319 - Construction of Electricity facility,Sanitation,05-12-2024,1062534,Sanctioned
1320,Delhi,District_D,Constituency_232,MP_Name_232,DL/486/2021-2022/2320 - Construction of Drinking Water facility,Electricity,12-04-2024,634697,Sanctioned
1321,Delhi,District_B,Constituency_232,MP_Name_232,DL/614/2021-2022/2321 - Construction of Health facility,Education,09-07-2023,766935,Sanctioned
1322,Delhi,District_A,Constituency_232,MP_Name_232,DL/282/2023-2024/2322 - Construction of Drinking Water facility,Roads,11-01-2024,1895298,Sanctioned
1323,Delhi,District_D,Constituency_232,MP_Name_232,DL/173/2021-2022/2323 - Construction of Electricity facility,Drinking Water,27-10-2024,739028,Sanctioned
1324,Delhi,District_D,Constituency_232,MP_Name_232,DL/660/2022-2023/2324 - Construction of Electricity facility,Health,19-05-2022,891344,Sanctioned
1325,Delhi,District_E,Constituency_232,MP_Name_232,DL/739/2021-2022/2325 - Construction of Sanitation facility,Sanitation,21-01-2022,1781891,Sanctioned
1326,Delhi,District_E,Constituency_232,MP_Name_232,DL/569/2022-2023/2326 - Construction of Electricity facility,Health,14-08-2022,1486369,Sanctioned
1327,Delhi,District_B,Constituency_233,MP_Name_233,DL/629/2022-2023/2327 - Construction of Electricity facility,Education,17-05-2024,1255138,Sanctioned
1328,Delhi,District_A,Constituency_233,MP_Name_233,DL/527/2022-2023/2328 - Construction of Drinking Water facility,Sanitation,25-10-2023,1270120,Sanctioned
1329,Delhi,District_A,Constituency_233,MP_Name_233,DL/527/2023-2024/2329 - Construction of Electricity facility,Health,28-05-2023,1834723,Sanctioned
1330,Delhi,District_B,Constituency_233,MP_Name_233,DL/669/2023-2024/2330 - Construction of Electricity facility,Electricity,31-03-2023,514964,Sanctioned
1331,Delhi,District_C,Constituency_233,MP_Name_233,DL/353/2023-2024/2331 - Construction of Health facility,Health,27-04-2022,1087144,Sanctioned
1332,Delhi,District_E,Constituency_233,MP_Name_233,DL/102/2023-2024/2332 - Construction of Health facility,Roads,20-04-2023,1658153,Sanctioned
1333,Delhi,District_C,Constituency_233,MP_Name_233,DL/381/2021-2022/2333 - Construction of Sanitation facility,Drinking Water,29-02-2024,1726346,Sanctioned
1334,Delhi,District_C,Constituency_233,MP_Name_233,DL/896/2023-2024/2334 - Construction of Sanitation facility,Drinking Water,18-10-2023,1844392,Sanctioned
1335,Rajasthan,District_E,Constituency_234,MP_Name_234,RJ/687/2022-2023/2335 - Construction of Electricity facility,Health,10-04-2023,740196,Sanctioned
1336,Rajasthan,District_E,Constituency_234,MP_Name_234,RJ/901/2022-2023/2336 - Construction of Drinking Water facility,Electricity,11-07-2022,1757114,Sanctioned
1337,Rajasthan,District_B,Constituency_234,MP_Name_234,RJ/413/2021-2022/2337 - Construction of Drinking Water facility,Sanitation,07-12-2021,1094280,Sanctioned
1338,Rajasthan,District_D,Constituency_234,MP_Name_234,RJ/271/2021-2022/2338 - Construction of Sanitation facility,Drinking Water,30-09-2021,1363594,Sanctioned
1339,Delhi,District_C,Constituency_235,MP_Name_235,DL/782/2021-2022/2339 - Construction of Education facility,Drinking Water,19-11-2024,574881,Sanctioned
1340,Delhi,District_E,Constituency_235,MP_Name_235,DL/222/2021-2022/2340 - Construction of Education facility,Health,19-09-2021,1249855,Sanctioned
1341,Delhi,District_B,Constituency_235,MP_Name_235,DL/450/2023-2024/2341 - Construction of Health facility,Drinking Water,25-09-2023,545061,Sanctioned
1342,Delhi,District_B,Constituency_235,MP_Name_235,DL/216/2022-2023/2342 - Construction of Drinking Water facility,Education,04-08-2024,857333,Sanctioned
1343,Delhi,District_E,Constituency_235,MP_Name_235,DL/458/2022-2023/2343 - Construction of Drinking Water facility,Drinking Water,18-07-2022,1385380,Sanctioned
1344,Uttar Pradesh,District_E,Constituency_236,MP_Name_236,UP/828/2021-2022/2344 - Construction of Education facility,Roads,12-01-2021,1579757,Sanctioned
1345,Uttar Pradesh,District_D,Constituency_236,MP_Name_236,UP/642/2021-2022/2345 - Construction of Health facility,Roads,12-07-2024,1286340,Sanctioned
1346,Uttar Pradesh,District_C,Constituency_236,MP_Name_236,UP/163/2021-2022/2346 - Construction of Electricity facility,Health,02-09-2022,1407168,Sanctioned
1347,Uttar Pradesh,District_A,Constituency_236,MP_Name_236,UP/595/2021-2022/2347 - Construction of Sanitation facility,Electricity,23-02-2021,1620520,Sanctioned
1348,Uttar Pradesh,District_B,Constituency_236,MP_Name_236,UP/252/2022-2023/2348 - Construction of Drinking Water facility,Electricity,09-05-2024,483693,Sanctioned
1349,Uttar Pradesh,District_C,Constituency_236,MP_Name_236,UP/612/2023-2024/2349 - Construction of Drinking Water facility,Health,28-10-2022,687422,Sanctioned
1350,Uttar Pradesh,District_C,Constituency_236,MP_Name_236,UP/265/2022-2023/2350 - Construction of Health facility,Roads,20-02-2023,462957,Sanctioned
1351,Karnataka,District_A,Constituency_237,MP_Name_237,KA/943/2021-2022/2351 - Construction of Health facility,Electricity,19-11-2024,1250277,Sanctioned
1352,Karnataka,District_D,Constituency_237,MP_Name_237,KA/117/2022-2023/2352 - Construction of Roads facility,Sanitation,30-04-2022,671601,Sanctioned
1353,Karnataka,District_D,Constituency_237,MP_Name_237,KA/334/2023-2024/2353 - Construction of Electricity facility,Drinking Water,09-08-2021,559611,Sanctioned
1354,Karnataka,District_B,Constituency_237,MP_Name_237,KA/763/2023-2024/2354 - Construction of Roads facility,Sanitation,30-12-2022,1794186,Sanctioned
1355,Karnataka,District_C,Constituency_237,MP_Name_237,KA/666/2021-2022/2355 - Construction of Drinking Water facility,Drinking Water,31-10-2021,802498,Sanctioned
1356,Delhi,District_C,Constituency_238,MP_Name_238,DL/291/2023-2024/2356 - Construction of Electricity facility,Education,31-01-2024,1011885,Sanctioned
1357,Delhi,District_A,Constituency_238,MP_Name_238,DL/416/2021-2022/2357 - Construction of Drinking Water facility,Health,12-04-2022,520549,Sanctioned
1358,Delhi,District_B,Constituency_238,MP_Name_238,DL/369/2023-2024/2358 - Construction of Education facility,Drinking Water,09-07-2024,710913,Sanctioned
1359,Delhi,District_B,Constituency_238,MP_Name_238,DL/220/2021-2022/2359 - Construction of Education facility,Drinking Water,26-07-2021,1109228,Sanctioned
1360,Delhi,District_A,Constituency_238,MP_Name_238,DL/796/2022-2023/2360 - Construction of Health facility,Sanitation,28-05-2023,1270200,Sanctioned
1361,Delhi,District_A,Constituency_238,MP_Name_238,DL/273/2023-2024/2361 - Construction of Education facility,Electricity,30-04-2023,474678,Sanctioned
1362,Delhi,District_C,Constituency_238,MP_Name_238,DL/772/2022-2023/2362 - Construction of Sanitation facility,Electricity,22-01-2024,1051867,Sanctioned
1363,Delhi,District_A,Constituency_238,MP_Name_238,DL/904/2023-2024/2363 - Construction of Sanitation facility,Education,30-03-2024,931924,Sanctioned
1364,Maharashtra,District_E,Constituency_239,MP_Name_239,MH/336/2023-2024/2364 - Construction of Roads facility,Drinking Water,27-01-2023,933004,Sanctioned
1365,Maharashtra,District_D,Constituency_239,MP_Name_239,MH/888/2021-2022/2365 - Construction of Health facility,Roads,22-12-2022,649153,Sanctioned
1366,Maharashtra,District_A,Constituency_239,MP_Name_239,MH/340/2023-2024/2366 - Construction of Education facility,Roads,06-09-2021,621328,Sanctioned
1367,Maharashtra,District_C,Constituency_239,MP_Name_239,MH/544/2022-2023/2367 - Construction of Education facility,Drinking Water,30-11-2021,1733619,Sanctioned
1368,West Bengal,District_C,Constituency_240,MP_Name_240,WB/464/2022-2023/2368 - Construction of Electricity facility,Health,02-10-2022,952363,Sanctioned
1369,West Bengal,District_D,Constituency_240,MP_Name_240,WB/630/2021-2022/2369 - Construction of Sanitation facility,Drinking Water,07-03-2022,1511202,Sanctioned
1370,West Bengal,District_A,Constituency_240,MP_Name_240,WB/554/2021-2022/2370 - Construction of Drinking Water facility,Electricity,06-09-2021,1301528,Sanctioned
1371,West Bengal,District_E,Constituency_240,MP_Name_240,WB/856/2021-2022/2371 - Construction of Sanitation facility,Electricity,13-02-2023,736413,Sanctioned
1372,West Bengal,District_E,Constituency_240,MP_Name_240,WB/770/2021-2022/2372 - Construction of Drinking Water facility,Education,11-09-2024,1018919,Sanctioned
1373,Madhya Pradesh,District_C,Constituency_241,MP_Name_241,MP/594/2021-2022/2373 - Construction of Sanitation facility,Electricity,10-04-2021,1200987,Sanctioned
1374,Madhya Pradesh,District_C,Constituency_241,MP_Name_241,MP/340/2022-2023/2374 - Construction of Roads facility,Roads,30-07-2024,1544544,Sanctioned
1375,Madhya Pradesh,District_A,Constituency_241,MP_Name_241,MP/192/2022-2023/2375 - Construction of Roads facility,Electricity,28-01-2021,721700,Sanctioned
1376,Madhya Pradesh,District_D,Constituency_241,MP_Name_241,MP/437/2023-2024/2376 - Construction of Electricity facility,Electricity,02-02-2021,691704,Sanctioned
1377,Tamil Nadu,District_C,Constituency_242,MP_Name_242,TN/707/2021-2022/2377 - Construction of Roads facility,Sanitation,03-02-2022,581005,Sanctioned
1378,Tamil Nadu,District_D,Constituency_242,MP_Name_242,TN/170/2021-2022/2378 - Construction of Sanitation facility,Drinking Water,12-07-2023,417437,Sanctioned
1379,Tamil Nadu,District_E,Constituency_242,MP_Name_242,TN/758/2023-2024/2379 - Construction of Sanitation facility,Drinking Water,04-06-2022,1415060,Sanctioned
1380,Tamil Nadu,District_D,Constituency_242,MP_Name_242,TN/708/2023-2024/2380 - Construction of Education facility,Health,15-04-2024,1745209,Sanctioned
1381,Tamil Nadu,District_A,Constituency_242,MP_Name_242,TN/378/2022-2023/2381 - Construction of Roads facility,Drinking Water,03-02-2024,1040582,Sanctioned
1382,Tamil Nadu,District_A,Constituency_242,MP_Name_242,TN/879/2023-2024/2382 - Construction of Roads facility,Drinking Water,02-05-2024,443522,Sanctioned
1383,Tamil Nadu,District_B,Constituency_242,MP_Name_242,TN/676/2021-2022/2383 - Construction of Electricity facility,Electricity,16-05-2022,898061,Sanctioned
1384,Tamil Nadu,District_B,Constituency_242,MP_Name_242,TN/263/2023-2024/2384 - Construction of Education facility,Electricity,27-10-2021,694369,Sanctioned
1385,Madhya Pradesh,District_A,Constituency_243,MP_Name_243,MP/768/2023-2024/2385 - Construction of Health facility,Electricity,16-06-2022,1133006,Sanctioned
1386,Madhya Pradesh,District_E,Constituency_243,MP_Name_243,MP/880/2022-2023/2386 - Construction of Education facility,Roads,14-07-2023,864676,Sanctioned
1387,Madhya Pradesh,District_E,Constituency_243,MP_Name_243,MP/463/2023-2024/2387 - Construction of Education facility,Education,26-08-2024,1548599,Sanctioned
1388,Madhya Pradesh,District_A,Constituency_243,MP_Name_243,MP/159/2021-2022/2388 - Construction of Electricity facility,Electricity,03-09-2022,413468,Sanctioned
1389,Madhya Pradesh,District_E,Constituency_243,MP_Name_243,MP/426/2021-2022/2389 - Construction of Drinking Water facility,Education,29-12-2021,1338944,Sanctioned
1390,Madhya Pradesh,District_E,Constituency_243,MP_Name_243,MP/563/2022-2023/2390 - Construction of Sanitation facility,Health,01-03-2021,899541,Sanctioned
1391,Madhya Pradesh,District_C,Constituency_244,MP_Name_244,MP/420/2023-2024/2391 - Construction of Electricity facility,Electricity,21-04-2023,1040978,Sanctioned
1392,Madhya Pradesh,District_E,Constituency_244,MP_Name_244,MP/635/2022-2023/2392 - Construction of Sanitation facility,Education,07-03-2023,1272262,Sanctioned
1393,Madhya Pradesh,District_A,Constituency_244,MP_Name_244,MP/780/2021-2022/2393 - Construction of Electricity facility,Health,29-11-2024,1551274,Sanctioned
1394,Madhya Pradesh,District_C,Constituency_244,MP_Name_244,MP/566/2023-2024/2394 - Construction of Electricity facility,Health,23-06-2024,1834850,Sanctioned
1395,Madhya Pradesh,District_D,Constituency_244,MP_Name_244,MP/392/2022-2023/2395 - Construction of Electricity facility,Electricity,06-04-2022,619247,Sanctioned
1396,Madhya Pradesh,District_E,Constituency_244,MP_Name_244,MP/639/2021-2022/2396 - Construction of Health facility,Health,27-07-2023,1789077,Sanctioned
1397,Madhya Pradesh,District_C,Constituency_244,MP_Name_244,MP/556/2021-2022/2397 - Construction of Sanitation facility,Roads,29-02-2024,1634851,Sanctioned
1398,Madhya Pradesh,District_E,Constituency_244,MP_Name_244,MP/754/2021-2022/2398 - Construction of Roads facility,Sanitation,19-02-2022,626137,Sanctioned
1399,Madhya Pradesh,District_C,Constituency_245,MP_Name_245,MP/832/2022-2023/2399 - Construction of Sanitation facility,Education,25-11-2024,1473170,Sanctioned
1400,Madhya Pradesh,District_E,Constituency_245,MP_Name_245,MP/765/2021-2022/2400 - Construction of Education facility,Education,23-09-2022,1239571,Sanctioned
1401,Madhya Pradesh,District_D,Constituency_245,MP_Name_245,MP/295/2023-2024/2401 - Construction of Education facility,Electricity,03-11-2023,1542304,Sanctioned
1402,Madhya Pradesh,District_D,Constituency_245,MP_Name_245,MP/832/2023-2024/2402 - Construction of Drinking Water facility,Electricity,15-10-2022,1264519,Sanctioned
1403,Madhya Pradesh,District_B,Constituency_245,MP_Name_245,MP/484/2021-2022/2403 - Construction of Sanitation facility,Health,23-04-2022,1324056,Sanctioned
1404,Madhya Pradesh,District_B,Constituency_245,MP_Name_245,MP/825/2021-2022/2404 - Construction of Electricity facility,Drinking Water,11-12-2021,1899282,Sanctioned
1405,Delhi,District_E,Constituency_246,MP_Name_246,DL/703/2023-2024/2405 - Construction of Education facility,Health,28-04-2021,882190,Sanctioned
1406,Delhi,District_E,Constituency_246,MP_Name_246,DL/781/2023-2024/2406 - Construction of Electricity facility,Electricity,18-10-2021,808694,Sanctioned
1407,Delhi,District_C,Constituency_246,MP_Name_246,DL/687/2022-2023/2407 - Construction of Drinking Water facility,Electricity,14-12-2022,889430,Sanctioned
1408,Rajasthan,District_C,Constituency_247,MP_Name_247,RJ/633/2023-2024/2408 - Construction of Sanitation facility,Health,28-01-2024,1849018,Sanctioned
1409,Rajasthan,District_D,Constituency_247,MP_Name_247,RJ/978/2021-2022/2409 - Construction of Drinking Water facility,Education,21-03-2024,884640,Sanctioned
1410,Rajasthan,District_C,Constituency_247,MP_Name_247,RJ/694/2022-2023/2410 - Construction of Education facility,Electricity,05-04-2022,523440,Sanctioned
1411,Rajasthan,District_B,Constituency_247,MP_Name_247,RJ/805/2021-2022/2411 - Construction of Sanitation facility,Education,09-12-2021,1200226,Sanctioned
1412,Rajasthan,District_A,Constituency_247,MP_Name_247,RJ/921/2022-2023/2412 - Construction of Education facility,Health,28-04-2021,1175328,Sanctioned
1413,Uttar Pradesh,District_E,Constituency_248,MP_Name_248,UP/129/2022-2023/2413 - Construction of Roads facility,Drinking Water,02-11-2022,1238200,Sanctioned
1414,Uttar Pradesh,District_D,Constituency_248,MP_Name_248,UP/153/2021-2022/2414 - Construction of Health facility,Drinking Water,01-09-2021,1305450,Sanctioned
1415,Uttar Pradesh,District_C,Constituency_248,MP_Name_248,UP/705/2021-2022/2415 - Construction of Health facility,Education,15-05-2021,657933,Sanctioned
1416,Uttar Pradesh,District_A,Constituency_248,MP_Name_248,UP/276/2023-2024/2416 - Construction of Electricity facility,Roads,18-08-2023,1148872,Sanctioned
1417,West Bengal,District_D,Constituency_249,MP_Name_249,WB/512/2021-2022/2417 - Construction of Roads facility,Education,28-12-2023,896759,Sanctioned
1418,West Bengal,District_D,Constituency_249,MP_Name_249,WB/518/2022-2023/2418 - Construction of Sanitation facility,Health,08-09-2021,1732155,Sanctioned
1419,West Bengal,District_D,Constituency_249,MP_Name_249,WB/610/2022-2023/2419 - Construction of Electricity facility,Health,23-12-2022,704697,Sanctioned
1420,Maharashtra,District_B,Constituency_250,MP_Name_250,MH/271/2023-2024/2420 - Construction of Sanitation facility,Drinking Water,14-12-2021,611740,Sanctioned
1421,Maharashtra,District_C,Constituency_250,MP_Name_250,MH/397/2022-2023/2421 - Construction of Education facility,Health,20-07-2024,1345406,Sanctioned
1422,Maharashtra,District_D,Constituency_250,MP_Name_250,MH/572/2021-2022/2422 - Construction of Health facility,Roads,09-09-2023,1082026,Sanctioned
1423,Maharashtra,District_A,Constituency_250,MP_Name_250,MH/771/2021-2022/2423 - Construction of Roads facility,Drinking Water,15-04-2021,782208,Sanctioned
1424,Maharashtra,District_E,Constituency_250,MP_Name_250,MH/888/2023-2024/2424 - Construction of Drinking Water facility,Sanitation,11-02-2024,1870469,Sanctioned
1425,Maharashtra,District_B,Constituency_250,MP_Name_250,MH/962/2022-2023/2425 - Construction of Roads facility,Sanitation,30-07-2024,1120450,Sanctioned
1426,Delhi,District_B,Constituency_251,MP_Name_251,DL/300/2021-2022/2426 - Construction of Roads facility,Roads,16-06-2021,1650208,Sanctioned
1427,Delhi,District_B,Constituency_251,MP_Name_251,DL/192/2022-2023/2427 - Construction of Drinking Water facility,Health,08-07-2024,1822229,Sanctioned
1428,Delhi,District_E,Constituency_251,MP_Name_251,DL/978/2022-2023/2428 - Construction of Drinking Water facility,Electricity,20-04-2022,647863,Sanctioned
1429,Delhi,District_A,Constituency_251,MP_Name_251,DL/937/2021-2022/2429 - Construction of Roads facility,Drinking Water,20-09-2022,1334135,Sanctioned
1430,West Bengal,District_D,Constituency_252,MP_Name_252,WB/158/2023-2024/2430 - Construction of Electricity facility,Health,13-11-2024,681382,Sanctioned
1431,West Bengal,District_E,Constituency_252,MP_Name_252,WB/841/2021-2022/2431 - Construction of Health facility,Education,20-11-2021,956333,Sanctioned
1432,West Bengal,District_E,Constituency_252,MP_Name_252,WB/728/2022-2023/2432 - Construction of Electricity facility,Health,09-09-2022,1160891,Sanctioned
1433,West Bengal,District_C,Constituency_252,MP_Name_252,WB/694/2023-2024/2433 - Construction of Education facility,Education,10-04-2021,1226678,Sanctioned
1434,West Bengal,District_A,Constituency_252,MP_Name_252,WB/255/2021-2022/2434 - Construction of Drinking Water facility,Education,31-08-2023,1275955,Sanctioned
1435,Madhya Pradesh,District_E,Constituency_253,MP_Name_253,MP/931/2021-2022/2435 - Construction of Drinking Water facility,Electricity,24-12-2021,741422,Sanctioned
1436,Madhya Pradesh,District_B,Constituency_253,MP_Name_253,MP/339/2023-2024/2436 - Construction of Sanitation facility,Education,30-11-2021,722607,Sanctioned
1437,Madhya Pradesh,District_D,Constituency_253,MP_Name_253,MP/155/2021-2022/2437 - Construction of Education facility,Health,27-01-2022,732530,Sanctioned
1438,Madhya Pradesh,District_E,Constituency_253,MP_Name_253,MP/940/2021-2022/2438 - Construction of Roads facility,Roads,26-12-2023,1096003,Sanctioned
1439,Madhya Pradesh,District_D,Constituency_253,MP_Name_253,MP/637/2023-2024/2439 - Construction of Health facility,Roads,14-12-2023,624539,Sanctioned
1440,Madhya Pradesh,District_C,Constituency_253,MP_Name_253,MP/171/2022-2023/2440 - Construction of Electricity facility,Drinking Water,24-10-2021,1140398,Sanctioned
1441,Bihar,District_B,Constituency_254,MP_Name_254,BR/389/2022-2023/2441 - Construction of Electricity facility,Sanitation,21-06-2022,537976,Sanctioned
1442,Bihar,District_A,Constituency_254,MP_Name_254,BR/660/2021-2022/2442 - Construction of Education facility,Education,13-11-2024,1082145,Sanctioned
1443,Bihar,District_A,Constituency_254,MP_Name_254,BR/478/2022-2023/2443 - Construction of Education facility,Roads,30-10-2022,1894205,Sanctioned
1444,Bihar,District_A,Constituency_254,MP_Name_254,BR/993/2021-2022/2444 - Construction of Drinking Water facility,Education,26-01-2024,746195,Sanctioned
1445,Bihar,District_A,Constituency_254,MP_Name_254,BR/333/2022-2023/2445 - Construction of Drinking Water facility,Health,18-10-2024,1140930,Sanctioned
1446,Bihar,District_A,Constituency_254,MP_Name_254,BR/743/2021-2022/2446 - Construction of Roads facility,Drinking Water,07-03-2023,1653295,Sanctioned
1447,Bihar,District_E,Constituency_254,MP_Name_254,BR/458/2021-2022/2447 - Construction of Electricity facility,Sanitation,30-05-2022,980483,Sanctioned
1448,Uttar Pradesh,District_D,Constituency_255,MP_Name_255,UP/127/2023-2024/2448 - Construction of Education facility,Education,23-05-2024,1063258,Sanctioned
1449,Uttar Pradesh,District_E,Constituency_255,MP_Name_255,UP/627/2021-2022/2449 - Construction of Education facility,Health,25-10-2023,1216567,Sanctioned
1450,Uttar Pradesh,District_C,Constituency_255,MP_Name_255,UP/950/2022-2023/2450 - Construction of Sanitation facility,Drinking Water,09-11-2022,465352,Sanctioned
1451,Uttar Pradesh,District_E,Constituency_255,MP_Name_255,UP/722/2023-2024/2451 - Construction of Drinking Water facility,Electricity,05-04-2024,1368263,Sanctioned
1452,Uttar Pradesh,District_B,Constituency_255,MP_Name_255,UP/174/2023-2024/2452 - Construction of Sanitation facility,Health,25-06-2021,1175078,Sanctioned
1453,Madhya Pradesh,District_D,Constituency_256,MP_Name_256,MP/283/2023-2024/2453 - Construction of Education facility,Electricity,20-05-2023,737923,Sanctioned
1454,Madhya Pradesh,District_A,Constituency_256,MP_Name_256,MP/665/2022-2023/2454 - Construction of Sanitation facility,Drinking Water,17-09-2022,955991,Sanctioned
1455,Madhya Pradesh,District_C,Constituency_256,MP_Name_256,MP/323/2023-2024/2455 - Construction of Sanitation facility,Electricity,31-05-2024,1487562,Sanctioned
1456,Madhya Pradesh,District_D,Constituency_256,MP_Name_256,MP/516/2021-2022/2456 - Construction of Education facility,Drinking Water,05-04-2022,1119393,Sanctioned
1457,Madhya Pradesh,District_D,Constituency_256,MP_Name_256,MP/465/2021-2022/2457 - Construction of Drinking Water facility,Health,15-10-2024,1359284,Sanctioned
1458,Madhya Pradesh,District_A,Constituency_256,MP_Name_256,MP/247/2022-2023/2458 - Construction of Electricity facility,Roads,14-10-2024,986447,Sanctioned
1459,Madhya Pradesh,District_C,Constituency_256,MP_Name_256,MP/557/2021-2022/2459 - Construction of Roads facility,Drinking Water,24-01-2022,842395,Sanctioned
1460,Tamil Nadu,District_C,Constituency_257,MP_Name_257,TN/939/2022-2023/2460 - Construction of Electricity facility,Drinking Water,04-02-2021,624664,Sanctioned
1461,Tamil Nadu,District_E,Constituency_257,MP_Name_257,TN/291/2021-2022/2461 - Construction of Education facility,Drinking Water,23-08-2024,499756,Sanctioned
1462,Tamil Nadu,District_D,Constituency_257,MP_Name_257,TN/776/2023-2024/2462 - Construction of Drinking Water facility,Electricity,10-10-2024,1605726,Sanctioned
1463,Tamil Nadu,District_C,Constituency_258,MP_Name_258,TN/675/2021-2022/2463 - Construction of Roads facility,Roads,17-07-2024,1284407,Sanctioned
1464,Tamil Nadu,District_E,Constituency_258,MP_Name_258,TN/309/2021-2022/2464 - Construction of Electricity facility,Health,14-03-2023,663713,Sanctioned
1465,Tamil Nadu,District_C,Constituency_258,MP_Name_258,TN/424/2022-2023/2465 - Construction of Health facility,Roads,03-07-2023,1427301,Sanctioned
1466,Tamil Nadu,District_B,Constituency_258,MP_Name_258,TN/351/2022-2023/2466 - Construction of Roads facility,Sanitation,24-03-2024,1156267,Sanctioned
1467,Maharashtra,District_B,Constituency_259,MP_Name_259,MH/280/2022-2023/2467 - Construction of Health facility,Roads,02-04-2021,1772477,Sanctioned
1468,Maharashtra,District_A,Constituency_259,MP_Name_259,MH/597/2021-2022/2468 - Construction of Drinking Water facility,Electricity,04-10-2022,430537,Sanctioned
1469,Maharashtra,District_E,Constituency_259,MP_Name_259,MH/108/2021-2022/2469 - Construction of Electricity facility,Drinking Water,15-02-2024,1096541,Sanctioned
1470,Maharashtra,District_D,Constituency_259,MP_Name_259,MH/430/2022-2023/2470 - Construction of Health facility,Education,26-01-2021,830474,Sanctioned
1471,Delhi,District_B,Constituency_260,MP_Name_260,DL/309/2021-2022/2471 - Construction of Electricity facility,Education,28-07-2021,1848233,Sanctioned
1472,Delhi,District_C,Constituency_260,MP_Name_260,DL/505/2023-2024/2472 - Construction of Roads facility,Education,15-05-2022,1764129,Sanctioned
1473,Delhi,District_A,Constituency_260,MP_Name_260,DL/944/2021-2022/2473 - Construction of Sanitation facility,Drinking Water,06-09-2021,1854224,Sanctioned
1474,Delhi,District_C,Constituency_260,MP_Name_260,DL/893/2022-2023/2474 - Construction of Health facility,Electricity,26-01-2021,1104205,Sanctioned
1475,Delhi,District_B,Constituency_261,MP_Name_261,DL/741/2023-2024/2475 - Construction of Drinking Water facility,Health,14-09-2024,441570,Sanctioned
1476,Delhi,District_A,Constituency_261,MP_Name_261,DL/126/2022-2023/2476 - Construction of Education facility,Health,22-12-2024,453433,Sanctioned
1477,Delhi,District_A,Constituency_261,MP_Name_261,DL/249/2022-2023/2477 - Construction of Education facility,Roads,07-09-2022,1067545,Sanctioned
1478,Delhi,District_D,Constituency_261,MP_Name_261,DL/836/2021-2022/2478 - Construction of Health facility,Health,19-08-2023,1542635,Sanctioned
1479,Karnataka,District_B,Constituency_262,MP_Name_262,KA/391/2023-2024/2479 - Construction of Electricity facility,Education,25-08-2022,746079,Sanctioned
1480,Karnataka,District_E,Constituency_262,MP_Name_262,KA/523/2022-2023/2480 - Construction of Education facility,Health,08-11-2022,1275015,Sanctioned
1481,Karnataka,District_B,Constituency_262,MP_Name_262,KA/709/2023-2024/2481 - Construction of Sanitation facility,Electricity,25-06-2021,754409,Sanctioned
1482,Karnataka,District_D,Constituency_262,MP_Name_262,KA/718/2021-2022/2482 - Construction of Sanitation facility,Electricity,09-02-2021,1640254,Sanctioned
1483,Karnataka,District_E,Constituency_262,MP_Name_262,KA/651/2021-2022/2483 - Construction of Sanitation facility,Sanitation,24-05-2023,680045,Sanctioned
1484,Karnataka,District_A,Constituency_262,MP_Name_262,KA/883/2023-2024/2484 - Construction of Health facility,Sanitation,01-01-2023,1471968,Sanctioned
1485,Karnataka,District_E,Constituency_262,MP_Name_262,KA/732/2023-2024/2485 - Construction of Sanitation facility,Health,02-01-2023,406291,Sanctioned
1486,Karnataka,District_C,Constituency_262,MP_Name_262,KA/851/2022-2023/2486 - Construction of Drinking Water facility,Drinking Water,12-01-2024,1546394,Sanctioned
1487,Tamil Nadu,District_C,Constituency_263,MP_Name_263,TN/179/2022-2023/2487 - Construction of Roads facility,Sanitation,10-08-2024,1283968,Sanctioned
1488,Tamil Nadu,District_C,Constituency_263,MP_Name_263,TN/263/2022-2023/2488 - Construction of Drinking Water facility,Health,30-09-2023,665359,Sanctioned
1489,Tamil Nadu,District_B,Constituency_263,MP_Name_263,TN/700/2023-2024/2489 - Construction of Roads facility,Education,07-12-2023,806564,Sanctioned
1490,Tamil Nadu,District_B,Constituency_263,MP_Name_263,TN/604/2023-2024/2490 - Construction of Health facility,Drinking Water,05-01-2023,1274722,Sanctioned
1491,Tamil Nadu,District_A,Constituency_263,MP_Name_263,TN/664/2021-2022/2491 - Construction of Electricity facility,Roads,11-06-2023,1459673,Sanctioned
1492,Tamil Nadu,District_A,Constituency_263,MP_Name_263,TN/413/2023-2024/2492 - Construction of Education facility,Drinking Water,30-07-2021,874851,Sanctioned
1493,Gujarat,District_E,Constituency_264,MP_Name_264,GJ/870/2021-2022/2493 - Construction of Roads facility,Education,22-01-2024,1671916,Sanctioned
1494,Gujarat,District_E,Constituency_264,MP_Name_264,GJ/897/2023-2024/2494 - Construction of Health facility,Electricity,25-01-2021,1466343,Sanctioned
1495,Gujarat,District_D,Constituency_264,MP_Name_264,GJ/147/2021-2022/2495 - Construction of Sanitation facility,Drinking Water,21-10-2021,1416815,Sanctioned
1496,Gujarat,District_D,Constituency_264,MP_Name_264,GJ/544/2021-2022/2496 - Construction of Drinking Water facility,Electricity,09-05-2023,903061,Sanctioned
1497,West Bengal,District_D,Constituency_265,MP_Name_265,WB/181/2023-2024/2497 - Construction of Sanitation facility,Drinking Water,13-11-2021,572922,Sanctioned
1498,West Bengal,District_E,Constituency_265,MP_Name_265,WB/465/2022-2023/2498 - Construction of Roads facility,Drinking Water,11-11-2024,1481176,Sanctioned
1499,West Bengal,District_E,Constituency_265,MP_Name_265,WB/838/2021-2022/2499 - Construction of Drinking Water facility,Health,10-02-2021,677559,Sanctioned
1500,Delhi,District_B,Constituency_266,MP_Name_266,DL/587/2023-2024/2500 - Construction of Electricity facility,Electricity,01-08-2021,1585680,Sanctioned
1501,Delhi,District_C,Constituency_266,MP_Name_266,DL/385/2022-2023/2501 - Construction of Health facility,Health,14-05-2022,1403095,Sanctioned
1502,Delhi,District_D,Constituency_266,MP_Name_266,DL/669/2022-2023/2502 - Construction of Roads facility,Health,04-02-2021,659065,Sanctioned
1503,Delhi,District_C,Constituency_266,MP_Name_266,DL/271/2023-2024/2503 - Construction of Drinking Water facility,Education,10-05-2022,583722,Sanctioned
1504,Gujarat,District_A,Constituency_267,MP_Name_267,GJ/634/2023-2024/2504 - Construction of Health facility,Roads,23-06-2022,1593715,Sanctioned
1505,Gujarat,District_D,Constituency_267,MP_Name_267,GJ/500/2023-2024/2505 - Construction of Sanitation facility,Roads,25-07-2024,1265146,Sanctioned
1506,Gujarat,District_B,Constituency_267,MP_Name_267,GJ/797/2022-2023/2506 - Construction of Roads facility,Electricity,10-03-2023,1163861,Sanctioned
1507,Gujarat,District_C,Constituency_267,MP_Name_267,GJ/507/2022-2023/2507 - Construction of Electricity facility,Roads,08-01-2023,1818599,Sanctioned
1508,Gujarat,District_D,Constituency_267,MP_Name_267,GJ/390/2022-2023/2508 - Construction of Roads facility,Electricity,29-01-2023,1670286,Sanctioned
1509,Gujarat,District_C,Constituency_267,MP_Name_267,GJ/772/2021-2022/2509 - Construction of Health facility,Education,18-10-2021,1555243,Sanctioned
1510,Gujarat,District_B,Constituency_267,MP_Name_267,GJ/663/2021-2022/2510 - Construction of Electricity facility,Education,01-06-2021,427526,Sanctioned
1511,Gujarat,District_B,Constituency_267,MP_Name_267,GJ/566/2021-2022/2511 - Construction of Drinking Water facility,Health,01-03-2022,511371,Sanctioned
1512,Tamil Nadu,District_E,Constituency_268,MP_Name_268,TN/581/2023-2024/2512 - Construction of Electricity facility,Electricity,01-04-2021,789206,Sanctioned
1513,Tamil Nadu,District_C,Constituency_268,MP_Name_268,TN/478/2021-2022/2513 - Construction of Roads facility,Drinking Water,23-10-2024,1541232,Sanctioned
1514,Tamil Nadu,District_B,Constituency_268,MP_Name_268,TN/869/2022-2023/2514 - Construction of Sanitation facility,Health,29-06-2022,1225060,Sanctioned
1515,Gujarat,District_D,Constituency_269,MP_Name_269,GJ/910/2021-2022/2515 - Construction of Sanitation facility,Drinking Water,12-04-2023,615034,Sanctioned
1516,Gujarat,District_A,Constituency_269,MP_Name_269,GJ/736/2023-2024/2516 - Construction of Roads facility,Drinking Water,18-03-2021,696269,Sanctioned
1517,Gujarat,District_B,Constituency_269,MP_Name_269,GJ/763/2021-2022/2517 - Construction of Education facility,Electricity,23-08-2024,634695,Sanctioned
1518,Gujarat,District_A,Constituency_269,MP_Name_269,GJ/658/2023-2024/2518 - Construction of Electricity facility,Sanitation,23-08-2022,658970,Sanctioned
1519,Gujarat,District_E,Constituency_269,MP_Name_269,GJ/835/2022-2023/2519 - Construction of Electricity facility,Roads,09-09-2021,1738737,Sanctioned
1520,Gujarat,District_A,Constituency_269,MP_Name_269,GJ/723/2022-2023/2520 - Construction of Electricity facility,Health,13-12-2022,1729180,Sanctioned
1521,Karnataka,District_A,Constituency_270,MP_Name_270,KA/472/2022-2023/2521 - Construction of Education facility,Drinking Water,16-01-2024,641499,Sanctioned
1522,Karnataka,District_A,Constituency_270,MP_Name_270,KA/601/2022-2023/2522 - Construction of Electricity facility,Sanitation,16-10-2024,509199,Sanctioned
1523,Karnataka,District_A,Constituency_270,MP_Name_270,KA/857/2023-2024/2523 - Construction of Drinking Water facility,Sanitation,30-04-2024,1169635,Sanctioned
1524,Karnataka,District_E,Constituency_270,MP_Name_270,KA/404/2021-2022/2524 - Construction of Education facility,Roads,17-06-2021,680825,Sanctioned
1525,Karnataka,District_B,Constituency_270,MP_Name_270,KA/995/2023-2024/2525 - Construction of Health facility,Sanitation,04-01-2021,1214966,Sanctioned
1526,Karnataka,District_B,Constituency_270,MP_Name_270,KA/924/2023-2024/2526 - Construction of Drinking Water facility,Health,03-12-2021,1403612,Sanctioned
1527,Gujarat,District_C,Constituency_271,MP_Name_271,GJ/319/2021-2022/2527 - Construction of Health facility,Health,28-07-2021,1197339,Sanctioned
1528,Gujarat,District_A,Constituency_271,MP_Name_271,GJ/789/2023-2024/2528 - Construction of Drinking Water facility,Drinking Water,12-10-2023,625201,Sanctioned
1529,Gujarat,District_A,Constituency_271,MP_Name_271,GJ/988/2023-2024/2529 - Construction of Electricity facility,Sanitation,06-04-2022,1404843,Sanctioned
1530,Gujarat,District_E,Constituency_271,MP_Name_271,GJ/528/2021-2022/2530 - Construction of Education facility,Electricity,08-06-2024,1040664,Sanctioned
1531,Gujarat,District_E,Constituency_271,MP_Name_271,GJ/386/2022-2023/2531 - Construction of Sanitation facility,Roads,20-07-2022,1687017,Sanctioned
1532,Gujarat,District_E,Constituency_271,MP_Name_271,GJ/647/2021-2022/2532 - Construction of Drinking Water facility,Drinking Water,26-08-2022,1801463,Sanctioned
1533,Gujarat,District_B,Constituency_271,MP_Name_271,GJ/652/2021-2022/2533 - Construction of Drinking Water facility,Electricity,01-02-2021,828701,Sanctioned
1534,Gujarat,District_E,Constituency_271,MP_Name_271,GJ/859/2022-2023/2534 - Construction of Health facility,Roads,02-05-2023,1724188,Sanctioned
1535,Madhya Pradesh,District_D,Constituency_272,MP_Name_272,MP/307/2021-2022/2535 - Construction of Sanitation facility,Health,22-04-2022,1798386,Sanctioned
1536,Madhya Pradesh,District_E,Constituency_272,MP_Name_272,MP/376/2023-2024/2536 - Construction of Roads facility,Drinking Water,25-03-2021,873756,Sanctioned
1537,Madhya Pradesh,District_A,Constituency_272,MP_Name_272,MP/872/2022-2023/2537 - Construction of Electricity facility,Health,26-03-2022,1885555,Sanctioned
1538,Madhya Pradesh,District_A,Constituency_272,MP_Name_272,MP/360/2023-2024/2538 - Construction of Education facility,Health,07-08-2023,1201532,Sanctioned
1539,Madhya Pradesh,District_E,Constituency_272,MP_Name_272,MP/894/2021-2022/2539 - Construction of Education facility,Sanitation,16-09-2024,607761,Sanctioned
1540,Madhya Pradesh,District_C,Constituency_272,MP_Name_272,MP/220/2023-2024/2540 - Construction of Education facility,Drinking Water,16-11-2023,1864099,Sanctioned
1541,Maharashtra,District_C,Constituency_273,MP_Name_273,MH/517/2021-2022/2541 - Construction of Roads facility,Sanitation,13-05-2022,709775,Sanctioned
1542,Maharashtra,District_C,Constituency_273,MP_Name_273,MH/106/2021-2022/2542 - Construction of Sanitation facility,Sanitation,23-02-2023,1388016,Sanctioned
1543,Maharashtra,District_B,Constituency_273,MP_Name_273,MH/576/2023-2024/2543 - Construction of Sanitation facility,Health,29-04-2021,468237,Sanctioned
1544,Bihar,District_C,Constituency_274,MP_Name_274,BR/291/2021-2022/2544 - Construction of Electricity facility,Health,29-08-2021,1218169,Sanctioned
1545,Bihar,District_C,Constituency_274,MP_Name_274,BR/153/2023-2024/2545 - Construction of Sanitation facility,Roads,06-01-2022,717933,Sanctioned
1546,Bihar,District_C,Constituency_274,MP_Name_274,BR/593/2022-2023/2546 - Construction of Education facility,Electricity,17-09-2022,1870200,Sanctioned
1547,Uttar Pradesh,District_B,Constituency_275,MP_Name_275,UP/338/2023-2024/2547 - Construction of Roads facility,Education,27-09-2021,756978,Sanctioned
1548,Uttar Pradesh,District_B,Constituency_275,MP_Name_275,UP/721/2022-2023/2548 - Construction of Electricity facility,Sanitation,04-05-2021,631092,Sanctioned
1549,Uttar Pradesh,District_A,Constituency_275,MP_Name_275,UP/179/2023-2024/2549 - Construction of Roads facility,Drinking Water,18-11-2022,1858702,Sanctioned
1550,Uttar Pradesh,District_B,Constituency_275,MP_Name_275,UP/636/2022-2023/2550 - Construction of Electricity facility,Drinking Water,19-07-2024,1597710,Sanctioned
1551,Uttar Pradesh,District_D,Constituency_275,MP_Name_275,UP/776/2021-2022/2551 - Construction of Health facility,Electricity,11-04-2024,405113,Sanctioned
1552,Uttar Pradesh,District_E,Constituency_275,MP_Name_275,UP/652/2021-2022/2552 - Construction of Roads facility,Sanitation,28-10-2021,560063,Sanctioned
1553,Uttar Pradesh,District_E,Constituency_275,MP_Name_275,UP/357/2021-2022/2553 - Construction of Health facility,Electricity,03-12-2023,1387442,Sanctioned
1554,Karnataka,District_D,Constituency_276,MP_Name_276,KA/116/2023-2024/2554 - Construction of Health facility,Drinking Water,24-04-2021,756028,Sanctioned
1555,Karnataka,District_B,Constituency_276,MP_Name_276,KA/761/2021-2022/2555 - Construction of Sanitation facility,Education,24-11-2023,613856,Sanctioned
1556,Karnataka,District_A,Constituency_276,MP_Name_276,KA/746/2021-2022/2556 - Construction of Sanitation facility,Electricity,28-02-2022,1809582,Sanctioned
1557,Karnataka,District_A,Constituency_276,MP_Name_276,KA/809/2022-2023/2557 - Construction of Drinking Water facility,Health,25-12-2024,567413,Sanctioned
1558,Karnataka,District_B,Constituency_276,MP_Name_276,KA/902/2022-2023/2558 - Construction of Sanitation facility,Sanitation,14-01-2024,1275148,Sanctioned
1559,Karnataka,District_A,Constituency_276,MP_Name_276,KA/377/2022-2023/2559 - Construction of Electricity facility,Health,30-01-2024,1230071,Sanctioned
1560,Madhya Pradesh,District_B,Constituency_277,MP_Name_277,MP/352/2022-2023/2560 - Construction of Health facility,Electricity,01-04-2022,1637994,Sanctioned
1561,Madhya Pradesh,District_E,Constituency_277,MP_Name_277,MP/271/2023-2024/2561 - Construction of Roads facility,Electricity,15-02-2021,1441534,Sanctioned
1562,Madhya Pradesh,District_D,Constituency_277,MP_Name_277,MP/789/2021-2022/2562 - Construction of Electricity facility,Sanitation,10-12-2022,1287866,Sanctioned
1563,Madhya Pradesh,District_B,Constituency_277,MP_Name_277,MP/531/2022-2023/2563 - Construction of Electricity facility,Education,06-06-2021,1173389,Sanctioned
1564,Madhya Pradesh,District_E,Constituency_277,MP_Name_277,MP/482/2022-2023/2564 - Construction of Sanitation facility,Roads,21-01-2021,972522,Sanctioned
1565,Madhya Pradesh,District_D,Constituency_277,MP_Name_277,MP/432/2022-2023/2565 - Construction of Sanitation facility,Education,24-03-2024,605441,Sanctioned
1566,Madhya Pradesh,District_C,Constituency_277,MP_Name_277,MP/843/2022-2023/2566 - Construction of Drinking Water facility,Drinking Water,01-06-2022,418535,Sanctioned
1567,Madhya Pradesh,District_B,Constituency_278,MP_Name_278,MP/887/2021-2022/2567 - Construction of Roads facility,Sanitation,14-11-2023,1233789,Sanctioned
1568,Madhya Pradesh,District_A,Constituency_278,MP_Name_278,MP/382/2022-2023/2568 - Construction of Roads facility,Drinking Water,18-11-2021,1689281,Sanctioned
1569,Madhya Pradesh,District_E,Constituency_278,MP_Name_278,MP/395/2021-2022/2569 - Construction of Roads facility,Education,04-07-2024,791452,Sanctioned
1570,Madhya Pradesh,District_B,Constituency_278,MP_Name_278,MP/235/2021-2022/2570 - Construction of Drinking Water facility,Drinking Water,01-08-2023,619017,Sanctioned
1571,Madhya Pradesh,District_A,Constituency_278,MP_Name_278,MP/593/2021-2022/2571 - Construction of Education facility,Drinking Water,25-07-2022,1177599,Sanctioned
1572,Madhya Pradesh,District_E,Constituency_278,MP_Name_278,MP/561/2021-2022/2572 - Construction of Education facility,Health,27-05-2024,680897,Sanctioned
1573,Bihar,District_E,Constituency_279,MP_Name_279,BR/694/2022-2023/2573 - Construction of Education facility,Education,13-05-2022,993051,Sanctioned
1574,Bihar,District_C,Constituency_279,MP_Name_279,BR/299/2023-2024/2574 - Construction of Roads facility,Electricity,22-01-2021,979309,Sanctioned
1575,Bihar,District_D,Constituency_279,MP_Name_279,BR/269/2021-2022/2575 - Construction of Sanitation facility,Electricity,23-04-2022,504641,Sanctioned
1576,Karnataka,District_E,Constituency_280,MP_Name_280,KA/572/2022-2023/2576 - Construction of Health facility,Roads,10-01-2024,675128,Sanctioned
1577,Karnataka,District_C,Constituency_280,MP_Name_280,KA/107/2022-2023/2577 - Construction of Electricity facility,Roads,30-04-2023,568312,Sanctioned
1578,Karnataka,District_C,Constituency_280,MP_Name_280,KA/857/2023-2024/2578 - Construction of Roads facility,Drinking Water,27-02-2024,1181779,Sanctioned
1579,West Bengal,District_D,Constituency_281,MP_Name_281,WB/748/2022-2023/2579 - Construction of Sanitation facility,Health,15-09-2024,773725,Sanctioned
1580,West Bengal,District_D,Constituency_281,MP_Name_281,WB/489/2023-2024/2580 - Construction of Health facility,Roads,22-07-2022,1560962,Sanctioned
1581,West Bengal,District_C,Constituency_281,MP_Name_281,WB/254/2021-2022/2581 - Construction of Health facility,Drinking Water,09-04-2022,1144954,Sanctioned
1582,West Bengal,District_A,Constituency_281,MP_Name_281,WB/943/2022-2023/2582 - Construction of Drinking Water facility,Sanitation,02-10-2021,741153,Sanctioned
1583,West Bengal,District_D,Constituency_281,MP_Name_281,WB/604/2022-2023/2583 - Construction of Education facility,Education,08-11-2024,1754907,Sanctioned
1584,West Bengal,District_A,Constituency_281,MP_Name_281,WB/117/2022-2023/2584 - Construction of Sanitation facility,Health,24-05-2024,800001,Sanctioned
1585,West Bengal,District_B,Constituency_281,MP_Name_281,WB/228/2022-2023/2585 - Construction of Sanitation facility,Education,05-05-2021,421557,Sanctioned
1586,West Bengal,District_E,Constituency_282,MP_Name_282,WB/995/2021-2022/2586 - Construction of Drinking Water facility,Health,04-08-2024,1694299,Sanctioned
1587,West Bengal,District_E,Constituency_282,MP_Name_282,WB/776/2021-2022/2587 - Construction of Sanitation facility,Education,15-10-2022,478051,Sanctioned
1588,West Bengal,District_A,Constituency_282,MP_Name_282,WB/323/2022-2023/2588 - Construction of Electricity facility,Drinking Water,29-07-2021,1710886,Sanctioned
1589,West Bengal,District_C,Constituency_282,MP_Name_282,WB/516/2022-2023/2589 - Construction of Health facility,Education,19-05-2024,724505,Sanctioned
1590,West Bengal,District_D,Constituency_282,MP_Name_282,WB/981/2021-2022/2590 - Construction of Sanitation facility,Drinking Water,08-08-2021,1380929,Sanctioned
1591,West Bengal,District_B,Constituency_282,MP_Name_282,WB/470/2023-2024/2591 - Construction of Drinking Water facility,Drinking Water,18-09-2023,616087,Sanctioned
1592,West Bengal,District_A,Constituency_283,MP_Name_283,WB/146/2021-2022/2592 - Construction of Education facility,Electricity,09-06-2023,1268851,Sanctioned
1593,West Bengal,District_C,Constituency_283,MP_Name_283,WB/182/2021-2022/2593 - Construction of Education facility,Drinking Water,10-01-2021,560715,Sanctioned
1594,West Bengal,District_B,Constituency_283,MP_Name_283,WB/625/2023-2024/2594 - Construction of Education facility,Roads,17-10-2022,1710353,Sanctioned
1595,West Bengal,District_A,Constituency_283,MP_Name_283,WB/880/2021-2022/2595 - Construction of Roads facility,Drinking Water,24-09-2023,1837074,Sanctioned
1596,West Bengal,District_A,Constituency_283,MP_Name_283,WB/103/2022-2023/2596 - Construction of Drinking Water facility,Electricity,20-09-2024,1211045,Sanctioned
1597,West Bengal,District_A,Constituency_283,MP_Name_283,WB/252/2023-2024/2597 - Construction of Roads facility,Electricity,26-02-2022,1271506,Sanctioned
1598,Tamil Nadu,District_E,Constituency_284,MP_Name_284,TN/194/2023-2024/2598 - Construction of Drinking Water facility,Roads,29-03-2021,833709,Sanctioned
1599,Tamil Nadu,District_C,Constituency_284,MP_Name_284,TN/879/2021-2022/2599 - Construction of Health facility,Education,14-10-2022,946643,Sanctioned
1600,Tamil Nadu,District_C,Constituency_284,MP_Name_284,TN/883/2022-2023/2600 - Construction of Drinking Water facility,Sanitation,29-06-2021,1240521,Sanctioned
1601,West Bengal,District_B,Constituency_285,MP_Name_285,WB/950/2023-2024/2601 - Construction of Sanitation facility,Health,04-08-2024,1807226,Sanctioned
1602,West Bengal,District_A,Constituency_285,MP_Name_285,WB/789/2021-2022/2602 - Construction of Health facility,Electricity,08-09-2023,1806719,Sanctioned
1603,West Bengal,District_B,Constituency_285,MP_Name_285,WB/147/2022-2023/2603 - Construction of Health facility,Roads,28-07-2024,823529,Sanctioned
1604,West Bengal,District_B,Constituency_285,MP_Name_285,WB/879/2021-2022/2604 - Construction of Drinking Water facility,Roads,16-03-2023,1821907,Sanctioned
1605,West Bengal,District_C,Constituency_285,MP_Name_285,WB/444/2021-2022/2605 - Construction of Electricity facility,Roads,24-05-2023,1271313,Sanctioned
1606,West Bengal,District_B,Constituency_285,MP_Name_285,WB/152/2021-2022/2606 - Construction of Electricity facility,Health,03-03-2023,826000,Sanctioned
1607,West Bengal,District_A,Constituency_285,MP_Name_285,WB/294/2023-2024/2607 - Construction of Drinking Water facility,Roads,15-08-2024,1628851,Sanctioned
1608,West Bengal,District_B,Constituency_285,MP_Name_285,WB/569/2021-2022/2608 - Construction of Drinking Water facility,Health,06-01-2023,1242553,Sanctioned
1609,Bihar,District_C,Constituency_286,MP_Name_286,BR/270/2023-2024/2609 - Construction of Drinking Water facility,Sanitation,02-03-2021,1147011,Sanctioned
1610,Bihar,District_B,Constituency_286,MP_Name_286,BR/790/2022-2023/2610 - Construction of Sanitation facility,Sanitation,27-05-2022,764756,Sanctioned
1611,Bihar,District_A,Constituency_286,MP_Name_286,BR/757/2022-2023/2611 - Construction of Health facility,Sanitation,26-12-2022,1393613,Sanctioned
1612,Bihar,District_A,Constituency_286,MP_Name_286,BR/689/2021-2022/2612 - Construction of Sanitation facility,Sanitation,16-08-2022,907912,Sanctioned
1613,Bihar,District_E,Constituency_286,MP_Name_286,BR/661/2021-2022/2613 - Construction of Health facility,Health,10-07-2022,515729,Sanctioned
1614,Bihar,District_D,Constituency_286,MP_Name_286,BR/113/2021-2022/2614 - Construction of Education facility,Health,17-04-2022,1294082,Sanctioned
1615,Bihar,District_E,Constituency_286,MP_Name_286,BR/616/2023-2024/2615 - Construction of Health facility,Education,15-06-2021,837821,Sanctioned
1616,Tamil Nadu,District_A,Constituency_287,MP_Name_287,TN/887/2023-2024/2616 - Construction of Health facility,Roads,06-05-2023,592175,Sanctioned
1617,Tamil Nadu,District_A,Constituency_287,MP_Name_287,TN/134/2023-2024/2617 - Construction of Health facility,Health,26-01-2024,1057523,Sanctioned
1618,Tamil Nadu,District_D,Constituency_287,MP_Name_287,TN/155/2021-2022/2618 - Construction of Electricity facility,Education,02-09-2024,1386034,Sanctioned
1619,Tamil Nadu,District_C,Constituency_287,MP_Name_287,TN/711/2023-2024/2619 - Construction of Health facility,Sanitation,15-06-2024,659380,Sanctioned
1620,Tamil Nadu,District_D,Constituency_287,MP_Name_287,TN/791/2022-2023/2620 - Construction of Health facility,Education,26-01-2023,903076,Sanctioned
1621,Tamil Nadu,District_A,Constituency_287,MP_Name_287,TN/473/2022-2023/2621 - Construction of Drinking Water facility,Education,11-05-2024,1610206,Sanctioned
1622,Maharashtra,District_D,Constituency_288,MP_Name_288,MH/354/2021-2022/2622 - Construction of Drinking Water facility,Roads,17-10-2021,1307323,Sanctioned
1623,Maharashtra,District_B,Constituency_288,MP_Name_288,MH/509/2023-2024/2623 - Construction of Sanitation facility,Roads,13-06-2024,768494,Sanctioned
1624,Maharashtra,District_A,Constituency_288,MP_Name_288,MH/348/2021-2022/2624 - Construction of Health facility,Sanitation,08-04-2024,945106,Sanctioned
1625,Maharashtra,District_D,Constituency_288,MP_Name_288,MH/546/2023-2024/2625 - Construction of Health facility,Sanitation,27-11-2023,1147504,Sanctioned
1626,Maharashtra,District_B,Constituency_288,MP_Name_288,MH/713/2022-2023/2626 - Construction of Roads facility,Sanitation,25-08-2022,1827966,Sanctioned
1627,Maharashtra,District_D,Constituency_288,MP_Name_288,MH/765/2022-2023/2627 - Construction of Sanitation facility,Electricity,02-07-2021,818344,Sanctioned
1628,Maharashtra,District_A,Constituency_288,MP_Name_288,MH/584/2022-2023/2628 - Construction of Electricity facility,Electricity,14-09-2022,971902,Sanctioned
1629,Delhi,District_A,Constituency_289,MP_Name_289,DL/962/2022-2023/2629 - Construction of Health facility,Roads,30-08-2021,1236914,Sanctioned
1630,Delhi,District_A,Constituency_289,MP_Name_289,DL/795/2023-2024/2630 - Construction of Sanitation facility,Drinking Water,13-02-2023,1683436,Sanctioned
1631,Delhi,District_E,Constituency_289,MP_Name_289,DL/729/2023-2024/2631 - Construction of Electricity facility,Health,04-03-2022,1252965,Sanctioned
1632,Delhi,District_D,Constituency_289,MP_Name_289,DL/100/2023-2024/2632 - Construction of Sanitation facility,Health,23-04-2023,1895088,Sanctioned
1633,Delhi,District_D,Constituency_289,MP_Name_289,DL/556/2023-2024/2633 - Construction of Electricity facility,Drinking Water,11-07-2022,440286,Sanctioned
1634,Delhi,District_E,Constituency_289,MP_Name_289,DL/243/2023-2024/2634 - Construction of Electricity facility,Electricity,04-12-2023,1732702,Sanctioned
1635,Delhi,District_C,Constituency_289,MP_Name_289,DL/864/2021-2022/2635 - Construction of Education facility,Roads,25-02-2021,565906,Sanctioned
1636,Delhi,District_A,Constituency_289,MP_Name_289,DL/364/2022-2023/2636 - Construction of Electricity facility,Education,23-02-2022,1717856,Sanctioned
1637,Gujarat,District_A,Constituency_290,MP_Name_290,GJ/122/2021-2022/2637 - Construction of Drinking Water facility,Education,09-11-2024,1191825,Sanctioned
1638,Gujarat,District_A,Constituency_290,MP_Name_290,GJ/991/2021-2022/2638 - Construction of Drinking Water facility,Drinking Water,20-12-2024,1752991,Sanctioned
1639,Gujarat,District_C,Constituency_290,MP_Name_290,GJ/964/2023-2024/2639 - Construction of Health facility,Health,16-08-2021,1084716,Sanctioned
1640,Gujarat,District_C,Constituency_290,MP_Name_290,GJ/506/2023-2024/2640 - Construction of Electricity facility,Electricity,16-10-2023,1796876,Sanctioned
1641,Gujarat,District_E,Constituency_290,MP_Name_290,GJ/266/2022-2023/2641 - Construction of Drinking Water facility,Health,28-07-2021,1265109,Sanctioned
1642,Gujarat,District_B,Constituency_290,MP_Name_290,GJ/854/2022-2023/2642 - Construction of Roads facility,Sanitation,21-01-2023,905346,Sanctioned
1643,Gujarat,District_B,Constituency_290,MP_Name_290,GJ/386/2021-2022/2643 - Construction of Electricity facility,Roads,08-08-2022,540544,Sanctioned
1644,Gujarat,District_D,Constituency_290,MP_Name_290,GJ/952/2022-2023/2644 - Construction of Education facility,Sanitation,01-12-2023,1612019,Sanctioned
1645,Bihar,District_E,Constituency_291,MP_Name_291,BR/304/2022-2023/2645 - Construction of Health facility,Sanitation,12-04-2024,989822,Sanctioned
1646,Bihar,District_A,Constituency_291,MP_Name_291,BR/789/2023-2024/2646 - Construction of Roads facility,Health,18-05-2021,1499374,Sanctioned
1647,Bihar,District_A,Constituency_291,MP_Name_291,BR/947/2022-2023/2647 - Construction of Electricity facility,Sanitation,23-11-2021,700213,Sanctioned
1648,Bihar,District_A,Constituency_291,MP_Name_291,BR/894/2023-2024/2648 - Construction of Sanitation facility,Sanitation,09-06-2024,1626149,Sanctioned
1649,Madhya Pradesh,District_A,Constituency_292,MP_Name_292,MP/816/2022-2023/2649 - Construction of Roads facility,Sanitation,01-09-2024,1322255,Sanctioned
1650,Madhya Pradesh,District_E,Constituency_292,MP_Name_292,MP/911/2023-2024/2650 - Construction of Sanitation facility,Sanitation,14-09-2021,1474518,Sanctioned
1651,Madhya Pradesh,District_D,Constituency_292,MP_Name_292,MP/534/2023-2024/2651 - Construction of Drinking Water facility,Drinking Water,09-12-2022,577325,Sanctioned
1652,Madhya Pradesh,District_C,Constituency_292,MP_Name_292,MP/399/2023-2024/2652 - Construction of Drinking Water facility,Education,16-05-2021,1529587,Sanctioned
1653,Madhya Pradesh,District_D,Constituency_292,MP_Name_292,MP/173/2023-2024/2653 - Construction of Education facility,Education,03-02-2022,1677081,Sanctioned
1654,Madhya Pradesh,District_D,Constituency_292,MP_Name_292,MP/334/2022-2023/2654 - Construction of Roads facility,Education,27-11-2023,1604948,Sanctioned
1655,Madhya Pradesh,District_D,Constituency_292,MP_Name_292,MP/658/2023-2024/2655 - Construction of Sanitation facility,Health,12-12-2022,1881025,Sanctioned
1656,Gujarat,District_E,Constituency_293,MP_Name_293,GJ/496/2023-2024/2656 - Construction of Sanitation facility,Drinking Water,23-03-2022,628868,Sanctioned
1657,Gujarat,District_B,Constituency_293,MP_Name_293,GJ/630/2021-2022/2657 - Construction of Electricity facility,Health,26-10-2021,862663,Sanctioned
1658,Gujarat,District_C,Constituency_293,MP_Name_293,GJ/828/2021-2022/2658 - Construction of Drinking Water facility,Health,14-12-2023,1122849,Sanctioned
1659,Rajasthan,District_D,Constituency_294,MP_Name_294,RJ/112/2023-2024/2659 - Construction of Education facility,Electricity,09-12-2022,1558871,Sanctioned
1660,Rajasthan,District_E,Constituency_294,MP_Name_294,RJ/536/2023-2024/2660 - Construction of Education facility,Education,25-04-2021,1125940,Sanctioned
1661,Rajasthan,District_E,Constituency_294,MP_Name_294,RJ/395/2022-2023/2661 - Construction of Drinking Water facility,Sanitation,15-10-2023,1882245,Sanctioned
1662,Rajasthan,District_D,Constituency_294,MP_Name_294,RJ/183/2022-2023/2662 - Construction of Drinking Water facility,Sanitation,10-09-2023,839220,Sanctioned
1663,Tamil Nadu,District_D,Constituency_295,MP_Name_295,TN/416/2022-2023/2663 - Construction of Health facility,Sanitation,21-01-2022,1014218,Sanctioned
1664,Tamil Nadu,District_B,Constituency_295,MP_Name_295,TN/775/2021-2022/2664 - Construction of Drinking Water facility,Roads,06-03-2021,1898124,Sanctioned
1665,Tamil Nadu,District_A,Constituency_295,MP_Name_295,TN/363/2023-2024/2665 - Construction of Drinking Water facility,Education,10-04-2024,1664410,Sanctioned
1666,Tamil Nadu,District_D,Constituency_295,MP_Name_295,TN/669/2022-2023/2666 - Construction of Electricity facility,Education,23-06-2021,1538067,Sanctioned
1667,Tamil Nadu,District_A,Constituency_295,MP_Name_295,TN/901/2021-2022/2667 - Construction of Electricity facility,Sanitation,01-10-2021,1562305,Sanctioned
1668,Tamil Nadu,District_D,Constituency_295,MP_Name_295,TN/695/2022-2023/2668 - Construction of Electricity facility,Sanitation,25-09-2021,1072678,Sanctioned
1669,Tamil Nadu,District_B,Constituency_295,MP_Name_295,TN/380/2021-2022/2669 - Construction of Electricity facility,Education,28-03-2024,1236855,Sanctioned
1670,West Bengal,District_A,Constituency_296,MP_Name_296,WB/640/2021-2022/2670 - Construction of Roads facility,Roads,08-07-2022,761245,Sanctioned
1671,West Bengal,District_D,Constituency_296,MP_Name_296,WB/440/2022-2023/2671 - Construction of Roads facility,Electricity,06-07-2021,1563444,Sanctioned
1672,West Bengal,District_A,Constituency_296,MP_Name_296,WB/829/2023-2024/2672 - Construction of Education facility,Roads,11-03-2022,1038562,Sanctioned
1673,West Bengal,District_C,Constituency_296,MP_Name_296,WB/804/2022-2023/2673 - Construction of Roads facility,Drinking Water,07-03-2022,1633435,Sanctioned
1674,Rajasthan,District_C,Constituency_297,MP_Name_297,RJ/212/2022-2023/2674 - Construction of Drinking Water facility,Electricity,22-07-2023,1406029,Sanctioned
1675,Rajasthan,District_A,Constituency_297,MP_Name_297,RJ/283/2021-2022/2675 - Construction of Drinking Water facility,Drinking Water,05-07-2024,1320463,Sanctioned
1676,Rajasthan,District_C,Constituency_297,MP_Name_297,RJ/627/2023-2024/2676 - Construction of Sanitation facility,Electricity,13-08-2024,1096203,Sanctioned
1677,Rajasthan,District_E,Constituency_297,MP_Name_297,RJ/585/2021-2022/2677 - Construction of Sanitation facility,Electricity,22-07-2023,1241897,Sanctioned
1678,West Bengal,District_E,Constituency_298,MP_Name_298,WB/646/2021-2022/2678 - Construction of Education facility,Health,27-08-2023,1129709,Sanctioned
1679,West Bengal,District_D,Constituency_298,MP_Name_298,WB/906/2021-2022/2679 - Construction of Education facility,Sanitation,06-09-2023,1460472,Sanctioned
1680,West Bengal,District_B,Constituency_298,MP_Name_298,WB/578/2021-2022/2680 - Construction of Education facility,Electricity,24-02-2023,1843301,Sanctioned
1681,West Bengal,District_C,Constituency_298,MP_Name_298,WB/737/2023-2024/2681 - Construction of Electricity facility,Roads,20-05-2024,1371418,Sanctioned
1682,West Bengal,District_B,Constituency_298,MP_Name_298,WB/433/2022-2023/2682 - Construction of Roads facility,Education,29-02-2024,1364543,Sanctioned
1683,Karnataka,District_D,Constituency_299,MP_Name_299,KA/788/2022-2023/2683 - Construction of Drinking Water facility,Drinking Water,02-05-2024,1752146,Sanctioned
1684,Karnataka,District_E,Constituency_299,MP_Name_299,KA/578/2023-2024/2684 - Construction of Education facility,Drinking Water,13-06-2024,1659519,Sanctioned
1685,Karnataka,District_E,Constituency_299,MP_Name_299,KA/371/2022-2023/2685 - Construction of Drinking Water facility,Health,19-07-2022,717754,Sanctioned
1686,Karnataka,District_B,Constituency_299,MP_Name_299,KA/810/2022-2023/2686 - Construction of Roads facility,Electricity,03-01-2022,1549408,Sanctioned
1687,Tamil Nadu,District_C,Constituency_300,MP_Name_300,TN/306/2021-2022/2687 - Construction of Drinking Water facility,Health,05-03-2021,1248541,Sanctioned
1688,Tamil Nadu,District_A,Constituency_300,MP_Name_300,TN/592/2023-2024/2688 - Construction of Sanitation facility,Electricity,26-11-2023,1016491,Sanctioned
1689,Tamil Nadu,District_B,Constituency_300,MP_Name_300,TN/300/2022-2023/2689 - Construction of Sanitation facility,Education,03-06-2024,1048970,Sanctioned
1690,Gujarat,District_B,Constituency_301,MP_Name_301,GJ/689/2021-2022/2690 - Construction of Education facility,Drinking Water,26-03-2023,1737769,Sanctioned
1691,Gujarat,District_D,Constituency_301,MP_Name_301,GJ/879/2023-2024/2691 - Construction of Education facility,Electricity,09-02-2021,759356,Sanctioned
1692,Gujarat,District_B,Constituency_301,MP_Name_301,GJ/518/2022-2023/2692 - Construction of Sanitation facility,Electricity,08-06-2024,1364163,Sanctioned
1693,Delhi,District_D,Constituency_302,MP_Name_302,DL/605/2023-2024/2693 - Construction of Health facility,Health,10-01-2022,466367,Sanctioned
1694,Delhi,District_B,Constituency_302,MP_Name_302,DL/125/2023-2024/2694 - Construction of Education facility,Roads,07-01-2022,899276,Sanctioned
1695,Delhi,District_A,Constituency_302,MP_Name_302,DL/371/2023-2024/2695 - Construction of Education facility,Roads,28-03-2023,589392,Sanctioned
1696,Delhi,District_D,Constituency_302,MP_Name_302,DL/121/2023-2024/2696 - Construction of Education facility,Education,05-11-2021,943033,Sanctioned
1697,Karnataka,District_A,Constituency_303,MP_Name_303,KA/213/2021-2022/2697 - Construction of Sanitation facility,Health,20-10-2021,1551362,Sanctioned
1698,Karnataka,District_E,Constituency_303,MP_Name_303,KA/379/2023-2024/2698 - Construction of Sanitation facility,Roads,06-06-2021,890397,Sanctioned
1699,Karnataka,District_D,Constituency_303,MP_Name_303,KA/692/2021-2022/2699 - Construction of Drinking Water facility,Education,03-05-2022,470352,Sanctioned
1700,Karnataka,District_D,Constituency_303,MP_Name_303,KA/267/2023-2024/2700 - Construction of Electricity facility,Sanitation,23-05-2024,1739733,Sanctioned
1701,Karnataka,District_D,Constituency_303,MP_Name_303,KA/172/2021-2022/2701 - Construction of Electricity facility,Drinking Water,25-04-2024,468895,Sanctioned
1702,Karnataka,District_C,Constituency_303,MP_Name_303,KA/206/2023-2024/2702 - Construction of Health facility,Electricity,06-05-2022,1575996,Sanctioned
1703,Karnataka,District_B,Constituency_303,MP_Name_303,KA/789/2021-2022/2703 - Construction of Roads facility,Electricity,14-11-2021,732485,Sanctioned
1704,Tamil Nadu,District_D,Constituency_304,MP_Name_304,TN/523/2021-2022/2704 - Construction of Drinking Water facility,Electricity,11-07-2024,1280436,Sanctioned
1705,Tamil Nadu,District_D,Constituency_304,MP_Name_304,TN/699/2023-2024/2705 - Construction of Health facility,Education,24-02-2022,1667476,Sanctioned
1706,Tamil Nadu,District_D,Constituency_304,MP_Name_304,TN/538/2021-2022/2706 - Construction of Drinking Water facility,Education,16-07-2023,1056278,Sanctioned
1707,Tamil Nadu,District_E,Constituency_304,MP_Name_304,TN/179/2021-2022/2707 - Construction of Electricity facility,Education,16-12-2022,765105,Sanctioned
1708,Maharashtra,District_B,Constituency_305,MP_Name_305,MH/626/2022-2023/2708 - Construction of Education facility,Electricity,18-11-2023,664541,Sanctioned
1709,Maharashtra,District_E,Constituency_305,MP_Name_305,MH/996/2023-2024/2709 - Construction of Sanitation facility,Drinking Water,19-05-2024,1688510,Sanctioned
1710,Maharashtra,District_D,Constituency_305,MP_Name_305,MH/616/2022-2023/2710 - Construction of Education facility,Drinking Water,11-09-2024,712326,Sanctioned
1711,Maharashtra,District_D,Constituency_305,MP_Name_305,MH/325/2021-2022/2711 - Construction of Health facility,Sanitation,29-09-2024,1786909,Sanctioned
1712,Maharashtra,District_D,Constituency_305,MP_Name_305,MH/990/2023-2024/2712 - Construction of Sanitation facility,Sanitation,31-05-2024,1248500,Sanctioned
1713,Maharashtra,District_A,Constituency_305,MP_Name_305,MH/370/2021-2022/2713 - Construction of Roads facility,Health,12-09-2024,1159671,Sanctioned
1714,Rajasthan,District_E,Constituency_306,MP_Name_306,RJ/104/2022-2023/2714 - Construction of Sanitation facility,Drinking Water,13-11-2021,702674,Sanctioned
1715,Rajasthan,District_B,Constituency_306,MP_Name_306,RJ/284/2022-2023/2715 - Construction of Sanitation facility,Electricity,17-09-2022,1369709,Sanctioned
1716,Rajasthan,District_E,Constituency_306,MP_Name_306,RJ/165/2021-2022/2716 - Construction of Electricity facility,Sanitation,13-06-2023,968893,Sanctioned
1717,Madhya Pradesh,District_B,Constituency_307,MP_Name_307,MP/516/2021-2022/2717 - Construction of Electricity facility,Roads,22-01-2024,727249,Sanctioned
1718,Madhya Pradesh,District_E,Constituency_307,MP_Name_307,MP/579/2023-2024/2718 - Construction of Electricity facility,Roads,28-07-2022,1109330,Sanctioned
1719,Madhya Pradesh,District_A,Constituency_307,MP_Name_307,MP/355/2022-2023/2719 - Construction of Education facility,Education,12-09-2024,431143,Sanctioned
1720,Gujarat,District_E,Constituency_308,MP_Name_308,GJ/206/2022-2023/2720 - Construction of Roads facility,Electricity,09-12-2022,1869110,Sanctioned
1721,Gujarat,District_A,Constituency_308,MP_Name_308,GJ/998/2022-2023/2721 - Construction of Roads facility,Roads,16-07-2022,1138966,Sanctioned
1722,Gujarat,District_B,Constituency_308,MP_Name_308,GJ/365/2023-2024/2722 - Construction of Electricity facility,Electricity,26-05-2021,545356,Sanctioned
1723,Gujarat,District_B,Constituency_308,MP_Name_308,GJ/555/2023-2024/2723 - Construction of Health facility,Drinking Water,09-07-2021,1847444,Sanctioned
1724,Gujarat,District_C,Constituency_308,MP_Name_308,GJ/510/2022-2023/2724 - Construction of Health facility,Roads,21-01-2022,1466185,Sanctioned
1725,Gujarat,District_C,Constituency_308,MP_Name_308,GJ/155/2023-2024/2725 - Construction of Electricity facility,Sanitation,19-06-2021,1699755,Sanctioned
1726,Gujarat,District_E,Constituency_308,MP_Name_308,GJ/179/2022-2023/2726 - Construction of Roads facility,Electricity,06-06-2023,889755,Sanctioned
1727,Maharashtra,District_A,Constituency_309,MP_Name_309,MH/157/2023-2024/2727 - Construction of Education facility,Roads,31-07-2021,1710694,Sanctioned
1728,Maharashtra,District_B,Constituency_309,MP_Name_309,MH/529/2023-2024/2728 - Construction of Drinking Water facility,Drinking Water,05-05-2023,1246581,Sanctioned
1729,Maharashtra,District_C,Constituency_309,MP_Name_309,MH/231/2021-2022/2729 - Construction of Sanitation facility,Roads,23-07-2024,1475143,Sanctioned
1730,Maharashtra,District_B,Constituency_309,MP_Name_309,MH/192/2023-2024/2730 - Construction of Drinking Water facility,Drinking Water,07-08-2022,1519736,Sanctioned
1731,Maharashtra,District_D,Constituency_309,MP_Name_309,MH/799/2023-2024/2731 - Construction of Drinking Water facility,Roads,04-03-2024,1299612,Sanctioned
1732,Maharashtra,District_C,Constituency_309,MP_Name_309,MH/255/2022-2023/2732 - Construction of Sanitation facility,Drinking Water,13-09-2023,617124,Sanctioned
1733,Maharashtra,District_D,Constituency_309,MP_Name_309,MH/706/2023-2024/2733 - Construction of Health facility,Drinking Water,13-03-2022,882000,Sanctioned
1734,Maharashtra,District_D,Constituency_309,MP_Name_309,MH/591/2021-2022/2734 - Construction of Education facility,Electricity,07-10-2021,1518258,Sanctioned
1735,Uttar Pradesh,District_C,Constituency_310,MP_Name_310,UP/582/2022-2023/2735 - Construction of Drinking Water facility,Drinking Water,24-04-2021,1301494,Sanctioned
1736,Uttar Pradesh,District_E,Constituency_310,MP_Name_310,UP/961/2022-2023/2736 - Construction of Drinking Water facility,Sanitation,05-08-2023,1778252,Sanctioned
1737,Uttar Pradesh,District_C,Constituency_310,MP_Name_310,UP/573/2021-2022/2737 - Construction of Drinking Water facility,Education,18-07-2022,858779,Sanctioned
1738,Uttar Pradesh,District_C,Constituency_310,MP_Name_310,UP/186/2021-2022/2738 - Construction of Electricity facility,Health,05-08-2024,646753,Sanctioned
1739,Uttar Pradesh,District_D,Constituency_310,MP_Name_310,UP/316/2023-2024/2739 - Construction of Electricity facility,Sanitation,02-12-2022,656598,Sanctioned
1740,Uttar Pradesh,District_D,Constituency_310,MP_Name_310,UP/203/2022-2023/2740 - Construction of Health facility,Education,09-12-2024,1415083,Sanctioned
1741,Karnataka,District_A,Constituency_311,MP_Name_311,KA/562/2021-2022/2741 - Construction of Sanitation facility,Roads,03-07-2024,1147739,Sanctioned
1742,Karnataka,District_A,Constituency_311,MP_Name_311,KA/678/2021-2022/2742 - Construction of Roads facility,Sanitation,27-11-2021,974920,Sanctioned
1743,Karnataka,District_D,Constituency_311,MP_Name_311,KA/687/2022-2023/2743 - Construction of Sanitation facility,Health,13-10-2022,1488596,Sanctioned
1744,Karnataka,District_A,Constituency_311,MP_Name_311,KA/424/2022-2023/2744 - Construction of Drinking Water facility,Roads,10-09-2021,1050769,Sanctioned
1745,Karnataka,District_C,Constituency_311,MP_Name_311,KA/154/2022-2023/2745 - Construction of Roads facility,Sanitation,21-06-2021,1235183,Sanctioned
1746,Karnataka,District_A,Constituency_311,MP_Name_311,KA/992/2022-2023/2746 - Construction of Health facility,Sanitation,13-02-2021,1829691,Sanctioned
1747,Karnataka,District_B,Constituency_311,MP_Name_311,KA/420/2023-2024/2747 - Construction of Drinking Water facility,Education,21-05-2024,1489891,Sanctioned
1748,West Bengal,District_B,Constituency_312,MP_Name_312,WB/391/2022-2023/2748 - Construction of Sanitation facility,Health,23-12-2022,1144426,Sanctioned
1749,West Bengal,District_B,Constituency_312,MP_Name_312,WB/592/2021-2022/2749 - Construction of Education facility,Health,15-01-2022,1256822,Sanctioned
1750,West Bengal,District_B,Constituency_312,MP_Name_312,WB/209/2022-2023/2750 - Construction of Sanitation facility,Electricity,23-02-2021,1306045,Sanctioned
1751,West Bengal,District_A,Constituency_312,MP_Name_312,WB/895/2022-2023/2751 - Construction of Drinking Water facility,Drinking Water,03-04-2024,1700014,Sanctioned
1752,West Bengal,District_D,Constituency_313,MP_Name_313,WB/480/2022-2023/2752 - Construction of Health facility,Drinking Water,11-12-2023,621523,Sanctioned
1753,West Bengal,District_B,Constituency_313,MP_Name_313,WB/750/2023-2024/2753 - Construction of Health facility,Health,27-01-2021,592010,Sanctioned
1754,West Bengal,District_E,Constituency_313,MP_Name_313,WB/830/2023-2024/2754 - Construction of Drinking Water facility,Roads,13-02-2022,1164416,Sanctioned
1755,West Bengal,District_D,Constituency_313,MP_Name_313,WB/507/2022-2023/2755 - Construction of Electricity facility,Electricity,18-11-2024,1655723,Sanctioned
1756,West Bengal,District_E,Constituency_313,MP_Name_313,WB/937/2023-2024/2756 - Construction of Health facility,Roads,04-12-2023,1899742,Sanctioned
1757,West Bengal,District_C,Constituency_313,MP_Name_313,WB/801/2021-2022/2757 - Construction of Drinking Water facility,Education,04-08-2024,959446,Sanctioned
1758,West Bengal,District_A,Constituency_313,MP_Name_313,WB/571/2021-2022/2758 - Construction of Roads facility,Education,28-02-2021,555022,Sanctioned
1759,West Bengal,District_A,Constituency_313,MP_Name_313,WB/321/2023-2024/2759 - Construction of Sanitation facility,Electricity,10-03-2021,588029,Sanctioned
1760,Rajasthan,District_C,Constituency_314,MP_Name_314,RJ/664/2023-2024/2760 - Construction of Education facility,Education,20-01-2021,635674,Sanctioned
1761,Rajasthan,District_D,Constituency_314,MP_Name_314,RJ/333/2023-2024/2761 - Construction of Sanitation facility,Roads,04-08-2023,609593,Sanctioned
1762,Rajasthan,District_C,Constituency_314,MP_Name_314,RJ/693/2021-2022/2762 - Construction of Drinking Water facility,Roads,08-04-2023,1764255,Sanctioned
1763,Rajasthan,District_A,Constituency_314,MP_Name_314,RJ/376/2023-2024/2763 - Construction of Electricity facility,Electricity,05-03-2022,1431602,Sanctioned
1764,Rajasthan,District_C,Constituency_314,MP_Name_314,RJ/934/2021-2022/2764 - Construction of Health facility,Electricity,01-02-2023,829494,Sanctioned
1765,Rajasthan,District_A,Constituency_314,MP_Name_314,RJ/348/2022-2023/2765 - Construction of Electricity facility,Health,02-03-2021,874822,Sanctioned
1766,Rajasthan,District_B,Constituency_314,MP_Name_314,RJ/321/2023-2024/2766 - Construction of Roads facility,Electricity,03-05-2024,1413287,Sanctioned
1767,Rajasthan,District_C,Constituency_314,MP_Name_314,RJ/956/2021-2022/2767 - Construction of Sanitation facility,Roads,16-05-2024,1105308,Sanctioned
1768,West Bengal,District_E,Constituency_315,MP_Name_315,WB/302/2021-2022/2768 - Construction of Education facility,Roads,16-11-2024,412121,Sanctioned
1769,West Bengal,District_D,Constituency_315,MP_Name_315,WB/947/2022-2023/2769 - Construction of Education facility,Electricity,16-12-2022,1344955,Sanctioned
1770,West Bengal,District_B,Constituency_315,MP_Name_315,WB/877/2021-2022/2770 - Construction of Electricity facility,Electricity,24-07-2023,578503,Sanctioned
1771,West Bengal,District_E,Constituency_315,MP_Name_315,WB/487/2022-2023/2771 - Construction of Education facility,Roads,06-02-2024,1506586,Sanctioned
1772,West Bengal,District_D,Constituency_315,MP_Name_315,WB/647/2021-2022/2772 - Construction of Drinking Water facility,Electricity,25-05-2022,1339177,Sanctioned
1773,West Bengal,District_E,Constituency_315,MP_Name_315,WB/163/2022-2023/2773 - Construction of Education facility,Electricity,29-06-2022,1710442,Sanctioned
1774,Madhya Pradesh,District_D,Constituency_316,MP_Name_316,MP/205/2022-2023/2774 - Construction of Health facility,Roads,25-05-2021,1218078,Sanctioned
1775,Madhya Pradesh,District_C,Constituency_316,MP_Name_316,MP/428/2023-2024/2775 - Construction of Drinking Water facility,Sanitation,12-08-2022,1630499,Sanctioned
1776,Madhya Pradesh,District_B,Constituency_316,MP_Name_316,MP/375/2022-2023/2776 - Construction of Roads facility,Health,10-12-2022,1314884,Sanctioned
1777,Tamil Nadu,District_B,Constituency_317,MP_Name_317,TN/243/2022-2023/2777 - Construction of Sanitation facility,Health,19-09-2022,467486,Sanctioned
1778,Tamil Nadu,District_C,Constituency_317,MP_Name_317,TN/419/2023-2024/2778 - Construction of Health facility,Roads,27-02-2021,1605225,Sanctioned
1779,Tamil Nadu,District_B,Constituency_317,MP_Name_317,TN/826/2023-2024/2779 - Construction of Drinking Water facility,Roads,17-02-2021,1698617,Sanctioned
1780,Tamil Nadu,District_A,Constituency_317,MP_Name_317,TN/144/2021-2022/2780 - Construction of Sanitation facility,Drinking Water,09-07-2022,1364759,Sanctioned
1781,Tamil Nadu,District_B,Constituency_317,MP_Name_317,TN/269/2023-2024/2781 - Construction of Roads facility,Education,20-12-2021,1692247,Sanctioned
1782,Madhya Pradesh,District_B,Constituency_318,MP_Name_318,MP/869/2021-2022/2782 - Construction of Roads facility,Roads,04-06-2023,943898,Sanctioned
1783,Madhya Pradesh,District_D,Constituency_318,MP_Name_318,MP/139/2022-2023/2783 - Construction of Sanitation facility,Health,07-09-2023,1888387,Sanctioned
1784,Madhya Pradesh,District_D,Constituency_318,MP_Name_318,MP/414/2023-2024/2784 - Construction of Drinking Water facility,Roads,09-12-2023,1740311,Sanctioned
1785,Madhya Pradesh,District_C,Constituency_318,MP_Name_318,MP/151/2023-2024/2785 - Construction of Electricity facility,Electricity,05-12-2024,792811,Sanctioned
1786,Madhya Pradesh,District_B,Constituency_318,MP_Name_318,MP/663/2023-2024/2786 - Construction of Roads facility,Electricity,30-12-2023,747871,Sanctioned
1787,Madhya Pradesh,District_D,Constituency_318,MP_Name_318,MP/302/2021-2022/2787 - Construction of Education facility,Roads,26-07-2021,1774125,Sanctioned
1788,Madhya Pradesh,District_D,Constituency_318,MP_Name_318,MP/411/2021-2022/2788 - Construction of Roads facility,Health,02-04-2024,1870157,Sanctioned
1789,Madhya Pradesh,District_D,Constituency_318,MP_Name_318,MP/143/2021-2022/2789 - Construction of Roads facility,Roads,01-08-2023,1762986,Sanctioned
1790,Bihar,District_E,Constituency_319,MP_Name_319,BR/590/2022-2023/2790 - Construction of Health facility,Education,24-04-2024,1382738,Sanctioned
1791,Bihar,District_B,Constituency_319,MP_Name_319,BR/942/2022-2023/2791 - Construction of Education facility,Education,19-11-2022,926436,Sanctioned
1792,Bihar,District_B,Constituency_319,MP_Name_319,BR/125/2023-2024/2792 - Construction of Health facility,Health,20-04-2021,1497959,Sanctioned
1793,Bihar,District_C,Constituency_319,MP_Name_319,BR/913/2021-2022/2793 - Construction of Drinking Water facility,Sanitation,03-08-2023,549700,Sanctioned
1794,Bihar,District_C,Constituency_319,MP_Name_319,BR/987/2022-2023/2794 - Construction of Roads facility,Health,26-07-2024,862775,Sanctioned
1795,Bihar,District_E,Constituency_319,MP_Name_319,BR/318/2022-2023/2795 - Construction of Sanitation facility,Sanitation,15-03-2021,1615476,Sanctioned
1796,Bihar,District_B,Constituency_319,MP_Name_319,BR/916/2023-2024/2796 - Construction of Roads facility,Education,04-05-2023,1088986,Sanctioned
1797,Bihar,District_A,Constituency_319,MP_Name_319,BR/129/2023-2024/2797 - Construction of Roads facility,Health,05-02-2023,1482283,Sanctioned
1798,Madhya Pradesh,District_A,Constituency_320,MP_Name_320,MP/400/2022-2023/2798 - Construction of Sanitation facility,Health,15-03-2022,617256,Sanctioned
1799,Madhya Pradesh,District_C,Constituency_320,MP_Name_320,MP/322/2022-2023/2799 - Construction of Health facility,Drinking Water,19-10-2022,646925,Sanctioned
1800,Madhya Pradesh,District_D,Constituency_320,MP_Name_320,MP/519/2023-2024/2800 - Construction of Education facility,Electricity,13-02-2022,1488675,Sanctioned
1801,Madhya Pradesh,District_A,Constituency_320,MP_Name_320,MP/790/2022-2023/2801 - Construction of Health facility,Sanitation,28-12-2024,1706831,Sanctioned
1802,Madhya Pradesh,District_C,Constituency_320,MP_Name_320,MP/597/2022-2023/2802 - Construction of Sanitation facility,Health,21-12-2023,516432,Sanctioned
1803,Madhya Pradesh,District_E,Constituency_320,MP_Name_320,MP/702/2021-2022/2803 - Construction of Roads facility,Roads,29-04-2022,1651982,Sanctioned
1804,Gujarat,District_E,Constituency_321,MP_Name_321,GJ/518/2023-2024/2804 - Construction of Sanitation facility,Drinking Water,15-01-2021,1630797,Sanctioned
1805,Gujarat,District_B,Constituency_321,MP_Name_321,GJ/368/2022-2023/2805 - Construction of Drinking Water facility,Drinking Water,01-12-2022,500874,Sanctioned
1806,Gujarat,District_E,Constituency_321,MP_Name_321,GJ/976/2023-2024/2806 - Construction of Drinking Water facility,Sanitation,16-12-2021,619330,Sanctioned
1807,Gujarat,District_D,Constituency_321,MP_Name_321,GJ/769/2022-2023/2807 - Construction of Roads facility,Sanitation,31-03-2023,1114643,Sanctioned
1808,Gujarat,District_C,Constituency_321,MP_Name_321,GJ/587/2021-2022/2808 - Construction of Sanitation facility,Education,22-05-2023,1073221,Sanctioned
1809,West Bengal,District_A,Constituency_322,MP_Name_322,WB/739/2022-2023/2809 - Construction of Drinking Water facility,Roads,23-12-2021,1170035,Sanctioned
1810,West Bengal,District_C,Constituency_322,MP_Name_322,WB/657/2023-2024/2810 - Construction of Electricity facility,Roads,15-11-2023,669034,Sanctioned
1811,West Bengal,District_B,Constituency_322,MP_Name_322,WB/839/2023-2024/2811 - Construction of Health facility,Roads,09-07-2023,598955,Sanctioned
1812,West Bengal,District_C,Constituency_322,MP_Name_322,WB/452/2023-2024/2812 - Construction of Education facility,Roads,20-05-2023,606879,Sanctioned
1813,Uttar Pradesh,District_E,Constituency_323,MP_Name_323,UP/958/2023-2024/2813 - Construction of Sanitation facility,Sanitation,01-05-2022,1545023,Sanctioned
1814,Uttar Pradesh,District_E,Constituency_323,MP_Name_323,UP/130/2021-2022/2814 - Construction of Drinking Water facility,Electricity,26-12-2022,1600998,Sanctioned
1815,Uttar Pradesh,District_B,Constituency_323,MP_Name_323,UP/164/2021-2022/2815 - Construction of Electricity facility,Health,03-11-2021,972770,Sanctioned
1816,Uttar Pradesh,District_E,Constituency_323,MP_Name_323,UP/287/2021-2022/2816 - Construction of Sanitation facility,Education,08-07-2023,1840383,Sanctioned
1817,Uttar Pradesh,District_C,Constituency_323,MP_Name_323,UP/504/2023-2024/2817 - Construction of Sanitation facility,Health,23-12-2022,1627197,Sanctioned
1818,Uttar Pradesh,District_D,Constituency_323,MP_Name_323,UP/374/2022-2023/2818 - Construction of Drinking Water facility,Education,02-02-2022,859595,Sanctioned
1819,Bihar,District_B,Constituency_324,MP_Name_324,BR/523/2023-2024/2819 - Construction of Electricity facility,Education,07-03-2022,986522,Sanctioned
1820,Bihar,District_B,Constituency_324,MP_Name_324,BR/995/2023-2024/2820 - Construction of Drinking Water facility,Electricity,07-07-2021,766432,Sanctioned
1821,Bihar,District_A,Constituency_324,MP_Name_324,BR/373/2022-2023/2821 - Construction of Health facility,Electricity,10-07-2021,515840,Sanctioned
1822,Bihar,District_C,Constituency_325,MP_Name_325,BR/526/2023-2024/2822 - Construction of Electricity facility,Drinking Water,26-07-2024,1890906,Sanctioned
1823,Bihar,District_B,Constituency_325,MP_Name_325,BR/236/2022-2023/2823 - Construction of Electricity facility,Education,12-06-2023,1251601,Sanctioned
1824,Bihar,District_E,Constituency_325,MP_Name_325,BR/799/2021-2022/2824 - Construction of Drinking Water facility,Health,19-07-2022,978349,Sanctioned
1825,Bihar,District_E,Constituency_325,MP_Name_325,BR/983/2022-2023/2825 - Construction of Education facility,Roads,30-03-2023,1657176,Sanctioned
1826,Bihar,District_C,Constituency_325,MP_Name_325,BR/810/2022-2023/2826 - Construction of Sanitation facility,Electricity,01-03-2021,664768,Sanctioned
1827,Bihar,District_D,Constituency_325,MP_Name_325,BR/929/2021-2022/2827 - Construction of Sanitation facility,Health,22-03-2021,702945,Sanctioned
1828,Bihar,District_C,Constituency_325,MP_Name_325,BR/553/2022-2023/2828 - Construction of Sanitation facility,Electricity,07-12-2024,503612,Sanctioned
1829,Bihar,District_B,Constituency_325,MP_Name_325,BR/375/2022-2023/2829 - Construction of Education facility,Health,09-09-2022,1447830,Sanctioned
1830,Tamil Nadu,District_B,Constituency_326,MP_Name_326,TN/814/2021-2022/2830 - Construction of Education facility,Electricity,25-04-2022,1899139,Sanctioned
1831,Tamil Nadu,District_E,Constituency_326,MP_Name_326,TN/779/2022-2023/2831 - Construction of Sanitation facility,Drinking Water,06-07-2021,1350488,Sanctioned
1832,Tamil Nadu,District_E,Constituency_326,MP_Name_326,TN/902/2021-2022/2832 - Construction of Education facility,Education,20-10-2021,951725,Sanctioned
1833,Tamil Nadu,District_C,Constituency_326,MP_Name_326,TN/652/2023-2024/2833 - Construction of Education facility,Electricity,07-07-2021,610114,Sanctioned
1834,Tamil Nadu,District_A,Constituency_326,MP_Name_326,TN/443/2023-2024/2834 - Construction of Electricity facility,Roads,14-12-2023,471326,Sanctioned
1835,Tamil Nadu,District_C,Constituency_326,MP_Name_326,TN/857/2021-2022/2835 - Construction of Electricity facility,Health,27-06-2021,1669500,Sanctioned
1836,Tamil Nadu,District_B,Constituency_326,MP_Name_326,TN/915/2022-2023/2836 - Construction of Sanitation facility,Sanitation,13-07-2023,1803435,Sanctioned
1837,Tamil Nadu,District_D,Constituency_326,MP_Name_326,TN/641/2021-2022/2837 - Construction of Drinking Water facility,Sanitation,19-07-2022,1423606,Sanctioned
1838,Madhya Pradesh,District_B,Constituency_327,MP_Name_327,MP/529/2021-2022/2838 - Construction of Sanitation facility,Drinking Water,09-10-2023,807905,Sanctioned
1839,Madhya Pradesh,District_D,Constituency_327,MP_Name_327,MP/819/2022-2023/2839 - Construction of Drinking Water facility,Education,30-12-2021,789609,Sanctioned
1840,Madhya Pradesh,District_D,Constituency_327,MP_Name_327,MP/252/2022-2023/2840 - Construction of Drinking Water facility,Sanitation,15-02-2024,1354864,Sanctioned
1841,Madhya Pradesh,District_A,Constituency_327,MP_Name_327,MP/359/2021-2022/2841 - Construction of Electricity facility,Electricity,21-03-2023,1681972,Sanctioned
1842,Madhya Pradesh,District_B,Constituency_327,MP_Name_327,MP/808/2023-2024/2842 - Construction of Electricity facility,Drinking Water,13-11-2021,971991,Sanctioned
1843,Madhya Pradesh,District_E,Constituency_327,MP_Name_327,MP/499/2021-2022/2843 - Construction of Sanitation facility,Sanitation,02-12-2024,1799980,Sanctioned
1844,Madhya Pradesh,District_B,Constituency_327,MP_Name_327,MP/398/2022-2023/2844 - Construction of Education facility,Sanitation,16-01-2024,1271552,Sanctioned
1845,Tamil Nadu,District_E,Constituency_328,MP_Name_328,TN/663/2021-2022/2845 - Construction of Sanitation facility,Drinking Water,08-07-2023,1419108,Sanctioned
1846,Tamil Nadu,District_A,Constituency_328,MP_Name_328,TN/841/2021-2022/2846 - Construction of Education facility,Drinking Water,07-07-2022,1352132,Sanctioned
1847,Tamil Nadu,District_D,Constituency_328,MP_Name_328,TN/438/2023-2024/2847 - Construction of Sanitation facility,Education,13-10-2021,494559,Sanctioned
1848,Gujarat,District_C,Constituency_329,MP_Name_329,GJ/768/2023-2024/2848 - Construction of Sanitation facility,Electricity,01-06-2021,1187985,Sanctioned
1849,Gujarat,District_E,Constituency_329,MP_Name_329,GJ/192/2022-2023/2849 - Construction of Health facility,Electricity,04-05-2023,1339992,Sanctioned
1850,Gujarat,District_B,Constituency_329,MP_Name_329,GJ/504/2023-2024/2850 - Construction of Electricity facility,Drinking Water,24-10-2024,844455,Sanctioned
1851,Gujarat,District_B,Constituency_329,MP_Name_329,GJ/692/2023-2024/2851 - Construction of Electricity facility,Health,04-08-2022,891823,Sanctioned
1852,Gujarat,District_D,Constituency_329,MP_Name_329,GJ/378/2021-2022/2852 - Construction of Roads facility,Education,29-06-2021,1426117,Sanctioned
1853,Gujarat,District_A,Constituency_329,MP_Name_329,GJ/832/2021-2022/2853 - Construction of Health facility,Sanitation,25-06-2023,1087436,Sanctioned
1854,Gujarat,District_E,Constituency_329,MP_Name_329,GJ/971/2021-2022/2854 - Construction of Sanitation facility,Drinking Water,05-04-2023,987128,Sanctioned
1855,Madhya Pradesh,District_C,Constituency_330,MP_Name_330,MP/295/2021-2022/2855 - Construction of Health facility,Electricity,04-06-2023,1778145,Sanctioned
1856,Madhya Pradesh,District_A,Constituency_330,MP_Name_330,MP/582/2022-2023/2856 - Construction of Health facility,Drinking Water,31-07-2022,1720556,Sanctioned
1857,Madhya Pradesh,District_A,Constituency_330,MP_Name_330,MP/275/2021-2022/2857 - Construction of Roads facility,Drinking Water,25-04-2022,699527,Sanctioned
1858,Madhya Pradesh,District_B,Constituency_330,MP_Name_330,MP/241/2021-2022/2858 - Construction of Electricity facility,Education,05-04-2023,1196584,Sanctioned
1859,Karnataka,District_D,Constituency_331,MP_Name_331,KA/327/2022-2023/2859 - Construction of Roads facility,Education,15-08-2022,1617310,Sanctioned
1860,Karnataka,District_A,Constituency_331,MP_Name_331,KA/723/2021-2022/2860 - Construction of Education facility,Roads,26-07-2024,1067896,Sanctioned
1861,Karnataka,District_B,Constituency_331,MP_Name_331,KA/377/2022-2023/2861 - Construction of Sanitation facility,Roads,11-04-2023,1144263,Sanctioned
1862,Karnataka,District_D,Constituency_331,MP_Name_331,KA/647/2022-2023/2862 - Construction of Electricity facility,Roads,11-09-2024,590181,Sanctioned
1863,Rajasthan,District_B,Constituency_332,MP_Name_332,RJ/188/2021-2022/2863 - Construction of Roads facility,Electricity,13-06-2021,1713518,Sanctioned
1864,Rajasthan,District_C,Constituency_332,MP_Name_332,RJ/768/2022-2023/2864 - Construction of Health facility,Electricity,10-05-2024,1523682,Sanctioned
1865,Rajasthan,District_A,Constituency_332,MP_Name_332,RJ/413/2023-2024/2865 - Construction of Roads facility,Education,19-11-2024,1728275,Sanctioned
1866,Rajasthan,District_C,Constituency_332,MP_Name_332,RJ/297/2022-2023/2866 - Construction of Electricity facility,Sanitation,29-12-2021,932172,Sanctioned
1867,Rajasthan,District_C,Constituency_332,MP_Name_332,RJ/377/2022-2023/2867 - Construction of Sanitation facility,Health,14-06-2023,1175104,Sanctioned
1868,Rajasthan,District_B,Constituency_332,MP_Name_332,RJ/858/2022-2023/2868 - Construction of Electricity facility,Drinking Water,13-04-2023,1338782,Sanctioned
1869,Rajasthan,District_B,Constituency_332,MP_Name_332,RJ/462/2021-2022/2869 - Construction of Sanitation facility,Roads,05-01-2021,1728223,Sanctioned
1870,Rajasthan,District_B,Constituency_332,MP_Name_332,RJ/261/2021-2022/2870 - Construction of Electricity facility,Drinking Water,05-06-2023,1442666,Sanctioned
1871,Madhya Pradesh,District_C,Constituency_333,MP_Name_333,MP/914/2021-2022/2871 - Construction of Roads facility,Electricity,31-05-2022,1432597,Sanctioned
1872,Madhya Pradesh,District_B,Constituency_333,MP_Name_333,MP/122/2023-2024/2872 - Construction of Sanitation facility,Sanitation,19-01-2023,1573235,Sanctioned
1873,Madhya Pradesh,District_D,Constituency_333,MP_Name_333,MP/424/2023-2024/2873 - Construction of Drinking Water facility,Sanitation,21-08-2023,822552,Sanctioned
1874,Madhya Pradesh,District_E,Constituency_333,MP_Name_333,MP/395/2021-2022/2874 - Construction of Education facility,Drinking Water,08-01-2024,514158,Sanctioned
1875,Madhya Pradesh,District_D,Constituency_333,MP_Name_333,MP/546/2022-2023/2875 - Construction of Drinking Water facility,Drinking Water,14-02-2022,1055862,Sanctioned
1876,Madhya Pradesh,District_C,Constituency_333,MP_Name_333,MP/935/2023-2024/2876 - Construction of Health facility,Drinking Water,02-05-2023,1396549,Sanctioned
1877,Madhya Pradesh,District_A,Constituency_333,MP_Name_333,MP/449/2023-2024/2877 - Construction of Drinking Water facility,Education,11-07-2024,1115922,Sanctioned
1878,Madhya Pradesh,District_E,Constituency_333,MP_Name_333,MP/920/2023-2024/2878 - Construction of Drinking Water facility,Electricity,29-11-2022,1238878,Sanctioned
1879,Madhya Pradesh,District_A,Constituency_334,MP_Name_334,MP/113/2022-2023/2879 - Construction of Health facility,Sanitation,23-07-2021,1355771,Sanctioned
1880,Madhya Pradesh,District_B,Constituency_334,MP_Name_334,MP/448/2021-2022/2880 - Construction of Sanitation facility,Sanitation,18-09-2021,1782070,Sanctioned
1881,Madhya Pradesh,District_B,Constituency_334,MP_Name_334,MP/197/2021-2022/2881 - Construction of Education facility,Roads,22-02-2022,1686221,Sanctioned
1882,Madhya Pradesh,District_D,Constituency_335,MP_Name_335,MP/518/2023-2024/2882 - Construction of Electricity facility,Health,20-06-2021,1006593,Sanctioned
1883,Madhya Pradesh,District_E,Constituency_335,MP_Name_335,MP/664/2022-2023/2883 - Construction of Health facility,Drinking Water,16-04-2024,1571105,Sanctioned
1884,Madhya Pradesh,District_D,Constituency_335,MP_Name_335,MP/535/2021-2022/2884 - Construction of Health facility,Education,05-05-2022,1310064,Sanctioned
1885,West Bengal,District_D,Constituency_336,MP_Name_336,WB/498/2023-2024/2885 - Construction of Sanitation facility,Health,10-11-2022,1351381,Sanctioned
1886,West Bengal,District_B,Constituency_336,MP_Name_336,WB/104/2022-2023/2886 - Construction of Health facility,Health,24-01-2024,811857,Sanctioned
1887,West Bengal,District_B,Constituency_336,MP_Name_336,WB/974/2023-2024/2887 - Construction of Electricity facility,Drinking Water,07-12-2023,1144350,Sanctioned
1888,West Bengal,District_E,Constituency_336,MP_Name_336,WB/262/2023-2024/2888 - Construction of Roads facility,Health,24-01-2021,1442115,Sanctioned
1889,West Bengal,District_C,Constituency_336,MP_Name_336,WB/523/2021-2022/2889 - Construction of Electricity facility,Drinking Water,17-08-2024,918533,Sanctioned
1890,West Bengal,District_C,Constituency_336,MP_Name_336,WB/534/2023-2024/2890 - Construction of Roads facility,Education,01-11-2023,1587965,Sanctioned
1891,West Bengal,District_B,Constituency_336,MP_Name_336,WB/477/2021-2022/2891 - Construction of Drinking Water facility,Education,16-01-2024,1115356,Sanctioned
1892,West Bengal,District_C,Constituency_336,MP_Name_336,WB/424/2021-2022/2892 - Construction of Drinking Water facility,Drinking Water,06-02-2022,1414703,Sanctioned
1893,Madhya Pradesh,District_C,Constituency_337,MP_Name_337,MP/282/2022-2023/2893 - Construction of Health facility,Education,10-01-2022,944698,Sanctioned
1894,Madhya Pradesh,District_B,Constituency_337,MP_Name_337,MP/525/2021-2022/2894 - Construction of Sanitation facility,Education,20-11-2024,1508844,Sanctioned
1895,Madhya Pradesh,District_A,Constituency_337,MP_Name_337,MP/460/2022-2023/2895 - Construction of Drinking Water facility,Sanitation,12-07-2023,614464,Sanctioned
1896,Madhya Pradesh,District_C,Constituency_337,MP_Name_337,MP/892/2023-2024/2896 - Construction of Drinking Water facility,Electricity,29-10-2024,939320,Sanctioned
1897,Uttar Pradesh,District_E,Constituency_338,MP_Name_338,UP/844/2021-2022/2897 - Construction of Health facility,Health,05-05-2022,436008,Sanctioned
1898,Uttar Pradesh,District_E,Constituency_338,MP_Name_338,UP/664/2021-2022/2898 - Construction of Roads facility,Education,05-02-2024,1664780,Sanctioned
1899,Uttar Pradesh,District_C,Constituency_338,MP_Name_338,UP/709/2021-2022/2899 - Construction of Roads facility,Health,26-04-2024,716314,Sanctioned
1900,Uttar Pradesh,District_D,Constituency_338,MP_Name_338,UP/717/2021-2022/2900 - Construction of Health facility,Education,11-03-2023,1621227,Sanctioned
1901,Uttar Pradesh,District_D,Constituency_338,MP_Name_338,UP/679/2021-2022/2901 - Construction of Drinking Water facility,Roads,05-02-2023,1312955,Sanctioned
1902,Uttar Pradesh,District_A,Constituency_338,MP_Name_338,UP/429/2023-2024/2902 - Construction of Sanitation facility,Education,22-07-2023,1848269,Sanctioned
1903,Uttar Pradesh,District_D,Constituency_338,MP_Name_338,UP/818/2022-2023/2903 - Construction of Drinking Water facility,Drinking Water,20-08-2023,794820,Sanctioned
1904,Uttar Pradesh,District_C,Constituency_338,MP_Name_338,UP/701/2023-2024/2904 - Construction of Roads facility,Drinking Water,30-03-2022,592335,Sanctioned
1905,Gujarat,District_A,Constituency_339,MP_Name_339,GJ/531/2022-2023/2905 - Construction of Electricity facility,Drinking Water,31-03-2022,1477089,Sanctioned
1906,Gujarat,District_D,Constituency_339,MP_Name_339,GJ/993/2021-2022/2906 - Construction of Education facility,Electricity,21-08-2021,1272997,Sanctioned
1907,Gujarat,District_D,Constituency_339,MP_Name_339,GJ/316/2023-2024/2907 - Construction of Education facility,Electricity,13-10-2024,679471,Sanctioned
1908,Gujarat,District_D,Constituency_339,MP_Name_339,GJ/307/2021-2022/2908 - Construction of Education facility,Drinking Water,17-08-2022,1544098,Sanctioned
1909,Gujarat,District_E,Constituency_340,MP_Name_340,GJ/776/2021-2022/2909 - Construction of Electricity facility,Drinking Water,15-09-2021,1660120,Sanctioned
1910,Gujarat,District_A,Constituency_340,MP_Name_340,GJ/611/2022-2023/2910 - Construction of Roads facility,Education,15-08-2022,1292729,Sanctioned
1911,Gujarat,District_E,Constituency_340,MP_Name_340,GJ/692/2023-2024/2911 - Construction of Roads facility,Roads,13-07-2023,939690,Sanctioned
1912,Gujarat,District_C,Constituency_340,MP_Name_340,GJ/525/2022-2023/2912 - Construction of Roads facility,Electricity,08-02-2024,610496,Sanctioned
1913,Gujarat,District_C,Constituency_340,MP_Name_340,GJ/104/2021-2022/2913 - Construction of Electricity facility,Education,17-03-2023,791598,Sanctioned
1914,Gujarat,District_D,Constituency_340,MP_Name_340,GJ/236/2021-2022/2914 - Construction of Health facility,Electricity,19-09-2021,689318,Sanctioned
1915,Tamil Nadu,District_C,Constituency_341,MP_Name_341,TN/595/2022-2023/2915 - Construction of Education facility,Electricity,20-12-2022,1238582,Sanctioned
1916,Tamil Nadu,District_D,Constituency_341,MP_Name_341,TN/861/2023-2024/2916 - Construction of Electricity facility,Sanitation,15-05-2023,1576187,Sanctioned
1917,Tamil Nadu,District_E,Constituency_341,MP_Name_341,TN/513/2021-2022/2917 - Construction of Sanitation facility,Sanitation,06-07-2024,1758227,Sanctioned
1918,Karnataka,District_A,Constituency_342,MP_Name_342,KA/414/2023-2024/2918 - Construction of Education facility,Sanitation,15-02-2022,1884041,Sanctioned
1919,Karnataka,District_E,Constituency_342,MP_Name_342,KA/137/2022-2023/2919 - Construction of Sanitation facility,Health,23-01-2022,466160,Sanctioned
1920,Karnataka,District_C,Constituency_342,MP_Name_342,KA/650/2023-2024/2920 - Construction of Sanitation facility,Roads,11-01-2023,1859961,Sanctioned
1921,Karnataka,District_E,Constituency_342,MP_Name_342,KA/818/2022-2023/2921 - Construction of Roads facility,Roads,11-01-2021,968752,Sanctioned
1922,Karnataka,District_B,Constituency_342,MP_Name_342,KA/279/2021-2022/2922 - Construction of Health facility,Health,12-07-2024,815726,Sanctioned
1923,Karnataka,District_E,Constituency_342,MP_Name_342,KA/594/2021-2022/2923 - Construction of Education facility,Sanitation,16-01-2022,566849,Sanctioned
1924,Uttar Pradesh,District_B,Constituency_343,MP_Name_343,UP/519/2022-2023/2924 - Construction of Education facility,Sanitation,15-06-2023,606984,Sanctioned
1925,Uttar Pradesh,District_B,Constituency_343,MP_Name_343,UP/256/2023-2024/2925 - Construction of Electricity facility,Education,25-03-2022,659981,Sanctioned
1926,Uttar Pradesh,District_A,Constituency_343,MP_Name_343,UP/227/2022-2023/2926 - Construction of Health facility,Roads,01-11-2021,1541539,Sanctioned
1927,Uttar Pradesh,District_E,Constituency_343,MP_Name_343,UP/648/2022-2023/2927 - Construction of Electricity facility,Electricity,27-09-2024,1505262,Sanctioned
1928,Delhi,District_A,Constituency_344,MP_Name_344,DL/419/2022-2023/2928 - Construction of Drinking Water facility,Drinking Water,23-08-2022,1894429,Sanctioned
1929,Delhi,District_A,Constituency_344,MP_Name_344,DL/995/2022-2023/2929 - Construction of Sanitation facility,Education,23-04-2024,511059,Sanctioned
1930,Delhi,District_C,Constituency_344,MP_Name_344,DL/856/2023-2024/2930 - Construction of Sanitation facility,Health,08-11-2023,1854599,Sanctioned
1931,Delhi,District_E,Constituency_344,MP_Name_344,DL/421/2023-2024/2931 - Construction of Sanitation facility,Education,30-07-2023,550162,Sanctioned
1932,Delhi,District_A,Constituency_344,MP_Name_344,DL/770/2023-2024/2932 - Construction of Roads facility,Education,02-05-2022,1269679,Sanctioned
1933,Delhi,District_C,Constituency_344,MP_Name_344,DL/523/2021-2022/2933 - Construction of Sanitation facility,Drinking Water,21-02-2024,410482,Sanctioned
1934,Tamil Nadu,District_E,Constituency_345,MP_Name_345,TN/293/2022-2023/2934 - Construction of Drinking Water facility,Electricity,13-02-2021,1311181,Sanctioned
1935,Tamil Nadu,District_C,Constituency_345,MP_Name_345,TN/887/2021-2022/2935 - Construction of Electricity facility,Sanitation,25-05-2022,1662563,Sanctioned
1936,Tamil Nadu,District_D,Constituency_345,MP_Name_345,TN/551/2023-2024/2936 - Construction of Drinking Water facility,Sanitation,24-10-2024,407819,Sanctioned
1937,Tamil Nadu,District_E,Constituency_345,MP_Name_345,TN/657/2022-2023/2937 - Construction of Roads facility,Roads,31-08-2023,1876431,Sanctioned
1938,Tamil Nadu,District_A,Constituency_345,MP_Name_345,TN/512/2022-2023/2938 - Construction of Sanitation facility,Roads,15-03-2021,1728755,Sanctioned
1939,Tamil Nadu,District_E,Constituency_345,MP_Name_345,TN/188/2021-2022/2939 - Construction of Education facility,Sanitation,22-06-2022,908839,Sanctioned
1940,Tamil Nadu,District_E,Constituency_345,MP_Name_345,TN/369/2022-2023/2940 - Construction of Drinking Water facility,Roads,26-11-2023,604728,Sanctioned
1941,Tamil Nadu,District_A,Constituency_345,MP_Name_345,TN/548/2023-2024/2941 - Construction of Sanitation facility,Education,05-04-2023,605960,Sanctioned
1942,Karnataka,District_B,Constituency_346,MP_Name_346,KA/746/2021-2022/2942 - Construction of Drinking Water facility,Electricity,16-04-2021,662347,Sanctioned
1943,Karnataka,District_A,Constituency_346,MP_Name_346,KA/214/2023-2024/2943 - Construction of Electricity facility,Education,21-06-2021,775180,Sanctioned
1944,Karnataka,District_C,Constituency_346,MP_Name_346,KA/248/2023-2024/2944 - Construction of Sanitation facility,Electricity,17-05-2023,517052,Sanctioned
1945,Karnataka,District_A,Constituency_346,MP_Name_346,KA/618/2021-2022/2945 - Construction of Education facility,Drinking Water,13-04-2024,710530,Sanctioned
1946,Karnataka,District_A,Constituency_347,MP_Name_347,KA/988/2021-2022/2946 - Construction of Sanitation facility,Electricity,04-03-2024,1585819,Sanctioned
1947,Karnataka,District_C,Constituency_347,MP_Name_347,KA/657/2021-2022/2947 - Construction of Sanitation facility,Health,21-03-2024,446475,Sanctioned
1948,Karnataka,District_E,Constituency_347,MP_Name_347,KA/407/2023-2024/2948 - Construction of Roads facility,Health,28-07-2024,769337,Sanctioned
1949,Karnataka,District_C,Constituency_347,MP_Name_347,KA/403/2023-2024/2949 - Construction of Roads facility,Health,25-08-2023,729408,Sanctioned
1950,Rajasthan,District_E,Constituency_348,MP_Name_348,RJ/518/2023-2024/2950 - Construction of Electricity facility,Roads,13-11-2022,854134,Sanctioned
1951,Rajasthan,District_B,Constituency_348,MP_Name_348,RJ/182/2023-2024/2951 - Construction of Drinking Water facility,Drinking Water,07-10-2022,1017470,Sanctioned
1952,Rajasthan,District_C,Constituency_348,MP_Name_348,RJ/441/2021-2022/2952 - Construction of Health facility,Sanitation,14-12-2024,440696,Sanctioned
1953,Rajasthan,District_C,Constituency_348,MP_Name_348,RJ/487/2021-2022/2953 - Construction of Sanitation facility,Health,21-01-2021,1108479,Sanctioned
1954,Rajasthan,District_D,Constituency_348,MP_Name_348,RJ/393/2022-2023/2954 - Construction of Education facility,Education,29-04-2021,424365,Sanctioned
1955,Maharashtra,District_D,Constituency_349,MP_Name_349,MH/558/2023-2024/2955 - Construction of Education facility,Roads,14-01-2024,1490003,Sanctioned
1956,Maharashtra,District_B,Constituency_349,MP_Name_349,MH/596/2022-2023/2956 - Construction of Roads facility,Health,28-08-2021,1258852,Sanctioned
1957,Maharashtra,District_C,Constituency_349,MP_Name_349,MH/385/2023-2024/2957 - Construction of Electricity facility,Drinking Water,28-01-2021,752070,Sanctioned
1958,Madhya Pradesh,District_A,Constituency_350,MP_Name_350,MP/883/2023-2024/2958 - Construction of Roads facility,Education,05-02-2021,1606969,Sanctioned
1959,Madhya Pradesh,District_C,Constituency_350,MP_Name_350,MP/217/2022-2023/2959 - Construction of Roads facility,Education,19-09-2021,1115469,Sanctioned
1960,Madhya Pradesh,District_B,Constituency_350,MP_Name_350,MP/409/2022-2023/2960 - Construction of Education facility,Drinking Water,10-02-2021,1080110,Sanctioned
1961,Uttar Pradesh,District_C,Constituency_351,MP_Name_351,UP/727/2022-2023/2961 - Construction of Health facility,Roads,05-02-2021,467131,Sanctioned
1962,Uttar Pradesh,District_D,Constituency_351,MP_Name_351,UP/668/2022-2023/2962 - Construction of Health facility,Sanitation,05-11-2024,1888117,Sanctioned
1963,Uttar Pradesh,District_D,Constituency_351,MP_Name_351,UP/350/2023-2024/2963 - Construction of Sanitation facility,Roads,19-03-2023,1343833,Sanctioned
1964,Bihar,District_A,Constituency_352,MP_Name_352,BR/190/2022-2023/2964 - Construction of Drinking Water facility,Education,01-06-2024,832359,Sanctioned
1965,Bihar,District_A,Constituency_352,MP_Name_352,BR/958/2022-2023/2965 - Construction of Electricity facility,Drinking Water,28-12-2022,1347030,Sanctioned
1966,Bihar,District_C,Constituency_352,MP_Name_352,BR/714/2023-2024/2966 - Construction of Electricity facility,Electricity,14-03-2021,1048641,Sanctioned
1967,Bihar,District_A,Constituency_352,MP_Name_352,BR/264/2023-2024/2967 - Construction of Health facility,Roads,27-09-2022,1436716,Sanctioned
1968,Bihar,District_E,Constituency_352,MP_Name_352,BR/663/2021-2022/2968 - Construction of Electricity facility,Health,25-05-2022,1426587,Sanctioned
1969,Karnataka,District_C,Constituency_353,MP_Name_353,KA/996/2021-2022/2969 - Construction of Drinking Water facility,Education,01-10-2022,632856,Sanctioned
1970,Karnataka,District_E,Constituency_353,MP_Name_353,KA/600/2022-2023/2970 - Construction of Education facility,Sanitation,23-07-2022,1106879,Sanctioned
1971,Karnataka,District_B,Constituency_353,MP_Name_353,KA/278/2023-2024/2971 - Construction of Education facility,Education,02-05-2022,1283016,Sanctioned
1972,Karnataka,District_A,Constituency_353,MP_Name_353,KA/492/2023-2024/2972 - Construction of Roads facility,Electricity,12-10-2024,501635,Sanctioned
1973,Karnataka,District_E,Constituency_353,MP_Name_353,KA/807/2023-2024/2973 - Construction of Roads facility,Education,09-12-2021,520209,Sanctioned
1974,Tamil Nadu,District_A,Constituency_354,MP_Name_354,TN/855/2021-2022/2974 - Construction of Drinking Water facility,Roads,19-03-2021,733128,Sanctioned
1975,Tamil Nadu,District_C,Constituency_354,MP_Name_354,TN/248/2023-2024/2975 - Construction of Roads facility,Roads,30-06-2024,1335294,Sanctioned
1976,Tamil Nadu,District_A,Constituency_354,MP_Name_354,TN/981/2022-2023/2976 - Construction of Health facility,Drinking Water,22-07-2024,515921,Sanctioned
1977,Tamil Nadu,District_C,Constituency_354,MP_Name_354,TN/324/2022-2023/2977 - Construction of Sanitation facility,Health,04-08-2021,457031,Sanctioned
1978,Tamil Nadu,District_D,Constituency_354,MP_Name_354,TN/805/2023-2024/2978 - Construction of Sanitation facility,Education,24-10-2023,1042693,Sanctioned
1979,Tamil Nadu,District_C,Constituency_354,MP_Name_354,TN/438/2021-2022/2979 - Construction of Sanitation facility,Health,08-01-2021,551304,Sanctioned
1980,Tamil Nadu,District_A,Constituency_354,MP_Name_354,TN/970/2022-2023/2980 - Construction of Drinking Water facility,Sanitation,27-04-2022,956087,Sanctioned
1981,Uttar Pradesh,District_B,Constituency_355,MP_Name_355,UP/571/2022-2023/2981 - Construction of Drinking Water facility,Roads,07-09-2021,1041878,Sanctioned
1982,Uttar Pradesh,District_C,Constituency_355,MP_Name_355,UP/235/2021-2022/2982 - Construction of Sanitation facility,Sanitation,17-05-2022,632146,Sanctioned
1983,Uttar Pradesh,District_D,Constituency_355,MP_Name_355,UP/125/2023-2024/2983 - Construction of Health facility,Drinking Water,21-05-2022,1476941,Sanctioned
1984,Bihar,District_C,Constituency_356,MP_Name_356,BR/766/2023-2024/2984 - Construction of Health facility,Health,29-07-2021,850494,Sanctioned
1985,Bihar,District_D,Constituency_356,MP_Name_356,BR/782/2022-2023/2985 - Construction of Health facility,Sanitation,18-10-2024,758122,Sanctioned
1986,Bihar,District_E,Constituency_356,MP_Name_356,BR/255/2022-2023/2986 - Construction of Sanitation facility,Roads,09-05-2023,936474,Sanctioned
1987,Bihar,District_A,Constituency_356,MP_Name_356,BR/571/2023-2024/2987 - Construction of Sanitation facility,Education,14-08-2021,948007,Sanctioned
1988,Bihar,District_C,Constituency_356,MP_Name_356,BR/984/2023-2024/2988 - Construction of Sanitation facility,Electricity,03-10-2023,1614762,Sanctioned
1989,West Bengal,District_D,Constituency_357,MP_Name_357,WB/457/2023-2024/2989 - Construction of Drinking Water facility,Sanitation,23-02-2022,1555676,Sanctioned
1990,West Bengal,District_C,Constituency_357,MP_Name_357,WB/285/2021-2022/2990 - Construction of Education facility,Sanitation,25-12-2023,722015,Sanctioned
1991,West Bengal,District_A,Constituency_357,MP_Name_357,WB/728/2023-2024/2991 - Construction of Health facility,Roads,29-06-2023,1425756,Sanctioned
1992,Gujarat,District_A,Constituency_358,MP_Name_358,GJ/718/2023-2024/2992 - Construction of Health facility,Education,26-04-2024,1470634,Sanctioned
1993,Gujarat,District_E,Constituency_358,MP_Name_358,GJ/150/2022-2023/2993 - Construction of Education facility,Drinking Water,09-06-2024,1519118,Sanctioned
1994,Gujarat,District_A,Constituency_358,MP_Name_358,GJ/865/2022-2023/2994 - Construction of Sanitation facility,Electricity,13-06-2024,1068024,Sanctioned
1995,Madhya Pradesh,District_A,Constituency_359,MP_Name_359,MP/544/2022-2023/2995 - Construction of Health facility,Sanitation,12-07-2023,912351,Sanctioned
1996,Madhya Pradesh,District_A,Constituency_359,MP_Name_359,MP/500/2021-2022/2996 - Construction of Health facility,Education,05-12-2022,1214685,Sanctioned
1997,Madhya Pradesh,District_D,Constituency_359,MP_Name_359,MP/202/2023-2024/2997 - Construction of Education facility,Electricity,12-04-2024,870547,Sanctioned
1998,Madhya Pradesh,District_D,Constituency_359,MP_Name_359,MP/816/2023-2024/2998 - Construction of Education facility,Roads,31-12-2022,530920,Sanctioned
1999,Madhya Pradesh,District_A,Constituency_359,MP_Name_359,MP/125/2022-2023/2999 - Construction of Sanitation facility,Sanitation,01-09-2022,1493201,Sanctioned
2000,Madhya Pradesh,District_D,Constituency_359,MP_Name_359,MP/703/2023-2024/3000 - Construction of Sanitation facility,Health,07-01-2021,1458001,Sanctioned
2001,West Bengal,District_B,Constituency_360,MP_Name_360,WB/273/2021-2022/3001 - Construction of Drinking Water facility,Health,01-09-2022,1745187,Sanctioned
2002,West Bengal,District_C,Constituency_360,MP_Name_360,WB/791/2022-2023/3002 - Construction of Health facility,Electricity,30-08-2023,1376348,Sanctioned
2003,West Bengal,District_E,Constituency_360,MP_Name_360,WB/431/2022-2023/3003 - Construction of Drinking Water facility,Drinking Water,21-04-2022,1024350,Sanctioned
2004,Madhya Pradesh,District_B,Constituency_361,MP_Name_361,MP/975/2021-2022/3004 - Construction of Electricity facility,Electricity,22-06-2023,1723457,Sanctioned
2005,Madhya Pradesh,District_A,Constituency_361,MP_Name_361,MP/112/2021-2022/3005 - Construction of Roads facility,Sanitation,06-06-2023,1031993,Sanctioned
2006,Madhya Pradesh,District_D,Constituency_361,MP_Name_361,MP/687/2022-2023/3006 - Construction of Roads facility,Education,14-03-2021,1248286,Sanctioned
2007,Madhya Pradesh,District_A,Constituency_361,MP_Name_361,MP/717/2022-2023/3007 - Construction of Sanitation facility,Health,14-07-2023,1784593,Sanctioned
2008,Madhya Pradesh,District_C,Constituency_361,MP_Name_361,MP/168/2022-2023/3008 - Construction of Health facility,Education,25-04-2021,799877,Sanctioned
2009,Karnataka,District_C,Constituency_362,MP_Name_362,KA/693/2021-2022/3009 - Construction of Electricity facility,Sanitation,05-03-2022,1385594,Sanctioned
2010,Karnataka,District_A,Constituency_362,MP_Name_362,KA/932/2021-2022/3010 - Construction of Electricity facility,Electricity,23-07-2024,1070514,Sanctioned
2011,Karnataka,District_A,Constituency_362,MP_Name_362,KA/705/2023-2024/3011 - Construction of Health facility,Electricity,07-09-2023,731640,Sanctioned
2012,Karnataka,District_B,Constituency_362,MP_Name_362,KA/157/2022-2023/3012 - Construction of Electricity facility,Sanitation,23-12-2022,1149546,Sanctioned
2013,Karnataka,District_E,Constituency_362,MP_Name_362,KA/691/2022-2023/3013 - Construction of Education facility,Electricity,09-09-2024,647001,Sanctioned
2014,Tamil Nadu,District_D,Constituency_363,MP_Name_363,TN/859/2021-2022/3014 - Construction of Education facility,Drinking Water,04-10-2023,1847018,Sanctioned
2015,Tamil Nadu,District_B,Constituency_363,MP_Name_363,TN/935/2021-2022/3015 - Construction of Sanitation facility,Education,13-03-2021,1769965,Sanctioned
2016,Tamil Nadu,District_C,Constituency_363,MP_Name_363,TN/715/2021-2022/3016 - Construction of Education facility,Roads,09-08-2021,1014408,Sanctioned
2017,Tamil Nadu,District_E,Constituency_363,MP_Name_363,TN/569/2022-2023/3017 - Construction of Education facility,Health,19-01-2022,1665367,Sanctioned
2018,Tamil Nadu,District_B,Constituency_363,MP_Name_363,TN/148/2021-2022/3018 - Construction of Health facility,Education,28-12-2021,773564,Sanctioned
2019,Tamil Nadu,District_E,Constituency_363,MP_Name_363,TN/593/2022-2023/3019 - Construction of Electricity facility,Education,30-01-2023,1265237,Sanctioned
2020,West Bengal,District_D,Constituency_364,MP_Name_364,WB/938/2021-2022/3020 - Construction of Sanitation facility,Electricity,02-12-2022,1423278,Sanctioned
2021,West Bengal,District_C,Constituency_364,MP_Name_364,WB/464/2023-2024/3021 - Construction of Drinking Water facility,Health,15-11-2022,1728473,Sanctioned
2022,West Bengal,District_E,Constituency_364,MP_Name_364,WB/667/2021-2022/3022 - Construction of Drinking Water facility,Education,10-02-2022,1473745,Sanctioned
2023,West Bengal,District_D,Constituency_364,MP_Name_364,WB/660/2021-2022/3023 - Construction of Education facility,Drinking Water,30-07-2021,583191,Sanctioned
2024,West Bengal,District_B,Constituency_364,MP_Name_364,WB/907/2021-2022/3024 - Construction of Roads facility,Health,30-05-2021,621637,Sanctioned
2025,West Bengal,District_B,Constituency_364,MP_Name_364,WB/106/2023-2024/3025 - Construction of Education facility,Roads,30-11-2024,1723618,Sanctioned
2026,West Bengal,District_A,Constituency_365,MP_Name_365,WB/943/2022-2023/3026 - Construction of Sanitation facility,Roads,19-09-2022,1257346,Sanctioned
2027,West Bengal,District_C,Constituency_365,MP_Name_365,WB/413/2021-2022/3027 - Construction of Education facility,Roads,05-05-2021,1424724,Sanctioned
2028,West Bengal,District_E,Constituency_365,MP_Name_365,WB/340/2022-2023/3028 - Construction of Drinking Water facility,Roads,17-09-2023,1148061,Sanctioned
2029,Tamil Nadu,District_A,Constituency_366,MP_Name_366,TN/516/2023-2024/3029 - Construction of Education facility,Drinking Water,25-03-2021,1692730,Sanctioned
2030,Tamil Nadu,District_B,Constituency_366,MP_Name_366,TN/920/2023-2024/3030 - Construction of Health facility,Education,27-03-2022,1315561,Sanctioned
2031,Tamil Nadu,District_A,Constituency_366,MP_Name_366,TN/698/2021-2022/3031 - Construction of Drinking Water facility,Education,18-06-2021,1072515,Sanctioned
2032,Tamil Nadu,District_A,Constituency_366,MP_Name_366,TN/433/2023-2024/3032 - Construction of Electricity facility,Drinking Water,19-07-2024,1059435,Sanctioned
2033,Tamil Nadu,District_E,Constituency_366,MP_Name_366,TN/412/2022-2023/3033 - Construction of Sanitation facility,Roads,05-08-2022,1509855,Sanctioned
2034,Tamil Nadu,District_E,Constituency_367,MP_Name_367,TN/221/2022-2023/3034 - Construction of Health facility,Sanitation,12-09-2021,1815709,Sanctioned
2035,Tamil Nadu,District_C,Constituency_367,MP_Name_367,TN/165/2021-2022/3035 - Construction of Drinking Water facility,Drinking Water,10-10-2022,958993,Sanctioned
2036,Tamil Nadu,District_E,Constituency_367,MP_Name_367,TN/405/2021-2022/3036 - Construction of Health facility,Education,04-08-2021,908084,Sanctioned
2037,Karnataka,District_C,Constituency_368,MP_Name_368,KA/252/2023-2024/3037 - Construction of Electricity facility,Sanitation,29-10-2021,1055753,Sanctioned
2038,Karnataka,District_A,Constituency_368,MP_Name_368,KA/263/2023-2024/3038 - Construction of Sanitation facility,Sanitation,30-03-2023,602023,Sanctioned
2039,Karnataka,District_C,Constituency_368,MP_Name_368,KA/666/2021-2022/3039 - Construction of Sanitation facility,Drinking Water,28-11-2022,674580,Sanctioned
2040,Karnataka,District_A,Constituency_368,MP_Name_368,KA/461/2022-2023/3040 - Construction of Roads facility,Health,27-02-2023,1119687,Sanctioned
2041,Karnataka,District_C,Constituency_368,MP_Name_368,KA/703/2021-2022/3041 - Construction of Sanitation facility,Roads,01-01-2024,1568370,Sanctioned
2042,Karnataka,District_C,Constituency_368,MP_Name_368,KA/291/2022-2023/3042 - Construction of Electricity facility,Roads,17-10-2021,444274,Sanctioned
2043,Karnataka,District_C,Constituency_368,MP_Name_368,KA/151/2021-2022/3043 - Construction of Electricity facility,Roads,05-02-2021,1261292,Sanctioned
2044,Karnataka,District_E,Constituency_368,MP_Name_368,KA/460/2023-2024/3044 - Construction of Education facility,Roads,13-08-2022,630764,Sanctioned
2045,Delhi,District_B,Constituency_369,MP_Name_369,DL/995/2022-2023/3045 - Construction of Roads facility,Electricity,06-03-2021,739802,Sanctioned
2046,Delhi,District_C,Constituency_369,MP_Name_369,DL/673/2021-2022/3046 - Construction of Drinking Water facility,Health,07-07-2023,460933,Sanctioned
2047,Delhi,District_A,Constituency_369,MP_Name_369,DL/432/2023-2024/3047 - Construction of Education facility,Electricity,17-04-2021,793947,Sanctioned
2048,Delhi,District_C,Constituency_369,MP_Name_369,DL/199/2023-2024/3048 - Construction of Education facility,Roads,04-07-2024,1703595,Sanctioned
2049,Delhi,District_D,Constituency_369,MP_Name_369,DL/359/2023-2024/3049 - Construction of Drinking Water facility,Roads,30-07-2024,510513,Sanctioned
2050,Delhi,District_C,Constituency_369,MP_Name_369,DL/384/2023-2024/3050 - Construction of Health facility,Electricity,11-05-2023,718044,Sanctioned
2051,Delhi,District_D,Constituency_369,MP_Name_369,DL/515/2022-2023/3051 - Construction of Electricity facility,Roads,03-07-2021,1201362,Sanctioned
2052,West Bengal,District_A,Constituency_370,MP_Name_370,WB/489/2023-2024/3052 - Construction of Electricity facility,Drinking Water,27-11-2023,1189568,Sanctioned
2053,West Bengal,District_D,Constituency_370,MP_Name_370,WB/400/2022-2023/3053 - Construction of Education facility,Sanitation,31-12-2021,1289338,Sanctioned
2054,West Bengal,District_D,Constituency_370,MP_Name_370,WB/618/2022-2023/3054 - Construction of Education facility,Health,16-02-2021,1725071,Sanctioned
2055,West Bengal,District_B,Constituency_370,MP_Name_370,WB/832/2021-2022/3055 - Construction of Drinking Water facility,Sanitation,16-04-2024,703510,Sanctioned
2056,Madhya Pradesh,District_C,Constituency_371,MP_Name_371,MP/183/2022-2023/3056 - Construction of Education facility,Health,13-04-2023,580018,Sanctioned
2057,Madhya Pradesh,District_D,Constituency_371,MP_Name_371,MP/763/2023-2024/3057 - Construction of Health facility,Electricity,24-10-2024,430998,Sanctioned
2058,Madhya Pradesh,District_A,Constituency_371,MP_Name_371,MP/337/2021-2022/3058 - Construction of Health facility,Education,20-07-2021,455420,Sanctioned
2059,Madhya Pradesh,District_C,Constituency_371,MP_Name_371,MP/814/2022-2023/3059 - Construction of Roads facility,Sanitation,22-04-2021,534168,Sanctioned
2060,Madhya Pradesh,District_D,Constituency_371,MP_Name_371,MP/283/2021-2022/3060 - Construction of Health facility,Sanitation,02-06-2022,1697288,Sanctioned
2061,Madhya Pradesh,District_E,Constituency_371,MP_Name_371,MP/250/2022-2023/3061 - Construction of Health facility,Health,03-05-2023,1094944,Sanctioned
2062,Madhya Pradesh,District_E,Constituency_371,MP_Name_371,MP/504/2021-2022/3062 - Construction of Drinking Water facility,Electricity,12-06-2024,496118,Sanctioned
2063,Madhya Pradesh,District_B,Constituency_371,MP_Name_371,MP/195/2023-2024/3063 - Construction of Drinking Water facility,Education,22-11-2021,1518694,Sanctioned
2064,Tamil Nadu,District_E,Constituency_372,MP_Name_372,TN/422/2021-2022/3064 - Construction of Health facility,Sanitation,13-08-2022,1700993,Sanctioned
2065,Tamil Nadu,District_E,Constituency_372,MP_Name_372,TN/616/2023-2024/3065 - Construction of Education facility,Sanitation,09-10-2022,1102262,Sanctioned
2066,Tamil Nadu,District_D,Constituency_372,MP_Name_372,TN/462/2022-2023/3066 - Construction of Health facility,Health,03-09-2023,587033,Sanctioned
2067,Tamil Nadu,District_A,Constituency_372,MP_Name_372,TN/568/2021-2022/3067 - Construction of Education facility,Electricity,15-05-2023,1364670,Sanctioned
2068,Tamil Nadu,District_E,Constituency_372,MP_Name_372,TN/156/2022-2023/3068 - Construction of Education facility,Roads,28-05-2021,651966,Sanctioned
2069,Tamil Nadu,District_C,Constituency_372,MP_Name_372,TN/276/2022-2023/3069 - Construction of Health facility,Roads,10-05-2021,1896089,Sanctioned
2070,Maharashtra,District_A,Constituency_373,MP_Name_373,MH/913/2021-2022/3070 - Construction of Education facility,Health,01-01-2024,738991,Sanctioned
2071,Maharashtra,District_A,Constituency_373,MP_Name_373,MH/482/2023-2024/3071 - Construction of Roads facility,Sanitation,19-07-2022,490664,Sanctioned
2072,Maharashtra,District_C,Constituency_373,MP_Name_373,MH/691/2021-2022/3072 - Construction of Health facility,Health,09-05-2021,1130691,Sanctioned
2073,Maharashtra,District_D,Constituency_373,MP_Name_373,MH/662/2021-2022/3073 - Construction of Roads facility,Sanitation,13-03-2021,1637230,Sanctioned
2074,Maharashtra,District_D,Constituency_373,MP_Name_373,MH/694/2021-2022/3074 - Construction of Education facility,Drinking Water,14-03-2021,1003652,Sanctioned
2075,Maharashtra,District_A,Constituency_373,MP_Name_373,MH/945/2021-2022/3075 - Construction of Drinking Water facility,Health,01-06-2023,407774,Sanctioned
2076,West Bengal,District_C,Constituency_374,MP_Name_374,WB/879/2021-2022/3076 - Construction of Electricity facility,Drinking Water,09-02-2021,529189,Sanctioned
2077,West Bengal,District_B,Constituency_374,MP_Name_374,WB/288/2023-2024/3077 - Construction of Roads facility,Sanitation,12-02-2022,735162,Sanctioned
2078,West Bengal,District_A,Constituency_374,MP_Name_374,WB/117/2023-2024/3078 - Construction of Sanitation facility,Health,15-02-2022,487328,Sanctioned
2079,West Bengal,District_E,Constituency_374,MP_Name_374,WB/819/2021-2022/3079 - Construction of Electricity facility,Sanitation,18-04-2022,811457,Sanctioned
2080,West Bengal,District_E,Constituency_374,MP_Name_374,WB/400/2021-2022/3080 - Construction of Education facility,Roads,07-04-2023,1183736,Sanctioned
2081,West Bengal,District_E,Constituency_374,MP_Name_374,WB/768/2023-2024/3081 - Construction of Health facility,Roads,10-05-2021,1214027,Sanctioned
2082,West Bengal,District_D,Constituency_374,MP_Name_374,WB/897/2022-2023/3082 - Construction of Electricity facility,Health,01-11-2022,1596727,Sanctioned
2083,West Bengal,District_A,Constituency_374,MP_Name_374,WB/185/2023-2024/3083 - Construction of Education facility,Roads,08-10-2024,1787429,Sanctioned
2084,Uttar Pradesh,District_C,Constituency_375,MP_Name_375,UP/142/2022-2023/3084 - Construction of Education facility,Education,06-12-2024,523739,Sanctioned
2085,Uttar Pradesh,District_B,Constituency_375,MP_Name_375,UP/756/2022-2023/3085 - Construction of Health facility,Roads,15-01-2024,549445,Sanctioned
2086,Uttar Pradesh,District_B,Constituency_375,MP_Name_375,UP/439/2022-2023/3086 - Construction of Sanitation facility,Health,23-11-2024,649532,Sanctioned
2087,Rajasthan,District_B,Constituency_376,MP_Name_376,RJ/263/2023-2024/3087 - Construction of Education facility,Roads,13-11-2024,606256,Sanctioned
2088,Rajasthan,District_E,Constituency_376,MP_Name_376,RJ/955/2023-2024/3088 - Construction of Health facility,Drinking Water,05-02-2023,1897591,Sanctioned
2089,Rajasthan,District_E,Constituency_376,MP_Name_376,RJ/507/2021-2022/3089 - Construction of Electricity facility,Drinking Water,27-10-2023,1274730,Sanctioned
2090,Rajasthan,District_D,Constituency_376,MP_Name_376,RJ/381/2021-2022/3090 - Construction of Drinking Water facility,Roads,05-11-2024,1696167,Sanctioned
2091,Rajasthan,District_D,Constituency_376,MP_Name_376,RJ/613/2022-2023/3091 - Construction of Education facility,Drinking Water,12-04-2021,802667,Sanctioned
2092,Rajasthan,District_D,Constituency_376,MP_Name_376,RJ/193/2023-2024/3092 - Construction of Health facility,Roads,25-10-2024,1755129,Sanctioned
2093,Bihar,District_A,Constituency_377,MP_Name_377,BR/693/2022-2023/3093 - Construction of Electricity facility,Education,26-02-2024,1742909,Sanctioned
2094,Bihar,District_B,Constituency_377,MP_Name_377,BR/597/2023-2024/3094 - Construction of Education facility,Drinking Water,18-04-2024,1094903,Sanctioned
2095,Bihar,District_D,Constituency_377,MP_Name_377,BR/223/2022-2023/3095 - Construction of Education facility,Roads,12-05-2021,656584,Sanctioned
2096,Bihar,District_D,Constituency_377,MP_Name_377,BR/243/2022-2023/3096 - Construction of Electricity facility,Roads,05-01-2023,1898327,Sanctioned
2097,Karnataka,District_B,Constituency_378,MP_Name_378,KA/290/2021-2022/3097 - Construction of Education facility,Health,28-10-2024,1530364,Sanctioned
2098,Karnataka,District_A,Constituency_378,MP_Name_378,KA/514/2021-2022/3098 - Construction of Health facility,Electricity,06-09-2024,1803975,Sanctioned
2099,Karnataka,District_E,Constituency_378,MP_Name_378,KA/617/2021-2022/3099 - Construction of Roads facility,Roads,07-04-2022,478119,Sanctioned
2100,Karnataka,District_A,Constituency_378,MP_Name_378,KA/835/2021-2022/3100 - Construction of Education facility,Electricity,28-02-2023,1359053,Sanctioned
2101,Karnataka,District_A,Constituency_378,MP_Name_378,KA/471/2021-2022/3101 - Construction of Education facility,Electricity,26-07-2021,1065407,Sanctioned
2102,Karnataka,District_B,Constituency_378,MP_Name_378,KA/870/2022-2023/3102 - Construction of Electricity facility,Drinking Water,05-11-2022,1788810,Sanctioned
2103,Gujarat,District_D,Constituency_379,MP_Name_379,GJ/470/2021-2022/3103 - Construction of Sanitation facility,Sanitation,07-03-2024,850414,Sanctioned
2104,Gujarat,District_C,Constituency_379,MP_Name_379,GJ/326/2022-2023/3104 - Construction of Electricity facility,Education,17-09-2024,431658,Sanctioned
2105,Gujarat,District_B,Constituency_379,MP_Name_379,GJ/244/2022-2023/3105 - Construction of Health facility,Sanitation,01-05-2024,408096,Sanctioned
2106,Gujarat,District_A,Constituency_379,MP_Name_379,GJ/973/2023-2024/3106 - Construction of Electricity facility,Education,15-07-2024,838196,Sanctioned
2107,Gujarat,District_C,Constituency_379,MP_Name_379,GJ/634/2023-2024/3107 - Construction of Electricity facility,Roads,18-08-2022,661635,Sanctioned
2108,Gujarat,District_E,Constituency_379,MP_Name_379,GJ/489/2023-2024/3108 - Construction of Education facility,Roads,21-07-2022,965130,Sanctioned
2109,Gujarat,District_A,Constituency_379,MP_Name_379,GJ/969/2023-2024/3109 - Construction of Education facility,Electricity,31-10-2024,1443584,Sanctioned
2110,Gujarat,District_B,Constituency_379,MP_Name_379,GJ/559/2021-2022/3110 - Construction of Drinking Water facility,Roads,02-03-2021,408271,Sanctioned
2111,Maharashtra,District_A,Constituency_380,MP_Name_380,MH/946/2021-2022/3111 - Construction of Education facility,Roads,18-08-2021,1484808,Sanctioned
2112,Maharashtra,District_A,Constituency_380,MP_Name_380,MH/439/2022-2023/3112 - Construction of Drinking Water facility,Education,01-05-2024,637792,Sanctioned
2113,Maharashtra,District_E,Constituency_380,MP_Name_380,MH/695/2021-2022/3113 - Construction of Health facility,Education,15-07-2022,785128,Sanctioned
2114,Maharashtra,District_C,Constituency_380,MP_Name_380,MH/941/2021-2022/3114 - Construction of Sanitation facility,Drinking Water,06-09-2021,1368734,Sanctioned
2115,Maharashtra,District_D,Constituency_380,MP_Name_380,MH/190/2021-2022/3115 - Construction of Education facility,Education,29-05-2022,1633016,Sanctioned
2116,Maharashtra,District_B,Constituency_380,MP_Name_380,MH/296/2021-2022/3116 - Construction of Health facility,Roads,26-07-2021,771572,Sanctioned
2117,Maharashtra,District_A,Constituency_380,MP_Name_380,MH/118/2023-2024/3117 - Construction of Health facility,Health,09-12-2024,642611,Sanctioned
2118,Maharashtra,District_B,Constituency_380,MP_Name_380,MH/933/2023-2024/3118 - Construction of Electricity facility,Education,22-01-2024,835394,Sanctioned
2119,Madhya Pradesh,District_C,Constituency_381,MP_Name_381,MP/294/2023-2024/3119 - Construction of Drinking Water facility,Health,12-01-2023,1801010,Sanctioned
2120,Madhya Pradesh,District_B,Constituency_381,MP_Name_381,MP/380/2021-2022/3120 - Construction of Roads facility,Health,09-01-2023,468873,Sanctioned
2121,Madhya Pradesh,District_B,Constituency_381,MP_Name_381,MP/238/2023-2024/3121 - Construction of Roads facility,Drinking Water,16-05-2021,1339049,Sanctioned
2122,Madhya Pradesh,District_E,Constituency_381,MP_Name_381,MP/379/2023-2024/3122 - Construction of Roads facility,Roads,04-01-2024,579198,Sanctioned
2123,Madhya Pradesh,District_C,Constituency_381,MP_Name_381,MP/376/2021-2022/3123 - Construction of Sanitation facility,Roads,14-02-2022,965968,Sanctioned
2124,Madhya Pradesh,District_C,Constituency_381,MP_Name_381,MP/238/2021-2022/3124 - Construction of Sanitation facility,Drinking Water,20-11-2024,1426168,Sanctioned
2125,Madhya Pradesh,District_C,Constituency_381,MP_Name_381,MP/886/2021-2022/3125 - Construction of Education facility,Electricity,24-07-2023,1639790,Sanctioned
2126,Gujarat,District_C,Constituency_382,MP_Name_382,GJ/400/2022-2023/3126 - Construction of Sanitation facility,Electricity,10-12-2024,605651,Sanctioned
2127,Gujarat,District_C,Constituency_382,MP_Name_382,GJ/163/2022-2023/3127 - Construction of Health facility,Roads,19-08-2022,1645975,Sanctioned
2128,Gujarat,District_B,Constituency_382,MP_Name_382,GJ/836/2022-2023/3128 - Construction of Electricity facility,Drinking Water,29-08-2021,1764951,Sanctioned
2129,Gujarat,District_D,Constituency_382,MP_Name_382,GJ/112/2022-2023/3129 - Construction of Electricity facility,Education,07-04-2022,835400,Sanctioned
2130,Gujarat,District_D,Constituency_382,MP_Name_382,GJ/429/2021-2022/3130 - Construction of Sanitation facility,Electricity,09-11-2022,1549784,Sanctioned
2131,Gujarat,District_D,Constituency_382,MP_Name_382,GJ/832/2021-2022/3131 - Construction of Education facility,Sanitation,07-05-2021,983889,Sanctioned
2132,Gujarat,District_C,Constituency_382,MP_Name_382,GJ/746/2022-2023/3132 - Construction of Roads facility,Roads,10-04-2022,480723,Sanctioned
2133,Gujarat,District_E,Constituency_382,MP_Name_382,GJ/255/2023-2024/3133 - Construction of Sanitation facility,Health,07-09-2021,1280006,Sanctioned
2134,Madhya Pradesh,District_B,Constituency_383,MP_Name_383,MP/188/2021-2022/3134 - Construction of Electricity facility,Drinking Water,10-07-2023,475236,Sanctioned
2135,Madhya Pradesh,District_B,Constituency_383,MP_Name_383,MP/258/2022-2023/3135 - Construction of Sanitation facility,Health,29-04-2022,1810640,Sanctioned
2136,Madhya Pradesh,District_D,Constituency_383,MP_Name_383,MP/493/2023-2024/3136 - Construction of Roads facility,Education,02-02-2023,853908,Sanctioned
2137,Madhya Pradesh,District_C,Constituency_383,MP_Name_383,MP/762/2023-2024/3137 - Construction of Drinking Water facility,Drinking Water,24-03-2022,1571771,Sanctioned
2138,Madhya Pradesh,District_D,Constituency_383,MP_Name_383,MP/752/2022-2023/3138 - Construction of Education facility,Roads,17-10-2023,1603392,Sanctioned
2139,Madhya Pradesh,District_E,Constituency_383,MP_Name_383,MP/786/2022-2023/3139 - Construction of Education facility,Sanitation,24-05-2022,1517716,Sanctioned
2140,Madhya Pradesh,District_B,Constituency_383,MP_Name_383,MP/800/2023-2024/3140 - Construction of Electricity facility,Sanitation,02-09-2024,1162656,Sanctioned
2141,Madhya Pradesh,District_C,Constituency_383,MP_Name_383,MP/358/2021-2022/3141 - Construction of Roads facility,Electricity,24-01-2023,1826931,Sanctioned
2142,Karnataka,District_A,Constituency_384,MP_Name_384,KA/249/2023-2024/3142 - Construction of Electricity facility,Electricity,17-05-2024,1076546,Sanctioned
2143,Karnataka,District_D,Constituency_384,MP_Name_384,KA/887/2023-2024/3143 - Construction of Education facility,Health,20-08-2024,672745,Sanctioned
2144,Karnataka,District_B,Constituency_384,MP_Name_384,KA/940/2023-2024/3144 - Construction of Health facility,Sanitation,11-09-2023,1716330,Sanctioned
2145,Karnataka,District_B,Constituency_384,MP_Name_384,KA/453/2021-2022/3145 - Construction of Roads facility,Health,19-04-2022,1318133,Sanctioned
2146,Karnataka,District_E,Constituency_384,MP_Name_384,KA/660/2023-2024/3146 - Construction of Sanitation facility,Health,26-01-2023,908310,Sanctioned
2147,Karnataka,District_C,Constituency_384,MP_Name_384,KA/685/2022-2023/3147 - Construction of Health facility,Education,16-05-2021,1423184,Sanctioned
2148,Karnataka,District_C,Constituency_384,MP_Name_384,KA/757/2022-2023/3148 - Construction of Health facility,Education,26-01-2024,609065,Sanctioned
2149,Karnataka,District_C,Constituency_384,MP_Name_384,KA/424/2022-2023/3149 - Construction of Sanitation facility,Electricity,25-07-2022,453164,Sanctioned
2150,Tamil Nadu,District_A,Constituency_385,MP_Name_385,TN/586/2023-2024/3150 - Construction of Electricity facility,Roads,07-02-2022,1222574,Sanctioned
2151,Tamil Nadu,District_A,Constituency_385,MP_Name_385,TN/740/2022-2023/3151 - Construction of Education facility,Drinking Water,26-03-2024,857888,Sanctioned
2152,Tamil Nadu,District_D,Constituency_385,MP_Name_385,TN/332/2022-2023/3152 - Construction of Roads facility,Electricity,05-07-2022,587753,Sanctioned
2153,Tamil Nadu,District_C,Constituency_385,MP_Name_385,TN/985/2023-2024/3153 - Construction of Education facility,Education,20-01-2022,813824,Sanctioned
2154,Tamil Nadu,District_B,Constituency_385,MP_Name_385,TN/307/2021-2022/3154 - Construction of Drinking Water facility,Health,11-10-2024,1488137,Sanctioned
2155,West Bengal,District_C,Constituency_386,MP_Name_386,WB/684/2021-2022/3155 - Construction of Sanitation facility,Health,06-07-2023,561873,Sanctioned
2156,West Bengal,District_D,Constituency_386,MP_Name_386,WB/291/2023-2024/3156 - Construction of Education facility,Education,04-08-2021,1376986,Sanctioned
2157,West Bengal,District_C,Constituency_386,MP_Name_386,WB/915/2021-2022/3157 - Construction of Health facility,Roads,18-04-2022,558295,Sanctioned
2158,West Bengal,District_E,Constituency_386,MP_Name_386,WB/156/2022-2023/3158 - Construction of Drinking Water facility,Education,05-02-2022,645269,Sanctioned
2159,West Bengal,District_C,Constituency_386,MP_Name_386,WB/472/2022-2023/3159 - Construction of Electricity facility,Health,11-01-2023,549957,Sanctioned
2160,West Bengal,District_D,Constituency_386,MP_Name_386,WB/408/2022-2023/3160 - Construction of Drinking Water facility,Drinking Water,20-12-2023,691676,Sanctioned
2161,Gujarat,District_E,Constituency_387,MP_Name_387,GJ/365/2022-2023/3161 - Construction of Health facility,Sanitation,20-11-2022,1630442,Sanctioned
2162,Gujarat,District_E,Constituency_387,MP_Name_387,GJ/486/2021-2022/3162 - Construction of Roads facility,Electricity,22-10-2021,1095543,Sanctioned
2163,Gujarat,District_E,Constituency_387,MP_Name_387,GJ/864/2022-2023/3163 - Construction of Sanitation facility,Electricity,15-10-2022,974918,Sanctioned
2164,Gujarat,District_E,Constituency_387,MP_Name_387,GJ/594/2023-2024/3164 - Construction of Electricity facility,Sanitation,11-02-2023,975021,Sanctioned
2165,Gujarat,District_D,Constituency_387,MP_Name_387,GJ/867/2022-2023/3165 - Construction of Sanitation facility,Health,24-05-2021,1549493,Sanctioned
2166,Gujarat,District_B,Constituency_387,MP_Name_387,GJ/200/2021-2022/3166 - Construction of Education facility,Sanitation,18-05-2023,1613755,Sanctioned
2167,Gujarat,District_E,Constituency_387,MP_Name_387,GJ/397/2022-2023/3167 - Construction of Roads facility,Drinking Water,27-06-2022,1013704,Sanctioned
2168,Gujarat,District_A,Constituency_387,MP_Name_387,GJ/610/2022-2023/3168 - Construction of Sanitation facility,Education,12-05-2023,872609,Sanctioned
2169,Gujarat,District_C,Constituency_388,MP_Name_388,GJ/397/2021-2022/3169 - Construction of Education facility,Electricity,18-07-2024,1604647,Sanctioned
2170,Gujarat,District_D,Constituency_388,MP_Name_388,GJ/182/2023-2024/3170 - Construction of Education facility,Roads,08-01-2024,1283232,Sanctioned
2171,Gujarat,District_D,Constituency_388,MP_Name_388,GJ/965/2021-2022/3171 - Construction of Health facility,Electricity,15-04-2023,1065057,Sanctioned
2172,Gujarat,District_D,Constituency_388,MP_Name_388,GJ/290/2021-2022/3172 - Construction of Education facility,Drinking Water,20-10-2022,1103301,Sanctioned
2173,Gujarat,District_D,Constituency_388,MP_Name_388,GJ/909/2022-2023/3173 - Construction of Drinking Water facility,Sanitation,24-10-2022,426762,Sanctioned
2174,Bihar,District_A,Constituency_389,MP_Name_389,BR/347/2023-2024/3174 - Construction of Roads facility,Health,10-07-2021,1527279,Sanctioned
2175,Bihar,District_E,Constituency_389,MP_Name_389,BR/203/2021-2022/3175 - Construction of Electricity facility,Education,14-12-2023,1057393,Sanctioned
2176,Bihar,District_B,Constituency_389,MP_Name_389,BR/841/2023-2024/3176 - Construction of Drinking Water facility,Drinking Water,09-01-2021,1457303,Sanctioned
2177,Bihar,District_D,Constituency_389,MP_Name_389,BR/805/2023-2024/3177 - Construction of Health facility,Roads,28-02-2023,1372157,Sanctioned
2178,Bihar,District_B,Constituency_389,MP_Name_389,BR/842/2021-2022/3178 - Construction of Drinking Water facility,Health,30-07-2021,508237,Sanctioned
2179,Bihar,District_C,Constituency_389,MP_Name_389,BR/376/2022-2023/3179 - Construction of Roads facility,Electricity,01-11-2023,455507,Sanctioned
2180,Bihar,District_A,Constituency_389,MP_Name_389,BR/893/2022-2023/3180 - Construction of Drinking Water facility,Electricity,29-10-2024,1065974,Sanctioned
2181,Bihar,District_A,Constituency_389,MP_Name_389,BR/771/2023-2024/3181 - Construction of Education facility,Education,01-10-2022,1132456,Sanctioned
2182,Madhya Pradesh,District_B,Constituency_390,MP_Name_390,MP/486/2023-2024/3182 - Construction of Health facility,Electricity,22-08-2022,467018,Sanctioned
2183,Madhya Pradesh,District_E,Constituency_390,MP_Name_390,MP/602/2021-2022/3183 - Construction of Roads facility,Electricity,13-02-2021,1321348,Sanctioned
2184,Madhya Pradesh,District_C,Constituency_390,MP_Name_390,MP/657/2023-2024/3184 - Construction of Drinking Water facility,Roads,16-08-2021,929463,Sanctioned
2185,Karnataka,District_D,Constituency_391,MP_Name_391,KA/592/2023-2024/3185 - Construction of Sanitation facility,Drinking Water,16-09-2021,630566,Sanctioned
2186,Karnataka,District_B,Constituency_391,MP_Name_391,KA/510/2022-2023/3186 - Construction of Drinking Water facility,Health,09-11-2023,1842989,Sanctioned
2187,Karnataka,District_E,Constituency_391,MP_Name_391,KA/413/2022-2023/3187 - Construction of Education facility,Electricity,11-01-2024,1528327,Sanctioned
2188,Karnataka,District_E,Constituency_391,MP_Name_391,KA/723/2021-2022/3188 - Construction of Education facility,Health,14-12-2022,1151707,Sanctioned
2189,Karnataka,District_C,Constituency_391,MP_Name_391,KA/866/2021-2022/3189 - Construction of Education facility,Sanitation,18-12-2023,1031247,Sanctioned
2190,Karnataka,District_D,Constituency_391,MP_Name_391,KA/534/2021-2022/3190 - Construction of Drinking Water facility,Drinking Water,09-06-2022,1643338,Sanctioned
2191,Karnataka,District_B,Constituency_391,MP_Name_391,KA/842/2023-2024/3191 - Construction of Sanitation facility,Drinking Water,14-01-2021,449794,Sanctioned
2192,Gujarat,District_B,Constituency_392,MP_Name_392,GJ/530/2021-2022/3192 - Construction of Sanitation facility,Electricity,30-01-2023,1855006,Sanctioned
2193,Gujarat,District_B,Constituency_392,MP_Name_392,GJ/350/2021-2022/3193 - Construction of Electricity facility,Drinking Water,07-02-2021,691537,Sanctioned
2194,Gujarat,District_C,Constituency_392,MP_Name_392,GJ/838/2023-2024/3194 - Construction of Health facility,Sanitation,15-05-2024,439313,Sanctioned
2195,Gujarat,District_B,Constituency_392,MP_Name_392,GJ/171/2021-2022/3195 - Construction of Electricity facility,Education,04-01-2023,1265796,Sanctioned
2196,Gujarat,District_E,Constituency_392,MP_Name_392,GJ/502/2023-2024/3196 - Construction of Electricity facility,Electricity,14-12-2024,690978,Sanctioned
2197,Tamil Nadu,District_C,Constituency_393,MP_Name_393,TN/765/2023-2024/3197 - Construction of Electricity facility,Sanitation,25-11-2021,1673397,Sanctioned
2198,Tamil Nadu,District_C,Constituency_393,MP_Name_393,TN/350/2023-2024/3198 - Construction of Health facility,Education,12-09-2024,1813712,Sanctioned
2199,Tamil Nadu,District_E,Constituency_393,MP_Name_393,TN/243/2022-2023/3199 - Construction of Education facility,Health,12-10-2021,757682,Sanctioned
2200,Tamil Nadu,District_D,Constituency_393,MP_Name_393,TN/757/2023-2024/3200 - Construction of Electricity facility,Health,14-07-2023,614098,Sanctioned
2201,Tamil Nadu,District_B,Constituency_393,MP_Name_393,TN/600/2021-2022/3201 - Construction of Drinking Water facility,Sanitation,01-01-2022,1125948,Sanctioned
2202,Tamil Nadu,District_E,Constituency_393,MP_Name_393,TN/261/2022-2023/3202 - Construction of Roads facility,Health,18-06-2023,506869,Sanctioned
2203,Tamil Nadu,District_E,Constituency_394,MP_Name_394,TN/865/2023-2024/3203 - Construction of Drinking Water facility,Education,29-06-2022,1385346,Sanctioned
2204,Tamil Nadu,District_D,Constituency_394,MP_Name_394,TN/603/2023-2024/3204 - Construction of Drinking Water facility,Sanitation,22-08-2024,1776442,Sanctioned
2205,Tamil Nadu,District_A,Constituency_394,MP_Name_394,TN/945/2022-2023/3205 - Construction of Sanitation facility,Electricity,29-04-2021,1217330,Sanctioned
2206,Tamil Nadu,District_C,Constituency_394,MP_Name_394,TN/600/2023-2024/3206 - Construction of Roads facility,Health,22-01-2021,1479187,Sanctioned
2207,West Bengal,District_E,Constituency_395,MP_Name_395,WB/131/2021-2022/3207 - Construction of Roads facility,Sanitation,30-08-2022,1544131,Sanctioned
2208,West Bengal,District_C,Constituency_395,MP_Name_395,WB/837/2021-2022/3208 - Construction of Education facility,Roads,09-12-2023,417644,Sanctioned
2209,West Bengal,District_C,Constituency_395,MP_Name_395,WB/417/2023-2024/3209 - Construction of Roads facility,Health,04-04-2024,1617179,Sanctioned
2210,Madhya Pradesh,District_E,Constituency_396,MP_Name_396,MP/393/2021-2022/3210 - Construction of Sanitation facility,Roads,09-12-2021,1654151,Sanctioned
2211,Madhya Pradesh,District_A,Constituency_396,MP_Name_396,MP/327/2022-2023/3211 - Construction of Roads facility,Electricity,01-02-2024,493873,Sanctioned
2212,Madhya Pradesh,District_C,Constituency_396,MP_Name_396,MP/719/2023-2024/3212 - Construction of Sanitation facility,Sanitation,06-08-2024,680303,Sanctioned
2213,Madhya Pradesh,District_B,Constituency_396,MP_Name_396,MP/321/2023-2024/3213 - Construction of Health facility,Sanitation,28-08-2021,1867286,Sanctioned
2214,Madhya Pradesh,District_C,Constituency_396,MP_Name_396,MP/622/2022-2023/3214 - Construction of Electricity facility,Health,17-07-2024,1038386,Sanctioned
2215,Madhya Pradesh,District_B,Constituency_396,MP_Name_396,MP/487/2022-2023/3215 - Construction of Health facility,Health,30-11-2023,701307,Sanctioned
2216,Madhya Pradesh,District_D,Constituency_396,MP_Name_396,MP/592/2023-2024/3216 - Construction of Sanitation facility,Roads,08-12-2023,1686067,Sanctioned
2217,Madhya Pradesh,District_B,Constituency_396,MP_Name_396,MP/914/2022-2023/3217 - Construction of Drinking Water facility,Drinking Water,13-01-2022,537159,Sanctioned
2218,Rajasthan,District_E,Constituency_397,MP_Name_397,RJ/567/2023-2024/3218 - Construction of Drinking Water facility,Drinking Water,29-07-2024,1347708,Sanctioned
2219,Rajasthan,District_A,Constituency_397,MP_Name_397,RJ/349/2021-2022/3219 - Construction of Electricity facility,Drinking Water,05-09-2024,1141702,Sanctioned
2220,Rajasthan,District_A,Constituency_397,MP_Name_397,RJ/304/2023-2024/3220 - Construction of Education facility,Sanitation,10-09-2022,1591743,Sanctioned
2221,Madhya Pradesh,District_D,Constituency_398,MP_Name_398,MP/707/2022-2023/3221 - Construction of Health facility,Drinking Water,09-03-2023,724094,Sanctioned
2222,Madhya Pradesh,District_B,Constituency_398,MP_Name_398,MP/655/2022-2023/3222 - Construction of Health facility,Sanitation,19-02-2024,1888024,Sanctioned
2223,Madhya Pradesh,District_C,Constituency_398,MP_Name_398,MP/660/2023-2024/3223 - Construction of Education facility,Sanitation,02-07-2023,1163802,Sanctioned
2224,West Bengal,District_D,Constituency_399,MP_Name_399,WB/199/2021-2022/3224 - Construction of Electricity facility,Health,20-06-2023,1681484,Sanctioned
2225,West Bengal,District_A,Constituency_399,MP_Name_399,WB/972/2021-2022/3225 - Construction of Health facility,Roads,11-01-2022,435151,Sanctioned
2226,West Bengal,District_D,Constituency_399,MP_Name_399,WB/616/2023-2024/3226 - Construction of Education facility,Roads,25-03-2021,478531,Sanctioned
2227,West Bengal,District_C,Constituency_399,MP_Name_399,WB/747/2022-2023/3227 - Construction of Health facility,Education,14-10-2024,921000,Sanctioned
2228,West Bengal,District_E,Constituency_399,MP_Name_399,WB/852/2021-2022/3228 - Construction of Drinking Water facility,Roads,22-11-2024,1588746,Sanctioned
2229,Tamil Nadu,District_B,Constituency_400,MP_Name_400,TN/817/2021-2022/3229 - Construction of Education facility,Roads,24-08-2022,1529071,Sanctioned
2230,Tamil Nadu,District_E,Constituency_400,MP_Name_400,TN/953/2022-2023/3230 - Construction of Electricity facility,Electricity,26-11-2023,1264601,Sanctioned
2231,Tamil Nadu,District_B,Constituency_400,MP_Name_400,TN/600/2023-2024/3231 - Construction of Roads facility,Drinking Water,22-07-2024,431508,Sanctioned
2232,Tamil Nadu,District_E,Constituency_400,MP_Name_400,TN/878/2023-2024/3232 - Construction of Health facility,Roads,12-02-2021,1079218,Sanctioned
2233,Tamil Nadu,District_B,Constituency_400,MP_Name_400,TN/472/2023-2024/3233 - Construction of Health facility,Drinking Water,28-04-2023,1761043,Sanctioned
2234,Tamil Nadu,District_E,Constituency_400,MP_Name_400,TN/103/2023-2024/3234 - Construction of Education facility,Drinking Water,22-02-2021,1442564,Sanctioned
2235,Tamil Nadu,District_C,Constituency_400,MP_Name_400,TN/378/2021-2022/3235 - Construction of Drinking Water facility,Drinking Water,26-04-2023,1896026,Sanctioned
2236,Bihar,District_E,Constituency_401,MP_Name_401,BR/453/2022-2023/3236 - Construction of Drinking Water facility,Sanitation,10-03-2022,1707761,Sanctioned
2237,Bihar,District_C,Constituency_401,MP_Name_401,BR/470/2021-2022/3237 - Construction of Education facility,Roads,21-09-2022,959788,Sanctioned
2238,Bihar,District_E,Constituency_401,MP_Name_401,BR/700/2021-2022/3238 - Construction of Drinking Water facility,Drinking Water,16-07-2021,1815088,Sanctioned
2239,Bihar,District_B,Constituency_401,MP_Name_401,BR/623/2023-2024/3239 - Construction of Health facility,Drinking Water,03-09-2022,1835952,Sanctioned
2240,Bihar,District_D,Constituency_401,MP_Name_401,BR/758/2022-2023/3240 - Construction of Drinking Water facility,Roads,16-04-2022,594826,Sanctioned
2241,Bihar,District_A,Constituency_401,MP_Name_401,BR/587/2021-2022/3241 - Construction of Education facility,Health,04-11-2023,1541028,Sanctioned
2242,Bihar,District_C,Constituency_401,MP_Name_401,BR/572/2023-2024/3242 - Construction of Drinking Water facility,Drinking Water,10-09-2022,474429,Sanctioned
2243,Rajasthan,District_D,Constituency_402,MP_Name_402,RJ/682/2022-2023/3243 - Construction of Roads facility,Education,22-09-2023,749242,Sanctioned
2244,Rajasthan,District_A,Constituency_402,MP_Name_402,RJ/607/2021-2022/3244 - Construction of Roads facility,Education,13-02-2022,580706,Sanctioned
2245,Rajasthan,District_D,Constituency_402,MP_Name_402,RJ/713/2022-2023/3245 - Construction of Education facility,Drinking Water,18-08-2024,1783748,Sanctioned
2246,Rajasthan,District_E,Constituency_402,MP_Name_402,RJ/180/2021-2022/3246 - Construction of Drinking Water facility,Roads,12-12-2023,1763644,Sanctioned
2247,Rajasthan,District_C,Constituency_402,MP_Name_402,RJ/513/2022-2023/3247 - Construction of Roads facility,Drinking Water,30-04-2023,478565,Sanctioned
2248,Rajasthan,District_E,Constituency_402,MP_Name_402,RJ/158/2022-2023/3248 - Construction of Drinking Water facility,Drinking Water,20-07-2023,1284082,Sanctioned
2249,Maharashtra,District_C,Constituency_403,MP_Name_403,MH/754/2022-2023/3249 - Construction of Electricity facility,Drinking Water,24-01-2021,410711,Sanctioned
2250,Maharashtra,District_C,Constituency_403,MP_Name_403,MH/811/2021-2022/3250 - Construction of Education facility,Electricity,02-11-2023,1774018,Sanctioned
2251,Maharashtra,District_C,Constituency_403,MP_Name_403,MH/511/2023-2024/3251 - Construction of Drinking Water facility,Drinking Water,18-04-2021,588534,Sanctioned
2252,Maharashtra,District_A,Constituency_403,MP_Name_403,MH/420/2023-2024/3252 - Construction of Drinking Water facility,Drinking Water,25-03-2024,770526,Sanctioned
2253,Maharashtra,District_E,Constituency_403,MP_Name_403,MH/727/2022-2023/3253 - Construction of Education facility,Education,30-10-2021,1215271,Sanctioned
2254,Maharashtra,District_D,Constituency_404,MP_Name_404,MH/285/2023-2024/3254 - Construction of Roads facility,Education,31-12-2021,1457045,Sanctioned
2255,Maharashtra,District_D,Constituency_404,MP_Name_404,MH/302/2023-2024/3255 - Construction of Electricity facility,Drinking Water,13-11-2024,988291,Sanctioned
2256,Maharashtra,District_A,Constituency_404,MP_Name_404,MH/434/2022-2023/3256 - Construction of Drinking Water facility,Sanitation,06-05-2023,1237420,Sanctioned
2257,Maharashtra,District_B,Constituency_404,MP_Name_404,MH/200/2021-2022/3257 - Construction of Drinking Water facility,Drinking Water,04-04-2023,743616,Sanctioned
2258,Maharashtra,District_E,Constituency_404,MP_Name_404,MH/622/2021-2022/3258 - Construction of Health facility,Electricity,30-07-2023,932737,Sanctioned
2259,Maharashtra,District_C,Constituency_404,MP_Name_404,MH/472/2023-2024/3259 - Construction of Health facility,Drinking Water,16-11-2024,1719514,Sanctioned
2260,Maharashtra,District_C,Constituency_404,MP_Name_404,MH/705/2021-2022/3260 - Construction of Roads facility,Electricity,15-01-2024,538890,Sanctioned
2261,Uttar Pradesh,District_B,Constituency_405,MP_Name_405,UP/363/2023-2024/3261 - Construction of Education facility,Roads,17-06-2021,1345709,Sanctioned
2262,Uttar Pradesh,District_B,Constituency_405,MP_Name_405,UP/834/2022-2023/3262 - Construction of Electricity facility,Roads,07-06-2021,435136,Sanctioned
2263,Uttar Pradesh,District_A,Constituency_405,MP_Name_405,UP/847/2021-2022/3263 - Construction of Roads facility,Health,10-02-2024,1046306,Sanctioned
2264,Uttar Pradesh,District_A,Constituency_405,MP_Name_405,UP/166/2022-2023/3264 - Construction of Roads facility,Health,22-07-2023,1794310,Sanctioned
2265,Uttar Pradesh,District_C,Constituency_405,MP_Name_405,UP/895/2023-2024/3265 - Construction of Electricity facility,Electricity,04-04-2023,1425994,Sanctioned
2266,Tamil Nadu,District_C,Constituency_406,MP_Name_406,TN/700/2022-2023/3266 - Construction of Sanitation facility,Electricity,30-10-2023,1052503,Sanctioned
2267,Tamil Nadu,District_C,Constituency_406,MP_Name_406,TN/752/2023-2024/3267 - Construction of Education facility,Electricity,31-12-2022,1222588,Sanctioned
2268,Tamil Nadu,District_B,Constituency_406,MP_Name_406,TN/314/2021-2022/3268 - Construction of Health facility,Sanitation,13-03-2024,1388289,Sanctioned
2269,Tamil Nadu,District_A,Constituency_406,MP_Name_406,TN/535/2022-2023/3269 - Construction of Sanitation facility,Drinking Water,18-11-2021,1636778,Sanctioned
2270,Tamil Nadu,District_B,Constituency_406,MP_Name_406,TN/721/2021-2022/3270 - Construction of Education facility,Sanitation,25-02-2021,1627549,Sanctioned
2271,Tamil Nadu,District_B,Constituency_406,MP_Name_406,TN/999/2021-2022/3271 - Construction of Health facility,Sanitation,28-10-2024,932369,Sanctioned
2272,Tamil Nadu,District_C,Constituency_406,MP_Name_406,TN/882/2022-2023/3272 - Construction of Electricity facility,Health,01-12-2023,1712567,Sanctioned
2273,Maharashtra,District_A,Constituency_407,MP_Name_407,MH/669/2023-2024/3273 - Construction of Education facility,Health,25-11-2023,1441958,Sanctioned
2274,Maharashtra,District_A,Constituency_407,MP_Name_407,MH/385/2021-2022/3274 - Construction of Health facility,Drinking Water,31-08-2021,1006627,Sanctioned
2275,Maharashtra,District_D,Constituency_407,MP_Name_407,MH/320/2023-2024/3275 - Construction of Roads facility,Drinking Water,11-07-2024,767219,Sanctioned
2276,Maharashtra,District_E,Constituency_407,MP_Name_407,MH/863/2021-2022/3276 - Construction of Drinking Water facility,Drinking Water,12-01-2021,1310566,Sanctioned
2277,Maharashtra,District_B,Constituency_407,MP_Name_407,MH/469/2021-2022/3277 - Construction of Electricity facility,Sanitation,30-09-2022,1637004,Sanctioned
2278,Karnataka,District_A,Constituency_408,MP_Name_408,KA/436/2022-2023/3278 - Construction of Health facility,Roads,02-09-2022,1855422,Sanctioned
2279,Karnataka,District_E,Constituency_408,MP_Name_408,KA/900/2023-2024/3279 - Construction of Roads facility,Roads,10-10-2024,1789493,Sanctioned
2280,Karnataka,District_B,Constituency_408,MP_Name_408,KA/576/2023-2024/3280 - Construction of Sanitation facility,Sanitation,19-02-2023,924798,Sanctioned
2281,Karnataka,District_D,Constituency_408,MP_Name_408,KA/404/2023-2024/3281 - Construction of Education facility,Health,29-03-2022,730513,Sanctioned
2282,Karnataka,District_E,Constituency_408,MP_Name_408,KA/101/2022-2023/3282 - Construction of Sanitation facility,Health,03-12-2024,1256314,Sanctioned
2283,Karnataka,District_C,Constituency_408,MP_Name_408,KA/748/2022-2023/3283 - Construction of Education facility,Health,05-04-2022,1694591,Sanctioned
2284,Karnataka,District_C,Constituency_408,MP_Name_408,KA/145/2021-2022/3284 - Construction of Sanitation facility,Education,14-11-2023,1211715,Sanctioned
2285,Karnataka,District_B,Constituency_408,MP_Name_408,KA/311/2023-2024/3285 - Construction of Education facility,Sanitation,11-10-2023,1852762,Sanctioned
2286,Delhi,District_D,Constituency_409,MP_Name_409,DL/338/2022-2023/3286 - Construction of Health facility,Sanitation,31-01-2023,736790,Sanctioned
2287,Delhi,District_D,Constituency_409,MP_Name_409,DL/434/2021-2022/3287 - Construction of Drinking Water facility,Roads,24-06-2024,1424199,Sanctioned
2288,Delhi,District_E,Constituency_409,MP_Name_409,DL/313/2022-2023/3288 - Construction of Drinking Water facility,Education,12-05-2022,1037349,Sanctioned
2289,Delhi,District_D,Constituency_410,MP_Name_410,DL/225/2022-2023/3289 - Construction of Roads facility,Roads,06-10-2024,1322725,Sanctioned
2290,Delhi,District_A,Constituency_410,MP_Name_410,DL/268/2023-2024/3290 - Construction of Electricity facility,Sanitation,25-05-2021,488944,Sanctioned
2291,Delhi,District_A,Constituency_410,MP_Name_410,DL/753/2021-2022/3291 - Construction of Roads facility,Roads,28-12-2021,1169869,Sanctioned
2292,Uttar Pradesh,District_E,Constituency_411,MP_Name_411,UP/406/2023-2024/3292 - Construction of Education facility,Education,26-02-2024,856721,Sanctioned
2293,Uttar Pradesh,District_B,Constituency_411,MP_Name_411,UP/543/2023-2024/3293 - Construction of Electricity facility,Education,19-07-2022,695301,Sanctioned
2294,Uttar Pradesh,District_C,Constituency_411,MP_Name_411,UP/738/2023-2024/3294 - Construction of Sanitation facility,Health,09-02-2024,1220402,Sanctioned
2295,Delhi,District_D,Constituency_412,MP_Name_412,DL/455/2023-2024/3295 - Construction of Sanitation facility,Roads,01-02-2023,1339613,Sanctioned
2296,Delhi,District_A,Constituency_412,MP_Name_412,DL/784/2022-2023/3296 - Construction of Education facility,Education,27-08-2021,1610235,Sanctioned
2297,Delhi,District_E,Constituency_412,MP_Name_412,DL/563/2021-2022/3297 - Construction of Electricity facility,Health,21-06-2024,990823,Sanctioned
2298,Uttar Pradesh,District_B,Constituency_413,MP_Name_413,UP/453/2021-2022/3298 - Construction of Sanitation facility,Drinking Water,07-01-2022,1406943,Sanctioned
2299,Uttar Pradesh,District_D,Constituency_413,MP_Name_413,UP/910/2021-2022/3299 - Construction of Electricity facility,Drinking Water,19-05-2022,1014344,Sanctioned
2300,Uttar Pradesh,District_B,Constituency_413,MP_Name_413,UP/756/2022-2023/3300 - Construction of Health facility,Roads,01-04-2024,904228,Sanctioned
2301,Uttar Pradesh,District_E,Constituency_413,MP_Name_413,UP/958/2023-2024/3301 - Construction of Drinking Water facility,Roads,06-10-2022,1351805,Sanctioned
2302,Tamil Nadu,District_B,Constituency_414,MP_Name_414,TN/834/2023-2024/3302 - Construction of Drinking Water facility,Sanitation,21-09-2021,606647,Sanctioned
2303,Tamil Nadu,District_D,Constituency_414,MP_Name_414,TN/637/2022-2023/3303 - Construction of Health facility,Health,21-11-2024,715992,Sanctioned
2304,Tamil Nadu,District_B,Constituency_414,MP_Name_414,TN/593/2022-2023/3304 - Construction of Education facility,Sanitation,23-09-2022,753831,Sanctioned
2305,Tamil Nadu,District_B,Constituency_414,MP_Name_414,TN/693/2021-2022/3305 - Construction of Health facility,Drinking Water,10-06-2023,745240,Sanctioned
2306,Tamil Nadu,District_B,Constituency_414,MP_Name_414,TN/603/2023-2024/3306 - Construction of Roads facility,Electricity,22-06-2023,868785,Sanctioned
2307,Karnataka,District_D,Constituency_415,MP_Name_415,KA/627/2021-2022/3307 - Construction of Sanitation facility,Roads,19-02-2021,609684,Sanctioned
2308,Karnataka,District_B,Constituency_415,MP_Name_415,KA/603/2023-2024/3308 - Construction of Electricity facility,Drinking Water,30-11-2023,1200149,Sanctioned
2309,Karnataka,District_A,Constituency_415,MP_Name_415,KA/594/2022-2023/3309 - Construction of Health facility,Roads,20-07-2021,488222,Sanctioned
2310,Karnataka,District_C,Constituency_415,MP_Name_415,KA/165/2023-2024/3310 - Construction of Roads facility,Sanitation,06-08-2021,825889,Sanctioned
2311,Karnataka,District_D,Constituency_415,MP_Name_415,KA/438/2022-2023/3311 - Construction of Education facility,Health,21-10-2024,1335239,Sanctioned
2312,Karnataka,District_C,Constituency_415,MP_Name_415,KA/228/2021-2022/3312 - Construction of Education facility,Drinking Water,08-01-2024,1365352,Sanctioned
2313,Gujarat,District_B,Constituency_416,MP_Name_416,GJ/928/2023-2024/3313 - Construction of Roads facility,Health,12-08-2024,1227491,Sanctioned
2314,Gujarat,District_B,Constituency_416,MP_Name_416,GJ/361/2021-2022/3314 - Construction of Health facility,Electricity,19-11-2024,685246,Sanctioned
2315,Gujarat,District_B,Constituency_416,MP_Name_416,GJ/959/2023-2024/3315 - Construction of Roads facility,Roads,07-06-2023,1499105,Sanctioned
2316,Maharashtra,District_A,Constituency_417,MP_Name_417,MH/484/2022-2023/3316 - Construction of Health facility,Roads,20-02-2022,615765,Sanctioned
2317,Maharashtra,District_E,Constituency_417,MP_Name_417,MH/238/2023-2024/3317 - Construction of Electricity facility,Education,14-06-2021,660773,Sanctioned
2318,Maharashtra,District_D,Constituency_417,MP_Name_417,MH/497/2021-2022/3318 - Construction of Education facility,Health,27-11-2021,688987,Sanctioned
2319,Maharashtra,District_B,Constituency_417,MP_Name_417,MH/440/2021-2022/3319 - Construction of Roads facility,Roads,17-07-2022,420383,Sanctioned
2320,Maharashtra,District_E,Constituency_417,MP_Name_417,MH/707/2023-2024/3320 - Construction of Education facility,Sanitation,26-02-2024,644119,Sanctioned
2321,Maharashtra,District_E,Constituency_417,MP_Name_417,MH/115/2023-2024/3321 - Construction of Health facility,Education,14-06-2022,1389557,Sanctioned
2322,Maharashtra,District_A,Constituency_417,MP_Name_417,MH/713/2023-2024/3322 - Construction of Electricity facility,Education,16-09-2024,1183759,Sanctioned
2323,Maharashtra,District_A,Constituency_417,MP_Name_417,MH/669/2021-2022/3323 - Construction of Drinking Water facility,Sanitation,06-01-2021,909018,Sanctioned
2324,Bihar,District_D,Constituency_418,MP_Name_418,BR/257/2023-2024/3324 - Construction of Drinking Water facility,Education,20-05-2024,669722,Sanctioned
2325,Bihar,District_D,Constituency_418,MP_Name_418,BR/980/2021-2022/3325 - Construction of Sanitation facility,Roads,25-03-2023,1046131,Sanctioned
2326,Bihar,District_D,Constituency_418,MP_Name_418,BR/838/2021-2022/3326 - Construction of Electricity facility,Electricity,21-11-2023,951767,Sanctioned
2327,West Bengal,District_B,Constituency_419,MP_Name_419,WB/417/2023-2024/3327 - Construction of Electricity facility,Electricity,10-06-2024,1688621,Sanctioned
2328,West Bengal,District_C,Constituency_419,MP_Name_419,WB/340/2021-2022/3328 - Construction of Education facility,Sanitation,17-10-2024,419374,Sanctioned
2329,West Bengal,District_C,Constituency_419,MP_Name_419,WB/949/2023-2024/3329 - Construction of Roads facility,Electricity,23-05-2022,1877988,Sanctioned
2330,West Bengal,District_C,Constituency_419,MP_Name_419,WB/294/2021-2022/3330 - Construction of Drinking Water facility,Roads,30-07-2021,1729775,Sanctioned
2331,West Bengal,District_E,Constituency_419,MP_Name_419,WB/876/2022-2023/3331 - Construction of Electricity facility,Drinking Water,31-05-2023,751525,Sanctioned
2332,West Bengal,District_D,Constituency_419,MP_Name_419,WB/895/2023-2024/3332 - Construction of Sanitation facility,Sanitation,08-05-2021,1493032,Sanctioned
2333,Karnataka,District_D,Constituency_420,MP_Name_420,KA/851/2023-2024/3333 - Construction of Roads facility,Education,25-10-2022,1445549,Sanctioned
2334,Karnataka,District_A,Constituency_420,MP_Name_420,KA/304/2021-2022/3334 - Construction of Electricity facility,Health,05-05-2022,1746943,Sanctioned
2335,Karnataka,District_A,Constituency_420,MP_Name_420,KA/792/2021-2022/3335 - Construction of Health facility,Health,31-08-2022,1616049,Sanctioned
2336,Karnataka,District_E,Constituency_420,MP_Name_420,KA/134/2022-2023/3336 - Construction of Electricity facility,Health,16-04-2022,692243,Sanctioned
2337,Karnataka,District_A,Constituency_420,MP_Name_420,KA/994/2023-2024/3337 - Construction of Electricity facility,Electricity,16-07-2022,772055,Sanctioned
2338,Karnataka,District_C,Constituency_420,MP_Name_420,KA/454/2022-2023/3338 - Construction of Health facility,Electricity,24-05-2021,1633941,Sanctioned
2339,Karnataka,District_B,Constituency_420,MP_Name_420,KA/277/2021-2022/3339 - Construction of Sanitation facility,Roads,08-05-2024,1617987,Sanctioned
2340,Delhi,District_B,Constituency_421,MP_Name_421,DL/179/2023-2024/3340 - Construction of Sanitation facility,Electricity,04-05-2021,621695,Sanctioned
2341,Delhi,District_A,Constituency_421,MP_Name_421,DL/771/2023-2024/3341 - Construction of Education facility,Sanitation,15-09-2024,672892,Sanctioned
2342,Delhi,District_E,Constituency_421,MP_Name_421,DL/323/2021-2022/3342 - Construction of Drinking Water facility,Electricity,16-02-2021,1137117,Sanctioned
2343,Delhi,District_B,Constituency_421,MP_Name_421,DL/660/2021-2022/3343 - Construction of Sanitation facility,Education,21-10-2022,1402467,Sanctioned
2344,Karnataka,District_A,Constituency_422,MP_Name_422,KA/779/2022-2023/3344 - Construction of Roads facility,Education,07-12-2022,1711347,Sanctioned
2345,Karnataka,District_D,Constituency_422,MP_Name_422,KA/858/2021-2022/3345 - Construction of Drinking Water facility,Electricity,05-12-2021,1323683,Sanctioned
2346,Karnataka,District_B,Constituency_422,MP_Name_422,KA/160/2022-2023/3346 - Construction of Drinking Water facility,Electricity,29-03-2022,1613687,Sanctioned
2347,Karnataka,District_D,Constituency_422,MP_Name_422,KA/304/2023-2024/3347 - Construction of Education facility,Education,03-04-2023,1288883,Sanctioned
2348,Karnataka,District_D,Constituency_422,MP_Name_422,KA/142/2021-2022/3348 - Construction of Roads facility,Roads,30-03-2024,1855961,Sanctioned
2349,Karnataka,District_D,Constituency_422,MP_Name_422,KA/568/2022-2023/3349 - Construction of Education facility,Drinking Water,10-12-2022,1253074,Sanctioned
2350,Delhi,District_A,Constituency_423,MP_Name_423,DL/811/2023-2024/3350 - Construction of Drinking Water facility,Electricity,26-02-2023,1063387,Sanctioned
2351,Delhi,District_C,Constituency_423,MP_Name_423,DL/168/2023-2024/3351 - Construction of Health facility,Health,18-04-2021,1360743,Sanctioned
2352,Delhi,District_E,Constituency_423,MP_Name_423,DL/813/2021-2022/3352 - Construction of Electricity facility,Health,27-07-2023,1463609,Sanctioned
2353,Delhi,District_E,Constituency_423,MP_Name_423,DL/145/2021-2022/3353 - Construction of Health facility,Health,19-11-2023,1200307,Sanctioned
2354,Delhi,District_D,Constituency_423,MP_Name_423,DL/266/2021-2022/3354 - Construction of Sanitation facility,Roads,11-11-2023,590927,Sanctioned
2355,Delhi,District_B,Constituency_423,MP_Name_423,DL/205/2022-2023/3355 - Construction of Education facility,Sanitation,30-11-2023,1695183,Sanctioned
2356,Karnataka,District_A,Constituency_424,MP_Name_424,KA/424/2022-2023/3356 - Construction of Health facility,Electricity,15-11-2022,716061,Sanctioned
2357,Karnataka,District_C,Constituency_424,MP_Name_424,KA/266/2022-2023/3357 - Construction of Electricity facility,Sanitation,07-07-2023,1376515,Sanctioned
2358,Karnataka,District_B,Constituency_424,MP_Name_424,KA/294/2023-2024/3358 - Construction of Drinking Water facility,Health,09-07-2021,411902,Sanctioned
2359,Rajasthan,District_D,Constituency_425,MP_Name_425,RJ/371/2022-2023/3359 - Construction of Electricity facility,Health,19-10-2024,1102804,Sanctioned
2360,Rajasthan,District_E,Constituency_425,MP_Name_425,RJ/543/2023-2024/3360 - Construction of Sanitation facility,Sanitation,23-07-2021,1673093,Sanctioned
2361,Rajasthan,District_E,Constituency_425,MP_Name_425,RJ/692/2023-2024/3361 - Construction of Education facility,Education,26-01-2021,1654123,Sanctioned
2362,Rajasthan,District_E,Constituency_425,MP_Name_425,RJ/561/2023-2024/3362 - Construction of Health facility,Health,12-01-2024,1426185,Sanctioned
2363,Rajasthan,District_C,Constituency_425,MP_Name_425,RJ/805/2023-2024/3363 - Construction of Sanitation facility,Drinking Water,05-12-2023,1107194,Sanctioned
2364,Rajasthan,District_B,Constituency_425,MP_Name_425,RJ/648/2023-2024/3364 - Construction of Education facility,Education,15-10-2023,1668018,Sanctioned
2365,Uttar Pradesh,District_E,Constituency_426,MP_Name_426,UP/561/2022-2023/3365 - Construction of Health facility,Health,16-11-2024,1765327,Sanctioned
2366,Uttar Pradesh,District_B,Constituency_426,MP_Name_426,UP/526/2021-2022/3366 - Construction of Electricity facility,Health,14-07-2023,1337215,Sanctioned
2367,Uttar Pradesh,District_B,Constituency_426,MP_Name_426,UP/845/2021-2022/3367 - Construction of Sanitation facility,Sanitation,08-04-2021,1558503,Sanctioned
2368,Uttar Pradesh,District_A,Constituency_426,MP_Name_426,UP/439/2023-2024/3368 - Construction of Sanitation facility,Health,05-03-2022,748143,Sanctioned
2369,Uttar Pradesh,District_A,Constituency_426,MP_Name_426,UP/199/2022-2023/3369 - Construction of Health facility,Health,29-03-2023,1747484,Sanctioned
2370,Uttar Pradesh,District_D,Constituency_426,MP_Name_426,UP/965/2021-2022/3370 - Construction of Education facility,Health,08-10-2024,1256338,Sanctioned
2371,Uttar Pradesh,District_B,Constituency_426,MP_Name_426,UP/389/2021-2022/3371 - Construction of Roads facility,Electricity,26-11-2021,425578,Sanctioned
2372,Uttar Pradesh,District_B,Constituency_426,MP_Name_426,UP/423/2023-2024/3372 - Construction of Roads facility,Electricity,12-09-2024,558151,Sanctioned
2373,Karnataka,District_B,Constituency_427,MP_Name_427,KA/852/2023-2024/3373 - Construction of Drinking Water facility,Health,13-01-2024,1138107,Sanctioned
2374,Karnataka,District_B,Constituency_427,MP_Name_427,KA/271/2021-2022/3374 - Construction of Drinking Water facility,Roads,21-08-2022,850307,Sanctioned
2375,Karnataka,District_B,Constituency_427,MP_Name_427,KA/561/2023-2024/3375 - Construction of Sanitation facility,Health,08-04-2021,503103,Sanctioned
2376,Karnataka,District_D,Constituency_427,MP_Name_427,KA/836/2023-2024/3376 - Construction of Health facility,Education,13-08-2023,931238,Sanctioned
2377,Karnataka,District_A,Constituency_427,MP_Name_427,KA/923/2023-2024/3377 - Construction of Electricity facility,Electricity,08-05-2024,666808,Sanctioned
2378,Gujarat,District_D,Constituency_428,MP_Name_428,GJ/437/2021-2022/3378 - Construction of Electricity facility,Education,09-10-2022,535329,Sanctioned
2379,Gujarat,District_E,Constituency_428,MP_Name_428,GJ/675/2022-2023/3379 - Construction of Roads facility,Roads,08-08-2022,510858,Sanctioned
2380,Gujarat,District_D,Constituency_428,MP_Name_428,GJ/260/2022-2023/3380 - Construction of Electricity facility,Sanitation,08-10-2021,1330378,Sanctioned
2381,Gujarat,District_C,Constituency_428,MP_Name_428,GJ/190/2023-2024/3381 - Construction of Sanitation facility,Health,20-09-2021,858502,Sanctioned
2382,Gujarat,District_C,Constituency_428,MP_Name_428,GJ/401/2023-2024/3382 - Construction of Education facility,Health,23-08-2021,1825376,Sanctioned
2383,Gujarat,District_B,Constituency_428,MP_Name_428,GJ/592/2022-2023/3383 - Construction of Health facility,Roads,08-09-2023,1376034,Sanctioned
2384,Tamil Nadu,District_A,Constituency_429,MP_Name_429,TN/583/2023-2024/3384 - Construction of Health facility,Education,19-03-2023,1023668,Sanctioned
2385,Tamil Nadu,District_E,Constituency_429,MP_Name_429,TN/902/2023-2024/3385 - Construction of Health facility,Education,12-06-2024,596227,Sanctioned
2386,Tamil Nadu,District_C,Constituency_429,MP_Name_429,TN/349/2021-2022/3386 - Construction of Health facility,Roads,12-09-2024,910323,Sanctioned
2387,Tamil Nadu,District_B,Constituency_429,MP_Name_429,TN/859/2022-2023/3387 - Construction of Electricity facility,Sanitation,27-11-2023,631480,Sanctioned
2388,Tamil Nadu,District_E,Constituency_430,MP_Name_430,TN/254/2023-2024/3388 - Construction of Education facility,Roads,19-10-2021,1784826,Sanctioned
2389,Tamil Nadu,District_B,Constituency_430,MP_Name_430,TN/311/2023-2024/3389 - Construction of Sanitation facility,Health,31-01-2024,527363,Sanctioned
2390,Tamil Nadu,District_A,Constituency_430,MP_Name_430,TN/805/2021-2022/3390 - Construction of Roads facility,Sanitation,24-01-2022,1281018,Sanctioned
2391,Tamil Nadu,District_B,Constituency_430,MP_Name_430,TN/292/2021-2022/3391 - Construction of Sanitation facility,Electricity,22-02-2024,1391556,Sanctioned
2392,Tamil Nadu,District_E,Constituency_430,MP_Name_430,TN/821/2023-2024/3392 - Construction of Sanitation facility,Sanitation,14-01-2023,823947,Sanctioned
2393,Tamil Nadu,District_C,Constituency_430,MP_Name_430,TN/283/2023-2024/3393 - Construction of Sanitation facility,Electricity,02-12-2022,969959,Sanctioned
2394,Tamil Nadu,District_D,Constituency_430,MP_Name_430,TN/691/2023-2024/3394 - Construction of Sanitation facility,Drinking Water,23-08-2021,1848877,Sanctioned
2395,West Bengal,District_C,Constituency_431,MP_Name_431,WB/720/2021-2022/3395 - Construction of Electricity facility,Sanitation,01-05-2023,1834407,Sanctioned
2396,West Bengal,District_C,Constituency_431,MP_Name_431,WB/180/2021-2022/3396 - Construction of Drinking Water facility,Roads,12-06-2022,1128759,Sanctioned
2397,West Bengal,District_B,Constituency_431,MP_Name_431,WB/221/2022-2023/3397 - Construction of Electricity facility,Drinking Water,30-11-2024,1485349,Sanctioned
2398,West Bengal,District_D,Constituency_431,MP_Name_431,WB/133/2022-2023/3398 - Construction of Education facility,Drinking Water,23-11-2024,1471312,Sanctioned
2399,West Bengal,District_E,Constituency_431,MP_Name_431,WB/433/2023-2024/3399 - Construction of Education facility,Drinking Water,12-06-2022,673901,Sanctioned
2400,West Bengal,District_C,Constituency_431,MP_Name_431,WB/420/2023-2024/3400 - Construction of Education facility,Sanitation,15-07-2022,1819509,Sanctioned
2401,West Bengal,District_E,Constituency_431,MP_Name_431,WB/517/2022-2023/3401 - Construction of Roads facility,Electricity,03-05-2023,1885197,Sanctioned
2402,Karnataka,District_E,Constituency_432,MP_Name_432,KA/136/2021-2022/3402 - Construction of Sanitation facility,Drinking Water,05-10-2024,1053540,Sanctioned
2403,Karnataka,District_D,Constituency_432,MP_Name_432,KA/276/2021-2022/3403 - Construction of Electricity facility,Health,14-01-2021,1823253,Sanctioned
2404,Karnataka,District_B,Constituency_432,MP_Name_432,KA/588/2021-2022/3404 - Construction of Education facility,Health,16-07-2024,903473,Sanctioned
2405,Karnataka,District_C,Constituency_432,MP_Name_432,KA/454/2022-2023/3405 - Construction of Education facility,Education,04-01-2022,415910,Sanctioned
2406,Karnataka,District_D,Constituency_432,MP_Name_432,KA/518/2022-2023/3406 - Construction of Drinking Water facility,Education,10-08-2021,1672283,Sanctioned
2407,Karnataka,District_C,Constituency_432,MP_Name_432,KA/487/2023-2024/3407 - Construction of Sanitation facility,Health,21-03-2023,1208077,Sanctioned
2408,Delhi,District_D,Constituency_433,MP_Name_433,DL/360/2022-2023/3408 - Construction of Roads facility,Roads,10-12-2024,723988,Sanctioned
2409,Delhi,District_D,Constituency_433,MP_Name_433,DL/133/2021-2022/3409 - Construction of Roads facility,Drinking Water,21-04-2022,1562023,Sanctioned
2410,Delhi,District_D,Constituency_433,MP_Name_433,DL/880/2021-2022/3410 - Construction of Education facility,Sanitation,12-10-2022,1809950,Sanctioned
2411,Delhi,District_C,Constituency_433,MP_Name_433,DL/362/2023-2024/3411 - Construction of Health facility,Education,16-09-2021,1765033,Sanctioned
2412,Delhi,District_D,Constituency_433,MP_Name_433,DL/995/2023-2024/3412 - Construction of Health facility,Sanitation,06-07-2023,906052,Sanctioned
2413,Delhi,District_E,Constituency_433,MP_Name_433,DL/421/2022-2023/3413 - Construction of Electricity facility,Education,06-05-2024,1315557,Sanctioned
2414,Delhi,District_A,Constituency_433,MP_Name_433,DL/465/2021-2022/3414 - Construction of Drinking Water facility,Roads,25-05-2021,1311363,Sanctioned
2415,Tamil Nadu,District_A,Constituency_434,MP_Name_434,TN/680/2021-2022/3415 - Construction of Electricity facility,Roads,30-11-2024,1768441,Sanctioned
2416,Tamil Nadu,District_A,Constituency_434,MP_Name_434,TN/506/2023-2024/3416 - Construction of Roads facility,Drinking Water,24-02-2022,556776,Sanctioned
2417,Tamil Nadu,District_D,Constituency_434,MP_Name_434,TN/225/2021-2022/3417 - Construction of Drinking Water facility,Sanitation,12-08-2022,584650,Sanctioned
2418,Tamil Nadu,District_C,Constituency_434,MP_Name_434,TN/461/2023-2024/3418 - Construction of Education facility,Sanitation,26-11-2023,1196088,Sanctioned
2419,Tamil Nadu,District_C,Constituency_434,MP_Name_434,TN/450/2021-2022/3419 - Construction of Electricity facility,Drinking Water,09-04-2023,1676432,Sanctioned
2420,Tamil Nadu,District_D,Constituency_434,MP_Name_434,TN/931/2023-2024/3420 - Construction of Roads facility,Sanitation,05-01-2024,1341671,Sanctioned
2421,Tamil Nadu,District_E,Constituency_434,MP_Name_434,TN/799/2022-2023/3421 - Construction of Education facility,Sanitation,06-02-2024,1454665,Sanctioned
2422,Uttar Pradesh,District_C,Constituency_435,MP_Name_435,UP/886/2023-2024/3422 - Construction of Education facility,Health,18-06-2023,878635,Sanctioned
2423,Uttar Pradesh,District_C,Constituency_435,MP_Name_435,UP/682/2021-2022/3423 - Construction of Electricity facility,Education,12-11-2023,998684,Sanctioned
2424,Uttar Pradesh,District_D,Constituency_435,MP_Name_435,UP/524/2023-2024/3424 - Construction of Drinking Water facility,Drinking Water,29-08-2022,765385,Sanctioned
2425,Uttar Pradesh,District_E,Constituency_435,MP_Name_435,UP/293/2021-2022/3425 - Construction of Health facility,Education,18-04-2022,534145,Sanctioned
2426,Delhi,District_B,Constituency_436,MP_Name_436,DL/383/2021-2022/3426 - Construction of Roads facility,Electricity,03-01-2023,1785096,Sanctioned
2427,Delhi,District_E,Constituency_436,MP_Name_436,DL/533/2022-2023/3427 - Construction of Health facility,Electricity,16-03-2023,1392424,Sanctioned
2428,Delhi,District_C,Constituency_436,MP_Name_436,DL/458/2022-2023/3428 - Construction of Drinking Water facility,Electricity,22-02-2022,948900,Sanctioned
2429,Delhi,District_A,Constituency_436,MP_Name_436,DL/154/2021-2022/3429 - Construction of Electricity facility,Health,19-09-2024,1593137,Sanctioned
2430,West Bengal,District_A,Constituency_437,MP_Name_437,WB/272/2021-2022/3430 - Construction of Sanitation facility,Roads,12-09-2021,1790340,Sanctioned
2431,West Bengal,District_A,Constituency_437,MP_Name_437,WB/457/2023-2024/3431 - Construction of Health facility,Health,25-09-2022,619111,Sanctioned
2432,West Bengal,District_A,Constituency_437,MP_Name_437,WB/990/2021-2022/3432 - Construction of Education facility,Sanitation,29-08-2024,1261463,Sanctioned
2433,West Bengal,District_A,Constituency_437,MP_Name_437,WB/157/2022-2023/3433 - Construction of Health facility,Sanitation,18-08-2021,854537,Sanctioned
2434,West Bengal,District_E,Constituency_437,MP_Name_437,WB/509/2023-2024/3434 - Construction of Sanitation facility,Roads,10-04-2021,1788431,Sanctioned
2435,West Bengal,District_D,Constituency_437,MP_Name_437,WB/857/2021-2022/3435 - Construction of Drinking Water facility,Drinking Water,13-04-2023,948898,Sanctioned
2436,West Bengal,District_B,Constituency_437,MP_Name_437,WB/676/2021-2022/3436 - Construction of Sanitation facility,Education,11-01-2021,786390,Sanctioned
2437,Rajasthan,District_C,Constituency_438,MP_Name_438,RJ/430/2022-2023/3437 - Construction of Health facility,Drinking Water,13-05-2023,1342323,Sanctioned
2438,Rajasthan,District_C,Constituency_438,MP_Name_438,RJ/608/2021-2022/3438 - Construction of Education facility,Sanitation,07-05-2022,799641,Sanctioned
2439,Rajasthan,District_B,Constituency_438,MP_Name_438,RJ/814/2022-2023/3439 - Construction of Sanitation facility,Drinking Water,15-05-2023,1424070,Sanctioned
2440,Rajasthan,District_D,Constituency_438,MP_Name_438,RJ/261/2021-2022/3440 - Construction of Education facility,Roads,10-01-2022,1307342,Sanctioned
2441,Bihar,District_D,Constituency_439,MP_Name_439,BR/882/2022-2023/3441 - Construction of Electricity facility,Drinking Water,10-11-2021,544231,Sanctioned
2442,Bihar,District_B,Constituency_439,MP_Name_439,BR/817/2021-2022/3442 - Construction of Roads facility,Roads,18-10-2023,1874826,Sanctioned
2443,Bihar,District_D,Constituency_439,MP_Name_439,BR/807/2021-2022/3443 - Construction of Sanitation facility,Education,05-05-2022,1577391,Sanctioned
2444,Bihar,District_D,Constituency_439,MP_Name_439,BR/723/2021-2022/3444 - Construction of Health facility,Education,27-05-2022,1265323,Sanctioned
2445,Bihar,District_D,Constituency_439,MP_Name_439,BR/419/2021-2022/3445 - Construction of Drinking Water facility,Electricity,04-02-2021,1042334,Sanctioned
2446,Bihar,District_E,Constituency_439,MP_Name_439,BR/341/2022-2023/3446 - Construction of Electricity facility,Drinking Water,19-04-2022,538940,Sanctioned
2447,Bihar,District_A,Constituency_439,MP_Name_439,BR/408/2022-2023/3447 - Construction of Sanitation facility,Drinking Water,27-10-2023,1110369,Sanctioned
2448,Bihar,District_E,Constituency_439,MP_Name_439,BR/118/2022-2023/3448 - Construction of Drinking Water facility,Electricity,30-03-2021,1853211,Sanctioned
2449,Tamil Nadu,District_B,Constituency_440,MP_Name_440,TN/946/2021-2022/3449 - Construction of Roads facility,Education,11-11-2021,757205,Sanctioned
2450,Tamil Nadu,District_B,Constituency_440,MP_Name_440,TN/333/2023-2024/3450 - Construction of Education facility,Education,06-11-2022,1549517,Sanctioned
2451,Tamil Nadu,District_D,Constituency_440,MP_Name_440,TN/430/2022-2023/3451 - Construction of Drinking Water facility,Sanitation,16-03-2022,1391112,Sanctioned
2452,Tamil Nadu,District_A,Constituency_440,MP_Name_440,TN/274/2022-2023/3452 - Construction of Roads facility,Drinking Water,03-07-2023,1021543,Sanctioned
2453,Tamil Nadu,District_D,Constituency_440,MP_Name_440,TN/993/2021-2022/3453 - Construction of Electricity facility,Drinking Water,19-09-2024,416855,Sanctioned
2454,Tamil Nadu,District_D,Constituency_440,MP_Name_440,TN/640/2023-2024/3454 - Construction of Drinking Water facility,Sanitation,25-01-2024,446258,Sanctioned
2455,Tamil Nadu,District_D,Constituency_440,MP_Name_440,TN/774/2021-2022/3455 - Construction of Roads facility,Sanitation,17-10-2024,1585689,Sanctioned
2456,Tamil Nadu,District_C,Constituency_440,MP_Name_440,TN/932/2022-2023/3456 - Construction of Drinking Water facility,Drinking Water,04-06-2022,1243045,Sanctioned
2457,Bihar,District_D,Constituency_441,MP_Name_441,BR/190/2023-2024/3457 - Construction of Electricity facility,Drinking Water,19-06-2021,1460975,Sanctioned
2458,Bihar,District_D,Constituency_441,MP_Name_441,BR/529/2023-2024/3458 - Construction of Roads facility,Education,01-05-2021,1579736,Sanctioned
2459,Bihar,District_C,Constituency_441,MP_Name_441,BR/501/2021-2022/3459 - Construction of Health facility,Drinking Water,23-09-2022,516823,Sanctioned
2460,Uttar Pradesh,District_E,Constituency_442,MP_Name_442,UP/746/2023-2024/3460 - Construction of Drinking Water facility,Roads,07-12-2022,733501,Sanctioned
2461,Uttar Pradesh,District_B,Constituency_442,MP_Name_442,UP/662/2022-2023/3461 - Construction of Electricity facility,Sanitation,08-12-2022,1785695,Sanctioned
2462,Uttar Pradesh,District_B,Constituency_442,MP_Name_442,UP/912/2022-2023/3462 - Construction of Health facility,Roads,23-05-2022,1536132,Sanctioned
2463,Tamil Nadu,District_E,Constituency_443,MP_Name_443,TN/772/2021-2022/3463 - Construction of Sanitation facility,Education,29-11-2023,1758398,Sanctioned
2464,Tamil Nadu,District_D,Constituency_443,MP_Name_443,TN/693/2021-2022/3464 - Construction of Roads facility,Drinking Water,06-01-2024,759504,Sanctioned
2465,Tamil Nadu,District_B,Constituency_443,MP_Name_443,TN/887/2022-2023/3465 - Construction of Health facility,Health,03-02-2023,1884468,Sanctioned
2466,Tamil Nadu,District_A,Constituency_443,MP_Name_443,TN/919/2022-2023/3466 - Construction of Roads facility,Sanitation,06-09-2021,871262,Sanctioned
2467,Tamil Nadu,District_B,Constituency_443,MP_Name_443,TN/669/2022-2023/3467 - Construction of Roads facility,Drinking Water,29-08-2024,577557,Sanctioned
2468,Tamil Nadu,District_D,Constituency_443,MP_Name_443,TN/627/2023-2024/3468 - Construction of Education facility,Drinking Water,07-07-2021,1166376,Sanctioned
2469,Uttar Pradesh,District_A,Constituency_444,MP_Name_444,UP/412/2022-2023/3469 - Construction of Health facility,Sanitation,12-07-2023,1699014,Sanctioned
2470,Uttar Pradesh,District_C,Constituency_444,MP_Name_444,UP/719/2023-2024/3470 - Construction of Education facility,Health,30-11-2024,775275,Sanctioned
2471,Uttar Pradesh,District_A,Constituency_444,MP_Name_444,UP/590/2022-2023/3471 - Construction of Health facility,Electricity,15-01-2021,706998,Sanctioned
2472,Uttar Pradesh,District_D,Constituency_444,MP_Name_444,UP/539/2021-2022/3472 - Construction of Roads facility,Health,01-07-2023,1253505,Sanctioned
2473,Uttar Pradesh,District_D,Constituency_444,MP_Name_444,UP/518/2022-2023/3473 - Construction of Drinking Water facility,Health,21-05-2023,551929,Sanctioned
2474,Uttar Pradesh,District_E,Constituency_444,MP_Name_444,UP/726/2022-2023/3474 - Construction of Health facility,Education,24-03-2021,568982,Sanctioned
2475,Karnataka,District_C,Constituency_445,MP_Name_445,KA/794/2023-2024/3475 - Construction of Drinking Water facility,Health,23-06-2021,1857531,Sanctioned
2476,Karnataka,District_B,Constituency_445,MP_Name_445,KA/910/2023-2024/3476 - Construction of Education facility,Education,22-03-2021,1468157,Sanctioned
2477,Karnataka,District_D,Constituency_445,MP_Name_445,KA/295/2022-2023/3477 - Construction of Health facility,Roads,11-10-2022,1838915,Sanctioned
2478,Karnataka,District_A,Constituency_445,MP_Name_445,KA/628/2022-2023/3478 - Construction of Education facility,Drinking Water,19-11-2023,1085673,Sanctioned
2479,Karnataka,District_D,Constituency_445,MP_Name_445,KA/298/2023-2024/3479 - Construction of Electricity facility,Sanitation,30-11-2024,638442,Sanctioned
2480,Karnataka,District_D,Constituency_445,MP_Name_445,KA/397/2021-2022/3480 - Construction of Health facility,Drinking Water,30-12-2023,651313,Sanctioned
2481,Karnataka,District_D,Constituency_445,MP_Name_445,KA/790/2022-2023/3481 - Construction of Roads facility,Drinking Water,16-08-2024,1285867,Sanctioned
2482,Rajasthan,District_E,Constituency_446,MP_Name_446,RJ/315/2021-2022/3482 - Construction of Electricity facility,Sanitation,29-10-2021,1370088,Sanctioned
2483,Rajasthan,District_B,Constituency_446,MP_Name_446,RJ/988/2022-2023/3483 - Construction of Health facility,Drinking Water,17-09-2024,1003250,Sanctioned
2484,Rajasthan,District_B,Constituency_446,MP_Name_446,RJ/583/2023-2024/3484 - Construction of Education facility,Roads,24-04-2021,851480,Sanctioned
2485,Madhya Pradesh,District_E,Constituency_447,MP_Name_447,MP/693/2022-2023/3485 - Construction of Sanitation facility,Roads,23-05-2023,893814,Sanctioned
2486,Madhya Pradesh,District_D,Constituency_447,MP_Name_447,MP/423/2023-2024/3486 - Construction of Health facility,Education,03-02-2021,843272,Sanctioned
2487,Madhya Pradesh,District_B,Constituency_447,MP_Name_447,MP/180/2021-2022/3487 - Construction of Roads facility,Sanitation,18-03-2024,1744580,Sanctioned
2488,Madhya Pradesh,District_C,Constituency_447,MP_Name_447,MP/623/2021-2022/3488 - Construction of Electricity facility,Electricity,16-04-2021,937669,Sanctioned
2489,Madhya Pradesh,District_D,Constituency_447,MP_Name_447,MP/942/2023-2024/3489 - Construction of Roads facility,Education,16-07-2023,1488889,Sanctioned
2490,Bihar,District_C,Constituency_448,MP_Name_448,BR/670/2021-2022/3490 - Construction of Electricity facility,Electricity,04-06-2021,524853,Sanctioned
2491,Bihar,District_E,Constituency_448,MP_Name_448,BR/557/2022-2023/3491 - Construction of Electricity facility,Sanitation,25-08-2023,1001631,Sanctioned
2492,Bihar,District_B,Constituency_448,MP_Name_448,BR/984/2022-2023/3492 - Construction of Education facility,Sanitation,06-11-2024,1650210,Sanctioned
2493,Bihar,District_B,Constituency_448,MP_Name_448,BR/724/2023-2024/3493 - Construction of Health facility,Sanitation,02-09-2023,1289059,Sanctioned
2494,Bihar,District_D,Constituency_448,MP_Name_448,BR/745/2021-2022/3494 - Construction of Sanitation facility,Drinking Water,31-05-2022,499378,Sanctioned
2495,Bihar,District_E,Constituency_448,MP_Name_448,BR/416/2021-2022/3495 - Construction of Drinking Water facility,Education,20-11-2023,1758774,Sanctioned
2496,Tamil Nadu,District_C,Constituency_449,MP_Name_449,TN/146/2021-2022/3496 - Construction of Education facility,Drinking Water,20-05-2024,1723670,Sanctioned
2497,Tamil Nadu,District_C,Constituency_449,MP_Name_449,TN/956/2022-2023/3497 - Construction of Sanitation facility,Education,07-12-2022,417859,Sanctioned
2498,Tamil Nadu,District_D,Constituency_449,MP_Name_449,TN/558/2023-2024/3498 - Construction of Electricity facility,Roads,17-11-2023,976221,Sanctioned
2499,Tamil Nadu,District_A,Constituency_449,MP_Name_449,TN/297/2021-2022/3499 - Construction of Roads facility,Electricity,09-04-2021,639927,Sanctioned
2500,Gujarat,District_E,Constituency_450,MP_Name_450,GJ/749/2023-2024/3500 - Construction of Sanitation facility,Drinking Water,03-09-2022,1284915,Sanctioned
2501,Gujarat,District_D,Constituency_450,MP_Name_450,GJ/182/2023-2024/3501 - Construction of Education facility,Sanitation,21-02-2023,1829540,Sanctioned
2502,Gujarat,District_A,Constituency_450,MP_Name_450,GJ/437/2021-2022/3502 - Construction of Electricity facility,Sanitation,28-06-2024,858769,Sanctioned
2503,Gujarat,District_D,Constituency_450,MP_Name_450,GJ/720/2021-2022/3503 - Construction of Sanitation facility,Electricity,04-07-2021,524941,Sanctioned
2504,Gujarat,District_D,Constituency_450,MP_Name_450,GJ/414/2023-2024/3504 - Construction of Roads facility,Education,20-06-2024,427379,Sanctioned
2505,Gujarat,District_C,Constituency_450,MP_Name_450,GJ/228/2023-2024/3505 - Construction of Drinking Water facility,Sanitation,08-08-2021,1304496,Sanctioned
2506,Gujarat,District_A,Constituency_450,MP_Name_450,GJ/811/2022-2023/3506 - Construction of Electricity facility,Roads,28-12-2024,599497,Sanctioned
2507,Gujarat,District_E,Constituency_451,MP_Name_451,GJ/669/2021-2022/3507 - Construction of Sanitation facility,Drinking Water,01-01-2021,530980,Sanctioned
2508,Gujarat,District_D,Constituency_451,MP_Name_451,GJ/725/2023-2024/3508 - Construction of Drinking Water facility,Drinking Water,08-01-2022,1198895,Sanctioned
2509,Gujarat,District_D,Constituency_451,MP_Name_451,GJ/823/2022-2023/3509 - Construction of Education facility,Roads,04-11-2021,1439349,Sanctioned
2510,Gujarat,District_D,Constituency_451,MP_Name_451,GJ/435/2021-2022/3510 - Construction of Drinking Water facility,Education,05-07-2023,1418301,Sanctioned
2511,Gujarat,District_D,Constituency_451,MP_Name_451,GJ/246/2021-2022/3511 - Construction of Health facility,Electricity,05-10-2024,1556229,Sanctioned
2512,Gujarat,District_C,Constituency_451,MP_Name_451,GJ/136/2022-2023/3512 - Construction of Health facility,Drinking Water,03-10-2023,1048828,Sanctioned
2513,Gujarat,District_C,Constituency_452,MP_Name_452,GJ/292/2022-2023/3513 - Construction of Drinking Water facility,Sanitation,11-09-2021,625985,Sanctioned
2514,Gujarat,District_A,Constituency_452,MP_Name_452,GJ/187/2023-2024/3514 - Construction of Education facility,Education,20-12-2023,785229,Sanctioned
2515,Gujarat,District_E,Constituency_452,MP_Name_452,GJ/609/2023-2024/3515 - Construction of Health facility,Health,07-09-2021,1500724,Sanctioned
2516,Gujarat,District_A,Constituency_452,MP_Name_452,GJ/536/2022-2023/3516 - Construction of Drinking Water facility,Education,31-07-2023,1156681,Sanctioned
2517,Gujarat,District_D,Constituency_452,MP_Name_452,GJ/396/2023-2024/3517 - Construction of Roads facility,Roads,03-05-2023,1551248,Sanctioned
2518,Uttar Pradesh,District_A,Constituency_453,MP_Name_453,UP/150/2023-2024/3518 - Construction of Health facility,Sanitation,15-02-2021,749718,Sanctioned
2519,Uttar Pradesh,District_D,Constituency_453,MP_Name_453,UP/411/2021-2022/3519 - Construction of Education facility,Electricity,16-04-2023,474870,Sanctioned
2520,Uttar Pradesh,District_A,Constituency_453,MP_Name_453,UP/922/2022-2023/3520 - Construction of Roads facility,Sanitation,17-09-2022,1478505,Sanctioned
2521,Karnataka,District_E,Constituency_454,MP_Name_454,KA/317/2022-2023/3521 - Construction of Drinking Water facility,Health,01-09-2023,804637,Sanctioned
2522,Karnataka,District_A,Constituency_454,MP_Name_454,KA/760/2021-2022/3522 - Construction of Roads facility,Electricity,10-12-2022,1783526,Sanctioned
2523,Karnataka,District_D,Constituency_454,MP_Name_454,KA/377/2021-2022/3523 - Construction of Sanitation facility,Roads,30-04-2021,1825178,Sanctioned
2524,Karnataka,District_D,Constituency_454,MP_Name_454,KA/135/2021-2022/3524 - Construction of Roads facility,Drinking Water,17-10-2024,507713,Sanctioned
2525,Karnataka,District_D,Constituency_454,MP_Name_454,KA/885/2022-2023/3525 - Construction of Drinking Water facility,Electricity,28-09-2022,699211,Sanctioned
2526,Rajasthan,District_A,Constituency_455,MP_Name_455,RJ/247/2023-2024/3526 - Construction of Drinking Water facility,Electricity,02-02-2024,638004,Sanctioned
2527,Rajasthan,District_A,Constituency_455,MP_Name_455,RJ/786/2021-2022/3527 - Construction of Education facility,Roads,17-12-2024,1609988,Sanctioned
2528,Rajasthan,District_C,Constituency_455,MP_Name_455,RJ/779/2023-2024/3528 - Construction of Sanitation facility,Roads,26-01-2021,1424085,Sanctioned
2529,Maharashtra,District_C,Constituency_456,MP_Name_456,MH/958/2023-2024/3529 - Construction of Health facility,Sanitation,07-03-2022,1694423,Sanctioned
2530,Maharashtra,District_B,Constituency_456,MP_Name_456,MH/640/2022-2023/3530 - Construction of Drinking Water facility,Roads,17-02-2024,661083,Sanctioned
2531,Maharashtra,District_A,Constituency_456,MP_Name_456,MH/220/2022-2023/3531 - Construction of Electricity facility,Electricity,03-10-2024,1878022,Sanctioned
2532,Maharashtra,District_B,Constituency_456,MP_Name_456,MH/297/2023-2024/3532 - Construction of Electricity facility,Roads,24-08-2023,1395134,Sanctioned
2533,Maharashtra,District_A,Constituency_456,MP_Name_456,MH/584/2021-2022/3533 - Construction of Sanitation facility,Health,12-11-2022,1089253,Sanctioned
2534,Maharashtra,District_D,Constituency_456,MP_Name_456,MH/324/2021-2022/3534 - Construction of Sanitation facility,Education,07-04-2021,483161,Sanctioned
2535,Tamil Nadu,District_D,Constituency_457,MP_Name_457,TN/855/2021-2022/3535 - Construction of Sanitation facility,Roads,13-09-2021,1639280,Sanctioned
2536,Tamil Nadu,District_A,Constituency_457,MP_Name_457,TN/415/2021-2022/3536 - Construction of Electricity facility,Education,12-04-2023,1261113,Sanctioned
2537,Tamil Nadu,District_B,Constituency_457,MP_Name_457,TN/346/2021-2022/3537 - Construction of Education facility,Drinking Water,18-05-2021,904638,Sanctioned
2538,Tamil Nadu,District_C,Constituency_457,MP_Name_457,TN/977/2023-2024/3538 - Construction of Health facility,Drinking Water,30-01-2021,1392369,Sanctioned
2539,Tamil Nadu,District_B,Constituency_457,MP_Name_457,TN/450/2021-2022/3539 - Construction of Electricity facility,Education,15-09-2024,653159,Sanctioned
2540,West Bengal,District_A,Constituency_458,MP_Name_458,WB/205/2021-2022/3540 - Construction of Sanitation facility,Education,30-03-2022,655167,Sanctioned
2541,West Bengal,District_E,Constituency_458,MP_Name_458,WB/221/2023-2024/3541 - Construction of Health facility,Roads,11-09-2024,1864914,Sanctioned
2542,West Bengal,District_E,Constituency_458,MP_Name_458,WB/192/2021-2022/3542 - Construction of Roads facility,Health,10-10-2022,644795,Sanctioned
2543,Delhi,District_C,Constituency_459,MP_Name_459,DL/821/2021-2022/3543 - Construction of Health facility,Education,08-04-2024,918219,Sanctioned
2544,Delhi,District_C,Constituency_459,MP_Name_459,DL/327/2021-2022/3544 - Construction of Sanitation facility,Drinking Water,23-12-2021,1479386,Sanctioned
2545,Delhi,District_A,Constituency_459,MP_Name_459,DL/320/2021-2022/3545 - Construction of Drinking Water facility,Roads,24-12-2022,1203218,Sanctioned
2546,Delhi,District_B,Constituency_459,MP_Name_459,DL/811/2021-2022/3546 - Construction of Electricity facility,Electricity,30-01-2022,1197673,Sanctioned
2547,Delhi,District_A,Constituency_459,MP_Name_459,DL/292/2022-2023/3547 - Construction of Health facility,Drinking Water,27-02-2024,674207,Sanctioned
2548,Delhi,District_D,Constituency_459,MP_Name_459,DL/251/2021-2022/3548 - Construction of Drinking Water facility,Drinking Water,10-11-2024,551094,Sanctioned
2549,Maharashtra,District_E,Constituency_460,MP_Name_460,MH/523/2022-2023/3549 - Construction of Sanitation facility,Roads,13-07-2021,1821254,Sanctioned
2550,Maharashtra,District_A,Constituency_460,MP_Name_460,MH/213/2021-2022/3550 - Construction of Electricity facility,Health,13-10-2021,1366448,Sanctioned
2551,Maharashtra,District_E,Constituency_460,MP_Name_460,MH/582/2023-2024/3551 - Construction of Roads facility,Health,12-03-2023,640411,Sanctioned
2552,Maharashtra,District_C,Constituency_460,MP_Name_460,MH/339/2022-2023/3552 - Construction of Drinking Water facility,Health,25-01-2022,840244,Sanctioned
2553,Maharashtra,District_B,Constituency_460,MP_Name_460,MH/437/2021-2022/3553 - Construction of Drinking Water facility,Health,13-05-2022,501865,Sanctioned
2554,Maharashtra,District_D,Constituency_460,MP_Name_460,MH/788/2021-2022/3554 - Construction of Drinking Water facility,Health,10-09-2024,1263426,Sanctioned
2555,Maharashtra,District_B,Constituency_460,MP_Name_460,MH/178/2022-2023/3555 - Construction of Education facility,Health,29-10-2023,587603,Sanctioned
2556,Maharashtra,District_C,Constituency_460,MP_Name_460,MH/239/2022-2023/3556 - Construction of Health facility,Sanitation,22-10-2021,910633,Sanctioned
2557,Maharashtra,District_E,Constituency_461,MP_Name_461,MH/450/2022-2023/3557 - Construction of Electricity facility,Health,20-01-2023,435208,Sanctioned
2558,Maharashtra,District_D,Constituency_461,MP_Name_461,MH/385/2021-2022/3558 - Construction of Electricity facility,Drinking Water,12-05-2023,912340,Sanctioned
2559,Maharashtra,District_B,Constituency_461,MP_Name_461,MH/249/2021-2022/3559 - Construction of Drinking Water facility,Roads,22-10-2022,1131998,Sanctioned
2560,Maharashtra,District_C,Constituency_461,MP_Name_461,MH/573/2023-2024/3560 - Construction of Electricity facility,Drinking Water,13-05-2024,1141467,Sanctioned
2561,Maharashtra,District_B,Constituency_461,MP_Name_461,MH/772/2021-2022/3561 - Construction of Electricity facility,Education,16-10-2022,1190434,Sanctioned
2562,Maharashtra,District_D,Constituency_461,MP_Name_461,MH/937/2022-2023/3562 - Construction of Roads facility,Electricity,16-10-2021,872900,Sanctioned
2563,Maharashtra,District_D,Constituency_461,MP_Name_461,MH/341/2021-2022/3563 - Construction of Education facility,Roads,01-12-2021,1488726,Sanctioned
2564,Maharashtra,District_C,Constituency_461,MP_Name_461,MH/823/2023-2024/3564 - Construction of Drinking Water facility,Drinking Water,06-07-2024,1084586,Sanctioned
2565,Tamil Nadu,District_B,Constituency_462,MP_Name_462,TN/783/2021-2022/3565 - Construction of Roads facility,Roads,09-06-2022,1642361,Sanctioned
2566,Tamil Nadu,District_B,Constituency_462,MP_Name_462,TN/116/2023-2024/3566 - Construction of Roads facility,Education,20-08-2021,1490526,Sanctioned
2567,Tamil Nadu,District_D,Constituency_462,MP_Name_462,TN/242/2022-2023/3567 - Construction of Sanitation facility,Roads,16-04-2024,825652,Sanctioned
2568,Tamil Nadu,District_C,Constituency_462,MP_Name_462,TN/221/2023-2024/3568 - Construction of Sanitation facility,Roads,05-12-2022,1679466,Sanctioned
2569,Tamil Nadu,District_B,Constituency_462,MP_Name_462,TN/915/2021-2022/3569 - Construction of Roads facility,Roads,08-08-2023,1119864,Sanctioned
2570,Tamil Nadu,District_C,Constituency_462,MP_Name_462,TN/957/2021-2022/3570 - Construction of Sanitation facility,Electricity,18-09-2023,957287,Sanctioned
2571,Karnataka,District_B,Constituency_463,MP_Name_463,KA/925/2021-2022/3571 - Construction of Health facility,Sanitation,18-10-2021,1894416,Sanctioned
2572,Karnataka,District_A,Constituency_463,MP_Name_463,KA/740/2022-2023/3572 - Construction of Education facility,Drinking Water,01-12-2021,973659,Sanctioned
2573,Karnataka,District_A,Constituency_463,MP_Name_463,KA/137/2023-2024/3573 - Construction of Education facility,Drinking Water,22-04-2022,1565238,Sanctioned
2574,Karnataka,District_E,Constituency_463,MP_Name_463,KA/659/2023-2024/3574 - Construction of Health facility,Electricity,04-02-2021,1171973,Sanctioned
2575,Uttar Pradesh,District_D,Constituency_464,MP_Name_464,UP/191/2021-2022/3575 - Construction of Roads facility,Sanitation,15-11-2023,1772314,Sanctioned
2576,Uttar Pradesh,District_C,Constituency_464,MP_Name_464,UP/866/2023-2024/3576 - Construction of Drinking Water facility,Education,22-08-2021,1387897,Sanctioned
2577,Uttar Pradesh,District_E,Constituency_464,MP_Name_464,UP/665/2021-2022/3577 - Construction of Drinking Water facility,Education,28-09-2023,1360622,Sanctioned
2578,Uttar Pradesh,District_E,Constituency_464,MP_Name_464,UP/757/2023-2024/3578 - Construction of Sanitation facility,Drinking Water,27-05-2023,1131371,Sanctioned
2579,Uttar Pradesh,District_B,Constituency_464,MP_Name_464,UP/359/2022-2023/3579 - Construction of Electricity facility,Sanitation,31-08-2024,1614954,Sanctioned
2580,Uttar Pradesh,District_E,Constituency_464,MP_Name_464,UP/178/2023-2024/3580 - Construction of Health facility,Roads,29-04-2023,1868946,Sanctioned
2581,Uttar Pradesh,District_C,Constituency_464,MP_Name_464,UP/551/2021-2022/3581 - Construction of Electricity facility,Sanitation,07-04-2021,655476,Sanctioned
2582,Uttar Pradesh,District_C,Constituency_464,MP_Name_464,UP/105/2021-2022/3582 - Construction of Roads facility,Electricity,26-09-2023,1536993,Sanctioned
2583,Karnataka,District_D,Constituency_465,MP_Name_465,KA/749/2022-2023/3583 - Construction of Education facility,Health,23-08-2021,1706432,Sanctioned
2584,Karnataka,District_C,Constituency_465,MP_Name_465,KA/363/2021-2022/3584 - Construction of Education facility,Health,10-12-2022,701986,Sanctioned
2585,Karnataka,District_B,Constituency_465,MP_Name_465,KA/167/2023-2024/3585 - Construction of Education facility,Education,23-01-2024,1131588,Sanctioned
2586,Karnataka,District_A,Constituency_465,MP_Name_465,KA/263/2021-2022/3586 - Construction of Education facility,Drinking Water,12-04-2021,761078,Sanctioned
2587,Karnataka,District_A,Constituency_465,MP_Name_465,KA/648/2021-2022/3587 - Construction of Health facility,Education,23-03-2022,1220504,Sanctioned
2588,Karnataka,District_C,Constituency_465,MP_Name_465,KA/951/2022-2023/3588 - Construction of Drinking Water facility,Electricity,04-08-2024,740501,Sanctioned
2589,Tamil Nadu,District_C,Constituency_466,MP_Name_466,TN/438/2022-2023/3589 - Construction of Health facility,Roads,12-01-2024,854833,Sanctioned
2590,Tamil Nadu,District_B,Constituency_466,MP_Name_466,TN/111/2021-2022/3590 - Construction of Drinking Water facility,Sanitation,03-08-2021,452976,Sanctioned
2591,Tamil Nadu,District_A,Constituency_466,MP_Name_466,TN/868/2023-2024/3591 - Construction of Roads facility,Roads,01-01-2022,1639155,Sanctioned
2592,Tamil Nadu,District_D,Constituency_466,MP_Name_466,TN/611/2021-2022/3592 - Construction of Roads facility,Roads,19-12-2021,1678752,Sanctioned
2593,Bihar,District_B,Constituency_467,MP_Name_467,BR/217/2023-2024/3593 - Construction of Roads facility,Roads,15-02-2022,670327,Sanctioned
2594,Bihar,District_E,Constituency_467,MP_Name_467,BR/431/2021-2022/3594 - Construction of Drinking Water facility,Sanitation,22-09-2022,1486323,Sanctioned
2595,Bihar,District_E,Constituency_467,MP_Name_467,BR/628/2022-2023/3595 - Construction of Sanitation facility,Drinking Water,24-06-2023,1287536,Sanctioned
2596,Bihar,District_A,Constituency_467,MP_Name_467,BR/919/2023-2024/3596 - Construction of Health facility,Health,08-01-2022,1522533,Sanctioned
2597,Bihar,District_B,Constituency_467,MP_Name_467,BR/130/2021-2022/3597 - Construction of Roads facility,Education,12-09-2024,1360222,Sanctioned
2598,Bihar,District_E,Constituency_467,MP_Name_467,BR/940/2022-2023/3598 - Construction of Electricity facility,Sanitation,17-12-2022,739387,Sanctioned
2599,Bihar,District_B,Constituency_467,MP_Name_467,BR/965/2021-2022/3599 - Construction of Roads facility,Roads,31-01-2021,581939,Sanctioned
2600,Bihar,District_E,Constituency_467,MP_Name_467,BR/629/2022-2023/3600 - Construction of Education facility,Education,04-11-2023,1275590,Sanctioned
2601,West Bengal,District_D,Constituency_468,MP_Name_468,WB/697/2023-2024/3601 - Construction of Sanitation facility,Health,06-05-2023,628248,Sanctioned
2602,West Bengal,District_A,Constituency_468,MP_Name_468,WB/853/2021-2022/3602 - Construction of Health facility,Roads,24-08-2021,1097175,Sanctioned
2603,West Bengal,District_C,Constituency_468,MP_Name_468,WB/495/2021-2022/3603 - Construction of Roads facility,Roads,14-07-2023,1426843,Sanctioned
2604,West Bengal,District_D,Constituency_468,MP_Name_468,WB/568/2023-2024/3604 - Construction of Drinking Water facility,Education,09-02-2024,800685,Sanctioned
2605,West Bengal,District_D,Constituency_468,MP_Name_468,WB/968/2022-2023/3605 - Construction of Sanitation facility,Sanitation,15-10-2022,799170,Sanctioned
2606,West Bengal,District_B,Constituency_468,MP_Name_468,WB/170/2022-2023/3606 - Construction of Education facility,Electricity,13-01-2022,716531,Sanctioned
2607,Gujarat,District_B,Constituency_469,MP_Name_469,GJ/278/2023-2024/3607 - Construction of Drinking Water facility,Sanitation,05-03-2021,1822641,Sanctioned
2608,Gujarat,District_B,Constituency_469,MP_Name_469,GJ/705/2021-2022/3608 - Construction of Sanitation facility,Drinking Water,06-11-2023,1814433,Sanctioned
2609,Gujarat,District_D,Constituency_469,MP_Name_469,GJ/778/2022-2023/3609 - Construction of Drinking Water facility,Education,16-08-2024,1219680,Sanctioned
2610,Gujarat,District_D,Constituency_469,MP_Name_469,GJ/147/2021-2022/3610 - Construction of Electricity facility,Drinking Water,10-04-2024,831812,Sanctioned
2611,Gujarat,District_A,Constituency_469,MP_Name_469,GJ/937/2022-2023/3611 - Construction of Drinking Water facility,Sanitation,08-12-2021,812626,Sanctioned
2612,Madhya Pradesh,District_C,Constituency_470,MP_Name_470,MP/627/2022-2023/3612 - Construction of Electricity facility,Education,20-09-2023,586692,Sanctioned
2613,Madhya Pradesh,District_A,Constituency_470,MP_Name_470,MP/191/2023-2024/3613 - Construction of Sanitation facility,Electricity,02-05-2023,442862,Sanctioned
2614,Madhya Pradesh,District_B,Constituency_470,MP_Name_470,MP/231/2023-2024/3614 - Construction of Health facility,Roads,06-02-2022,1884781,Sanctioned
2615,Madhya Pradesh,District_B,Constituency_470,MP_Name_470,MP/896/2022-2023/3615 - Construction of Sanitation facility,Roads,27-05-2023,1480283,Sanctioned
2616,Madhya Pradesh,District_A,Constituency_470,MP_Name_470,MP/191/2022-2023/3616 - Construction of Electricity facility,Electricity,12-07-2023,630645,Sanctioned
2617,Madhya Pradesh,District_C,Constituency_471,MP_Name_471,MP/289/2023-2024/3617 - Construction of Drinking Water facility,Electricity,01-12-2022,417727,Sanctioned
2618,Madhya Pradesh,District_A,Constituency_471,MP_Name_471,MP/768/2021-2022/3618 - Construction of Electricity facility,Drinking Water,03-05-2024,1451775,Sanctioned
2619,Madhya Pradesh,District_A,Constituency_471,MP_Name_471,MP/379/2023-2024/3619 - Construction of Drinking Water facility,Drinking Water,04-04-2021,1422155,Sanctioned
2620,Madhya Pradesh,District_D,Constituency_471,MP_Name_471,MP/213/2021-2022/3620 - Construction of Education facility,Roads,28-01-2024,1074958,Sanctioned
2621,Madhya Pradesh,District_E,Constituency_471,MP_Name_471,MP/255/2022-2023/3621 - Construction of Health facility,Roads,10-04-2023,1433197,Sanctioned
2622,Madhya Pradesh,District_D,Constituency_471,MP_Name_471,MP/976/2021-2022/3622 - Construction of Sanitation facility,Electricity,07-11-2024,1419335,Sanctioned
2623,Karnataka,District_A,Constituency_472,MP_Name_472,KA/860/2022-2023/3623 - Construction of Roads facility,Electricity,03-08-2022,1392611,Sanctioned
2624,Karnataka,District_E,Constituency_472,MP_Name_472,KA/987/2021-2022/3624 - Construction of Electricity facility,Roads,22-05-2022,883870,Sanctioned
2625,Karnataka,District_B,Constituency_472,MP_Name_472,KA/733/2023-2024/3625 - Construction of Education facility,Sanitation,23-12-2022,444081,Sanctioned
2626,Karnataka,District_D,Constituency_472,MP_Name_472,KA/758/2022-2023/3626 - Construction of Roads facility,Health,20-03-2024,1765236,Sanctioned
2627,Karnataka,District_E,Constituency_473,MP_Name_473,KA/776/2023-2024/3627 - Construction of Electricity facility,Electricity,24-11-2022,516762,Sanctioned
2628,Karnataka,District_E,Constituency_473,MP_Name_473,KA/981/2022-2023/3628 - Construction of Drinking Water facility,Health,23-08-2024,755451,Sanctioned
2629,Karnataka,District_C,Constituency_473,MP_Name_473,KA/492/2021-2022/3629 - Construction of Education facility,Sanitation,15-07-2021,728075,Sanctioned
2630,Karnataka,District_A,Constituency_473,MP_Name_473,KA/720/2021-2022/3630 - Construction of Sanitation facility,Health,04-12-2023,1123284,Sanctioned
2631,Karnataka,District_E,Constituency_473,MP_Name_473,KA/315/2022-2023/3631 - Construction of Education facility,Drinking Water,20-10-2022,1856797,Sanctioned
2632,Karnataka,District_B,Constituency_473,MP_Name_473,KA/786/2021-2022/3632 - Construction of Drinking Water facility,Sanitation,26-05-2023,667846,Sanctioned
2633,Karnataka,District_E,Constituency_473,MP_Name_473,KA/766/2021-2022/3633 - Construction of Drinking Water facility,Roads,19-06-2022,1009700,Sanctioned
2634,Karnataka,District_D,Constituency_474,MP_Name_474,KA/366/2022-2023/3634 - Construction of Health facility,Education,09-07-2024,1456423,Sanctioned
2635,Karnataka,District_B,Constituency_474,MP_Name_474,KA/700/2022-2023/3635 - Construction of Health facility,Education,24-06-2024,1029659,Sanctioned
2636,Karnataka,District_C,Constituency_474,MP_Name_474,KA/805/2021-2022/3636 - Construction of Electricity facility,Roads,27-07-2024,1485067,Sanctioned
2637,Bihar,District_D,Constituency_475,MP_Name_475,BR/460/2023-2024/3637 - Construction of Roads facility,Education,13-08-2021,1125602,Sanctioned
2638,Bihar,District_E,Constituency_475,MP_Name_475,BR/390/2021-2022/3638 - Construction of Sanitation facility,Education,06-06-2022,545707,Sanctioned
2639,Bihar,District_C,Constituency_475,MP_Name_475,BR/927/2021-2022/3639 - Construction of Drinking Water facility,Education,04-12-2023,1170542,Sanctioned
2640,Bihar,District_C,Constituency_475,MP_Name_475,BR/852/2023-2024/3640 - Construction of Roads facility,Drinking Water,21-03-2021,1389951,Sanctioned
2641,Bihar,District_B,Constituency_475,MP_Name_475,BR/662/2021-2022/3641 - Construction of Drinking Water facility,Electricity,25-01-2024,945917,Sanctioned
2642,Bihar,District_D,Constituency_475,MP_Name_475,BR/348/2023-2024/3642 - Construction of Sanitation facility,Electricity,23-05-2021,461429,Sanctioned
2643,Bihar,District_C,Constituency_475,MP_Name_475,BR/840/2021-2022/3643 - Construction of Drinking Water facility,Health,11-12-2021,630225,Sanctioned
2644,Gujarat,District_E,Constituency_476,MP_Name_476,GJ/151/2022-2023/3644 - Construction of Health facility,Sanitation,23-09-2023,1233057,Sanctioned
2645,Gujarat,District_A,Constituency_476,MP_Name_476,GJ/849/2022-2023/3645 - Construction of Drinking Water facility,Education,09-08-2023,1440056,Sanctioned
2646,Gujarat,District_C,Constituency_476,MP_Name_476,GJ/122/2023-2024/3646 - Construction of Sanitation facility,Education,18-02-2021,1738732,Sanctioned
2647,Gujarat,District_B,Constituency_476,MP_Name_476,GJ/365/2023-2024/3647 - Construction of Sanitation facility,Roads,19-03-2022,978636,Sanctioned
2648,Gujarat,District_D,Constituency_476,MP_Name_476,GJ/158/2023-2024/3648 - Construction of Health facility,Sanitation,09-09-2024,1057351,Sanctioned
2649,Gujarat,District_B,Constituency_476,MP_Name_476,GJ/167/2021-2022/3649 - Construction of Education facility,Health,06-11-2024,1893521,Sanctioned
2650,Gujarat,District_A,Constituency_476,MP_Name_476,GJ/922/2021-2022/3650 - Construction of Electricity facility,Sanitation,12-10-2024,1384830,Sanctioned
2651,Delhi,District_C,Constituency_477,MP_Name_477,DL/967/2023-2024/3651 - Construction of Sanitation facility,Education,01-01-2022,1137359,Sanctioned
2652,Delhi,District_B,Constituency_477,MP_Name_477,DL/745/2023-2024/3652 - Construction of Roads facility,Electricity,17-10-2021,1277713,Sanctioned
2653,Delhi,District_E,Constituency_477,MP_Name_477,DL/955/2023-2024/3653 - Construction of Education facility,Drinking Water,17-04-2021,678518,Sanctioned
2654,Delhi,District_B,Constituency_477,MP_Name_477,DL/381/2022-2023/3654 - Construction of Electricity facility,Sanitation,11-12-2022,1138250,Sanctioned
2655,Karnataka,District_E,Constituency_478,MP_Name_478,KA/611/2023-2024/3655 - Construction of Education facility,Sanitation,14-04-2021,830202,Sanctioned
2656,Karnataka,District_E,Constituency_478,MP_Name_478,KA/155/2021-2022/3656 - Construction of Health facility,Education,06-07-2022,1714798,Sanctioned
2657,Karnataka,District_B,Constituency_478,MP_Name_478,KA/936/2022-2023/3657 - Construction of Drinking Water facility,Education,07-07-2024,1792232,Sanctioned
2658,Karnataka,District_B,Constituency_478,MP_Name_478,KA/625/2021-2022/3658 - Construction of Drinking Water facility,Education,26-08-2023,1519305,Sanctioned
2659,West Bengal,District_A,Constituency_479,MP_Name_479,WB/746/2023-2024/3659 - Construction of Education facility,Electricity,23-10-2024,1558521,Sanctioned
2660,West Bengal,District_E,Constituency_479,MP_Name_479,WB/502/2023-2024/3660 - Construction of Electricity facility,Sanitation,22-02-2024,776834,Sanctioned
2661,West Bengal,District_E,Constituency_479,MP_Name_479,WB/998/2023-2024/3661 - Construction of Education facility,Education,01-06-2024,1886868,Sanctioned
2662,West Bengal,District_C,Constituency_479,MP_Name_479,WB/860/2021-2022/3662 - Construction of Drinking Water facility,Drinking Water,19-05-2022,945922,Sanctioned
2663,West Bengal,District_D,Constituency_479,MP_Name_479,WB/738/2022-2023/3663 - Construction of Sanitation facility,Education,31-03-2024,1867639,Sanctioned
2664,West Bengal,District_A,Constituency_480,MP_Name_480,WB/195/2021-2022/3664 - Construction of Education facility,Electricity,21-03-2023,1138403,Sanctioned
2665,West Bengal,District_D,Constituency_480,MP_Name_480,WB/300/2022-2023/3665 - Construction of Electricity facility,Education,09-12-2021,1875643,Sanctioned
2666,West Bengal,District_E,Constituency_480,MP_Name_480,WB/152/2021-2022/3666 - Construction of Health facility,Electricity,24-09-2021,453673,Sanctioned
2667,Maharashtra,District_C,Constituency_481,MP_Name_481,MH/946/2023-2024/3667 - Construction of Roads facility,Roads,26-10-2023,1827050,Sanctioned
2668,Maharashtra,District_D,Constituency_481,MP_Name_481,MH/965/2023-2024/3668 - Construction of Electricity facility,Health,03-02-2022,671279,Sanctioned
2669,Maharashtra,District_E,Constituency_481,MP_Name_481,MH/585/2022-2023/3669 - Construction of Education facility,Roads,11-11-2023,1786169,Sanctioned
2670,Maharashtra,District_D,Constituency_481,MP_Name_481,MH/702/2023-2024/3670 - Construction of Electricity facility,Health,25-01-2024,1107496,Sanctioned
2671,Maharashtra,District_D,Constituency_482,MP_Name_482,MH/150/2021-2022/3671 - Construction of Education facility,Roads,06-03-2023,1860487,Sanctioned
2672,Maharashtra,District_E,Constituency_482,MP_Name_482,MH/473/2022-2023/3672 - Construction of Health facility,Sanitation,23-02-2024,974637,Sanctioned
2673,Maharashtra,District_C,Constituency_482,MP_Name_482,MH/679/2022-2023/3673 - Construction of Roads facility,Education,05-06-2021,1288088,Sanctioned
2674,Maharashtra,District_B,Constituency_482,MP_Name_482,MH/115/2022-2023/3674 - Construction of Education facility,Health,27-04-2023,1316057,Sanctioned
2675,Maharashtra,District_C,Constituency_482,MP_Name_482,MH/265/2022-2023/3675 - Construction of Electricity facility,Health,28-11-2023,1667249,Sanctioned
2676,Maharashtra,District_C,Constituency_482,MP_Name_482,MH/617/2021-2022/3676 - Construction of Drinking Water facility,Electricity,09-05-2023,1372320,Sanctioned
2677,Maharashtra,District_A,Constituency_482,MP_Name_482,MH/924/2022-2023/3677 - Construction of Roads facility,Sanitation,17-12-2021,1142461,Sanctioned
2678,Maharashtra,District_C,Constituency_482,MP_Name_482,MH/876/2022-2023/3678 - Construction of Education facility,Drinking Water,10-12-2023,621990,Sanctioned
2679,Tamil Nadu,District_A,Constituency_483,MP_Name_483,TN/246/2023-2024/3679 - Construction of Sanitation facility,Health,27-04-2023,787070,Sanctioned
2680,Tamil Nadu,District_E,Constituency_483,MP_Name_483,TN/285/2021-2022/3680 - Construction of Drinking Water facility,Roads,17-01-2023,1094107,Sanctioned
2681,Tamil Nadu,District_D,Constituency_483,MP_Name_483,TN/216/2022-2023/3681 - Construction of Electricity facility,Sanitation,04-05-2024,1367606,Sanctioned
2682,Tamil Nadu,District_C,Constituency_483,MP_Name_483,TN/559/2023-2024/3682 - Construction of Education facility,Health,20-09-2021,1523587,Sanctioned
2683,Karnataka,District_D,Constituency_484,MP_Name_484,KA/649/2023-2024/3683 - Construction of Roads facility,Education,18-12-2024,441366,Sanctioned
2684,Karnataka,District_A,Constituency_484,MP_Name_484,KA/748/2021-2022/3684 - Construction of Sanitation facility,Education,25-10-2024,1560571,Sanctioned
2685,Karnataka,District_D,Constituency_484,MP_Name_484,KA/154/2022-2023/3685 - Construction of Health facility,Sanitation,09-04-2021,1517634,Sanctioned
2686,Karnataka,District_A,Constituency_484,MP_Name_484,KA/470/2023-2024/3686 - Construction of Electricity facility,Education,23-07-2021,660468,Sanctioned
2687,Karnataka,District_D,Constituency_484,MP_Name_484,KA/381/2023-2024/3687 - Construction of Sanitation facility,Sanitation,26-05-2023,1313871,Sanctioned
2688,Delhi,District_E,Constituency_485,MP_Name_485,DL/980/2021-2022/3688 - Construction of Sanitation facility,Health,16-09-2021,847280,Sanctioned
2689,Delhi,District_D,Constituency_485,MP_Name_485,DL/425/2023-2024/3689 - Construction of Sanitation facility,Sanitation,24-11-2021,1049208,Sanctioned
2690,Delhi,District_A,Constituency_485,MP_Name_485,DL/444/2023-2024/3690 - Construction of Health facility,Education,22-06-2023,1558146,Sanctioned
2691,Delhi,District_B,Constituency_485,MP_Name_485,DL/472/2022-2023/3691 - Construction of Sanitation facility,Sanitation,06-05-2022,1598559,Sanctioned
2692,Delhi,District_C,Constituency_485,MP_Name_485,DL/538/2022-2023/3692 - Construction of Sanitation facility,Electricity,12-07-2024,1071385,Sanctioned
2693,Delhi,District_A,Constituency_485,MP_Name_485,DL/207/2021-2022/3693 - Construction of Drinking Water facility,Electricity,26-01-2022,1361084,Sanctioned
2694,Maharashtra,District_D,Constituency_486,MP_Name_486,MH/214/2022-2023/3694 - Construction of Health facility,Electricity,30-05-2021,400661,Sanctioned
2695,Maharashtra,District_B,Constituency_486,MP_Name_486,MH/320/2023-2024/3695 - Construction of Education facility,Electricity,15-02-2021,1103724,Sanctioned
2696,Maharashtra,District_D,Constituency_486,MP_Name_486,MH/388/2022-2023/3696 - Construction of Sanitation facility,Education,21-11-2024,1749971,Sanctioned
2697,Maharashtra,District_B,Constituency_486,MP_Name_486,MH/296/2022-2023/3697 - Construction of Electricity facility,Sanitation,21-06-2022,1541744,Sanctioned
2698,Maharashtra,District_E,Constituency_486,MP_Name_486,MH/120/2021-2022/3698 - Construction of Roads facility,Drinking Water,03-10-2022,1759186,Sanctioned
2699,Maharashtra,District_A,Constituency_486,MP_Name_486,MH/419/2022-2023/3699 - Construction of Education facility,Sanitation,28-02-2024,1727631,Sanctioned
2700,Maharashtra,District_C,Constituency_486,MP_Name_486,MH/241/2023-2024/3700 - Construction of Drinking Water facility,Sanitation,07-01-2022,1707250,Sanctioned
2701,West Bengal,District_A,Constituency_487,MP_Name_487,WB/861/2023-2024/3701 - Construction of Sanitation facility,Sanitation,18-06-2022,487285,Sanctioned
2702,West Bengal,District_A,Constituency_487,MP_Name_487,WB/341/2023-2024/3702 - Construction of Drinking Water facility,Drinking Water,27-09-2023,529618,Sanctioned
2703,West Bengal,District_C,Constituency_487,MP_Name_487,WB/544/2022-2023/3703 - Construction of Education facility,Roads,09-01-2022,1884870,Sanctioned
2704,Delhi,District_C,Constituency_488,MP_Name_488,DL/666/2022-2023/3704 - Construction of Roads facility,Education,24-12-2022,813545,Sanctioned
2705,Delhi,District_A,Constituency_488,MP_Name_488,DL/126/2022-2023/3705 - Construction of Drinking Water facility,Sanitation,27-08-2023,686919,Sanctioned
2706,Delhi,District_C,Constituency_488,MP_Name_488,DL/706/2023-2024/3706 - Construction of Drinking Water facility,Sanitation,27-07-2022,751615,Sanctioned
2707,Delhi,District_B,Constituency_488,MP_Name_488,DL/285/2021-2022/3707 - Construction of Health facility,Roads,20-11-2024,1350344,Sanctioned
2708,Delhi,District_E,Constituency_488,MP_Name_488,DL/612/2023-2024/3708 - Construction of Education facility,Health,30-12-2022,1730267,Sanctioned
2709,Delhi,District_A,Constituency_488,MP_Name_488,DL/933/2022-2023/3709 - Construction of Roads facility,Drinking Water,24-07-2024,1314134,Sanctioned
2710,Bihar,District_C,Constituency_489,MP_Name_489,BR/211/2022-2023/3710 - Construction of Education facility,Sanitation,20-01-2024,1773744,Sanctioned
2711,Bihar,District_C,Constituency_489,MP_Name_489,BR/436/2021-2022/3711 - Construction of Education facility,Drinking Water,05-05-2021,1438354,Sanctioned
2712,Bihar,District_E,Constituency_489,MP_Name_489,BR/905/2023-2024/3712 - Construction of Sanitation facility,Education,13-02-2024,1420079,Sanctioned
2713,Bihar,District_B,Constituency_489,MP_Name_489,BR/863/2022-2023/3713 - Construction of Roads facility,Drinking Water,28-12-2022,1233609,Sanctioned
2714,Bihar,District_B,Constituency_489,MP_Name_489,BR/717/2021-2022/3714 - Construction of Roads facility,Drinking Water,18-05-2022,1374761,Sanctioned
2715,Bihar,District_D,Constituency_489,MP_Name_489,BR/326/2023-2024/3715 - Construction of Sanitation facility,Sanitation,21-05-2022,1544361,Sanctioned
2716,Bihar,District_E,Constituency_489,MP_Name_489,BR/251/2022-2023/3716 - Construction of Drinking Water facility,Education,05-03-2021,707735,Sanctioned
2717,Bihar,District_C,Constituency_489,MP_Name_489,BR/566/2021-2022/3717 - Construction of Health facility,Drinking Water,22-08-2021,1455498,Sanctioned
2718,West Bengal,District_A,Constituency_490,MP_Name_490,WB/640/2022-2023/3718 - Construction of Drinking Water facility,Drinking Water,09-12-2021,776059,Sanctioned
2719,West Bengal,District_E,Constituency_490,MP_Name_490,WB/495/2023-2024/3719 - Construction of Electricity facility,Sanitation,16-09-2022,425316,Sanctioned
2720,West Bengal,District_A,Constituency_490,MP_Name_490,WB/264/2022-2023/3720 - Construction of Health facility,Roads,06-11-2021,1525065,Sanctioned
2721,West Bengal,District_D,Constituency_490,MP_Name_490,WB/574/2022-2023/3721 - Construction of Electricity facility,Drinking Water,07-12-2022,926406,Sanctioned
2722,West Bengal,District_E,Constituency_490,MP_Name_490,WB/932/2021-2022/3722 - Construction of Drinking Water facility,Electricity,24-05-2023,1236447,Sanctioned
2723,West Bengal,District_B,Constituency_490,MP_Name_490,WB/237/2022-2023/3723 - Construction of Electricity facility,Roads,21-03-2023,1889104,Sanctioned
2724,Bihar,District_C,Constituency_491,MP_Name_491,BR/334/2022-2023/3724 - Construction of Electricity facility,Sanitation,07-07-2024,1868131,Sanctioned
2725,Bihar,District_C,Constituency_491,MP_Name_491,BR/163/2023-2024/3725 - Construction of Sanitation facility,Education,16-09-2022,1075583,Sanctioned
2726,Bihar,District_E,Constituency_491,MP_Name_491,BR/617/2023-2024/3726 - Construction of Sanitation facility,Electricity,21-10-2021,1378558,Sanctioned
2727,Bihar,District_E,Constituency_491,MP_Name_491,BR/579/2021-2022/3727 - Construction of Electricity facility,Electricity,16-03-2022,1283279,Sanctioned
2728,Bihar,District_C,Constituency_491,MP_Name_491,BR/548/2022-2023/3728 - Construction of Sanitation facility,Sanitation,02-02-2022,1104413,Sanctioned
2729,Bihar,District_E,Constituency_491,MP_Name_491,BR/661/2023-2024/3729 - Construction of Drinking Water facility,Sanitation,25-02-2022,1291369,Sanctioned
2730,Bihar,District_A,Constituency_491,MP_Name_491,BR/160/2022-2023/3730 - Construction of Roads facility,Electricity,05-02-2022,1542534,Sanctioned
2731,Bihar,District_D,Constituency_491,MP_Name_491,BR/342/2021-2022/3731 - Construction of Sanitation facility,Electricity,24-05-2021,716028,Sanctioned
2732,Rajasthan,District_A,Constituency_492,MP_Name_492,RJ/457/2023-2024/3732 - Construction of Sanitation facility,Drinking Water,25-11-2022,466064,Sanctioned
2733,Rajasthan,District_B,Constituency_492,MP_Name_492,RJ/223/2022-2023/3733 - Construction of Drinking Water facility,Sanitation,21-02-2023,479066,Sanctioned
2734,Rajasthan,District_B,Constituency_492,MP_Name_492,RJ/872/2023-2024/3734 - Construction of Health facility,Health,03-09-2023,1672408,Sanctioned
2735,Rajasthan,District_A,Constituency_492,MP_Name_492,RJ/963/2022-2023/3735 - Construction of Health facility,Sanitation,03-03-2021,634338,Sanctioned
2736,Rajasthan,District_D,Constituency_492,MP_Name_492,RJ/970/2022-2023/3736 - Construction of Electricity facility,Education,24-01-2022,499963,Sanctioned
2737,Maharashtra,District_E,Constituency_493,MP_Name_493,MH/706/2023-2024/3737 - Construction of Roads facility,Roads,01-08-2024,898448,Sanctioned
2738,Maharashtra,District_B,Constituency_493,MP_Name_493,MH/720/2023-2024/3738 - Construction of Sanitation facility,Electricity,08-09-2023,834323,Sanctioned
2739,Maharashtra,District_A,Constituency_493,MP_Name_493,MH/466/2021-2022/3739 - Construction of Education facility,Roads,20-11-2022,459304,Sanctioned
2740,Maharashtra,District_E,Constituency_493,MP_Name_493,MH/711/2023-2024/3740 - Construction of Health facility,Electricity,28-10-2023,1223579,Sanctioned
2741,Maharashtra,District_B,Constituency_493,MP_Name_493,MH/300/2022-2023/3741 - Construction of Education facility,Health,15-03-2021,486807,Sanctioned
2742,Uttar Pradesh,District_D,Constituency_494,MP_Name_494,UP/479/2021-2022/3742 - Construction of Drinking Water facility,Sanitation,07-05-2024,945157,Sanctioned
2743,Uttar Pradesh,District_D,Constituency_494,MP_Name_494,UP/159/2022-2023/3743 - Construction of Health facility,Sanitation,19-06-2022,1030017,Sanctioned
2744,Uttar Pradesh,District_B,Constituency_494,MP_Name_494,UP/987/2023-2024/3744 - Construction of Roads facility,Health,15-04-2024,839693,Sanctioned
2745,Uttar Pradesh,District_B,Constituency_494,MP_Name_494,UP/961/2022-2023/3745 - Construction of Roads facility,Roads,20-06-2023,1096583,Sanctioned
2746,Uttar Pradesh,District_C,Constituency_494,MP_Name_494,UP/710/2022-2023/3746 - Construction of Sanitation facility,Education,07-03-2022,534885,Sanctioned
2747,Uttar Pradesh,District_B,Constituency_494,MP_Name_494,UP/994/2022-2023/3747 - Construction of Roads facility,Drinking Water,16-10-2021,684312,Sanctioned
2748,Gujarat,District_A,Constituency_495,MP_Name_495,GJ/287/2022-2023/3748 - Construction of Health facility,Sanitation,21-08-2024,1525752,Sanctioned
2749,Gujarat,District_A,Constituency_495,MP_Name_495,GJ/755/2023-2024/3749 - Construction of Electricity facility,Roads,09-03-2021,1520862,Sanctioned
2750,Gujarat,District_A,Constituency_495,MP_Name_495,GJ/876/2021-2022/3750 - Construction of Electricity facility,Health,10-11-2023,1126819,Sanctioned
2751,Gujarat,District_A,Constituency_495,MP_Name_495,GJ/462/2023-2024/3751 - Construction of Sanitation facility,Sanitation,23-08-2024,1797876,Sanctioned
2752,Gujarat,District_D,Constituency_495,MP_Name_495,GJ/477/2023-2024/3752 - Construction of Drinking Water facility,Roads,25-08-2023,1821584,Sanctioned
2753,Gujarat,District_A,Constituency_495,MP_Name_495,GJ/152/2021-2022/3753 - Construction of Health facility,Sanitation,19-08-2023,401416,Sanctioned
2754,Gujarat,District_D,Constituency_495,MP_Name_495,GJ/184/2021-2022/3754 - Construction of Drinking Water facility,Sanitation,28-03-2021,534030,Sanctioned
2755,Delhi,District_A,Constituency_496,MP_Name_496,DL/914/2021-2022/3755 - Construction of Roads facility,Health,22-07-2021,693463,Sanctioned
2756,Delhi,District_B,Constituency_496,MP_Name_496,DL/379/2022-2023/3756 - Construction of Education facility,Health,22-12-2024,1338055,Sanctioned
2757,Delhi,District_C,Constituency_496,MP_Name_496,DL/349/2021-2022/3757 - Construction of Health facility,Roads,02-10-2021,1599994,Sanctioned
2758,Delhi,District_A,Constituency_496,MP_Name_496,DL/807/2022-2023/3758 - Construction of Drinking Water facility,Electricity,25-12-2023,1182893,Sanctioned
2759,Delhi,District_A,Constituency_496,MP_Name_496,DL/941/2022-2023/3759 - Construction of Electricity facility,Health,25-02-2022,1542969,Sanctioned
2760,Delhi,District_E,Constituency_496,MP_Name_496,DL/344/2023-2024/3760 - Construction of Health facility,Roads,26-05-2021,740528,Sanctioned
2761,Delhi,District_E,Constituency_496,MP_Name_496,DL/458/2022-2023/3761 - Construction of Drinking Water facility,Drinking Water,05-09-2022,947517,Sanctioned
2762,Gujarat,District_B,Constituency_497,MP_Name_497,GJ/785/2023-2024/3762 - Construction of Electricity facility,Roads,22-09-2023,1378884,Sanctioned
2763,Gujarat,District_E,Constituency_497,MP_Name_497,GJ/652/2022-2023/3763 - Construction of Drinking Water facility,Roads,10-11-2024,1009544,Sanctioned
2764,Gujarat,District_D,Constituency_497,MP_Name_497,GJ/937/2023-2024/3764 - Construction of Roads facility,Drinking Water,19-03-2021,1298632,Sanctioned
2765,Rajasthan,District_A,Constituency_498,MP_Name_498,RJ/218/2021-2022/3765 - Construction of Education facility,Roads,01-09-2022,684465,Sanctioned
2766,Rajasthan,District_E,Constituency_498,MP_Name_498,RJ/504/2021-2022/3766 - Construction of Drinking Water facility,Health,09-09-2024,689191,Sanctioned
2767,Rajasthan,District_C,Constituency_498,MP_Name_498,RJ/654/2022-2023/3767 - Construction of Drinking Water facility,Drinking Water,03-11-2022,1829843,Sanctioned
2768,Rajasthan,District_E,Constituency_498,MP_Name_498,RJ/928/2023-2024/3768 - Construction of Education facility,Health,23-01-2023,1836116,Sanctioned
2769,Rajasthan,District_A,Constituency_498,MP_Name_498,RJ/714/2022-2023/3769 - Construction of Sanitation facility,Drinking Water,21-07-2024,1470014,Sanctioned
2770,Rajasthan,District_C,Constituency_498,MP_Name_498,RJ/893/2022-2023/3770 - Construction of Health facility,Electricity,16-09-2024,1536268,Sanctioned
2771,Rajasthan,District_B,Constituency_499,MP_Name_499,RJ/225/2022-2023/3771 - Construction of Roads facility,Health,19-07-2024,1263185,Sanctioned
2772,Rajasthan,District_B,Constituency_499,MP_Name_499,RJ/185/2023-2024/3772 - Construction of Drinking Water facility,Drinking Water,12-09-2024,1332137,Sanctioned
2773,Rajasthan,District_D,Constituency_499,MP_Name_499,RJ/630/2022-2023/3773 - Construction of Sanitation facility,Drinking Water,02-12-2024,1384064,Sanctioned
2774,Rajasthan,District_D,Constituency_499,MP_Name_499,RJ/582/2022-2023/3774 - Construction of Electricity facility,Health,07-02-2024,860377,Sanctioned
2775,Rajasthan,District_A,Constituency_499,MP_Name_499,RJ/681/2021-2022/3775 - Construction of Sanitation facility,Roads,18-08-2023,817135,Sanctioned
2776,Rajasthan,District_D,Constituency_499,MP_Name_499,RJ/680/2023-2024/3776 - Construction of Sanitation facility,Sanitation,29-09-2022,1196955,Sanctioned
2777,Rajasthan,District_C,Constituency_499,MP_Name_499,RJ/935/2023-2024/3777 - Construction of Health facility,Electricity,05-03-2022,966449,Sanctioned
2778,Gujarat,District_C,Constituency_500,MP_Name_500,GJ/607/2021-2022/3778 - Construction of Electricity facility,Electricity,23-07-2024,1053623,Sanctioned
2779,Gujarat,District_D,Constituency_500,MP_Name_500,GJ/871/2023-2024/3779 - Construction of Drinking Water facility,Health,04-06-2024,1344788,Sanctioned
2780,Gujarat,District_B,Constituency_500,MP_Name_500,GJ/905/2023-2024/3780 - Construction of Education facility,Roads,03-04-2024,1081119,Sanctioned
2781,Delhi,District_E,Constituency_501,MP_Name_501,DL/349/2021-2022/3781 - Construction of Education facility,Education,03-02-2024,1791605,Sanctioned
2782,Delhi,District_B,Constituency_501,MP_Name_501,DL/451/2022-2023/3782 - Construction of Sanitation facility,Health,30-05-2023,1270043,Sanctioned
2783,Delhi,District_D,Constituency_501,MP_Name_501,DL/924/2023-2024/3783 - Construction of Roads facility,Sanitation,23-11-2023,774751,Sanctioned
2784,Delhi,District_B,Constituency_501,MP_Name_501,DL/155/2022-2023/3784 - Construction of Roads facility,Education,21-06-2024,1257951,Sanctioned
2785,Delhi,District_A,Constituency_501,MP_Name_501,DL/706/2023-2024/3785 - Construction of Education facility,Sanitation,12-11-2022,728705,Sanctioned
2786,Delhi,District_B,Constituency_501,MP_Name_501,DL/635/2022-2023/3786 - Construction of Health facility,Drinking Water,06-07-2022,1604899,Sanctioned
2787,Delhi,District_C,Constituency_501,MP_Name_501,DL/179/2022-2023/3787 - Construction of Drinking Water facility,Electricity,01-09-2024,1496765,Sanctioned
2788,Gujarat,District_E,Constituency_502,MP_Name_502,GJ/369/2022-2023/3788 - Construction of Drinking Water facility,Sanitation,17-12-2022,1173679,Sanctioned
2789,Gujarat,District_D,Constituency_502,MP_Name_502,GJ/571/2023-2024/3789 - Construction of Electricity facility,Education,14-02-2022,1864585,Sanctioned
2790,Gujarat,District_C,Constituency_502,MP_Name_502,GJ/270/2023-2024/3790 - Construction of Electricity facility,Sanitation,20-08-2022,1569531,Sanctioned
2791,Gujarat,District_C,Constituency_502,MP_Name_502,GJ/598/2022-2023/3791 - Construction of Drinking Water facility,Health,30-10-2024,1859684,Sanctioned
2792,Gujarat,District_D,Constituency_502,MP_Name_502,GJ/108/2022-2023/3792 - Construction of Electricity facility,Drinking Water,09-01-2023,1465014,Sanctioned
2793,Gujarat,District_E,Constituency_502,MP_Name_502,GJ/870/2021-2022/3793 - Construction of Electricity facility,Drinking Water,28-01-2023,603489,Sanctioned
2794,Gujarat,District_D,Constituency_502,MP_Name_502,GJ/790/2023-2024/3794 - Construction of Electricity facility,Drinking Water,26-01-2022,434786,Sanctioned
2795,Karnataka,District_B,Constituency_503,MP_Name_503,KA/901/2021-2022/3795 - Construction of Roads facility,Sanitation,02-12-2024,1244533,Sanctioned
2796,Karnataka,District_A,Constituency_503,MP_Name_503,KA/310/2021-2022/3796 - Construction of Sanitation facility,Roads,21-06-2024,829217,Sanctioned
2797,Karnataka,District_D,Constituency_503,MP_Name_503,KA/565/2021-2022/3797 - Construction of Roads facility,Health,25-09-2024,897524,Sanctioned
2798,Bihar,District_C,Constituency_504,MP_Name_504,BR/275/2022-2023/3798 - Construction of Roads facility,Education,06-12-2021,1326522,Sanctioned
2799,Bihar,District_C,Constituency_504,MP_Name_504,BR/547/2022-2023/3799 - Construction of Drinking Water facility,Electricity,19-06-2024,442577,Sanctioned
2800,Bihar,District_E,Constituency_504,MP_Name_504,BR/937/2023-2024/3800 - Construction of Sanitation facility,Health,25-08-2023,1627813,Sanctioned
2801,Bihar,District_E,Constituency_504,MP_Name_504,BR/298/2022-2023/3801 - Construction of Electricity facility,Health,13-10-2024,821737,Sanctioned
2802,Rajasthan,District_A,Constituency_505,MP_Name_505,RJ/940/2023-2024/3802 - Construction of Health facility,Drinking Water,18-01-2021,1749239,Sanctioned
2803,Rajasthan,District_C,Constituency_505,MP_Name_505,RJ/565/2021-2022/3803 - Construction of Drinking Water facility,Drinking Water,31-07-2023,1213738,Sanctioned
2804,Rajasthan,District_A,Constituency_505,MP_Name_505,RJ/317/2022-2023/3804 - Construction of Health facility,Education,25-12-2022,1029389,Sanctioned
2805,Rajasthan,District_A,Constituency_505,MP_Name_505,RJ/972/2023-2024/3805 - Construction of Health facility,Electricity,31-01-2023,1027722,Sanctioned
2806,Rajasthan,District_E,Constituency_505,MP_Name_505,RJ/867/2022-2023/3806 - Construction of Sanitation facility,Sanitation,10-01-2023,1673128,Sanctioned
2807,Rajasthan,District_C,Constituency_505,MP_Name_505,RJ/452/2023-2024/3807 - Construction of Electricity facility,Drinking Water,24-05-2023,1011674,Sanctioned
2808,Rajasthan,District_D,Constituency_505,MP_Name_505,RJ/112/2022-2023/3808 - Construction of Sanitation facility,Roads,08-06-2021,567304,Sanctioned
2809,Tamil Nadu,District_A,Constituency_506,MP_Name_506,TN/239/2021-2022/3809 - Construction of Roads facility,Sanitation,30-12-2021,770072,Sanctioned
2810,Tamil Nadu,District_C,Constituency_506,MP_Name_506,TN/881/2022-2023/3810 - Construction of Sanitation facility,Roads,20-04-2024,1235659,Sanctioned
2811,Tamil Nadu,District_D,Constituency_506,MP_Name_506,TN/470/2022-2023/3811 - Construction of Electricity facility,Electricity,13-08-2023,812558,Sanctioned
2812,Tamil Nadu,District_C,Constituency_506,MP_Name_506,TN/391/2021-2022/3812 - Construction of Roads facility,Education,17-03-2021,953417,Sanctioned
2813,Tamil Nadu,District_A,Constituency_506,MP_Name_506,TN/980/2023-2024/3813 - Construction of Education facility,Electricity,18-02-2022,1173093,Sanctioned
2814,Tamil Nadu,District_D,Constituency_506,MP_Name_506,TN/278/2022-2023/3814 - Construction of Health facility,Drinking Water,02-02-2023,1414390,Sanctioned
2815,Tamil Nadu,District_D,Constituency_506,MP_Name_506,TN/118/2021-2022/3815 - Construction of Electricity facility,Roads,17-05-2023,1210698,Sanctioned
2816,Tamil Nadu,District_B,Constituency_506,MP_Name_506,TN/359/2021-2022/3816 - Construction of Sanitation facility,Sanitation,23-10-2021,643157,Sanctioned
2817,Gujarat,District_B,Constituency_507,MP_Name_507,GJ/577/2021-2022/3817 - Construction of Sanitation facility,Health,02-03-2023,1065636,Sanctioned
2818,Gujarat,District_E,Constituency_507,MP_Name_507,GJ/639/2021-2022/3818 - Construction of Electricity facility,Electricity,18-09-2023,841084,Sanctioned
2819,Gujarat,District_D,Constituency_507,MP_Name_507,GJ/117/2021-2022/3819 - Construction of Drinking Water facility,Drinking Water,13-05-2023,1448725,Sanctioned
2820,Gujarat,District_D,Constituency_507,MP_Name_507,GJ/983/2023-2024/3820 - Construction of Drinking Water facility,Health,08-12-2023,1421599,Sanctioned
2821,Gujarat,District_E,Constituency_507,MP_Name_507,GJ/138/2021-2022/3821 - Construction of Electricity facility,Roads,26-04-2022,1810512,Sanctioned
2822,Gujarat,District_C,Constituency_507,MP_Name_507,GJ/760/2023-2024/3822 - Construction of Drinking Water facility,Sanitation,31-03-2022,531756,Sanctioned
2823,West Bengal,District_A,Constituency_508,MP_Name_508,WB/661/2021-2022/3823 - Construction of Drinking Water facility,Education,08-07-2024,1187261,Sanctioned
2824,West Bengal,District_C,Constituency_508,MP_Name_508,WB/256/2021-2022/3824 - Construction of Drinking Water facility,Education,18-04-2021,855947,Sanctioned
2825,West Bengal,District_B,Constituency_508,MP_Name_508,WB/580/2021-2022/3825 - Construction of Sanitation facility,Electricity,19-10-2021,821613,Sanctioned
2826,West Bengal,District_A,Constituency_508,MP_Name_508,WB/615/2022-2023/3826 - Construction of Sanitation facility,Electricity,30-08-2021,602303,Sanctioned
2827,West Bengal,District_D,Constituency_508,MP_Name_508,WB/923/2023-2024/3827 - Construction of Electricity facility,Sanitation,24-04-2023,1641627,Sanctioned
2828,West Bengal,District_A,Constituency_508,MP_Name_508,WB/770/2023-2024/3828 - Construction of Drinking Water facility,Health,26-09-2023,1760035,Sanctioned
2829,West Bengal,District_D,Constituency_508,MP_Name_508,WB/989/2021-2022/3829 - Construction of Education facility,Education,13-04-2024,1373317,Sanctioned
2830,Karnataka,District_C,Constituency_509,MP_Name_509,KA/726/2023-2024/3830 - Construction of Roads facility,Drinking Water,20-08-2022,1473042,Sanctioned
2831,Karnataka,District_D,Constituency_509,MP_Name_509,KA/582/2023-2024/3831 - Construction of Electricity facility,Education,09-02-2023,1837270,Sanctioned
2832,Karnataka,District_B,Constituency_509,MP_Name_509,KA/447/2023-2024/3832 - Construction of Roads facility,Roads,26-04-2024,1264633,Sanctioned
2833,West Bengal,District_D,Constituency_510,MP_Name_510,WB/463/2023-2024/3833 - Construction of Health facility,Electricity,28-06-2022,1660668,Sanctioned
2834,West Bengal,District_B,Constituency_510,MP_Name_510,WB/443/2022-2023/3834 - Construction of Education facility,Health,21-03-2021,1318577,Sanctioned
2835,West Bengal,District_C,Constituency_510,MP_Name_510,WB/554/2022-2023/3835 - Construction of Sanitation facility,Education,09-10-2022,1504125,Sanctioned
2836,West Bengal,District_E,Constituency_510,MP_Name_510,WB/167/2022-2023/3836 - Construction of Roads facility,Sanitation,31-07-2023,1887585,Sanctioned
2837,West Bengal,District_A,Constituency_510,MP_Name_510,WB/197/2022-2023/3837 - Construction of Roads facility,Education,30-05-2024,776328,Sanctioned
2838,West Bengal,District_D,Constituency_510,MP_Name_510,WB/318/2023-2024/3838 - Construction of Roads facility,Health,21-09-2024,699189,Sanctioned
2839,Karnataka,District_E,Constituency_511,MP_Name_511,KA/579/2022-2023/3839 - Construction of Health facility,Health,05-08-2024,1066837,Sanctioned
2840,Karnataka,District_E,Constituency_511,MP_Name_511,KA/651/2022-2023/3840 - Construction of Education facility,Sanitation,14-03-2021,1155985,Sanctioned
2841,Karnataka,District_B,Constituency_511,MP_Name_511,KA/931/2023-2024/3841 - Construction of Health facility,Roads,02-10-2021,1091514,Sanctioned
2842,Karnataka,District_D,Constituency_511,MP_Name_511,KA/658/2023-2024/3842 - Construction of Roads facility,Roads,11-09-2023,589752,Sanctioned
2843,Karnataka,District_E,Constituency_511,MP_Name_511,KA/707/2021-2022/3843 - Construction of Roads facility,Electricity,24-04-2023,1701370,Sanctioned
2844,West Bengal,District_B,Constituency_512,MP_Name_512,WB/608/2021-2022/3844 - Construction of Electricity facility,Roads,04-07-2021,711137,Sanctioned
2845,West Bengal,District_D,Constituency_512,MP_Name_512,WB/783/2022-2023/3845 - Construction of Electricity facility,Education,20-04-2021,925540,Sanctioned
2846,West Bengal,District_D,Constituency_512,MP_Name_512,WB/444/2022-2023/3846 - Construction of Education facility,Sanitation,14-10-2023,1258624,Sanctioned
2847,West Bengal,District_C,Constituency_512,MP_Name_512,WB/973/2022-2023/3847 - Construction of Drinking Water facility,Roads,11-09-2023,1670441,Sanctioned
2848,West Bengal,District_E,Constituency_512,MP_Name_512,WB/360/2023-2024/3848 - Construction of Electricity facility,Education,10-09-2024,1555251,Sanctioned
2849,West Bengal,District_C,Constituency_512,MP_Name_512,WB/145/2023-2024/3849 - Construction of Electricity facility,Health,12-05-2023,403939,Sanctioned
2850,Maharashtra,District_B,Constituency_513,MP_Name_513,MH/652/2022-2023/3850 - Construction of Education facility,Drinking Water,08-02-2021,1419366,Sanctioned
2851,Maharashtra,District_E,Constituency_513,MP_Name_513,MH/889/2021-2022/3851 - Construction of Education facility,Education,20-01-2021,1169082,Sanctioned
2852,Maharashtra,District_E,Constituency_513,MP_Name_513,MH/500/2023-2024/3852 - Construction of Health facility,Education,04-02-2022,714478,Sanctioned
2853,Madhya Pradesh,District_B,Constituency_514,MP_Name_514,MP/486/2023-2024/3853 - Construction of Health facility,Education,22-07-2023,1007865,Sanctioned
2854,Madhya Pradesh,District_C,Constituency_514,MP_Name_514,MP/306/2022-2023/3854 - Construction of Electricity facility,Health,04-09-2022,789013,Sanctioned
2855,Madhya Pradesh,District_D,Constituency_514,MP_Name_514,MP/974/2022-2023/3855 - Construction of Health facility,Drinking Water,02-04-2023,825717,Sanctioned
2856,Madhya Pradesh,District_B,Constituency_514,MP_Name_514,MP/106/2023-2024/3856 - Construction of Electricity facility,Education,15-03-2024,1595516,Sanctioned
2857,Maharashtra,District_A,Constituency_515,MP_Name_515,MH/233/2023-2024/3857 - Construction of Education facility,Electricity,15-05-2024,1454776,Sanctioned
2858,Maharashtra,District_E,Constituency_515,MP_Name_515,MH/648/2023-2024/3858 - Construction of Roads facility,Drinking Water,30-03-2021,985669,Sanctioned
2859,Maharashtra,District_D,Constituency_515,MP_Name_515,MH/891/2021-2022/3859 - Construction of Electricity facility,Drinking Water,28-02-2022,519915,Sanctioned
2860,Maharashtra,District_A,Constituency_515,MP_Name_515,MH/949/2023-2024/3860 - Construction of Electricity facility,Roads,09-09-2023,1265159,Sanctioned
2861,Maharashtra,District_E,Constituency_515,MP_Name_515,MH/203/2023-2024/3861 - Construction of Roads facility,Electricity,06-04-2024,1321196,Sanctioned
2862,Maharashtra,District_E,Constituency_515,MP_Name_515,MH/409/2023-2024/3862 - Construction of Roads facility,Health,16-07-2024,538684,Sanctioned
2863,Delhi,District_A,Constituency_516,MP_Name_516,DL/186/2021-2022/3863 - Construction of Drinking Water facility,Education,29-02-2024,1630302,Sanctioned
2864,Delhi,District_D,Constituency_516,MP_Name_516,DL/188/2022-2023/3864 - Construction of Electricity facility,Sanitation,26-11-2021,919677,Sanctioned
2865,Delhi,District_A,Constituency_516,MP_Name_516,DL/907/2022-2023/3865 - Construction of Electricity facility,Education,06-01-2023,460716,Sanctioned
2866,Delhi,District_B,Constituency_516,MP_Name_516,DL/702/2023-2024/3866 - Construction of Health facility,Sanitation,15-07-2021,1174115,Sanctioned
2867,Rajasthan,District_C,Constituency_517,MP_Name_517,RJ/700/2021-2022/3867 - Construction of Education facility,Roads,10-12-2024,432000,Sanctioned
2868,Rajasthan,District_A,Constituency_517,MP_Name_517,RJ/204/2021-2022/3868 - Construction of Health facility,Sanitation,24-01-2024,524354,Sanctioned
2869,Rajasthan,District_D,Constituency_517,MP_Name_517,RJ/948/2022-2023/3869 - Construction of Education facility,Drinking Water,30-07-2022,756528,Sanctioned
2870,Rajasthan,District_E,Constituency_517,MP_Name_517,RJ/569/2022-2023/3870 - Construction of Drinking Water facility,Electricity,09-07-2023,1581543,Sanctioned
2871,Rajasthan,District_B,Constituency_517,MP_Name_517,RJ/855/2022-2023/3871 - Construction of Health facility,Sanitation,20-10-2021,529196,Sanctioned
2872,Rajasthan,District_D,Constituency_517,MP_Name_517,RJ/873/2022-2023/3872 - Construction of Education facility,Electricity,08-03-2023,1527299,Sanctioned
2873,Rajasthan,District_C,Constituency_517,MP_Name_517,RJ/241/2022-2023/3873 - Construction of Sanitation facility,Education,25-05-2023,629119,Sanctioned
2874,Rajasthan,District_B,Constituency_518,MP_Name_518,RJ/547/2022-2023/3874 - Construction of Education facility,Education,17-03-2024,1336430,Sanctioned
2875,Rajasthan,District_D,Constituency_518,MP_Name_518,RJ/703/2021-2022/3875 - Construction of Sanitation facility,Health,08-04-2021,1308715,Sanctioned
2876,Rajasthan,District_C,Constituency_518,MP_Name_518,RJ/588/2021-2022/3876 - Construction of Roads facility,Education,25-05-2022,1252724,Sanctioned
2877,Rajasthan,District_A,Constituency_518,MP_Name_518,RJ/716/2023-2024/3877 - Construction of Roads facility,Sanitation,26-01-2024,419069,Sanctioned
2878,Rajasthan,District_D,Constituency_518,MP_Name_518,RJ/618/2021-2022/3878 - Construction of Sanitation facility,Health,22-04-2022,813450,Sanctioned
2879,Rajasthan,District_B,Constituency_518,MP_Name_518,RJ/400/2021-2022/3879 - Construction of Health facility,Drinking Water,11-09-2023,1849967,Sanctioned
2880,Karnataka,District_D,Constituency_519,MP_Name_519,KA/317/2023-2024/3880 - Construction of Electricity facility,Education,30-11-2023,520075,Sanctioned
2881,Karnataka,District_B,Constituency_519,MP_Name_519,KA/457/2023-2024/3881 - Construction of Drinking Water facility,Roads,03-08-2022,670017,Sanctioned
2882,Karnataka,District_C,Constituency_519,MP_Name_519,KA/560/2023-2024/3882 - Construction of Roads facility,Electricity,27-07-2021,1738821,Sanctioned
2883,Karnataka,District_B,Constituency_519,MP_Name_519,KA/661/2021-2022/3883 - Construction of Drinking Water facility,Health,26-05-2024,1732143,Sanctioned
2884,Karnataka,District_D,Constituency_519,MP_Name_519,KA/926/2022-2023/3884 - Construction of Roads facility,Roads,23-11-2024,489484,Sanctioned
2885,Karnataka,District_C,Constituency_519,MP_Name_519,KA/684/2022-2023/3885 - Construction of Roads facility,Health,16-05-2024,1260177,Sanctioned
2886,Karnataka,District_D,Constituency_519,MP_Name_519,KA/553/2022-2023/3886 - Construction of Health facility,Health,01-06-2024,747057,Sanctioned
2887,Karnataka,District_C,Constituency_519,MP_Name_519,KA/211/2021-2022/3887 - Construction of Electricity facility,Roads,21-02-2023,870462,Sanctioned
2888,West Bengal,District_E,Constituency_520,MP_Name_520,WB/342/2021-2022/3888 - Construction of Drinking Water facility,Roads,25-01-2022,1225092,Sanctioned
2889,West Bengal,District_B,Constituency_520,MP_Name_520,WB/749/2021-2022/3889 - Construction of Electricity facility,Health,04-03-2021,1319998,Sanctioned
2890,West Bengal,District_C,Constituency_520,MP_Name_520,WB/118/2021-2022/3890 - Construction of Drinking Water facility,Roads,07-10-2023,951410,Sanctioned
2891,West Bengal,District_B,Constituency_520,MP_Name_520,WB/536/2022-2023/3891 - Construction of Education facility,Education,05-03-2023,1606820,Sanctioned
2892,West Bengal,District_B,Constituency_520,MP_Name_520,WB/100/2021-2022/3892 - Construction of Education facility,Electricity,01-09-2021,765893,Sanctioned
2893,West Bengal,District_C,Constituency_520,MP_Name_520,WB/616/2022-2023/3893 - Construction of Education facility,Health,11-06-2022,1299613,Sanctioned
2894,West Bengal,District_E,Constituency_520,MP_Name_520,WB/860/2021-2022/3894 - Construction of Health facility,Roads,13-03-2023,1472252,Sanctioned
2895,Karnataka,District_A,Constituency_521,MP_Name_521,KA/698/2023-2024/3895 - Construction of Sanitation facility,Electricity,19-06-2024,669260,Sanctioned
2896,Karnataka,District_C,Constituency_521,MP_Name_521,KA/154/2021-2022/3896 - Construction of Drinking Water facility,Health,01-09-2024,1126087,Sanctioned
2897,Karnataka,District_C,Constituency_521,MP_Name_521,KA/784/2022-2023/3897 - Construction of Drinking Water facility,Education,31-10-2022,1176789,Sanctioned
2898,Karnataka,District_E,Constituency_521,MP_Name_521,KA/836/2021-2022/3898 - Construction of Drinking Water facility,Sanitation,27-07-2022,1575807,Sanctioned
2899,Karnataka,District_A,Constituency_521,MP_Name_521,KA/705/2022-2023/3899 - Construction of Drinking Water facility,Sanitation,02-01-2023,1216853,Sanctioned
2900,Karnataka,District_D,Constituency_521,MP_Name_521,KA/875/2023-2024/3900 - Construction of Sanitation facility,Sanitation,01-05-2021,1366879,Sanctioned
2901,Karnataka,District_E,Constituency_521,MP_Name_521,KA/297/2022-2023/3901 - Construction of Drinking Water facility,Roads,20-10-2022,625164,Sanctioned
2902,Delhi,District_C,Constituency_522,MP_Name_522,DL/975/2021-2022/3902 - Construction of Health facility,Health,31-10-2024,836187,Sanctioned
2903,Delhi,District_A,Constituency_522,MP_Name_522,DL/761/2023-2024/3903 - Construction of Sanitation facility,Health,04-08-2023,761075,Sanctioned
2904,Delhi,District_E,Constituency_522,MP_Name_522,DL/165/2023-2024/3904 - Construction of Education facility,Sanitation,14-04-2024,1846021,Sanctioned
2905,Delhi,District_E,Constituency_522,MP_Name_522,DL/819/2021-2022/3905 - Construction of Education facility,Drinking Water,11-01-2021,1101954,Sanctioned
2906,Madhya Pradesh,District_A,Constituency_523,MP_Name_523,MP/523/2023-2024/3906 - Construction of Sanitation facility,Education,27-10-2022,1339121,Sanctioned
2907,Madhya Pradesh,District_E,Constituency_523,MP_Name_523,MP/606/2022-2023/3907 - Construction of Electricity facility,Roads,21-09-2022,616023,Sanctioned
2908,Madhya Pradesh,District_A,Constituency_523,MP_Name_523,MP/278/2023-2024/3908 - Construction of Health facility,Electricity,30-01-2024,400101,Sanctioned
2909,Madhya Pradesh,District_C,Constituency_523,MP_Name_523,MP/973/2023-2024/3909 - Construction of Drinking Water facility,Health,01-10-2021,1834143,Sanctioned
2910,Madhya Pradesh,District_D,Constituency_523,MP_Name_523,MP/505/2022-2023/3910 - Construction of Electricity facility,Health,04-05-2023,1173982,Sanctioned
2911,Tamil Nadu,District_C,Constituency_524,MP_Name_524,TN/456/2023-2024/3911 - Construction of Drinking Water facility,Education,09-01-2023,556254,Sanctioned
2912,Tamil Nadu,District_D,Constituency_524,MP_Name_524,TN/483/2022-2023/3912 - Construction of Health facility,Electricity,21-01-2022,472972,Sanctioned
2913,Tamil Nadu,District_A,Constituency_524,MP_Name_524,TN/204/2022-2023/3913 - Construction of Drinking Water facility,Education,17-11-2023,1771105,Sanctioned
2914,Tamil Nadu,District_A,Constituency_524,MP_Name_524,TN/807/2023-2024/3914 - Construction of Drinking Water facility,Drinking Water,02-12-2023,1751220,Sanctioned
2915,Tamil Nadu,District_C,Constituency_524,MP_Name_524,TN/781/2023-2024/3915 - Construction of Health facility,Sanitation,19-04-2023,1355476,Sanctioned
2916,Tamil Nadu,District_C,Constituency_524,MP_Name_524,TN/140/2022-2023/3916 - Construction of Drinking Water facility,Education,03-01-2024,881238,Sanctioned
2917,Bihar,District_C,Constituency_525,MP_Name_525,BR/668/2022-2023/3917 - Construction of Roads facility,Drinking Water,27-11-2024,576256,Sanctioned
2918,Bihar,District_B,Constituency_525,MP_Name_525,BR/489/2021-2022/3918 - Construction of Education facility,Education,07-05-2024,439029,Sanctioned
2919,Bihar,District_D,Constituency_525,MP_Name_525,BR/844/2021-2022/3919 - Construction of Drinking Water facility,Roads,15-02-2024,1717686,Sanctioned
2920,Bihar,District_A,Constituency_525,MP_Name_525,BR/659/2021-2022/3920 - Construction of Health facility,Drinking Water,29-07-2021,462201,Sanctioned
2921,Bihar,District_A,Constituency_525,MP_Name_525,BR/403/2022-2023/3921 - Construction of Roads facility,Roads,14-07-2023,860009,Sanctioned
2922,Bihar,District_E,Constituency_525,MP_Name_525,BR/977/2021-2022/3922 - Construction of Roads facility,Health,08-07-2022,1712465,Sanctioned
2923,Bihar,District_B,Constituency_525,MP_Name_525,BR/889/2023-2024/3923 - Construction of Education facility,Health,10-01-2022,1445863,Sanctioned
2924,West Bengal,District_E,Constituency_526,MP_Name_526,WB/689/2022-2023/3924 - Construction of Electricity facility,Roads,25-01-2022,1476797,Sanctioned
2925,West Bengal,District_A,Constituency_526,MP_Name_526,WB/938/2023-2024/3925 - Construction of Roads facility,Electricity,19-03-2022,1436356,Sanctioned
2926,West Bengal,District_C,Constituency_526,MP_Name_526,WB/193/2021-2022/3926 - Construction of Electricity facility,Roads,15-08-2021,1282821,Sanctioned
2927,West Bengal,District_D,Constituency_526,MP_Name_526,WB/792/2023-2024/3927 - Construction of Health facility,Sanitation,17-09-2021,1090128,Sanctioned
2928,Madhya Pradesh,District_D,Constituency_527,MP_Name_527,MP/338/2021-2022/3928 - Construction of Education facility,Roads,02-07-2021,461473,Sanctioned
2929,Madhya Pradesh,District_C,Constituency_527,MP_Name_527,MP/927/2022-2023/3929 - Construction of Education facility,Health,05-09-2021,1402031,Sanctioned
2930,Madhya Pradesh,District_B,Constituency_527,MP_Name_527,MP/522/2023-2024/3930 - Construction of Health facility,Education,11-04-2021,713749,Sanctioned
2931,Madhya Pradesh,District_B,Constituency_527,MP_Name_527,MP/723/2023-2024/3931 - Construction of Electricity facility,Drinking Water,25-07-2024,1736388,Sanctioned
2932,Madhya Pradesh,District_A,Constituency_527,MP_Name_527,MP/824/2023-2024/3932 - Construction of Roads facility,Education,29-03-2022,1049649,Sanctioned
2933,Madhya Pradesh,District_D,Constituency_527,MP_Name_527,MP/645/2022-2023/3933 - Construction of Education facility,Electricity,25-10-2021,996493,Sanctioned
2934,Madhya Pradesh,District_C,Constituency_527,MP_Name_527,MP/568/2021-2022/3934 - Construction of Electricity facility,Drinking Water,29-08-2022,752607,Sanctioned
2935,Madhya Pradesh,District_C,Constituency_527,MP_Name_527,MP/369/2022-2023/3935 - Construction of Health facility,Roads,08-05-2024,1293839,Sanctioned
2936,Madhya Pradesh,District_A,Constituency_528,MP_Name_528,MP/288/2023-2024/3936 - Construction of Roads facility,Education,03-07-2022,666445,Sanctioned
2937,Madhya Pradesh,District_D,Constituency_528,MP_Name_528,MP/127/2022-2023/3937 - Construction of Sanitation facility,Sanitation,09-03-2021,450922,Sanctioned
2938,Madhya Pradesh,District_A,Constituency_528,MP_Name_528,MP/903/2021-2022/3938 - Construction of Health facility,Health,06-02-2022,1214920,Sanctioned
2939,Madhya Pradesh,District_D,Constituency_528,MP_Name_528,MP/208/2023-2024/3939 - Construction of Health facility,Electricity,21-01-2021,1640178,Sanctioned
2940,Madhya Pradesh,District_C,Constituency_528,MP_Name_528,MP/974/2022-2023/3940 - Construction of Sanitation facility,Health,10-06-2022,1410711,Sanctioned
2941,Madhya Pradesh,District_C,Constituency_528,MP_Name_528,MP/468/2022-2023/3941 - Construction of Roads facility,Health,27-12-2023,935630,Sanctioned
2942,Madhya Pradesh,District_C,Constituency_528,MP_Name_528,MP/186/2021-2022/3942 - Construction of Sanitation facility,Sanitation,30-09-2021,687694,Sanctioned
2943,Madhya Pradesh,District_B,Constituency_528,MP_Name_528,MP/184/2023-2024/3943 - Construction of Electricity facility,Electricity,30-04-2021,977258,Sanctioned
2944,Maharashtra,District_C,Constituency_529,MP_Name_529,MH/570/2023-2024/3944 - Construction of Electricity facility,Drinking Water,30-06-2021,726208,Sanctioned
2945,Maharashtra,District_C,Constituency_529,MP_Name_529,MH/465/2022-2023/3945 - Construction of Health facility,Electricity,20-05-2021,1548063,Sanctioned
2946,Maharashtra,District_B,Constituency_529,MP_Name_529,MH/445/2022-2023/3946 - Construction of Drinking Water facility,Health,14-10-2022,407129,Sanctioned
2947,Maharashtra,District_D,Constituency_529,MP_Name_529,MH/459/2023-2024/3947 - Construction of Sanitation facility,Drinking Water,09-04-2022,1814696,Sanctioned
2948,Rajasthan,District_E,Constituency_530,MP_Name_530,RJ/514/2023-2024/3948 - Construction of Education facility,Sanitation,27-12-2022,803673,Sanctioned
2949,Rajasthan,District_D,Constituency_530,MP_Name_530,RJ/366/2022-2023/3949 - Construction of Electricity facility,Roads,23-12-2023,439488,Sanctioned
2950,Rajasthan,District_E,Constituency_530,MP_Name_530,RJ/232/2021-2022/3950 - Construction of Drinking Water facility,Health,28-08-2021,1090181,Sanctioned
2951,Rajasthan,District_E,Constituency_530,MP_Name_530,RJ/876/2023-2024/3951 - Construction of Education facility,Drinking Water,20-03-2023,1231870,Sanctioned
2952,Rajasthan,District_B,Constituency_530,MP_Name_530,RJ/560/2022-2023/3952 - Construction of Sanitation facility,Education,23-03-2023,654252,Sanctioned
2953,Rajasthan,District_B,Constituency_530,MP_Name_530,RJ/937/2022-2023/3953 - Construction of Health facility,Education,01-09-2024,1468267,Sanctioned
2954,Rajasthan,District_A,Constituency_530,MP_Name_530,RJ/890/2021-2022/3954 - Construction of Drinking Water facility,Sanitation,02-04-2022,1283863,Sanctioned
2955,Karnataka,District_A,Constituency_531,MP_Name_531,KA/973/2022-2023/3955 - Construction of Roads facility,Sanitation,04-06-2024,665682,Sanctioned
2956,Karnataka,District_B,Constituency_531,MP_Name_531,KA/411/2021-2022/3956 - Construction of Electricity facility,Drinking Water,29-08-2022,1256906,Sanctioned
2957,Karnataka,District_A,Constituency_531,MP_Name_531,KA/304/2022-2023/3957 - Construction of Sanitation facility,Health,16-06-2022,1846959,Sanctioned
2958,Karnataka,District_B,Constituency_531,MP_Name_531,KA/228/2023-2024/3958 - Construction of Sanitation facility,Roads,29-04-2023,445193,Sanctioned
2959,Karnataka,District_E,Constituency_531,MP_Name_531,KA/639/2023-2024/3959 - Construction of Electricity facility,Drinking Water,26-02-2023,773078,Sanctioned
2960,Karnataka,District_B,Constituency_531,MP_Name_531,KA/705/2021-2022/3960 - Construction of Drinking Water facility,Drinking Water,09-10-2021,1327670,Sanctioned
2961,Karnataka,District_A,Constituency_531,MP_Name_531,KA/388/2022-2023/3961 - Construction of Education facility,Electricity,25-08-2021,947525,Sanctioned
2962,Rajasthan,District_C,Constituency_532,MP_Name_532,RJ/352/2022-2023/3962 - Construction of Health facility,Sanitation,09-02-2021,1066156,Sanctioned
2963,Rajasthan,District_E,Constituency_532,MP_Name_532,RJ/741/2022-2023/3963 - Construction of Education facility,Education,12-07-2023,1287402,Sanctioned
2964,Rajasthan,District_C,Constituency_532,MP_Name_532,RJ/910/2023-2024/3964 - Construction of Roads facility,Education,10-04-2022,1229220,Sanctioned
2965,Rajasthan,District_C,Constituency_532,MP_Name_532,RJ/703/2023-2024/3965 - Construction of Drinking Water facility,Drinking Water,17-01-2023,1701756,Sanctioned
2966,Rajasthan,District_C,Constituency_532,MP_Name_532,RJ/619/2021-2022/3966 - Construction of Health facility,Drinking Water,26-01-2024,659742,Sanctioned
2967,Maharashtra,District_C,Constituency_533,MP_Name_533,MH/222/2023-2024/3967 - Construction of Health facility,Sanitation,07-07-2024,1475210,Sanctioned
2968,Maharashtra,District_A,Constituency_533,MP_Name_533,MH/980/2021-2022/3968 - Construction of Electricity facility,Electricity,29-01-2023,597843,Sanctioned
2969,Maharashtra,District_A,Constituency_533,MP_Name_533,MH/856/2023-2024/3969 - Construction of Health facility,Electricity,25-02-2023,772512,Sanctioned
2970,Maharashtra,District_B,Constituency_533,MP_Name_533,MH/779/2022-2023/3970 - Construction of Health facility,Health,27-12-2021,1131668,Sanctioned
2971,Maharashtra,District_E,Constituency_533,MP_Name_533,MH/407/2022-2023/3971 - Construction of Roads facility,Roads,23-09-2021,628302,Sanctioned
2972,Bihar,District_D,Constituency_534,MP_Name_534,BR/176/2023-2024/3972 - Construction of Sanitation facility,Health,12-08-2021,489999,Sanctioned
2973,Bihar,District_C,Constituency_534,MP_Name_534,BR/737/2022-2023/3973 - Construction of Health facility,Drinking Water,31-10-2022,429581,Sanctioned
2974,Bihar,District_B,Constituency_534,MP_Name_534,BR/995/2022-2023/3974 - Construction of Drinking Water facility,Education,10-09-2023,991514,Sanctioned
2975,Tamil Nadu,District_E,Constituency_535,MP_Name_535,TN/503/2023-2024/3975 - Construction of Health facility,Drinking Water,05-08-2024,1754402,Sanctioned
2976,Tamil Nadu,District_E,Constituency_535,MP_Name_535,TN/105/2023-2024/3976 - Construction of Health facility,Health,24-06-2021,1231056,Sanctioned
2977,Tamil Nadu,District_E,Constituency_535,MP_Name_535,TN/877/2021-2022/3977 - Construction of Health facility,Electricity,22-04-2023,1591433,Sanctioned
2978,Tamil Nadu,District_B,Constituency_535,MP_Name_535,TN/214/2023-2024/3978 - Construction of Drinking Water facility,Education,12-03-2022,1638715,Sanctioned
2979,Tamil Nadu,District_B,Constituency_535,MP_Name_535,TN/997/2022-2023/3979 - Construction of Drinking Water facility,Roads,16-06-2023,999065,Sanctioned
2980,Tamil Nadu,District_C,Constituency_535,MP_Name_535,TN/991/2023-2024/3980 - Construction of Electricity facility,Drinking Water,01-10-2022,518704,Sanctioned
2981,Gujarat,District_A,Constituency_536,MP_Name_536,GJ/646/2022-2023/3981 - Construction of Health facility,Roads,14-12-2023,1099263,Sanctioned
2982,Gujarat,District_E,Constituency_536,MP_Name_536,GJ/843/2021-2022/3982 - Construction of Health facility,Health,16-06-2022,1104315,Sanctioned
2983,Gujarat,District_A,Constituency_536,MP_Name_536,GJ/116/2022-2023/3983 - Construction of Education facility,Roads,07-05-2023,1220754,Sanctioned
2984,Gujarat,District_D,Constituency_536,MP_Name_536,GJ/883/2021-2022/3984 - Construction of Drinking Water facility,Health,03-01-2024,508828,Sanctioned
2985,Tamil Nadu,District_B,Constituency_537,MP_Name_537,TN/953/2021-2022/3985 - Construction of Electricity facility,Health,26-05-2023,1802979,Sanctioned
2986,Tamil Nadu,District_B,Constituency_537,MP_Name_537,TN/263/2021-2022/3986 - Construction of Health facility,Drinking Water,17-09-2022,950578,Sanctioned
2987,Tamil Nadu,District_C,Constituency_537,MP_Name_537,TN/964/2021-2022/3987 - Construction of Sanitation facility,Electricity,24-04-2023,614988,Sanctioned
2988,Tamil Nadu,District_E,Constituency_537,MP_Name_537,TN/562/2021-2022/3988 - Construction of Roads facility,Roads,21-01-2024,1199386,Sanctioned
2989,Tamil Nadu,District_A,Constituency_537,MP_Name_537,TN/759/2023-2024/3989 - Construction of Electricity facility,Roads,01-03-2022,1396959,Sanctioned
2990,Tamil Nadu,District_E,Constituency_537,MP_Name_537,TN/618/2021-2022/3990 - Construction of Roads facility,Sanitation,10-09-2022,1486838,Sanctioned
2991,Tamil Nadu,District_B,Constituency_537,MP_Name_537,TN/460/2021-2022/3991 - Construction of Roads facility,Health,06-01-2022,1143711,Sanctioned
2992,Tamil Nadu,District_E,Constituency_537,MP_Name_537,TN/556/2021-2022/3992 - Construction of Health facility,Sanitation,08-12-2021,678064,Sanctioned
2993,Karnataka,District_B,Constituency_538,MP_Name_538,KA/664/2023-2024/3993 - Construction of Roads facility,Sanitation,17-11-2022,749982,Sanctioned
2994,Karnataka,District_C,Constituency_538,MP_Name_538,KA/167/2022-2023/3994 - Construction of Health facility,Electricity,23-03-2021,1016278,Sanctioned
2995,Karnataka,District_B,Constituency_538,MP_Name_538,KA/384/2023-2024/3995 - Construction of Education facility,Drinking Water,11-05-2024,757185,Sanctioned
2996,Karnataka,District_A,Constituency_538,MP_Name_538,KA/498/2022-2023/3996 - Construction of Drinking Water facility,Sanitation,01-10-2022,934872,Sanctioned
2997,Karnataka,District_E,Constituency_538,MP_Name_538,KA/452/2022-2023/3997 - Construction of Roads facility,Electricity,11-03-2024,473324,Sanctioned
2998,Karnataka,District_D,Constituency_538,MP_Name_538,KA/166/2021-2022/3998 - Construction of Education facility,Sanitation,07-07-2023,1196112,Sanctioned
2999,Karnataka,District_B,Constituency_538,MP_Name_538,KA/425/2021-2022/3999 - Construction of Education facility,Drinking Water,21-08-2022,1645579,Sanctioned
3000,Karnataka,District_C,Constituency_538,MP_Name_538,KA/836/2023-2024/4000 - Construction of Health facility,Drinking Water,15-10-2024,1120286,Sanctioned
3001,Tamil Nadu,District_E,Constituency_539,MP_Name_539,TN/311/2023-2024/4001 - Construction of Drinking Water facility,Sanitation,31-10-2021,573416,Sanctioned
3002,Tamil Nadu,District_A,Constituency_539,MP_Name_539,TN/732/2022-2023/4002 - Construction of Electricity facility,Health,22-04-2022,1580331,Sanctioned
3003,Tamil Nadu,District_D,Constituency_539,MP_Name_539,TN/344/2022-2023/4003 - Construction of Roads facility,Health,24-03-2022,1303244,Sanctioned
3004,Tamil Nadu,District_B,Constituency_539,MP_Name_539,TN/231/2021-2022/4004 - Construction of Drinking Water facility,Roads,13-03-2021,1068610,Sanctioned
3005,Tamil Nadu,District_B,Constituency_539,MP_Name_539,TN/879/2021-2022/4005 - Construction of Sanitation facility,Education,14-03-2021,741065,Sanctioned
3006,Tamil Nadu,District_C,Constituency_539,MP_Name_539,TN/137/2023-2024/4006 - Construction of Electricity facility,Electricity,05-06-2024,1212274,Sanctioned
3007,Tamil Nadu,District_A,Constituency_539,MP_Name_539,TN/508/2021-2022/4007 - Construction of Electricity facility,Sanitation,22-09-2022,1232775,Sanctioned
3008,Tamil Nadu,District_B,Constituency_539,MP_Name_539,TN/932/2022-2023/4008 - Construction of Health facility,Education,29-07-2024,1316155,Sanctioned
3009,Madhya Pradesh,District_B,Constituency_540,MP_Name_540,MP/717/2023-2024/4009 - Construction of Education facility,Education,18-05-2021,1038920,Sanctioned
3010,Madhya Pradesh,District_E,Constituency_540,MP_Name_540,MP/677/2023-2024/4010 - Construction of Drinking Water facility,Roads,21-04-2022,518670,Sanctioned
3011,Madhya Pradesh,District_B,Constituency_540,MP_Name_540,MP/588/2022-2023/4011 - Construction of Health facility,Education,27-04-2024,1046009,Sanctioned
3012,Madhya Pradesh,District_B,Constituency_540,MP_Name_540,MP/471/2021-2022/4012 - Construction of Roads facility,Health,11-10-2024,1379318,Sanctioned
3013,Madhya Pradesh,District_C,Constituency_540,MP_Name_540,MP/206/2021-2022/4013 - Construction of Sanitation facility,Health,21-07-2021,1633936,Sanctioned
3014,Madhya Pradesh,District_E,Constituency_540,MP_Name_540,MP/662/2023-2024/4014 - Construction of Health facility,Electricity,30-11-2022,875246,Sanctioned
3015,Madhya Pradesh,District_A,Constituency_540,MP_Name_540,MP/343/2021-2022/4015 - Construction of Drinking Water facility,Education,09-07-2024,985128,Sanctioned
3016,Tamil Nadu,District_E,Constituency_541,MP_Name_541,TN/950/2023-2024/4016 - Construction of Roads facility,Health,07-02-2022,977571,Sanctioned
3017,Tamil Nadu,District_E,Constituency_541,MP_Name_541,TN/555/2022-2023/4017 - Construction of Health facility,Electricity,11-03-2024,1765888,Sanctioned
3018,Tamil Nadu,District_C,Constituency_541,MP_Name_541,TN/560/2022-2023/4018 - Construction of Roads facility,Roads,27-09-2024,871390,Sanctioned
3019,Rajasthan,District_E,Constituency_542,MP_Name_542,RJ/705/2021-2022/4019 - Construction of Health facility,Roads,12-07-2022,1177436,Sanctioned
3020,Rajasthan,District_D,Constituency_542,MP_Name_542,RJ/775/2021-2022/4020 - Construction of Sanitation facility,Roads,07-04-2024,1222922,Sanctioned
3021,Rajasthan,District_D,Constituency_542,MP_Name_542,RJ/134/2021-2022/4021 - Construction of Electricity facility,Sanitation,20-05-2023,1034153,Sanctioned
3022,Rajasthan,District_D,Constituency_542,MP_Name_542,RJ/803/2021-2022/4022 - Construction of Electricity facility,Health,28-08-2022,1725673,Sanctioned
3023,Rajasthan,District_A,Constituency_542,MP_Name_542,RJ/726/2021-2022/4023 - Construction of Drinking Water facility,Health,07-09-2023,627512,Sanctioned
3024,Rajasthan,District_D,Constituency_542,MP_Name_542,RJ/161/2023-2024/4024 - Construction of Sanitation facility,Health,03-02-2021,579060,Sanctioned
3025,Rajasthan,District_E,Constituency_542,MP_Name_542,RJ/570/2023-2024/4025 - Construction of Drinking Water facility,Roads,12-01-2023,1241378,Sanctioned
3026,Maharashtra,District_E,Constituency_543,MP_Name_543,MH/739/2022-2023/4026 - Construction of Health facility,Sanitation,24-01-2022,1762887,Sanctioned
3027,Maharashtra,District_C,Constituency_543,MP_Name_543,MH/170/2023-2024/4027 - Construction of Roads facility,Drinking Water,15-01-2021,575910,Sanctioned
3028,Maharashtra,District_A,Constituency_543,MP_Name_543,MH/830/2023-2024/4028 - Construction of Health facility,Electricity,11-07-2023,448403,Sanctioned
3029,Maharashtra,District_A,Constituency_543,MP_Name_543,MH/749/2023-2024/4029 - Construction of Roads facility,Health,07-06-2021,1177683,Sanctioned
3030,Maharashtra,District_B,Constituency_543,MP_Name_543,MH/679/2021-2022/4030 - Construction of Sanitation facility,Sanitation,26-05-2024,963095,Sanctioned
3031,Maharashtra,District_D,Constituency_543,MP_Name_543,MH/979/2022-2023/4031 - Construction of Electricity facility,Roads,05-10-2022,1222912,Sanctioned
3032,Maharashtra,District_C,Constituency_543,MP_Name_543,MH/227/2023-2024/4032 - Construction of Health facility,Sanitation,30-06-2021,403483,Sanctioned
