state,constituency,mp_name,work_title,completion_date,work_status,house,source_file,election_type
Madhya Pradesh,Constituency_371,MP_Name_371,MP/337/2021-2022/3058 - Construction of Health facility,2021-03-01,Completed,Lok Sabha,Works Completed_2024.csv,
Uttar Pradesh,Constituency_444,MP_Name_444,UP/590/2022-2023/3471 - Construction of Health facility,2021-02-02,Completed,Lok Sabha,Works Completed_2024.csv,
Rajasthan,Constituency_175,MP_Name_175,RJ/839/2023-2024/1982 - Construction of Education facility,2021-03-26,Completed,Lok Sabha,Works Completed_2024.csv,
Uttar Pradesh,Constituency_323,MP_Name_323,UP/958/2023-2024/2813 - Construction of Sanitation facility,2022-10-03,Completed,Lok Sabha,Works Completed_2024.csv,
Delhi,Constituency_238,MP_Name_238,DL/796/2022-2023/2360 - Construction of Health facility,2022-01-13,Completed,Lok Sabha,Works Completed_2024.csv,
Karnataka,Constituency_270,MP_Name_270,KA/472/2022-2023/2521 - Construction of Education facility,2022-01-03,Completed,Lok Sabha,Works Completed_2024.csv,
Uttar Pradesh,Constituency_413,MP_Name_413,UP/910/2021-2022/3299 - Construction of Electricity facility,2021-03-04,Completed,Lok Sabha,Works Completed_2024.csv,
Rajasthan,Constituency_348,MP_Name_348,RJ/182/2023-2024/2951 - Construction of Drinking Water facility,2023-12-25,Completed,Lok Sabha,Works Completed_2024.csv,
Uttar Pradesh,Constituency_2,MP_Name_2,UP/250/2021-2022/1012 - Construction of Sanitation facility,2023-12-14,Completed,Lok Sabha,Works Completed_2024.csv,
Bihar,Constituency_325,MP_Name_325,BR/810/2022-2023/2826 - Construction of Sanitation facility,2022-10-20,Completed,Lok Sabha,Works Completed_2024.csv,
Delhi,Constituency_485,MP_Name_485,DL/980/2021-2022/3688 - Construction of Sanitation facility,2023-09-19,Completed,Lok Sabha,Works Completed_2024.csv,
Rajasthan,Constituency_332,MP_Name_332,RJ/768/2022-2023/2864 - Construction of Health facility,2023-12-31,Completed,Lok Sabha,Works Completed_2024.csv,
Karnataka,Constituency_3,MP_Name_3,KA/524/2022-2023/1018 - Construction of Electricity facility,2024-01-11,Completed,Lok Sabha,Works Completed_2024.csv,
Maharashtra,Constituency_529,MP_Name_529,MH/459/2023-2024/3947 - Construction of Sanitation facility,2023-09-19,Completed,Lok Sabha,Works Completed_2024.csv,
Karnataka,Constituency_37,MP_Name_37,KA/771/2021-2022/1194 - Construction of Sanitation facility,2024-03-26,Completed,Lok Sabha,Works Completed_2024.csv,
Gujarat,Constituency_25,MP_Name_25,GJ/295/2022-2023/1131 - Construction of Roads facility,2021-10-22,Completed,Lok Sabha,Works Completed_2024.csv,
Uttar Pradesh,Constituency_343,MP_Name_343,UP/227/2022-2023/2926 - Construction of Health facility,2023-06-25,Completed,Lok Sabha,Works Completed_2024.csv,
Maharashtra,Constituency_481,MP_Name_481,MH/946/2023-2024/3667 - Construction of Roads facility,2022-07-05,Completed,Lok Sabha,Works Completed_2024.csv,
West Bengal,Constituency_120,MP_Name_120,WB/815/2022-2023/1667 - Construction of Drinking Water facility,2021-08-09,Completed,Lok Sabha,Works Completed_2024.csv,
Delhi,Constituency_124,MP_Name_124,DL/359/2021-2022/1691 - Construction of Electricity facility,2022-04-01,Completed,Lok Sabha,Works Completed_2024.csv,
Bihar,Constituency_65,MP_Name_65,BR/236/2022-2023/1360 - Construction of Education facility,2021-03-04,Completed,Lok Sabha,Works Completed_2024.csv,
Uttar Pradesh,Constituency_92,MP_Name_92,UP/659/2022-2023/1511 - Construction of Health facility,2022-05-02,Completed,Lok Sabha,Works Completed_2024.csv,
West Bengal,Constituency_419,MP_Name_419,WB/876/2022-2023/3331 - Construction of Electricity facility,2023-12-11,Completed,Lok Sabha,Works Completed_2024.csv,
Rajasthan,Constituency_165,MP_Name_165,RJ/618/2023-2024/1921 - Construction of Education facility,2024-02-26,Completed,Lok Sabha,Works Completed_2024.csv,
Tamil Nadu,Constituency_191,MP_Name_191,TN/905/2023-2024/2082 - Construction of Electricity facility,2023-03-01,Completed,Lok Sabha,Works Completed_2024.csv,
Uttar Pradesh,Constituency_231,MP_Name_231,UP/836/2023-2024/2319 - Construction of Electricity facility,2022-08-19,Completed,Lok Sabha,Works Completed_2024.csv,
Madhya Pradesh,Constituency_111,MP_Name_111,MP/525/2022-2023/1615 - Construction of Education facility,2022-11-18,Completed,Lok Sabha,Works Completed_2024.csv,
Bihar,Constituency_155,MP_Name_155,BR/400/2021-2022/1860 - Construction of Drinking Water facility,2024-07-18,Completed,Lok Sabha,Works Completed_2024.csv,
Maharashtra,Constituency_49,MP_Name_49,MH/617/2023-2024/1269 - Construction of Electricity facility,2021-08-06,Completed,Lok Sabha,Works Completed_2024.csv,
Karnataka,Constituency_262,MP_Name_262,KA/391/2023-2024/2479 - Construction of Electricity facility,2024-09-17,Completed,Lok Sabha,Works Completed_2024.csv,
Maharashtra,Constituency_218,MP_Name_218,MH/152/2023-2024/2252 - Construction of Drinking Water facility,2023-05-08,Completed,Lok Sabha,Works Completed_2024.csv,
Tamil Nadu,Constituency_38,MP_Name_38,TN/799/2023-2024/1205 - Construction of Education facility,2021-04-17,Completed,Lok Sabha,Works Completed_2024.csv,
Madhya Pradesh,Constituency_333,MP_Name_333,MP/546/2022-2023/2875 - Construction of Drinking Water facility,2023-05-13,Completed,Lok Sabha,Works Completed_2024.csv,
West Bengal,Constituency_285,MP_Name_285,WB/152/2021-2022/2606 - Construction of Electricity facility,2021-01-12,Completed,Lok Sabha,Works Completed_2024.csv,
Rajasthan,Constituency_160,MP_Name_160,RJ/974/2023-2024/1889 - Construction of Electricity facility,2023-05-17,Completed,Lok Sabha,Works Completed_2024.csv,
Karnataka,Constituency_408,MP_Name_408,KA/900/2023-2024/3279 - Construction of Roads facility,2021-06-29,Completed,Lok Sabha,Works Completed_2024.csv,
Rajasthan,Constituency_74,MP_Name_74,RJ/603/2023-2024/1415 - Construction of Electricity facility,2022-05-12,Completed,Lok Sabha,Works Completed_2024.csv,
West Bengal,Constituency_395,MP_Name_395,WB/837/2021-2022/3208 - Construction of Education facility,2023-01-09,Completed,Lok Sabha,Works Completed_2024.csv,
Rajasthan,Constituency_228,MP_Name_228,RJ/487/2022-2023/2304 - Construction of Sanitation facility,2022-10-22,Completed,Lok Sabha,Works Completed_2024.csv,
West Bengal,Constituency_431,MP_Name_431,WB/433/2023-2024/3399 - Construction of Education facility,2022-10-13,Completed,Lok Sabha,Works Completed_2024.csv,
Gujarat,Constituency_416,MP_Name_416,GJ/959/2023-2024/3315 - Construction of Roads facility,2024-02-26,Completed,Lok Sabha,Works Completed_2024.csv,
Tamil Nadu,Constituency_462,MP_Name_462,TN/783/2021-2022/3565 - Construction of Roads facility,2024-09-30,Completed,Lok Sabha,Works Completed_2024.csv,
Tamil Nadu,Constituency_210,MP_Name_210,TN/816/2022-2023/2201 - Construction of Sanitation facility,2024-11-11,Completed,Lok Sabha,Works Completed_2024.csv,
Karnataka,Constituency_531,MP_Name_531,KA/973/2022-2023/3955 - Construction of Roads facility,2023-02-28,Completed,Lok Sabha,Works Completed_2024.csv,
Tamil Nadu,Constituency_345,MP_Name_345,TN/369/2022-2023/2940 - Construction of Drinking Water facility,2024-08-10,Completed,Lok Sabha,Works Completed_2024.csv,
Karnataka,Constituency_262,MP_Name_262,KA/709/2023-2024/2481 - Construction of Sanitation facility,2021-12-03,Completed,Lok Sabha,Works Completed_2024.csv,
Tamil Nadu,Constituency_366,MP_Name_366,TN/433/2023-2024/3032 - Construction of Electricity facility,2023-04-04,Completed,Lok Sabha,Works Completed_2024.csv,
Karnataka,Constituency_190,MP_Name_190,KA/246/2022-2023/2074 - Construction of Education facility,2021-08-09,Completed,Lok Sabha,Works Completed_2024.csv,
Bihar,Constituency_107,MP_Name_107,BR/715/2021-2022/1593 - Construction of Sanitation facility,2022-08-07,Completed,Lok Sabha,Works Completed_2024.csv,
Maharashtra,Constituency_288,MP_Name_288,MH/713/2022-2023/2626 - Construction of Roads facility,2024-09-14,Completed,Lok Sabha,Works Completed_2024.csv,
Gujarat,Constituency_451,MP_Name_451,GJ/435/2021-2022/3510 - Construction of Drinking Water facility,2021-02-01,Completed,Lok Sabha,Works Completed_2024.csv,
Gujarat,Constituency_428,MP_Name_428,GJ/260/2022-2023/3380 - Construction of Electricity facility,2023-12-11,Completed,Lok Sabha,Works Completed_2024.csv,
Tamil Nadu,Constituency_97,MP_Name_97,TN/866/2023-2024/1542 - Construction of Roads facility,2023-10-01,Completed,Lok Sabha,Works Completed_2024.csv,
Maharashtra,Constituency_515,MP_Name_515,MH/233/2023-2024/3857 - Construction of Education facility,2024-09-12,Completed,Lok Sabha,Works Completed_2024.csv,
Bihar,Constituency_286,MP_Name_286,BR/270/2023-2024/2609 - Construction of Drinking Water facility,2024-09-24,Completed,Lok Sabha,Works Completed_2024.csv,
Bihar,Constituency_286,MP_Name_286,BR/757/2022-2023/2611 - Construction of Health facility,2024-02-02,Completed,Lok Sabha,Works Completed_2024.csv,
Tamil Nadu,Constituency_186,MP_Name_186,TN/804/2022-2023/2048 - Construction of Education facility,2022-04-29,Completed,Lok Sabha,Works Completed_2024.csv,
West Bengal,Constituency_113,MP_Name_113,WB/252/2021-2022/1626 - Construction of Education facility,2022-10-30,Completed,Lok Sabha,Works Completed_2024.csv,
Madhya Pradesh,Constituency_253,MP_Name_253,MP/171/2022-2023/2440 - Construction of Electricity facility,2021-03-28,Completed,Lok Sabha,Works Completed_2024.csv,
Karnataka,Constituency_71,MP_Name_71,KA/988/2023-2024/1402 - Construction of Health facility,2023-03-14,Completed,Lok Sabha,Works Completed_2024.csv,
Uttar Pradesh,Constituency_147,MP_Name_147,UP/100/2021-2022/1809 - Construction of Roads facility,2024-09-05,Completed,Lok Sabha,Works Completed_2024.csv,
Rajasthan,Constituency_160,MP_Name_160,RJ/977/2022-2023/1888 - Construction of Electricity facility,2023-05-19,Completed,Lok Sabha,Works Completed_2024.csv,
Delhi,Constituency_59,MP_Name_59,DL/444/2022-2023/1326 - Construction of Electricity facility,2024-12-30,Completed,Lok Sabha,Works Completed_2024.csv,
Tamil Nadu,Constituency_161,MP_Name_161,TN/760/2022-2023/1899 - Construction of Roads facility,2021-05-01,Completed,Lok Sabha,Works Completed_2024.csv,
Madhya Pradesh,Constituency_527,MP_Name_527,MP/927/2022-2023/3929 - Construction of Education facility,2023-11-19,Completed,Lok Sabha,Works Completed_2024.csv,
Bihar,Constituency_504,MP_Name_504,BR/937/2023-2024/3800 - Construction of Sanitation facility,2024-06-27,Completed,Lok Sabha,Works Completed_2024.csv,
Rajasthan,Constituency_332,MP_Name_332,RJ/413/2023-2024/2865 - Construction of Roads facility,2024-05-21,Completed,Lok Sabha,Works Completed_2024.csv,
Madhya Pradesh,Constituency_47,MP_Name_47,MP/866/2023-2024/1258 - Construction of Education facility,2024-12-31,Completed,Lok Sabha,Works Completed_2024.csv,
Rajasthan,Constituency_165,MP_Name_165,RJ/802/2021-2022/1923 - Construction of Roads facility,2022-03-25,Completed,Lok Sabha,Works Completed_2024.csv,
Bihar,Constituency_448,MP_Name_448,BR/416/2021-2022/3495 - Construction of Drinking Water facility,2022-11-17,Completed,Lok Sabha,Works Completed_2024.csv,
Uttar Pradesh,Constituency_2,MP_Name_2,UP/653/2021-2022/1013 - Construction of Sanitation facility,2022-12-01,Completed,Lok Sabha,Works Completed_2024.csv,
West Bengal,Constituency_240,MP_Name_240,WB/630/2021-2022/2369 - Construction of Sanitation facility,2024-01-08,Completed,Lok Sabha,Works Completed_2024.csv,
Uttar Pradesh,Constituency_195,MP_Name_195,UP/436/2021-2022/2099 - Construction of Electricity facility,2023-08-07,Completed,Lok Sabha,Works Completed_2024.csv,
Tamil Nadu,Constituency_326,MP_Name_326,TN/902/2021-2022/2832 - Construction of Education facility,2024-01-05,Completed,Lok Sabha,Works Completed_2024.csv,
Uttar Pradesh,Constituency_426,MP_Name_426,UP/199/2022-2023/3369 - Construction of Health facility,2021-06-16,Completed,Lok Sabha,Works Completed_2024.csv,
Madhya Pradesh,Constituency_245,MP_Name_245,MP/484/2021-2022/2403 - Construction of Sanitation facility,2024-09-20,Completed,Lok Sabha,Works Completed_2024.csv,
Karnataka,Constituency_422,MP_Name_422,KA/160/2022-2023/3346 - Construction of Drinking Water facility,2022-07-11,Completed,Lok Sabha,Works Completed_2024.csv,
West Bengal,Constituency_72,MP_Name_72,WB/623/2022-2023/1404 - Construction of Roads facility,2023-12-25,Completed,Lok Sabha,Works Completed_2024.csv,
Tamil Nadu,Constituency_70,MP_Name_70,TN/208/2021-2022/1389 - Construction of Health facility,2023-12-03,Completed,Lok Sabha,Works Completed_2024.csv,
West Bengal,Constituency_296,MP_Name_296,WB/829/2023-2024/2672 - Construction of Education facility,2024-04-16,Completed,Lok Sabha,Works Completed_2024.csv,
Maharashtra,Constituency_456,MP_Name_456,MH/640/2022-2023/3530 - Construction of Drinking Water facility,2022-08-17,Completed,Lok Sabha,Works Completed_2024.csv,
Karnataka,Constituency_3,MP_Name_3,KA/819/2023-2024/1016 - Construction of Health facility,2024-09-08,Completed,Lok Sabha,Works Completed_2024.csv,
West Bengal,Constituency_17,MP_Name_17,WB/424/2022-2023/1091 - Construction of Education facility,2021-08-07,Completed,Lok Sabha,Works Completed_2024.csv,
Rajasthan,Constituency_224,MP_Name_224,RJ/683/2022-2023/2281 - Construction of Sanitation facility,2024-10-01,Completed,Lok Sabha,Works Completed_2024.csv,
Karnataka,Constituency_445,MP_Name_445,KA/397/2021-2022/3480 - Construction of Health facility,2022-10-28,Completed,Lok Sabha,Works Completed_2024.csv,
Rajasthan,Constituency_542,MP_Name_542,RJ/161/2023-2024/4024 - Construction of Sanitation facility,2021-03-25,Completed,Lok Sabha,Works Completed_2024.csv,
Tamil Nadu,Constituency_440,MP_Name_440,TN/932/2022-2023/3456 - Construction of Drinking Water facility,2022-04-26,Completed,Lok Sabha,Works Completed_2024.csv,
Maharashtra,Constituency_114,MP_Name_114,MH/953/2023-2024/1637 - Construction of Electricity facility,2022-01-30,Completed,Lok Sabha,Works Completed_2024.csv,
Karnataka,Constituency_130,MP_Name_130,KA/608/2023-2024/1722 - Construction of Education facility,2023-02-23,Completed,Lok Sabha,Works Completed_2024.csv,
Uttar Pradesh,Constituency_167,MP_Name_167,UP/295/2023-2024/1941 - Construction of Drinking Water facility,2022-10-10,Completed,Lok Sabha,Works Completed_2024.csv,
Rajasthan,Constituency_26,MP_Name_26,RJ/377/2023-2024/1141 - Construction of Education facility,2022-08-11,Completed,Lok Sabha,Works Completed_2024.csv,
Gujarat,Constituency_84,MP_Name_84,GJ/480/2021-2022/1463 - Construction of Electricity facility,2021-01-30,Completed,Lok Sabha,Works Completed_2024.csv,
Karnataka,Constituency_465,MP_Name_465,KA/167/2023-2024/3585 - Construction of Education facility,2023-07-25,Completed,Lok Sabha,Works Completed_2024.csv,
Karnataka,Constituency_137,MP_Name_137,KA/323/2021-2022/1752 - Construction of Electricity facility,2023-07-21,Completed,Lok Sabha,Works Completed_2024.csv,
Gujarat,Constituency_227,MP_Name_227,GJ/168/2022-2023/2299 - Construction of Drinking Water facility,2024-01-04,Completed,Lok Sabha,Works Completed_2024.csv,
Karnataka,Constituency_19,MP_Name_19,KA/452/2021-2022/1101 - Construction of Drinking Water facility,2023-10-18,Completed,Lok Sabha,Works Completed_2024.csv,
Tamil Nadu,Constituency_75,MP_Name_75,TN/119/2021-2022/1422 - Construction of Sanitation facility,2022-04-15,Completed,Lok Sabha,Works Completed_2024.csv,
Delhi,Constituency_31,MP_Name_31,DL/525/2021-2022/1165 - Construction of Education facility,2024-01-19,Completed,Lok Sabha,Works Completed_2024.csv,
Rajasthan,Constituency_332,MP_Name_332,RJ/858/2022-2023/2868 - Construction of Electricity facility,2022-05-21,Completed,Lok Sabha,Works Completed_2024.csv,
Rajasthan,Constituency_200,MP_Name_200,RJ/124/2021-2022/2136 - Construction of Drinking Water facility,2021-08-17,Completed,Lok Sabha,Works Completed_2024.csv,
Bihar,Constituency_214,MP_Name_214,BR/776/2022-2023/2227 - Construction of Roads facility,2024-04-03,Completed,Lok Sabha,Works Completed_2024.csv,
Tamil Nadu,Constituency_20,MP_Name_20,TN/841/2023-2024/1107 - Construction of Sanitation facility,2024-07-04,Completed,Lok Sabha,Works Completed_2024.csv,
Bihar,Constituency_152,MP_Name_152,BR/756/2022-2023/1842 - Construction of Health facility,2024-07-10,Completed,Lok Sabha,Works Completed_2024.csv,
Karnataka,Constituency_237,MP_Name_237,KA/666/2021-2022/2355 - Construction of Drinking Water facility,2023-09-02,Completed,Lok Sabha,Works Completed_2024.csv,
Rajasthan,Constituency_492,MP_Name_492,RJ/970/2022-2023/3736 - Construction of Electricity facility,2023-11-17,Completed,Lok Sabha,Works Completed_2024.csv,
Madhya Pradesh,Constituency_204,MP_Name_204,MP/784/2021-2022/2166 - Construction of Education facility,2022-02-14,Completed,Lok Sabha,Works Completed_2024.csv,
West Bengal,Constituency_526,MP_Name_526,WB/792/2023-2024/3927 - Construction of Health facility,2024-12-03,Completed,Lok Sabha,Works Completed_2024.csv,
Tamil Nadu,Constituency_191,MP_Name_191,TN/884/2021-2022/2078 - Construction of Roads facility,2022-03-29,Completed,Lok Sabha,Works Completed_2024.csv,
Uttar Pradesh,Constituency_171,MP_Name_171,UP/229/2022-2023/1959 - Construction of Drinking Water facility,2023-09-06,Completed,Lok Sabha,Works Completed_2024.csv,
Gujarat,Constituency_227,MP_Name_227,GJ/324/2023-2024/2297 - Construction of Roads facility,2021-07-05,Completed,Lok Sabha,Works Completed_2024.csv,
Maharashtra,Constituency_417,MP_Name_417,MH/440/2021-2022/3319 - Construction of Roads facility,2024-09-21,Completed,Lok Sabha,Works Completed_2024.csv,
Maharashtra,Constituency_482,MP_Name_482,MH/679/2022-2023/3673 - Construction of Roads facility,2021-07-22,Completed,Lok Sabha,Works Completed_2024.csv,
Bihar,Constituency_254,MP_Name_254,BR/743/2021-2022/2446 - Construction of Roads facility,2023-03-16,Completed,Lok Sabha,Works Completed_2024.csv,
Karnataka,Constituency_129,MP_Name_129,KA/614/2021-2022/1713 - Construction of Roads facility,2021-04-12,Completed,Lok Sabha,Works Completed_2024.csv,
Tamil Nadu,Constituency_205,MP_Name_205,TN/430/2023-2024/2173 - Construction of Drinking Water facility,2022-02-03,Completed,Lok Sabha,Works Completed_2024.csv,
Madhya Pradesh,Constituency_177,MP_Name_177,MP/260/2022-2023/1995 - Construction of Sanitation facility,2023-05-30,Completed,Lok Sabha,Works Completed_2024.csv,
Madhya Pradesh,Constituency_11,MP_Name_11,MP/336/2021-2022/1059 - Construction of Drinking Water facility,2024-08-28,Completed,Lok Sabha,Works Completed_2024.csv,
Uttar Pradesh,Constituency_115,MP_Name_115,UP/303/2022-2023/1640 - Construction of Education facility,2022-08-03,Completed,Lok Sabha,Works Completed_2024.csv,
Delhi,Constituency_64,MP_Name_64,DL/232/2022-2023/1353 - Construction of Electricity facility,2022-03-10,Completed,Lok Sabha,Works Completed_2024.csv,
Bihar,Constituency_152,MP_Name_152,BR/914/2023-2024/1839 - Construction of Drinking Water facility,2024-04-06,Completed,Lok Sabha,Works Completed_2024.csv,
Rajasthan,Constituency_348,MP_Name_348,RJ/518/2023-2024/2950 - Construction of Electricity facility,2023-01-07,Completed,Lok Sabha,Works Completed_2024.csv,
Bihar,Constituency_286,MP_Name_286,BR/689/2021-2022/2612 - Construction of Sanitation facility,2024-01-11,Completed,Lok Sabha,Works Completed_2024.csv,
West Bengal,Constituency_419,MP_Name_419,WB/895/2023-2024/3332 - Construction of Sanitation facility,2023-11-15,Completed,Lok Sabha,Works Completed_2024.csv,
Tamil Nadu,Constituency_75,MP_Name_75,TN/911/2021-2022/1419 - Construction of Health facility,2023-01-08,Completed,Lok Sabha,Works Completed_2024.csv,
Rajasthan,Constituency_455,MP_Name_455,RJ/779/2023-2024/3528 - Construction of Sanitation facility,2021-04-07,Completed,Lok Sabha,Works Completed_2024.csv,
Gujarat,Constituency_321,MP_Name_321,GJ/518/2023-2024/2804 - Construction of Sanitation facility,2024-03-05,Completed,Lok Sabha,Works Completed_2024.csv,
Karnataka,Constituency_164,MP_Name_164,KA/755/2022-2023/1916 - Construction of Electricity facility,2023-04-28,Completed,Lok Sabha,Works Completed_2024.csv,
Maharashtra,Constituency_543,MP_Name_543,MH/830/2023-2024/4028 - Construction of Health facility,2022-06-12,Completed,Lok Sabha,Works Completed_2024.csv,
Maharashtra,Constituency_8,MP_Name_8,MH/669/2022-2023/1044 - Construction of Education facility,2021-08-14,Completed,Lok Sabha,Works Completed_2024.csv,
Tamil Nadu,Constituency_434,MP_Name_434,TN/799/2022-2023/3421 - Construction of Education facility,2022-06-04,Completed,Lok Sabha,Works Completed_2024.csv,
Delhi,Constituency_423,MP_Name_423,DL/813/2021-2022/3352 - Construction of Electricity facility,2022-11-21,Completed,Lok Sabha,Works Completed_2024.csv,
Bihar,Constituency_377,MP_Name_377,BR/243/2022-2023/3096 - Construction of Electricity facility,2023-12-01,Completed,Lok Sabha,Works Completed_2024.csv,
Rajasthan,Constituency_66,MP_Name_66,RJ/355/2021-2022/1364 - Construction of Drinking Water facility,2024-01-13,Completed,Lok Sabha,Works Completed_2024.csv,
Rajasthan,Constituency_306,MP_Name_306,RJ/165/2021-2022/2716 - Construction of Electricity facility,2023-07-05,Completed,Lok Sabha,Works Completed_2024.csv,
Gujarat,Constituency_267,MP_Name_267,GJ/634/2023-2024/2504 - Construction of Health facility,2022-11-20,Completed,Lok Sabha,Works Completed_2024.csv,
Delhi,Constituency_496,MP_Name_496,DL/941/2022-2023/3759 - Construction of Electricity facility,2024-03-28,Completed,Lok Sabha,Works Completed_2024.csv,
West Bengal,Constituency_18,MP_Name_18,WB/585/2023-2024/1093 - Construction of Sanitation facility,2023-07-27,Completed,Lok Sabha,Works Completed_2024.csv,
Maharashtra,Constituency_373,MP_Name_373,MH/691/2021-2022/3072 - Construction of Health facility,2024-03-01,Completed,Lok Sabha,Works Completed_2024.csv,
Rajasthan,Constituency_425,MP_Name_425,RJ/561/2023-2024/3362 - Construction of Health facility,2023-09-06,Completed,Lok Sabha,Works Completed_2024.csv,
Madhya Pradesh,Constituency_335,MP_Name_335,MP/535/2021-2022/2884 - Construction of Health facility,2022-02-20,Completed,Lok Sabha,Works Completed_2024.csv,
Uttar Pradesh,Constituency_94,MP_Name_94,UP/467/2023-2024/1521 - Construction of Health facility,2024-01-30,Completed,Lok Sabha,Works Completed_2024.csv,
Bihar,Constituency_448,MP_Name_448,BR/670/2021-2022/3490 - Construction of Electricity facility,2023-03-09,Completed,Lok Sabha,Works Completed_2024.csv,
Tamil Nadu,Constituency_197,MP_Name_197,TN/355/2021-2022/2113 - Construction of Electricity facility,2024-05-13,Completed,Lok Sabha,Works Completed_2024.csv,
West Bengal,Constituency_370,MP_Name_370,WB/832/2021-2022/3055 - Construction of Drinking Water facility,2023-05-11,Completed,Lok Sabha,Works Completed_2024.csv,
West Bengal,Constituency_468,MP_Name_468,WB/968/2022-2023/3605 - Construction of Sanitation facility,2023-02-13,Completed,Lok Sabha,Works Completed_2024.csv,
Gujarat,Constituency_163,MP_Name_163,GJ/998/2022-2023/1909 - Construction of Sanitation facility,2023-06-03,Completed,Lok Sabha,Works Completed_2024.csv,
Tamil Nadu,Constituency_304,MP_Name_304,TN/699/2023-2024/2705 - Construction of Health facility,2022-12-10,Completed,Lok Sabha,Works Completed_2024.csv,
Rajasthan,Constituency_34,MP_Name_34,RJ/721/2021-2022/1180 - Construction of Sanitation facility,2023-04-03,Completed,Lok Sabha,Works Completed_2024.csv,
Karnataka,Constituency_521,MP_Name_521,KA/875/2023-2024/3900 - Construction of Sanitation facility,2021-04-30,Completed,Lok Sabha,Works Completed_2024.csv,
Gujarat,Constituency_392,MP_Name_392,GJ/171/2021-2022/3195 - Construction of Electricity facility,2023-07-07,Completed,Lok Sabha,Works Completed_2024.csv,
West Bengal,Constituency_312,MP_Name_312,WB/391/2022-2023/2748 - Construction of Sanitation facility,2022-03-29,Completed,Lok Sabha,Works Completed_2024.csv,
Rajasthan,Constituency_297,MP_Name_297,RJ/585/2021-2022/2677 - Construction of Sanitation facility,2022-03-20,Completed,Lok Sabha,Works Completed_2024.csv,
Gujarat,Constituency_476,MP_Name_476,GJ/158/2023-2024/3648 - Construction of Health facility,2021-06-26,Completed,Lok Sabha,Works Completed_2024.csv,
Karnataka,Constituency_108,MP_Name_108,KA/158/2022-2023/1604 - Construction of Health facility,2024-07-12,Completed,Lok Sabha,Works Completed_2024.csv,
Uttar Pradesh,Constituency_494,MP_Name_494,UP/159/2022-2023/3743 - Construction of Health facility,2023-06-03,Completed,Lok Sabha,Works Completed_2024.csv,
Bihar,Constituency_525,MP_Name_525,BR/489/2021-2022/3918 - Construction of Education facility,2023-01-24,Completed,Lok Sabha,Works Completed_2024.csv,
West Bengal,Constituency_120,MP_Name_120,WB/945/2022-2023/1668 - Construction of Roads facility,2022-04-02,Completed,Lok Sabha,Works Completed_2024.csv,
Gujarat,Constituency_154,MP_Name_154,GJ/340/2022-2023/1851 - Construction of Drinking Water facility,2022-10-05,Completed,Lok Sabha,Works Completed_2024.csv,
Tamil Nadu,Constituency_213,MP_Name_213,TN/552/2022-2023/2223 - Construction of Health facility,2022-05-14,Completed,Lok Sabha,Works Completed_2024.csv,
Maharashtra,Constituency_30,MP_Name_30,MH/603/2022-2023/1158 - Construction of Electricity facility,2021-02-24,Completed,Lok Sabha,Works Completed_2024.csv,
Madhya Pradesh,Constituency_243,MP_Name_243,MP/426/2021-2022/2389 - Construction of Drinking Water facility,2021-08-05,Completed,Lok Sabha,Works Completed_2024.csv,
West Bengal,Constituency_185,MP_Name_185,WB/539/2023-2024/2040 - Construction of Sanitation facility,2021-02-17,Completed,Lok Sabha,Works Completed_2024.csv,
West Bengal,Constituency_336,MP_Name_336,WB/974/2023-2024/2887 - Construction of Electricity facility,2023-03-24,Completed,Lok Sabha,Works Completed_2024.csv,
Maharashtra,Constituency_142,MP_Name_142,MH/152/2021-2022/1787 - Construction of Health facility,2021-01-17,Completed,Lok Sabha,Works Completed_2024.csv,
Madhya Pradesh,Constituency_292,MP_Name_292,MP/173/2023-2024/2653 - Construction of Education facility,2021-12-27,Completed,Lok Sabha,Works Completed_2024.csv,
Tamil Nadu,Constituency_191,MP_Name_191,TN/542/2021-2022/2080 - Construction of Roads facility,2021-01-29,Completed,Lok Sabha,Works Completed_2024.csv,
Maharashtra,Constituency_239,MP_Name_239,MH/340/2023-2024/2366 - Construction of Education facility,2023-12-21,Completed,Lok Sabha,Works Completed_2024.csv,
Karnataka,Constituency_353,MP_Name_353,KA/278/2023-2024/2971 - Construction of Education facility,2022-10-23,Completed,Lok Sabha,Works Completed_2024.csv,
Tamil Nadu,Constituency_32,MP_Name_32,TN/335/2023-2024/1174 - Construction of Health facility,2022-06-27,Completed,Lok Sabha,Works Completed_2024.csv,
Tamil Nadu,Constituency_287,MP_Name_287,TN/473/2022-2023/2621 - Construction of Drinking Water facility,2023-03-11,Completed,Lok Sabha,Works Completed_2024.csv,
Maharashtra,Constituency_460,MP_Name_460,MH/178/2022-2023/3555 - Construction of Education facility,2024-08-15,Completed,Lok Sabha,Works Completed_2024.csv,
Madhya Pradesh,Constituency_253,MP_Name_253,MP/339/2023-2024/2436 - Construction of Sanitation facility,2024-09-23,Completed,Lok Sabha,Works Completed_2024.csv,
Maharashtra,Constituency_158,MP_Name_158,MH/957/2021-2022/1881 - Construction of Health facility,2022-11-01,Completed,Lok Sabha,Works Completed_2024.csv,
Gujarat,Constituency_173,MP_Name_173,GJ/685/2023-2024/1967 - Construction of Education facility,2022-02-25,Completed,Lok Sabha,Works Completed_2024.csv,
Tamil Nadu,Constituency_449,MP_Name_449,TN/146/2021-2022/3496 - Construction of Education facility,2023-11-04,Completed,Lok Sabha,Works Completed_2024.csv,
Karnataka,Constituency_454,MP_Name_454,KA/317/2022-2023/3521 - Construction of Drinking Water facility,2024-10-07,Completed,Lok Sabha,Works Completed_2024.csv,
Uttar Pradesh,Constituency_147,MP_Name_147,UP/670/2022-2023/1810 - Construction of Drinking Water facility,2021-06-25,Completed,Lok Sabha,Works Completed_2024.csv,
Gujarat,Constituency_163,MP_Name_163,GJ/790/2023-2024/1907 - Construction of Drinking Water facility,2021-08-25,Completed,Lok Sabha,Works Completed_2024.csv,
Karnataka,Constituency_391,MP_Name_391,KA/866/2021-2022/3189 - Construction of Education facility,2021-07-08,Completed,Lok Sabha,Works Completed_2024.csv,
Tamil Nadu,Constituency_537,MP_Name_537,TN/460/2021-2022/3991 - Construction of Roads facility,2021-10-26,Completed,Lok Sabha,Works Completed_2024.csv,
Delhi,Constituency_143,MP_Name_143,DL/606/2023-2024/1792 - Construction of Electricity facility,2022-01-28,Completed,Lok Sabha,Works Completed_2024.csv,
Tamil Nadu,Constituency_205,MP_Name_205,TN/843/2021-2022/2169 - Construction of Electricity facility,2022-10-10,Completed,Lok Sabha,Works Completed_2024.csv,
Maharashtra,Constituency_305,MP_Name_305,MH/325/2021-2022/2711 - Construction of Health facility,2021-05-30,Completed,Lok Sabha,Works Completed_2024.csv,
Delhi,Constituency_118,MP_Name_118,DL/604/2023-2024/1654 - Construction of Sanitation facility,2024-05-25,Completed,Lok Sabha,Works Completed_2024.csv,
Karnataka,Constituency_331,MP_Name_331,KA/647/2022-2023/2862 - Construction of Electricity facility,2023-01-10,Completed,Lok Sabha,Works Completed_2024.csv,
Tamil Nadu,Constituency_400,MP_Name_400,TN/600/2023-2024/3231 - Construction of Roads facility,2024-04-26,Completed,Lok Sabha,Works Completed_2024.csv,
Rajasthan,Constituency_168,MP_Name_168,RJ/255/2023-2024/1943 - Construction of Drinking Water facility,2021-09-28,Completed,Lok Sabha,Works Completed_2024.csv,
Madhya Pradesh,Constituency_292,MP_Name_292,MP/334/2022-2023/2654 - Construction of Roads facility,2021-04-24,Completed,Lok Sabha,Works Completed_2024.csv,
Uttar Pradesh,Constituency_170,MP_Name_170,UP/369/2023-2024/1952 - Construction of Electricity facility,2022-09-03,Completed,Lok Sabha,Works Completed_2024.csv,
West Bengal,Constituency_15,MP_Name_15,WB/959/2021-2022/1075 - Construction of Sanitation facility,2023-11-23,Completed,Lok Sabha,Works Completed_2024.csv,
West Bengal,Constituency_189,MP_Name_189,WB/813/2023-2024/2067 - Construction of Roads facility,2024-04-13,Completed,Lok Sabha,Works Completed_2024.csv,
Uttar Pradesh,Constituency_223,MP_Name_223,UP/910/2021-2022/2280 - Construction of Education facility,2024-07-04,Completed,Lok Sabha,Works Completed_2024.csv,
Uttar Pradesh,Constituency_405,MP_Name_405,UP/847/2021-2022/3263 - Construction of Roads facility,2021-10-20,Completed,Lok Sabha,Works Completed_2024.csv,
Maharashtra,Constituency_158,MP_Name_158,MH/575/2023-2024/1883 - Construction of Drinking Water facility,2021-06-23,Completed,Lok Sabha,Works Completed_2024.csv,
Delhi,Constituency_184,MP_Name_184,DL/556/2022-2023/2035 - Construction of Sanitation facility,2021-01-02,Completed,Lok Sabha,Works Completed_2024.csv,
Karnataka,Constituency_121,MP_Name_121,KA/391/2022-2023/1671 - Construction of Education facility,2024-07-21,Completed,Lok Sabha,Works Completed_2024.csv,
Gujarat,Constituency_217,MP_Name_217,GJ/229/2022-2023/2247 - Construction of Education facility,2023-09-02,Completed,Lok Sabha,Works Completed_2024.csv,
Delhi,Constituency_421,MP_Name_421,DL/771/2023-2024/3341 - Construction of Education facility,2022-12-02,Completed,Lok Sabha,Works Completed_2024.csv,
West Bengal,Constituency_510,MP_Name_510,WB/167/2022-2023/3836 - Construction of Roads facility,2023-04-11,Completed,Lok Sabha,Works Completed_2024.csv,
Madhya Pradesh,Constituency_272,MP_Name_272,MP/376/2023-2024/2536 - Construction of Roads facility,2023-01-09,Completed,Lok Sabha,Works Completed_2024.csv,
Karnataka,Constituency_519,MP_Name_519,KA/553/2022-2023/3886 - Construction of Health facility,2024-09-24,Completed,Lok Sabha,Works Completed_2024.csv,
Bihar,Constituency_207,MP_Name_207,BR/535/2021-2022/2180 - Construction of Education facility,2024-10-04,Completed,Lok Sabha,Works Completed_2024.csv,
Madhya Pradesh,Constituency_318,MP_Name_318,MP/414/2023-2024/2784 - Construction of Drinking Water facility,2021-05-05,Completed,Lok Sabha,Works Completed_2024.csv,
Gujarat,Constituency_25,MP_Name_25,GJ/169/2023-2024/1133 - Construction of Electricity facility,2022-07-14,Completed,Lok Sabha,Works Completed_2024.csv,
Karnataka,Constituency_176,MP_Name_176,KA/696/2022-2023/1986 - Construction of Education facility,2023-11-30,Completed,Lok Sabha,Works Completed_2024.csv,
Tamil Nadu,Constituency_300,MP_Name_300,TN/306/2021-2022/2687 - Construction of Drinking Water facility,2021-02-17,Completed,Lok Sabha,Works Completed_2024.csv,
Rajasthan,Constituency_314,MP_Name_314,RJ/348/2022-2023/2765 - Construction of Electricity facility,2023-06-14,Completed,Lok Sabha,Works Completed_2024.csv,
Tamil Nadu,Constituency_440,MP_Name_440,TN/774/2021-2022/3455 - Construction of Roads facility,2023-07-26,Completed,Lok Sabha,Works Completed_2024.csv,
Madhya Pradesh,Constituency_277,MP_Name_277,MP/843/2022-2023/2566 - Construction of Drinking Water facility,2021-08-17,Completed,Lok Sabha,Works Completed_2024.csv,
Delhi,Constituency_232,MP_Name_232,DL/739/2021-2022/2325 - Construction of Sanitation facility,2023-09-06,Completed,Lok Sabha,Works Completed_2024.csv,
Karnataka,Constituency_415,MP_Name_415,KA/603/2023-2024/3308 - Construction of Electricity facility,2024-04-02,Completed,Lok Sabha,Works Completed_2024.csv,
Karnataka,Constituency_137,MP_Name_137,KA/374/2023-2024/1753 - Construction of Sanitation facility,2021-07-21,Completed,Lok Sabha,Works Completed_2024.csv,
West Bengal,Constituency_113,MP_Name_113,WB/117/2023-2024/1625 - Construction of Sanitation facility,2023-11-10,Completed,Lok Sabha,Works Completed_2024.csv,
Bihar,Constituency_107,MP_Name_107,BR/889/2023-2024/1594 - Construction of Drinking Water facility,2023-06-29,Completed,Lok Sabha,Works Completed_2024.csv,
West Bengal,Constituency_281,MP_Name_281,WB/489/2023-2024/2580 - Construction of Health facility,2024-04-30,Completed,Lok Sabha,Works Completed_2024.csv,
Madhya Pradesh,Constituency_514,MP_Name_514,MP/106/2023-2024/3856 - Construction of Electricity facility,2024-09-06,Completed,Lok Sabha,Works Completed_2024.csv,
Delhi,Constituency_522,MP_Name_522,DL/761/2023-2024/3903 - Construction of Sanitation facility,2023-06-10,Completed,Lok Sabha,Works Completed_2024.csv,
Maharashtra,Constituency_529,MP_Name_529,MH/570/2023-2024/3944 - Construction of Electricity facility,2024-07-22,Completed,Lok Sabha,Works Completed_2024.csv,
West Bengal,Constituency_146,MP_Name_146,WB/253/2021-2022/1804 - Construction of Roads facility,2022-09-05,Completed,Lok Sabha,Works Completed_2024.csv,
Uttar Pradesh,Constituency_167,MP_Name_167,UP/216/2021-2022/1936 - Construction of Roads facility,2024-06-04,Completed,Lok Sabha,Works Completed_2024.csv,
West Bengal,Constituency_252,MP_Name_252,WB/728/2022-2023/2432 - Construction of Electricity facility,2023-06-14,Completed,Lok Sabha,Works Completed_2024.csv,
West Bengal,Constituency_150,MP_Name_150,WB/401/2022-2023/1826 - Construction of Roads facility,2023-03-12,Completed,Lok Sabha,Works Completed_2024.csv,
Uttar Pradesh,Constituency_355,MP_Name_355,UP/571/2022-2023/2981 - Construction of Drinking Water facility,2023-09-24,Completed,Lok Sabha,Works Completed_2024.csv,
Karnataka,Constituency_276,MP_Name_276,KA/377/2022-2023/2559 - Construction of Electricity facility,2021-03-19,Completed,Lok Sabha,Works Completed_2024.csv,
Maharashtra,Constituency_239,MP_Name_239,MH/888/2021-2022/2365 - Construction of Health facility,2022-05-11,Completed,Lok Sabha,Works Completed_2024.csv,
Delhi,Constituency_64,MP_Name_64,DL/676/2021-2022/1354 - Construction of Sanitation facility,2021-09-30,Completed,Lok Sabha,Works Completed_2024.csv,
Delhi,Constituency_485,MP_Name_485,DL/444/2023-2024/3690 - Construction of Health facility,2023-11-20,Completed,Lok Sabha,Works Completed_2024.csv,
Madhya Pradesh,Constituency_55,MP_Name_55,MP/928/2022-2023/1308 - Construction of Electricity facility,2024-08-07,Completed,Lok Sabha,Works Completed_2024.csv,
Delhi,Constituency_79,MP_Name_79,DL/725/2022-2023/1439 - Construction of Drinking Water facility,2023-01-19,Completed,Lok Sabha,Works Completed_2024.csv,
Madhya Pradesh,Constituency_381,MP_Name_381,MP/380/2021-2022/3120 - Construction of Roads facility,2023-06-02,Completed,Lok Sabha,Works Completed_2024.csv,
West Bengal,Constituency_44,MP_Name_44,WB/854/2023-2024/1244 - Construction of Drinking Water facility,2023-10-30,Completed,Lok Sabha,Works Completed_2024.csv,
Delhi,Constituency_62,MP_Name_62,DL/283/2021-2022/1342 - Construction of Drinking Water facility,2024-05-26,Completed,Lok Sabha,Works Completed_2024.csv,
Gujarat,Constituency_428,MP_Name_428,GJ/675/2022-2023/3379 - Construction of Roads facility,2024-11-26,Completed,Lok Sabha,Works Completed_2024.csv,
West Bengal,Constituency_36,MP_Name_36,WB/853/2022-2023/1193 - Construction of Drinking Water facility,2024-08-01,Completed,Lok Sabha,Works Completed_2024.csv,
Karnataka,Constituency_130,MP_Name_130,KA/313/2022-2023/1719 - Construction of Sanitation facility,2022-05-04,Completed,Lok Sabha,Works Completed_2024.csv,
Maharashtra,Constituency_482,MP_Name_482,MH/265/2022-2023/3675 - Construction of Electricity facility,2024-02-17,Completed,Lok Sabha,Works Completed_2024.csv,
Gujarat,Constituency_469,MP_Name_469,GJ/705/2021-2022/3608 - Construction of Sanitation facility,2023-04-02,Completed,Lok Sabha,Works Completed_2024.csv,
Tamil Nadu,Constituency_457,MP_Name_457,TN/855/2021-2022/3535 - Construction of Sanitation facility,2022-08-25,Completed,Lok Sabha,Works Completed_2024.csv,
West Bengal,Constituency_196,MP_Name_196,WB/390/2022-2023/2109 - Construction of Sanitation facility,2024-06-07,Completed,Lok Sabha,Works Completed_2024.csv,
Delhi,Constituency_31,MP_Name_31,DL/699/2022-2023/1166 - Construction of Education facility,2022-07-21,Completed,Lok Sabha,Works Completed_2024.csv,
Tamil Nadu,Constituency_284,MP_Name_284,TN/194/2023-2024/2598 - Construction of Drinking Water facility,2024-06-28,Completed,Lok Sabha,Works Completed_2024.csv,
Maharashtra,Constituency_114,MP_Name_114,MH/597/2022-2023/1636 - Construction of Education facility,2024-10-15,Completed,Lok Sabha,Works Completed_2024.csv,
Karnataka,Constituency_391,MP_Name_391,KA/510/2022-2023/3186 - Construction of Drinking Water facility,2022-01-26,Completed,Lok Sabha,Works Completed_2024.csv,
Rajasthan,Constituency_48,MP_Name_48,RJ/704/2023-2024/1262 - Construction of Roads facility,2024-06-17,Completed,Lok Sabha,Works Completed_2024.csv,
Tamil Nadu,Constituency_367,MP_Name_367,TN/405/2021-2022/3036 - Construction of Health facility,2024-07-17,Completed,Lok Sabha,Works Completed_2024.csv,
Gujarat,Constituency_379,MP_Name_379,GJ/470/2021-2022/3103 - Construction of Sanitation facility,2022-04-28,Completed,Lok Sabha,Works Completed_2024.csv,
Tamil Nadu,Constituency_506,MP_Name_506,TN/391/2021-2022/3812 - Construction of Roads facility,2024-10-10,Completed,Lok Sabha,Works Completed_2024.csv,
Rajasthan,Constituency_200,MP_Name_200,RJ/443/2023-2024/2137 - Construction of Roads facility,2023-09-17,Completed,Lok Sabha,Works Completed_2024.csv,
Madhya Pradesh,Constituency_243,MP_Name_243,MP/768/2023-2024/2385 - Construction of Health facility,2023-05-12,Completed,Lok Sabha,Works Completed_2024.csv,
Gujarat,Constituency_226,MP_Name_226,GJ/447/2022-2023/2295 - Construction of Electricity facility,2021-02-23,Completed,Lok Sabha,Works Completed_2024.csv,
Uttar Pradesh,Constituency_126,MP_Name_126,UP/708/2023-2024/1697 - Construction of Drinking Water facility,2024-04-07,Completed,Lok Sabha,Works Completed_2024.csv,
West Bengal,Constituency_313,MP_Name_313,WB/750/2023-2024/2753 - Construction of Health facility,2023-09-14,Completed,Lok Sabha,Works Completed_2024.csv,
Karnataka,Constituency_509,MP_Name_509,KA/447/2023-2024/3832 - Construction of Roads facility,2024-08-04,Completed,Lok Sabha,Works Completed_2024.csv,
Maharashtra,Constituency_533,MP_Name_533,MH/222/2023-2024/3967 - Construction of Health facility,2022-03-05,Completed,Lok Sabha,Works Completed_2024.csv,
Maharashtra,Constituency_30,MP_Name_30,MH/380/2023-2024/1164 - Construction of Sanitation facility,2021-01-21,Completed,Lok Sabha,Works Completed_2024.csv,
Maharashtra,Constituency_461,MP_Name_461,MH/937/2022-2023/3562 - Construction of Roads facility,2022-10-15,Completed,Lok Sabha,Works Completed_2024.csv,
Tamil Nadu,Constituency_188,MP_Name_188,TN/140/2021-2022/2064 - Construction of Roads facility,2021-04-28,Completed,Lok Sabha,Works Completed_2024.csv,
Madhya Pradesh,Constituency_359,MP_Name_359,MP/202/2023-2024/2997 - Construction of Education facility,2023-07-06,Completed,Lok Sabha,Works Completed_2024.csv,
Karnataka,Constituency_519,MP_Name_519,KA/560/2023-2024/3882 - Construction of Roads facility,2021-11-01,Completed,Lok Sabha,Works Completed_2024.csv,
Karnataka,Constituency_276,MP_Name_276,KA/761/2021-2022/2555 - Construction of Sanitation facility,2021-07-09,Completed,Lok Sabha,Works Completed_2024.csv,
Maharashtra,Constituency_417,MP_Name_417,MH/713/2023-2024/3322 - Construction of Electricity facility,2021-10-27,Completed,Lok Sabha,Works Completed_2024.csv,
Uttar Pradesh,Constituency_343,MP_Name_343,UP/256/2023-2024/2925 - Construction of Electricity facility,2021-05-20,Completed,Lok Sabha,Works Completed_2024.csv,
Madhya Pradesh,Constituency_21,MP_Name_21,MP/564/2023-2024/1110 - Construction of Roads facility,2024-01-18,Completed,Lok Sabha,Works Completed_2024.csv,
Maharashtra,Constituency_417,MP_Name_417,MH/669/2021-2022/3323 - Construction of Drinking Water facility,2024-06-27,Completed,Lok Sabha,Works Completed_2024.csv,
Delhi,Constituency_238,MP_Name_238,DL/416/2021-2022/2357 - Construction of Drinking Water facility,2024-01-17,Completed,Lok Sabha,Works Completed_2024.csv,
Karnataka,Constituency_132,MP_Name_132,KA/922/2021-2022/1734 - Construction of Sanitation facility,2022-10-25,Completed,Lok Sabha,Works Completed_2024.csv,
Bihar,Constituency_525,MP_Name_525,BR/668/2022-2023/3917 - Construction of Roads facility,2024-01-16,Completed,Lok Sabha,Works Completed_2024.csv,
Bihar,Constituency_214,MP_Name_214,BR/525/2021-2022/2224 - Construction of Education facility,2024-09-08,Completed,Lok Sabha,Works Completed_2024.csv,
Gujarat,Constituency_358,MP_Name_358,GJ/865/2022-2023/2994 - Construction of Sanitation facility,2023-07-06,Completed,Lok Sabha,Works Completed_2024.csv,
Gujarat,Constituency_264,MP_Name_264,GJ/544/2021-2022/2496 - Construction of Drinking Water facility,2024-07-30,Completed,Lok Sabha,Works Completed_2024.csv,
Tamil Nadu,Constituency_400,MP_Name_400,TN/378/2021-2022/3235 - Construction of Drinking Water facility,2021-03-30,Completed,Lok Sabha,Works Completed_2024.csv,
Bihar,Constituency_448,MP_Name_448,BR/745/2021-2022/3494 - Construction of Sanitation facility,2023-03-10,Completed,Lok Sabha,Works Completed_2024.csv,
Madhya Pradesh,Constituency_88,MP_Name_88,MP/654/2022-2023/1487 - Construction of Health facility,2023-12-16,Completed,Lok Sabha,Works Completed_2024.csv,
Karnataka,Constituency_60,MP_Name_60,KA/693/2023-2024/1333 - Construction of Sanitation facility,2022-03-16,Completed,Lok Sabha,Works Completed_2024.csv,
Tamil Nadu,Constituency_345,MP_Name_345,TN/188/2021-2022/2939 - Construction of Education facility,2024-12-27,Completed,Lok Sabha,Works Completed_2024.csv,
West Bengal,Constituency_374,MP_Name_374,WB/185/2023-2024/3083 - Construction of Education facility,2023-07-16,Completed,Lok Sabha,Works Completed_2024.csv,
Bihar,Constituency_534,MP_Name_534,BR/176/2023-2024/3972 - Construction of Sanitation facility,2022-03-27,Completed,Lok Sabha,Works Completed_2024.csv,
West Bengal,Constituency_180,MP_Name_180,WB/765/2021-2022/2010 - Construction of Health facility,2022-06-01,Completed,Lok Sabha,Works Completed_2024.csv,
Karnataka,Constituency_201,MP_Name_201,KA/871/2023-2024/2145 - Construction of Roads facility,2022-12-22,Completed,Lok Sabha,Works Completed_2024.csv,
Uttar Pradesh,Constituency_193,MP_Name_193,UP/719/2023-2024/2091 - Construction of Electricity facility,2022-08-30,Completed,Lok Sabha,Works Completed_2024.csv,
Maharashtra,Constituency_288,MP_Name_288,MH/584/2022-2023/2628 - Construction of Electricity facility,2021-10-24,Completed,Lok Sabha,Works Completed_2024.csv,
Madhya Pradesh,Constituency_471,MP_Name_471,MP/976/2021-2022/3622 - Construction of Sanitation facility,2022-04-22,Completed,Lok Sabha,Works Completed_2024.csv,
West Bengal,Constituency_87,MP_Name_87,WB/878/2023-2024/1481 - Construction of Health facility,2022-05-27,Completed,Lok Sabha,Works Completed_2024.csv,
Tamil Nadu,Constituency_449,MP_Name_449,TN/558/2023-2024/3498 - Construction of Electricity facility,2024-07-24,Completed,Lok Sabha,Works Completed_2024.csv,
Bihar,Constituency_107,MP_Name_107,BR/194/2021-2022/1599 - Construction of Roads facility,2022-12-22,Completed,Lok Sabha,Works Completed_2024.csv,
Maharashtra,Constituency_513,MP_Name_513,MH/652/2022-2023/3850 - Construction of Education facility,2022-02-13,Completed,Lok Sabha,Works Completed_2024.csv,
Gujarat,Constituency_497,MP_Name_497,GJ/652/2022-2023/3763 - Construction of Drinking Water facility,2021-06-23,Completed,Lok Sabha,Works Completed_2024.csv,
Tamil Nadu,Constituency_210,MP_Name_210,TN/957/2023-2024/2199 - Construction of Roads facility,2022-06-25,Completed,Lok Sabha,Works Completed_2024.csv,
Uttar Pradesh,Constituency_411,MP_Name_411,UP/543/2023-2024/3293 - Construction of Electricity facility,2021-07-10,Completed,Lok Sabha,Works Completed_2024.csv,
Madhya Pradesh,Constituency_447,MP_Name_447,MP/423/2023-2024/3486 - Construction of Health facility,2024-01-19,Completed,Lok Sabha,Works Completed_2024.csv,
Maharashtra,Constituency_482,MP_Name_482,MH/150/2021-2022/3671 - Construction of Education facility,2023-08-09,Completed,Lok Sabha,Works Completed_2024.csv,
Maharashtra,Constituency_102,MP_Name_102,MH/367/2022-2023/1562 - Construction of Health facility,2021-08-12,Completed,Lok Sabha,Works Completed_2024.csv,
Tamil Nadu,Constituency_169,MP_Name_169,TN/283/2022-2023/1949 - Construction of Electricity facility,2021-08-28,Completed,Lok Sabha,Works Completed_2024.csv,
Madhya Pradesh,Constituency_256,MP_Name_256,MP/665/2022-2023/2454 - Construction of Sanitation facility,2024-12-05,Completed,Lok Sabha,Works Completed_2024.csv,
West Bengal,Constituency_336,MP_Name_336,WB/104/2022-2023/2886 - Construction of Health facility,2023-02-05,Completed,Lok Sabha,Works Completed_2024.csv,
Uttar Pradesh,Constituency_133,MP_Name_133,UP/111/2022-2023/1737 - Construction of Health facility,2021-11-08,Completed,Lok Sabha,Works Completed_2024.csv,
Bihar,Constituency_491,MP_Name_491,BR/160/2022-2023/3730 - Construction of Roads facility,2022-10-05,Completed,Lok Sabha,Works Completed_2024.csv,
Karnataka,Constituency_519,MP_Name_519,KA/317/2023-2024/3880 - Construction of Electricity facility,2023-12-17,Completed,Lok Sabha,Works Completed_2024.csv,
Tamil Nadu,Constituency_179,MP_Name_179,TN/954/2023-2024/2004 - Construction of Health facility,2024-03-12,Completed,Lok Sabha,Works Completed_2024.csv,
West Bengal,Constituency_215,MP_Name_215,WB/981/2021-2022/2233 - Construction of Electricity facility,2021-06-28,Completed,Lok Sabha,Works Completed_2024.csv,
Madhya Pradesh,Constituency_396,MP_Name_396,MP/719/2023-2024/3212 - Construction of Sanitation facility,2023-07-27,Completed,Lok Sabha,Works Completed_2024.csv,
Rajasthan,Constituency_542,MP_Name_542,RJ/570/2023-2024/4025 - Construction of Drinking Water facility,2023-09-10,Completed,Lok Sabha,Works Completed_2024.csv,
Bihar,Constituency_65,MP_Name_65,BR/695/2022-2023/1363 - Construction of Sanitation facility,2022-07-28,Completed,Lok Sabha,Works Completed_2024.csv,
Delhi,Constituency_64,MP_Name_64,DL/386/2021-2022/1356 - Construction of Sanitation facility,2023-09-23,Completed,Lok Sabha,Works Completed_2024.csv,
Uttar Pradesh,Constituency_411,MP_Name_411,UP/738/2023-2024/3294 - Construction of Sanitation facility,2024-11-03,Completed,Lok Sabha,Works Completed_2024.csv,
Tamil Nadu,Constituency_263,MP_Name_263,TN/604/2023-2024/2490 - Construction of Health facility,2022-09-05,Completed,Lok Sabha,Works Completed_2024.csv,
Delhi,Constituency_9,MP_Name_9,DL/263/2022-2023/1048 - Construction of Health facility,2024-06-29,Completed,Lok Sabha,Works Completed_2024.csv,
Gujarat,Constituency_163,MP_Name_163,GJ/840/2022-2023/1910 - Construction of Education facility,2021-06-23,Completed,Lok Sabha,Works Completed_2024.csv,
Madhya Pradesh,Constituency_111,MP_Name_111,MP/955/2023-2024/1619 - Construction of Drinking Water facility,2023-07-19,Completed,Lok Sabha,Works Completed_2024.csv,
Tamil Nadu,Constituency_406,MP_Name_406,TN/535/2022-2023/3269 - Construction of Sanitation facility,2023-07-17,Completed,Lok Sabha,Works Completed_2024.csv,
Delhi,Constituency_233,MP_Name_233,DL/896/2023-2024/2334 - Construction of Sanitation facility,2021-05-13,Completed,Lok Sabha,Works Completed_2024.csv,
Bihar,Constituency_356,MP_Name_356,BR/766/2023-2024/2984 - Construction of Health facility,2024-09-07,Completed,Lok Sabha,Works Completed_2024.csv,
Tamil Nadu,Constituency_97,MP_Name_97,TN/137/2022-2023/1538 - Construction of Sanitation facility,2024-04-04,Completed,Lok Sabha,Works Completed_2024.csv,
Maharashtra,Constituency_23,MP_Name_23,MH/618/2022-2023/1122 - Construction of Sanitation facility,2022-02-24,Completed,Lok Sabha,Works Completed_2024.csv,
West Bengal,Constituency_44,MP_Name_44,WB/359/2023-2024/1240 - Construction of Sanitation facility,2022-05-22,Completed,Lok Sabha,Works Completed_2024.csv,
Karnataka,Constituency_130,MP_Name_130,KA/213/2023-2024/1718 - Construction of Roads facility,2023-01-25,Completed,Lok Sabha,Works Completed_2024.csv,
Madhya Pradesh,Constituency_272,MP_Name_272,MP/307/2021-2022/2535 - Construction of Sanitation facility,2022-06-09,Completed,Lok Sabha,Works Completed_2024.csv,
Maharashtra,Constituency_417,MP_Name_417,MH/115/2023-2024/3321 - Construction of Health facility,2024-01-31,Completed,Lok Sabha,Works Completed_2024.csv,
Bihar,Constituency_274,MP_Name_274,BR/593/2022-2023/2546 - Construction of Education facility,2021-07-25,Completed,Lok Sabha,Works Completed_2024.csv,
Madhya Pradesh,Constituency_318,MP_Name_318,MP/663/2023-2024/2786 - Construction of Roads facility,2024-04-10,Completed,Lok Sabha,Works Completed_2024.csv,
West Bengal,Constituency_113,MP_Name_113,WB/176/2021-2022/1628 - Construction of Electricity facility,2022-05-14,Completed,Lok Sabha,Works Completed_2024.csv,
Uttar Pradesh,Constituency_236,MP_Name_236,UP/642/2021-2022/2345 - Construction of Health facility,2021-09-16,Completed,Lok Sabha,Works Completed_2024.csv,
Delhi,Constituency_216,MP_Name_216,DL/135/2021-2022/2238 - Construction of Roads facility,2021-08-19,Completed,Lok Sabha,Works Completed_2024.csv,
Delhi,Constituency_488,MP_Name_488,DL/933/2022-2023/3709 - Construction of Roads facility,2022-08-14,Completed,Lok Sabha,Works Completed_2024.csv,
Karnataka,Constituency_132,MP_Name_132,KA/785/2023-2024/1731 - Construction of Sanitation facility,2023-04-30,Completed,Lok Sabha,Works Completed_2024.csv,
Tamil Nadu,Constituency_345,MP_Name_345,TN/657/2022-2023/2937 - Construction of Roads facility,2021-02-25,Completed,Lok Sabha,Works Completed_2024.csv,
Bihar,Constituency_467,MP_Name_467,BR/628/2022-2023/3595 - Construction of Sanitation facility,2024-03-11,Completed,Lok Sabha,Works Completed_2024.csv,
Tamil Nadu,Constituency_541,MP_Name_541,TN/950/2023-2024/4016 - Construction of Roads facility,2022-06-06,Completed,Lok Sabha,Works Completed_2024.csv,
Rajasthan,Constituency_35,MP_Name_35,RJ/968/2022-2023/1186 - Construction of Education facility,2022-02-27,Completed,Lok Sabha,Works Completed_2024.csv,
Tamil Nadu,Constituency_524,MP_Name_524,TN/456/2023-2024/3911 - Construction of Drinking Water facility,2021-11-06,Completed,Lok Sabha,Works Completed_2024.csv,
Karnataka,Constituency_420,MP_Name_420,KA/277/2021-2022/3339 - Construction of Sanitation facility,2021-10-22,Completed,Lok Sabha,Works Completed_2024.csv,
Karnataka,Constituency_368,MP_Name_368,KA/291/2022-2023/3042 - Construction of Electricity facility,2021-08-03,Completed,Lok Sabha,Works Completed_2024.csv,
Gujarat,Constituency_271,MP_Name_271,GJ/859/2022-2023/2534 - Construction of Health facility,2024-02-26,Completed,Lok Sabha,Works Completed_2024.csv,
Delhi,Constituency_59,MP_Name_59,DL/843/2022-2023/1328 - Construction of Roads facility,2024-09-18,Completed,Lok Sabha,Works Completed_2024.csv,
Delhi,Constituency_79,MP_Name_79,DL/438/2021-2022/1438 - Construction of Education facility,2024-02-21,Completed,Lok Sabha,Works Completed_2024.csv,
Uttar Pradesh,Constituency_310,MP_Name_310,UP/186/2021-2022/2738 - Construction of Electricity facility,2022-06-04,Completed,Lok Sabha,Works Completed_2024.csv,
Bihar,Constituency_222,MP_Name_222,BR/219/2022-2023/2275 - Construction of Drinking Water facility,2024-02-24,Completed,Lok Sabha,Works Completed_2024.csv,
Gujarat,Constituency_225,MP_Name_225,GJ/804/2021-2022/2290 - Construction of Roads facility,2021-09-12,Completed,Lok Sabha,Works Completed_2024.csv,
Gujarat,Constituency_495,MP_Name_495,GJ/876/2021-2022/3750 - Construction of Electricity facility,2021-10-07,Completed,Lok Sabha,Works Completed_2024.csv,
Gujarat,Constituency_187,MP_Name_187,GJ/127/2022-2023/2058 - Construction of Roads facility,2024-12-14,Completed,Lok Sabha,Works Completed_2024.csv,
Tamil Nadu,Constituency_212,MP_Name_212,TN/818/2023-2024/2214 - Construction of Roads facility,2023-03-19,Completed,Lok Sabha,Works Completed_2024.csv,
West Bengal,Constituency_322,MP_Name_322,WB/657/2023-2024/2810 - Construction of Electricity facility,2021-04-01,Completed,Lok Sabha,Works Completed_2024.csv,
Madhya Pradesh,Constituency_390,MP_Name_390,MP/657/2023-2024/3184 - Construction of Drinking Water facility,2024-06-18,Completed,Lok Sabha,Works Completed_2024.csv,
Gujarat,Constituency_321,MP_Name_321,GJ/587/2021-2022/2808 - Construction of Sanitation facility,2024-12-07,Completed,Lok Sabha,Works Completed_2024.csv,
Tamil Nadu,Constituency_345,MP_Name_345,TN/887/2021-2022/2935 - Construction of Electricity facility,2023-09-07,Completed,Lok Sabha,Works Completed_2024.csv,
Gujarat,Constituency_387,MP_Name_387,GJ/594/2023-2024/3164 - Construction of Electricity facility,2022-06-26,Completed,Lok Sabha,Works Completed_2024.csv,
Gujarat,Constituency_154,MP_Name_154,GJ/734/2023-2024/1855 - Construction of Health facility,2022-10-16,Completed,Lok Sabha,Works Completed_2024.csv,
Gujarat,Constituency_428,MP_Name_428,GJ/190/2023-2024/3381 - Construction of Sanitation facility,2023-06-10,Completed,Lok Sabha,Works Completed_2024.csv,
Madhya Pradesh,Constituency_76,MP_Name_76,MP/784/2021-2022/1428 - Construction of Education facility,2021-11-07,Completed,Lok Sabha,Works Completed_2024.csv,
Uttar Pradesh,Constituency_223,MP_Name_223,UP/833/2022-2023/2277 - Construction of Roads facility,2024-08-08,Completed,Lok Sabha,Works Completed_2024.csv,
Maharashtra,Constituency_181,MP_Name_181,MH/166/2021-2022/2014 - Construction of Drinking Water facility,2021-10-19,Completed,Lok Sabha,Works Completed_2024.csv,
Gujarat,Constituency_502,MP_Name_502,GJ/270/2023-2024/3790 - Construction of Electricity facility,2023-01-14,Completed,Lok Sabha,Works Completed_2024.csv,
Madhya Pradesh,Constituency_327,MP_Name_327,MP/819/2022-2023/2839 - Construction of Drinking Water facility,2022-12-07,Completed,Lok Sabha,Works Completed_2024.csv,
Rajasthan,Constituency_376,MP_Name_376,RJ/613/2022-2023/3091 - Construction of Education facility,2024-05-31,Completed,Lok Sabha,Works Completed_2024.csv,
Delhi,Constituency_501,MP_Name_501,DL/155/2022-2023/3784 - Construction of Roads facility,2022-01-24,Completed,Lok Sabha,Works Completed_2024.csv,
Karnataka,Constituency_299,MP_Name_299,KA/788/2022-2023/2683 - Construction of Drinking Water facility,2023-02-16,Completed,Lok Sabha,Works Completed_2024.csv,
Madhya Pradesh,Constituency_204,MP_Name_204,MP/379/2022-2023/2165 - Construction of Sanitation facility,2022-08-23,Completed,Lok Sabha,Works Completed_2024.csv,
Madhya Pradesh,Constituency_398,MP_Name_398,MP/707/2022-2023/3221 - Construction of Health facility,2022-07-26,Completed,Lok Sabha,Works Completed_2024.csv,
West Bengal,Constituency_240,MP_Name_240,WB/554/2021-2022/2370 - Construction of Drinking Water facility,2024-04-03,Completed,Lok Sabha,Works Completed_2024.csv,
Tamil Nadu,Constituency_440,MP_Name_440,TN/274/2022-2023/3452 - Construction of Roads facility,2024-12-13,Completed,Lok Sabha,Works Completed_2024.csv,
Tamil Nadu,Constituency_434,MP_Name_434,TN/680/2021-2022/3415 - Construction of Electricity facility,2023-09-21,Completed,Lok Sabha,Works Completed_2024.csv,
Madhya Pradesh,Constituency_540,MP_Name_540,MP/471/2021-2022/4012 - Construction of Roads facility,2022-12-25,Completed,Lok Sabha,Works Completed_2024.csv,
Gujarat,Constituency_119,MP_Name_119,GJ/872/2023-2024/1661 - Construction of Sanitation facility,2023-06-09,Completed,Lok Sabha,Works Completed_2024.csv,
Maharashtra,Constituency_127,MP_Name_127,MH/835/2023-2024/1702 - Construction of Electricity facility,2021-10-03,Completed,Lok Sabha,Works Completed_2024.csv,
Maharashtra,Constituency_259,MP_Name_259,MH/597/2021-2022/2468 - Construction of Drinking Water facility,2021-11-13,Completed,Lok Sabha,Works Completed_2024.csv,
Karnataka,Constituency_378,MP_Name_378,KA/471/2021-2022/3101 - Construction of Education facility,2024-08-25,Completed,Lok Sabha,Works Completed_2024.csv,
Maharashtra,Constituency_403,MP_Name_403,MH/754/2022-2023/3249 - Construction of Electricity facility,2024-09-14,Completed,Lok Sabha,Works Completed_2024.csv,
Uttar Pradesh,Constituency_426,MP_Name_426,UP/561/2022-2023/3365 - Construction of Health facility,2024-08-01,Completed,Lok Sabha,Works Completed_2024.csv,
Delhi,Constituency_156,MP_Name_156,DL/453/2021-2022/1864 - Construction of Education facility,2023-07-19,Completed,Lok Sabha,Works Completed_2024.csv,
Karnataka,Constituency_424,MP_Name_424,KA/266/2022-2023/3357 - Construction of Electricity facility,2022-04-04,Completed,Lok Sabha,Works Completed_2024.csv,
West Bengal,Constituency_313,MP_Name_313,WB/321/2023-2024/2759 - Construction of Sanitation facility,2021-02-15,Completed,Lok Sabha,Works Completed_2024.csv,
Karnataka,Constituency_463,MP_Name_463,KA/659/2023-2024/3574 - Construction of Health facility,2024-09-24,Completed,Lok Sabha,Works Completed_2024.csv,
Rajasthan,Constituency_247,MP_Name_247,RJ/805/2021-2022/2411 - Construction of Sanitation facility,2022-11-07,Completed,Lok Sabha,Works Completed_2024.csv,
Gujarat,Constituency_125,MP_Name_125,GJ/965/2023-2024/1695 - Construction of Drinking Water facility,2022-11-06,Completed,Lok Sabha,Works Completed_2024.csv,
Maharashtra,Constituency_127,MP_Name_127,MH/145/2021-2022/1704 - Construction of Electricity facility,2024-10-19,Completed,Lok Sabha,Works Completed_2024.csv,
Bihar,Constituency_107,MP_Name_107,BR/636/2022-2023/1595 - Construction of Sanitation facility,2021-03-04,Completed,Lok Sabha,Works Completed_2024.csv,
Bihar,Constituency_103,MP_Name_103,BR/589/2021-2022/1575 - Construction of Electricity facility,2021-10-02,Completed,Lok Sabha,Works Completed_2024.csv,
Uttar Pradesh,Constituency_413,MP_Name_413,UP/756/2022-2023/3300 - Construction of Health facility,2024-03-05,Completed,Lok Sabha,Works Completed_2024.csv,
Bihar,Constituency_202,MP_Name_202,BR/247/2022-2023/2151 - Construction of Education facility,2024-09-07,Completed,Lok Sabha,Works Completed_2024.csv,
Tamil Nadu,Constituency_151,MP_Name_151,TN/899/2021-2022/1834 - Construction of Health facility,2024-02-20,Completed,Lok Sabha,Works Completed_2024.csv,
Tamil Nadu,Constituency_524,MP_Name_524,TN/140/2022-2023/3916 - Construction of Drinking Water facility,2023-03-29,Completed,Lok Sabha,Works Completed_2024.csv,
Maharashtra,Constituency_482,MP_Name_482,MH/473/2022-2023/3672 - Construction of Health facility,2022-07-05,Completed,Lok Sabha,Works Completed_2024.csv,
West Bengal,Constituency_283,MP_Name_283,WB/103/2022-2023/2596 - Construction of Drinking Water facility,2023-01-06,Completed,Lok Sabha,Works Completed_2024.csv,
Rajasthan,Constituency_376,MP_Name_376,RJ/381/2021-2022/3090 - Construction of Drinking Water facility,2022-02-04,Completed,Lok Sabha,Works Completed_2024.csv,
Tamil Nadu,Constituency_443,MP_Name_443,TN/919/2022-2023/3466 - Construction of Roads facility,2021-02-03,Completed,Lok Sabha,Works Completed_2024.csv,
Maharashtra,Constituency_404,MP_Name_404,MH/472/2023-2024/3259 - Construction of Health facility,2021-09-30,Completed,Lok Sabha,Works Completed_2024.csv,
Uttar Pradesh,Constituency_144,MP_Name_144,UP/376/2022-2023/1799 - Construction of Sanitation facility,2021-11-18,Completed,Lok Sabha,Works Completed_2024.csv,
Karnataka,Constituency_42,MP_Name_42,KA/235/2023-2024/1228 - Construction of Health facility,2023-10-09,Completed,Lok Sabha,Works Completed_2024.csv,
Bihar,Constituency_525,MP_Name_525,BR/889/2023-2024/3923 - Construction of Education facility,2022-11-13,Completed,Lok Sabha,Works Completed_2024.csv,
Uttar Pradesh,Constituency_52,MP_Name_52,UP/796/2021-2022/1288 - Construction of Roads facility,2022-06-09,Completed,Lok Sabha,Works Completed_2024.csv,
West Bengal,Constituency_283,MP_Name_283,WB/252/2023-2024/2597 - Construction of Roads facility,2023-06-02,Completed,Lok Sabha,Works Completed_2024.csv,
Maharashtra,Constituency_309,MP_Name_309,MH/157/2023-2024/2727 - Construction of Education facility,2024-09-26,Completed,Lok Sabha,Works Completed_2024.csv,
West Bengal,Constituency_479,MP_Name_479,WB/998/2023-2024/3661 - Construction of Education facility,2023-02-05,Completed,Lok Sabha,Works Completed_2024.csv,
Karnataka,Constituency_299,MP_Name_299,KA/810/2022-2023/2686 - Construction of Roads facility,2022-02-09,Completed,Lok Sabha,Works Completed_2024.csv,
Maharashtra,Constituency_493,MP_Name_493,MH/466/2021-2022/3739 - Construction of Education facility,2022-09-26,Completed,Lok Sabha,Works Completed_2024.csv,
West Bengal,Constituency_357,MP_Name_357,WB/457/2023-2024/2989 - Construction of Drinking Water facility,2023-12-01,Completed,Lok Sabha,Works Completed_2024.csv,
Madhya Pradesh,Constituency_383,MP_Name_383,MP/358/2021-2022/3141 - Construction of Roads facility,2022-04-03,Completed,Lok Sabha,Works Completed_2024.csv,
Uttar Pradesh,Constituency_464,MP_Name_464,UP/105/2021-2022/3582 - Construction of Roads facility,2022-05-18,Completed,Lok Sabha,Works Completed_2024.csv,
West Bengal,Constituency_360,MP_Name_360,WB/791/2022-2023/3002 - Construction of Health facility,2022-02-09,Completed,Lok Sabha,Works Completed_2024.csv,
Bihar,Constituency_489,MP_Name_489,BR/905/2023-2024/3712 - Construction of Sanitation facility,2024-11-22,Completed,Lok Sabha,Works Completed_2024.csv,
Madhya Pradesh,Constituency_527,MP_Name_527,MP/522/2023-2024/3930 - Construction of Health facility,2022-07-30,Completed,Lok Sabha,Works Completed_2024.csv,
Gujarat,Constituency_192,MP_Name_192,GJ/537/2022-2023/2084 - Construction of Health facility,2024-03-02,Completed,Lok Sabha,Works Completed_2024.csv,
West Bengal,Constituency_189,MP_Name_189,WB/645/2022-2023/2068 - Construction of Health facility,2022-10-30,Completed,Lok Sabha,Works Completed_2024.csv,
Rajasthan,Constituency_63,MP_Name_63,RJ/223/2023-2024/1347 - Construction of Sanitation facility,2023-04-03,Completed,Lok Sabha,Works Completed_2024.csv,
Bihar,Constituency_155,MP_Name_155,BR/756/2021-2022/1857 - Construction of Health facility,2021-07-15,Completed,Lok Sabha,Works Completed_2024.csv,
Maharashtra,Constituency_128,MP_Name_128,MH/959/2023-2024/1707 - Construction of Health facility,2022-01-16,Completed,Lok Sabha,Works Completed_2024.csv,
West Bengal,Constituency_336,MP_Name_336,WB/262/2023-2024/2888 - Construction of Roads facility,2023-03-08,Completed,Lok Sabha,Works Completed_2024.csv,
Delhi,Constituency_233,MP_Name_233,DL/381/2021-2022/2333 - Construction of Sanitation facility,2023-12-18,Completed,Lok Sabha,Works Completed_2024.csv,
Delhi,Constituency_436,MP_Name_436,DL/383/2021-2022/3426 - Construction of Roads facility,2024-07-25,Completed,Lok Sabha,Works Completed_2024.csv,
Uttar Pradesh,Constituency_144,MP_Name_144,UP/332/2022-2023/1797 - Construction of Roads facility,2022-09-20,Completed,Lok Sabha,Works Completed_2024.csv,
West Bengal,Constituency_189,MP_Name_189,WB/653/2022-2023/2069 - Construction of Health facility,2022-10-29,Completed,Lok Sabha,Works Completed_2024.csv,
Rajasthan,Constituency_518,MP_Name_518,RJ/716/2023-2024/3877 - Construction of Roads facility,2021-10-27,Completed,Lok Sabha,Works Completed_2024.csv,
Karnataka,Constituency_311,MP_Name_311,KA/154/2022-2023/2745 - Construction of Roads facility,2024-01-23,Completed,Lok Sabha,Works Completed_2024.csv,
Karnataka,Constituency_454,MP_Name_454,KA/885/2022-2023/3525 - Construction of Drinking Water facility,2022-05-02,Completed,Lok Sabha,Works Completed_2024.csv,
Delhi,Constituency_61,MP_Name_61,DL/175/2021-2022/1339 - Construction of Health facility,2023-07-23,Completed,Lok Sabha,Works Completed_2024.csv,
Tamil Nadu,Constituency_242,MP_Name_242,TN/707/2021-2022/2377 - Construction of Roads facility,2021-12-25,Completed,Lok Sabha,Works Completed_2024.csv,
Maharashtra,Constituency_305,MP_Name_305,MH/996/2023-2024/2709 - Construction of Sanitation facility,2024-08-30,Completed,Lok Sabha,Works Completed_2024.csv,
Madhya Pradesh,Constituency_390,MP_Name_390,MP/602/2021-2022/3183 - Construction of Roads facility,2022-04-11,Completed,Lok Sabha,Works Completed_2024.csv,
Karnataka,Constituency_415,MP_Name_415,KA/438/2022-2023/3311 - Construction of Education facility,2023-05-25,Completed,Lok Sabha,Works Completed_2024.csv,
West Bengal,Constituency_215,MP_Name_215,WB/233/2022-2023/2234 - Construction of Sanitation facility,2021-03-21,Completed,Lok Sabha,Works Completed_2024.csv,
Madhya Pradesh,Constituency_381,MP_Name_381,MP/886/2021-2022/3125 - Construction of Education facility,2024-02-01,Completed,Lok Sabha,Works Completed_2024.csv,
Bihar,Constituency_489,MP_Name_489,BR/326/2023-2024/3715 - Construction of Sanitation facility,2021-02-14,Completed,Lok Sabha,Works Completed_2024.csv,
Madhya Pradesh,Constituency_316,MP_Name_316,MP/375/2022-2023/2776 - Construction of Roads facility,2024-10-02,Completed,Lok Sabha,Works Completed_2024.csv,
Karnataka,Constituency_95,MP_Name_95,KA/666/2022-2023/1527 - Construction of Roads facility,2023-01-02,Completed,Lok Sabha,Works Completed_2024.csv,
Maharashtra,Constituency_127,MP_Name_127,MH/648/2022-2023/1700 - Construction of Health facility,2023-09-24,Completed,Lok Sabha,Works Completed_2024.csv,
Uttar Pradesh,Constituency_343,MP_Name_343,UP/519/2022-2023/2924 - Construction of Education facility,2022-09-23,Completed,Lok Sabha,Works Completed_2024.csv,
Madhya Pradesh,Constituency_177,MP_Name_177,MP/116/2021-2022/1996 - Construction of Sanitation facility,2022-08-04,Completed,Lok Sabha,Works Completed_2024.csv,
Karnataka,Constituency_131,MP_Name_131,KA/686/2023-2024/1727 - Construction of Health facility,2021-10-27,Completed,Lok Sabha,Works Completed_2024.csv,
Uttar Pradesh,Constituency_14,MP_Name_14,UP/100/2023-2024/1071 - Construction of Drinking Water facility,2024-07-26,Completed,Lok Sabha,Works Completed_2024.csv,
Madhya Pradesh,Constituency_327,MP_Name_327,MP/398/2022-2023/2844 - Construction of Education facility,2023-01-10,Completed,Lok Sabha,Works Completed_2024.csv,
Maharashtra,Constituency_481,MP_Name_481,MH/585/2022-2023/3669 - Construction of Education facility,2022-02-14,Completed,Lok Sabha,Works Completed_2024.csv,
Delhi,Constituency_501,MP_Name_501,DL/924/2023-2024/3783 - Construction of Roads facility,2024-11-04,Completed,Lok Sabha,Works Completed_2024.csv,
Gujarat,Constituency_217,MP_Name_217,GJ/572/2023-2024/2249 - Construction of Education facility,2023-01-08,Completed,Lok Sabha,Works Completed_2024.csv,
Gujarat,Constituency_500,MP_Name_500,GJ/905/2023-2024/3780 - Construction of Education facility,2023-10-30,Completed,Lok Sabha,Works Completed_2024.csv,
Tamil Nadu,Constituency_434,MP_Name_434,TN/931/2023-2024/3420 - Construction of Roads facility,2024-11-14,Completed,Lok Sabha,Works Completed_2024.csv,
Tamil Nadu,Constituency_38,MP_Name_38,TN/917/2023-2024/1204 - Construction of Health facility,2024-10-23,Completed,Lok Sabha,Works Completed_2024.csv,
Bihar,Constituency_504,MP_Name_504,BR/275/2022-2023/3798 - Construction of Roads facility,2021-11-02,Completed,Lok Sabha,Works Completed_2024.csv,
Rajasthan,Constituency_306,MP_Name_306,RJ/284/2022-2023/2715 - Construction of Sanitation facility,2024-05-14,Completed,Lok Sabha,Works Completed_2024.csv,
Bihar,Constituency_352,MP_Name_352,BR/190/2022-2023/2964 - Construction of Drinking Water facility,2021-01-05,Completed,Lok Sabha,Works Completed_2024.csv,
Maharashtra,Constituency_460,MP_Name_460,MH/339/2022-2023/3552 - Construction of Drinking Water facility,2021-07-26,Completed,Lok Sabha,Works Completed_2024.csv,
Uttar Pradesh,Constituency_101,MP_Name_101,UP/654/2023-2024/1558 - Construction of Drinking Water facility,2023-03-19,Completed,Lok Sabha,Works Completed_2024.csv,
Madhya Pradesh,Constituency_111,MP_Name_111,MP/149/2023-2024/1618 - Construction of Roads facility,2022-08-07,Completed,Lok Sabha,Works Completed_2024.csv,
Bihar,Constituency_254,MP_Name_254,BR/660/2021-2022/2442 - Construction of Education facility,2021-09-22,Completed,Lok Sabha,Works Completed_2024.csv,
Karnataka,Constituency_3,MP_Name_3,KA/700/2022-2023/1019 - Construction of Roads facility,2024-04-29,Completed,Lok Sabha,Works Completed_2024.csv,
Gujarat,Constituency_123,MP_Name_123,GJ/959/2023-2024/1682 - Construction of Electricity facility,2024-12-01,Completed,Lok Sabha,Works Completed_2024.csv,
Tamil Nadu,Constituency_213,MP_Name_213,TN/245/2021-2022/2218 - Construction of Sanitation facility,2023-11-28,Completed,Lok Sabha,Works Completed_2024.csv,
Madhya Pradesh,Constituency_50,MP_Name_50,MP/632/2021-2022/1276 - Construction of Roads facility,2023-01-20,Completed,Lok Sabha,Works Completed_2024.csv,
Karnataka,Constituency_148,MP_Name_148,KA/631/2021-2022/1816 - Construction of Health facility,2023-07-08,Completed,Lok Sabha,Works Completed_2024.csv,
Gujarat,Constituency_329,MP_Name_329,GJ/192/2022-2023/2849 - Construction of Health facility,2023-01-06,Completed,Lok Sabha,Works Completed_2024.csv,
West Bengal,Constituency_298,MP_Name_298,WB/737/2023-2024/2681 - Construction of Electricity facility,2024-08-01,Completed,Lok Sabha,Works Completed_2024.csv,
West Bengal,Constituency_336,MP_Name_336,WB/534/2023-2024/2890 - Construction of Roads facility,2024-10-31,Completed,Lok Sabha,Works Completed_2024.csv,
Delhi,Constituency_409,MP_Name_409,DL/434/2021-2022/3287 - Construction of Drinking Water facility,2021-08-25,Completed,Lok Sabha,Works Completed_2024.csv,
Karnataka,Constituency_473,MP_Name_473,KA/776/2023-2024/3627 - Construction of Electricity facility,2023-09-30,Completed,Lok Sabha,Works Completed_2024.csv,
Bihar,Constituency_448,MP_Name_448,BR/724/2023-2024/3493 - Construction of Health facility,2023-07-05,Completed,Lok Sabha,Works Completed_2024.csv,
Tamil Nadu,Constituency_191,MP_Name_191,TN/661/2023-2024/2081 - Construction of Roads facility,2023-03-14,Completed,Lok Sabha,Works Completed_2024.csv,
Rajasthan,Constituency_199,MP_Name_199,RJ/434/2022-2023/2127 - Construction of Electricity facility,2021-06-20,Completed,Lok Sabha,Works Completed_2024.csv,
Gujarat,Constituency_68,MP_Name_68,GJ/767/2023-2024/1379 - Construction of Education facility,2021-10-15,Completed,Lok Sabha,Works Completed_2024.csv,
Karnataka,Constituency_511,MP_Name_511,KA/658/2023-2024/3842 - Construction of Roads facility,2023-08-26,Completed,Lok Sabha,Works Completed_2024.csv,
Uttar Pradesh,Constituency_133,MP_Name_133,UP/404/2021-2022/1738 - Construction of Health facility,2022-08-15,Completed,Lok Sabha,Works Completed_2024.csv,
Maharashtra,Constituency_23,MP_Name_23,MH/915/2021-2022/1120 - Construction of Education facility,2024-05-29,Completed,Lok Sabha,Works Completed_2024.csv,
Karnataka,Constituency_270,MP_Name_270,KA/857/2023-2024/2523 - Construction of Drinking Water facility,2022-02-02,Completed,Lok Sabha,Works Completed_2024.csv,
West Bengal,Constituency_315,MP_Name_315,WB/877/2021-2022/2770 - Construction of Electricity facility,2021-07-14,Completed,Lok Sabha,Works Completed_2024.csv,
West Bengal,Constituency_150,MP_Name_150,WB/841/2023-2024/1830 - Construction of Education facility,2023-04-10,Completed,Lok Sabha,Works Completed_2024.csv,
Delhi,Constituency_423,MP_Name_423,DL/205/2022-2023/3355 - Construction of Education facility,2022-05-27,Completed,Lok Sabha,Works Completed_2024.csv,
Tamil Nadu,Constituency_537,MP_Name_537,TN/759/2023-2024/3989 - Construction of Electricity facility,2022-07-12,Completed,Lok Sabha,Works Completed_2024.csv,
Maharashtra,Constituency_533,MP_Name_533,MH/407/2022-2023/3971 - Construction of Roads facility,2022-06-22,Completed,Lok Sabha,Works Completed_2024.csv,
Maharashtra,Constituency_273,MP_Name_273,MH/517/2021-2022/2541 - Construction of Roads facility,2023-08-08,Completed,Lok Sabha,Works Completed_2024.csv,
Bihar,Constituency_489,MP_Name_489,BR/566/2021-2022/3717 - Construction of Health facility,2022-12-08,Completed,Lok Sabha,Works Completed_2024.csv,
Tamil Nadu,Constituency_20,MP_Name_20,TN/251/2021-2022/1105 - Construction of Roads facility,2022-02-10,Completed,Lok Sabha,Works Completed_2024.csv,
Bihar,Constituency_491,MP_Name_491,BR/334/2022-2023/3724 - Construction of Electricity facility,2023-01-22,Completed,Lok Sabha,Works Completed_2024.csv,
Uttar Pradesh,Constituency_338,MP_Name_338,UP/701/2023-2024/2904 - Construction of Roads facility,2022-12-08,Completed,Lok Sabha,Works Completed_2024.csv,
Gujarat,Constituency_187,MP_Name_187,GJ/311/2021-2022/2053 - Construction of Education facility,2022-12-31,Completed,Lok Sabha,Works Completed_2024.csv,
Delhi,Constituency_436,MP_Name_436,DL/154/2021-2022/3429 - Construction of Electricity facility,2022-10-19,Completed,Lok Sabha,Works Completed_2024.csv,
Maharashtra,Constituency_349,MP_Name_349,MH/385/2023-2024/2957 - Construction of Electricity facility,2023-03-19,Completed,Lok Sabha,Works Completed_2024.csv,
Bihar,Constituency_28,MP_Name_28,BR/182/2022-2023/1146 - Construction of Sanitation facility,2023-02-21,Completed,Lok Sabha,Works Completed_2024.csv,
West Bengal,Constituency_180,MP_Name_180,WB/721/2021-2022/2009 - Construction of Health facility,2022-05-07,Completed,Lok Sabha,Works Completed_2024.csv,
Bihar,Constituency_214,MP_Name_214,BR/511/2023-2024/2228 - Construction of Education facility,2021-05-03,Completed,Lok Sabha,Works Completed_2024.csv,
Bihar,Constituency_504,MP_Name_504,BR/547/2022-2023/3799 - Construction of Drinking Water facility,2021-05-07,Completed,Lok Sabha,Works Completed_2024.csv,
Karnataka,Constituency_432,MP_Name_432,KA/454/2022-2023/3405 - Construction of Education facility,2024-07-27,Completed,Lok Sabha,Works Completed_2024.csv,
Tamil Nadu,Constituency_406,MP_Name_406,TN/700/2022-2023/3266 - Construction of Sanitation facility,2024-02-07,Completed,Lok Sabha,Works Completed_2024.csv,
Karnataka,Constituency_362,MP_Name_362,KA/932/2021-2022/3010 - Construction of Electricity facility,2022-01-07,Completed,Lok Sabha,Works Completed_2024.csv,
Tamil Nadu,Constituency_317,MP_Name_317,TN/419/2023-2024/2778 - Construction of Health facility,2024-12-18,Completed,Lok Sabha,Works Completed_2024.csv,
Bihar,Constituency_159,MP_Name_159,BR/766/2021-2022/1886 - Construction of Drinking Water facility,2021-12-26,Completed,Lok Sabha,Works Completed_2024.csv,
Bihar,Constituency_291,MP_Name_291,BR/304/2022-2023/2645 - Construction of Health facility,2024-11-11,Completed,Lok Sabha,Works Completed_2024.csv,
Madhya Pradesh,Constituency_327,MP_Name_327,MP/252/2022-2023/2840 - Construction of Drinking Water facility,2023-12-13,Completed,Lok Sabha,Works Completed_2024.csv,
West Bengal,Constituency_285,MP_Name_285,WB/789/2021-2022/2602 - Construction of Health facility,2023-07-07,Completed,Lok Sabha,Works Completed_2024.csv,
Karnataka,Constituency_484,MP_Name_484,KA/154/2022-2023/3685 - Construction of Health facility,2023-08-23,Completed,Lok Sabha,Works Completed_2024.csv,
Karnataka,Constituency_538,MP_Name_538,KA/498/2022-2023/3996 - Construction of Drinking Water facility,2024-03-14,Completed,Lok Sabha,Works Completed_2024.csv,
Karnataka,Constituency_408,MP_Name_408,KA/748/2022-2023/3283 - Construction of Education facility,2024-01-11,Completed,Lok Sabha,Works Completed_2024.csv,
Gujarat,Constituency_269,MP_Name_269,GJ/723/2022-2023/2520 - Construction of Electricity facility,2023-05-12,Completed,Lok Sabha,Works Completed_2024.csv,
Tamil Nadu,Constituency_366,MP_Name_366,TN/516/2023-2024/3029 - Construction of Education facility,2022-03-31,Completed,Lok Sabha,Works Completed_2024.csv,
Karnataka,Constituency_347,MP_Name_347,KA/988/2021-2022/2946 - Construction of Sanitation facility,2024-10-05,Completed,Lok Sabha,Works Completed_2024.csv,
Gujarat,Constituency_452,MP_Name_452,GJ/187/2023-2024/3514 - Construction of Education facility,2023-02-22,Completed,Lok Sabha,Works Completed_2024.csv,
Gujarat,Constituency_84,MP_Name_84,GJ/530/2022-2023/1466 - Construction of Drinking Water facility,2022-09-15,Completed,Lok Sabha,Works Completed_2024.csv,
Maharashtra,Constituency_250,MP_Name_250,MH/572/2021-2022/2422 - Construction of Health facility,2023-07-07,Completed,Lok Sabha,Works Completed_2024.csv,
West Bengal,Constituency_520,MP_Name_520,WB/749/2021-2022/3889 - Construction of Electricity facility,2024-12-30,Completed,Lok Sabha,Works Completed_2024.csv,
West Bengal,Constituency_240,MP_Name_240,WB/464/2022-2023/2368 - Construction of Electricity facility,2024-02-22,Completed,Lok Sabha,Works Completed_2024.csv,
West Bengal,Constituency_322,MP_Name_322,WB/839/2023-2024/2811 - Construction of Health facility,2023-10-28,Completed,Lok Sabha,Works Completed_2024.csv,
Delhi,Constituency_166,MP_Name_166,DL/973/2022-2023/1932 - Construction of Sanitation facility,2024-12-10,Completed,Lok Sabha,Works Completed_2024.csv,
West Bengal,Constituency_122,MP_Name_122,WB/342/2023-2024/1680 - Construction of Health facility,2024-06-25,Completed,Lok Sabha,Works Completed_2024.csv,
Karnataka,Constituency_521,MP_Name_521,KA/154/2021-2022/3896 - Construction of Drinking Water facility,2022-03-28,Completed,Lok Sabha,Works Completed_2024.csv,
West Bengal,Constituency_80,MP_Name_80,WB/398/2021-2022/1447 - Construction of Electricity facility,2022-12-18,Completed,Lok Sabha,Works Completed_2024.csv,
Tamil Nadu,Constituency_385,MP_Name_385,TN/307/2021-2022/3154 - Construction of Drinking Water facility,2021-04-18,Completed,Lok Sabha,Works Completed_2024.csv,
West Bengal,Constituency_15,MP_Name_15,WB/606/2022-2023/1076 - Construction of Health facility,2023-06-01,Completed,Lok Sabha,Works Completed_2024.csv,
Gujarat,Constituency_452,MP_Name_452,GJ/396/2023-2024/3517 - Construction of Roads facility,2022-09-01,Completed,Lok Sabha,Works Completed_2024.csv,
Maharashtra,Constituency_49,MP_Name_49,MH/508/2022-2023/1270 - Construction of Sanitation facility,2023-06-20,Completed,Lok Sabha,Works Completed_2024.csv,
Gujarat,Constituency_163,MP_Name_163,GJ/469/2021-2022/1908 - Construction of Electricity facility,2024-09-27,Completed,Lok Sabha,Works Completed_2024.csv,
Karnataka,Constituency_148,MP_Name_148,KA/903/2021-2022/1819 - Construction of Sanitation facility,2024-02-27,Completed,Lok Sabha,Works Completed_2024.csv,
West Bengal,Constituency_322,MP_Name_322,WB/452/2023-2024/2812 - Construction of Education facility,2021-01-06,Completed,Lok Sabha,Works Completed_2024.csv,
Delhi,Constituency_289,MP_Name_289,DL/243/2023-2024/2634 - Construction of Electricity facility,2023-07-04,Completed,Lok Sabha,Works Completed_2024.csv,
Gujarat,Constituency_226,MP_Name_226,GJ/322/2022-2023/2291 - Construction of Roads facility,2022-02-20,Completed,Lok Sabha,Works Completed_2024.csv,
Tamil Nadu,Constituency_326,MP_Name_326,TN/915/2022-2023/2836 - Construction of Sanitation facility,2023-02-23,Completed,Lok Sabha,Works Completed_2024.csv,
Tamil Nadu,Constituency_535,MP_Name_535,TN/991/2023-2024/3980 - Construction of Electricity facility,2021-07-30,Completed,Lok Sabha,Works Completed_2024.csv,
Gujarat,Constituency_536,MP_Name_536,GJ/883/2021-2022/3984 - Construction of Drinking Water facility,2023-08-22,Completed,Lok Sabha,Works Completed_2024.csv,
West Bengal,Constituency_508,MP_Name_508,WB/661/2021-2022/3823 - Construction of Drinking Water facility,2021-12-18,Completed,Lok Sabha,Works Completed_2024.csv,
Bihar,Constituency_221,MP_Name_221,BR/360/2023-2024/2270 - Construction of Education facility,2021-05-15,Completed,Lok Sabha,Works Completed_2024.csv,
Maharashtra,Constituency_543,MP_Name_543,MH/979/2022-2023/4031 - Construction of Electricity facility,2023-05-24,Completed,Lok Sabha,Works Completed_2024.csv,
Madhya Pradesh,Constituency_523,MP_Name_523,MP/973/2023-2024/3909 - Construction of Drinking Water facility,2022-06-25,Completed,Lok Sabha,Works Completed_2024.csv,
Maharashtra,Constituency_259,MP_Name_259,MH/108/2021-2022/2469 - Construction of Electricity facility,2023-04-10,Completed,Lok Sabha,Works Completed_2024.csv,
West Bengal,Constituency_508,MP_Name_508,WB/615/2022-2023/3826 - Construction of Sanitation facility,2022-09-03,Completed,Lok Sabha,Works Completed_2024.csv,
Gujarat,Constituency_192,MP_Name_192,GJ/669/2021-2022/2083 - Construction of Education facility,2024-06-15,Completed,Lok Sabha,Works Completed_2024.csv,
Maharashtra,Constituency_58,MP_Name_58,MH/418/2023-2024/1322 - Construction of Roads facility,2024-02-13,Completed,Lok Sabha,Works Completed_2024.csv,
West Bengal,Constituency_150,MP_Name_150,WB/167/2023-2024/1829 - Construction of Sanitation facility,2023-12-28,Completed,Lok Sabha,Works Completed_2024.csv,
Tamil Nadu,Constituency_182,MP_Name_182,TN/472/2021-2022/2021 - Construction of Health facility,2024-03-12,Completed,Lok Sabha,Works Completed_2024.csv,
Maharashtra,Constituency_181,MP_Name_181,MH/964/2023-2024/2019 - Construction of Health facility,2024-09-26,Completed,Lok Sabha,Works Completed_2024.csv,
Madhya Pradesh,Constituency_307,MP_Name_307,MP/355/2022-2023/2719 - Construction of Education facility,2023-09-16,Completed,Lok Sabha,Works Completed_2024.csv,
Rajasthan,Constituency_517,MP_Name_517,RJ/700/2021-2022/3867 - Construction of Education facility,2024-06-17,Completed,Lok Sabha,Works Completed_2024.csv,
Uttar Pradesh,Constituency_14,MP_Name_14,UP/410/2021-2022/1068 - Construction of Drinking Water facility,2024-09-13,Completed,Lok Sabha,Works Completed_2024.csv,
Bihar,Constituency_69,MP_Name_69,BR/670/2023-2024/1383 - Construction of Education facility,2024-01-13,Completed,Lok Sabha,Works Completed_2024.csv,
Madhya Pradesh,Constituency_528,MP_Name_528,MP/903/2021-2022/3938 - Construction of Health facility,2022-11-22,Completed,Lok Sabha,Works Completed_2024.csv,
West Bengal,Constituency_510,MP_Name_510,WB/443/2022-2023/3834 - Construction of Education facility,2021-06-03,Completed,Lok Sabha,Works Completed_2024.csv,
Gujarat,Constituency_25,MP_Name_25,GJ/541/2023-2024/1132 - Construction of Electricity facility,2022-05-05,Completed,Lok Sabha,Works Completed_2024.csv,
Gujarat,Constituency_187,MP_Name_187,GJ/877/2023-2024/2052 - Construction of Drinking Water facility,2022-09-19,Completed,Lok Sabha,Works Completed_2024.csv,
Uttar Pradesh,Constituency_171,MP_Name_171,UP/885/2021-2022/1961 - Construction of Roads facility,2021-04-08,Completed,Lok Sabha,Works Completed_2024.csv,
Uttar Pradesh,Constituency_426,MP_Name_426,UP/389/2021-2022/3371 - Construction of Roads facility,2021-11-24,Completed,Lok Sabha,Works Completed_2024.csv,
Tamil Nadu,Constituency_483,MP_Name_483,TN/246/2023-2024/3679 - Construction of Sanitation facility,2023-09-09,Completed,Lok Sabha,Works Completed_2024.csv,
Karnataka,Constituency_384,MP_Name_384,KA/660/2023-2024/3146 - Construction of Sanitation facility,2022-08-24,Completed,Lok Sabha,Works Completed_2024.csv,
Uttar Pradesh,Constituency_144,MP_Name_144,UP/240/2021-2022/1796 - Construction of Roads facility,2022-03-13,Completed,Lok Sabha,Works Completed_2024.csv,
Madhya Pradesh,Constituency_371,MP_Name_371,MP/814/2022-2023/3059 - Construction of Roads facility,2021-03-31,Completed,Lok Sabha,Works Completed_2024.csv,
Madhya Pradesh,Constituency_157,MP_Name_157,MP/648/2022-2023/1876 - Construction of Health facility,2021-05-31,Completed,Lok Sabha,Works Completed_2024.csv,
Karnataka,Constituency_538,MP_Name_538,KA/836/2023-2024/4000 - Construction of Health facility,2021-05-31,Completed,Lok Sabha,Works Completed_2024.csv,
Karnataka,Constituency_432,MP_Name_432,KA/518/2022-2023/3406 - Construction of Drinking Water facility,2023-04-21,Completed,Lok Sabha,Works Completed_2024.csv,
West Bengal,Constituency_283,MP_Name_283,WB/625/2023-2024/2594 - Construction of Education facility,2021-04-16,Completed,Lok Sabha,Works Completed_2024.csv,
Uttar Pradesh,Constituency_323,MP_Name_323,UP/287/2021-2022/2816 - Construction of Sanitation facility,2021-06-25,Completed,Lok Sabha,Works Completed_2024.csv,
West Bengal,Constituency_281,MP_Name_281,WB/943/2022-2023/2582 - Construction of Drinking Water facility,2024-02-18,Completed,Lok Sabha,Works Completed_2024.csv,
Karnataka,Constituency_71,MP_Name_71,KA/484/2022-2023/1401 - Construction of Drinking Water facility,2022-12-03,Completed,Lok Sabha,Works Completed_2024.csv,
Karnataka,Constituency_60,MP_Name_60,KA/670/2022-2023/1336 - Construction of Drinking Water facility,2024-06-25,Completed,Lok Sabha,Works Completed_2024.csv,
West Bengal,Constituency_180,MP_Name_180,WB/513/2023-2024/2011 - Construction of Sanitation facility,2022-03-12,Completed,Lok Sabha,Works Completed_2024.csv,
Rajasthan,Constituency_332,MP_Name_332,RJ/377/2022-2023/2867 - Construction of Sanitation facility,2022-10-31,Completed,Lok Sabha,Works Completed_2024.csv,
Tamil Nadu,Constituency_394,MP_Name_394,TN/865/2023-2024/3203 - Construction of Drinking Water facility,2022-07-16,Completed,Lok Sabha,Works Completed_2024.csv,
Bihar,Constituency_525,MP_Name_525,BR/659/2021-2022/3920 - Construction of Health facility,2024-03-03,Completed,Lok Sabha,Works Completed_2024.csv,
Uttar Pradesh,Constituency_96,MP_Name_96,UP/974/2023-2024/1534 - Construction of Health facility,2022-07-25,Completed,Lok Sabha,Works Completed_2024.csv,
West Bengal,Constituency_17,MP_Name_17,WB/374/2023-2024/1092 - Construction of Electricity facility,2024-06-29,Completed,Lok Sabha,Works Completed_2024.csv,
Gujarat,Constituency_416,MP_Name_416,GJ/928/2023-2024/3313 - Construction of Roads facility,2022-06-22,Completed,Lok Sabha,Works Completed_2024.csv,
Madhya Pradesh,Constituency_50,MP_Name_50,MP/961/2022-2023/1279 - Construction of Health facility,2022-11-01,Completed,Lok Sabha,Works Completed_2024.csv,
Karnataka,Constituency_3,MP_Name_3,KA/582/2021-2022/1021 - Construction of Roads facility,2023-12-21,Completed,Lok Sabha,Works Completed_2024.csv,
Maharashtra,Constituency_83,MP_Name_83,MH/482/2022-2023/1462 - Construction of Health facility,2024-06-01,Completed,Lok Sabha,Works Completed_2024.csv,
Karnataka,Constituency_473,MP_Name_473,KA/720/2021-2022/3630 - Construction of Sanitation facility,2024-01-22,Completed,Lok Sabha,Works Completed_2024.csv,
West Bengal,Constituency_150,MP_Name_150,WB/352/2021-2022/1828 - Construction of Health facility,2021-05-23,Completed,Lok Sabha,Works Completed_2024.csv,
Uttar Pradesh,Constituency_323,MP_Name_323,UP/164/2021-2022/2815 - Construction of Electricity facility,2021-03-27,Completed,Lok Sabha,Works Completed_2024.csv,
West Bengal,Constituency_285,MP_Name_285,WB/444/2021-2022/2605 - Construction of Electricity facility,2023-12-01,Completed,Lok Sabha,Works Completed_2024.csv,
Gujarat,Constituency_84,MP_Name_84,GJ/225/2022-2023/1467 - Construction of Education facility,2024-09-21,Completed,Lok Sabha,Works Completed_2024.csv,
West Bengal,Constituency_72,MP_Name_72,WB/136/2022-2023/1405 - Construction of Roads facility,2021-04-06,Completed,Lok Sabha,Works Completed_2024.csv,
West Bengal,Constituency_141,MP_Name_141,WB/404/2021-2022/1779 - Construction of Health facility,2022-12-03,Completed,Lok Sabha,Works Completed_2024.csv,
Karnataka,Constituency_132,MP_Name_132,KA/216/2021-2022/1729 - Construction of Education facility,2023-03-15,Completed,Lok Sabha,Works Completed_2024.csv,
Bihar,Constituency_319,MP_Name_319,BR/942/2022-2023/2791 - Construction of Education facility,2023-03-29,Completed,Lok Sabha,Works Completed_2024.csv,
Uttar Pradesh,Constituency_101,MP_Name_101,UP/849/2021-2022/1561 - Construction of Education facility,2023-06-17,Completed,Lok Sabha,Works Completed_2024.csv,
Tamil Nadu,Constituency_328,MP_Name_328,TN/841/2021-2022/2846 - Construction of Education facility,2023-10-13,Completed,Lok Sabha,Works Completed_2024.csv,
Karnataka,Constituency_424,MP_Name_424,KA/294/2023-2024/3358 - Construction of Drinking Water facility,2021-03-22,Completed,Lok Sabha,Works Completed_2024.csv,
Uttar Pradesh,Constituency_144,MP_Name_144,UP/691/2022-2023/1798 - Construction of Education facility,2023-05-13,Completed,Lok Sabha,Works Completed_2024.csv,
Tamil Nadu,Constituency_38,MP_Name_38,TN/768/2021-2022/1202 - Construction of Education facility,2021-11-07,Completed,Lok Sabha,Works Completed_2024.csv,
Delhi,Constituency_266,MP_Name_266,DL/587/2023-2024/2500 - Construction of Electricity facility,2022-12-05,Completed,Lok Sabha,Works Completed_2024.csv,
Gujarat,Constituency_140,MP_Name_140,GJ/594/2021-2022/1772 - Construction of Drinking Water facility,2023-12-20,Completed,Lok Sabha,Works Completed_2024.csv,
Maharashtra,Constituency_102,MP_Name_102,MH/173/2021-2022/1566 - Construction of Roads facility,2022-11-06,Completed,Lok Sabha,Works Completed_2024.csv,
Karnataka,Constituency_342,MP_Name_342,KA/414/2023-2024/2918 - Construction of Education facility,2023-11-08,Completed,Lok Sabha,Works Completed_2024.csv,
Tamil Nadu,Constituency_90,MP_Name_90,TN/816/2022-2023/1496 - Construction of Electricity facility,2021-10-13,Completed,Lok Sabha,Works Completed_2024.csv,
Rajasthan,Constituency_66,MP_Name_66,RJ/923/2023-2024/1365 - Construction of Electricity facility,2021-01-30,Completed,Lok Sabha,Works Completed_2024.csv,
Madhya Pradesh,Constituency_157,MP_Name_157,MP/729/2022-2023/1871 - Construction of Health facility,2021-03-09,Completed,Lok Sabha,Works Completed_2024.csv,
Bihar,Constituency_214,MP_Name_214,BR/975/2022-2023/2229 - Construction of Drinking Water facility,2022-09-26,Completed,Lok Sabha,Works Completed_2024.csv,
Madhya Pradesh,Constituency_111,MP_Name_111,MP/494/2023-2024/1617 - Construction of Roads facility,2021-01-09,Completed,Lok Sabha,Works Completed_2024.csv,
Madhya Pradesh,Constituency_162,MP_Name_162,MP/991/2023-2024/1902 - Construction of Roads facility,2023-06-28,Completed,Lok Sabha,Works Completed_2024.csv,
West Bengal,Constituency_395,MP_Name_395,WB/131/2021-2022/3207 - Construction of Roads facility,2024-10-20,Completed,Lok Sabha,Works Completed_2024.csv,
Gujarat,Constituency_329,MP_Name_329,GJ/832/2021-2022/2853 - Construction of Health facility,2023-08-19,Completed,Lok Sabha,Works Completed_2024.csv,
Rajasthan,Constituency_208,MP_Name_208,RJ/544/2023-2024/2186 - Construction of Drinking Water facility,2023-04-29,Completed,Lok Sabha,Works Completed_2024.csv,
Tamil Nadu,Constituency_38,MP_Name_38,TN/447/2023-2024/1207 - Construction of Health facility,2021-12-16,Completed,Lok Sabha,Works Completed_2024.csv,
Uttar Pradesh,Constituency_133,MP_Name_133,UP/765/2021-2022/1739 - Construction of Roads facility,2024-10-09,Completed,Lok Sabha,Works Completed_2024.csv,
Delhi,Constituency_433,MP_Name_433,DL/465/2021-2022/3414 - Construction of Drinking Water facility,2021-12-15,Completed,Lok Sabha,Works Completed_2024.csv,
Bihar,Constituency_46,MP_Name_46,BR/275/2021-2022/1249 - Construction of Health facility,2021-04-11,Completed,Lok Sabha,Works Completed_2024.csv,
Karnataka,Constituency_37,MP_Name_37,KA/717/2022-2023/1196 - Construction of Sanitation facility,2023-01-03,Completed,Lok Sabha,Works Completed_2024.csv,
Rajasthan,Constituency_499,MP_Name_499,RJ/225/2022-2023/3771 - Construction of Roads facility,2022-10-12,Completed,Lok Sabha,Works Completed_2024.csv,
Tamil Nadu,Constituency_38,MP_Name_38,TN/558/2021-2022/1206 - Construction of Electricity facility,2022-04-01,Completed,Lok Sabha,Works Completed_2024.csv,
Madhya Pradesh,Constituency_244,MP_Name_244,MP/566/2023-2024/2394 - Construction of Electricity facility,2022-08-10,Completed,Lok Sabha,Works Completed_2024.csv,
West Bengal,Constituency_109,MP_Name_109,WB/418/2023-2024/1605 - Construction of Electricity facility,2024-05-25,Completed,Lok Sabha,Works Completed_2024.csv,
Madhya Pradesh,Constituency_371,MP_Name_371,MP/183/2022-2023/3056 - Construction of Education facility,2024-06-03,Completed,Lok Sabha,Works Completed_2024.csv,
West Bengal,Constituency_141,MP_Name_141,WB/211/2022-2023/1774 - Construction of Drinking Water facility,2023-09-02,Completed,Lok Sabha,Works Completed_2024.csv,
Uttar Pradesh,Constituency_99,MP_Name_99,UP/830/2022-2023/1549 - Construction of Education facility,2023-02-26,Completed,Lok Sabha,Works Completed_2024.csv,
Tamil Nadu,Constituency_430,MP_Name_430,TN/254/2023-2024/3388 - Construction of Education facility,2022-07-15,Completed,Lok Sabha,Works Completed_2024.csv,
Madhya Pradesh,Constituency_528,MP_Name_528,MP/208/2023-2024/3939 - Construction of Health facility,2021-12-03,Completed,Lok Sabha,Works Completed_2024.csv,
Uttar Pradesh,Constituency_52,MP_Name_52,UP/864/2023-2024/1285 - Construction of Roads facility,2024-02-27,Completed,Lok Sabha,Works Completed_2024.csv,
Tamil Nadu,Constituency_449,MP_Name_449,TN/297/2021-2022/3499 - Construction of Roads facility,2023-01-15,Completed,Lok Sabha,Works Completed_2024.csv,
Karnataka,Constituency_108,MP_Name_108,KA/649/2023-2024/1600 - Construction of Education facility,2022-09-20,Completed,Lok Sabha,Works Completed_2024.csv,
Delhi,Constituency_238,MP_Name_238,DL/904/2023-2024/2363 - Construction of Sanitation facility,2022-08-27,Completed,Lok Sabha,Works Completed_2024.csv,
Bihar,Constituency_441,MP_Name_441,BR/529/2023-2024/3458 - Construction of Roads facility,2021-01-27,Completed,Lok Sabha,Works Completed_2024.csv,
Tamil Nadu,Constituency_70,MP_Name_70,TN/710/2023-2024/1392 - Construction of Sanitation facility,2023-01-05,Completed,Lok Sabha,Works Completed_2024.csv,
Karnataka,Constituency_53,MP_Name_53,KA/519/2021-2022/1291 - Construction of Electricity facility,2021-07-29,Completed,Lok Sabha,Works Completed_2024.csv,
Rajasthan,Constituency_145,MP_Name_145,RJ/577/2022-2023/1802 - Construction of Sanitation facility,2023-03-01,Completed,Lok Sabha,Works Completed_2024.csv,
Bihar,Constituency_174,MP_Name_174,BR/420/2023-2024/1979 - Construction of Sanitation facility,2024-02-15,Completed,Lok Sabha,Works Completed_2024.csv,
Maharashtra,Constituency_49,MP_Name_49,MH/607/2023-2024/1267 - Construction of Roads facility,2023-02-20,Completed,Lok Sabha,Works Completed_2024.csv,
Madhya Pradesh,Constituency_253,MP_Name_253,MP/637/2023-2024/2439 - Construction of Health facility,2023-11-10,Completed,Lok Sabha,Works Completed_2024.csv,
Gujarat,Constituency_379,MP_Name_379,GJ/973/2023-2024/3106 - Construction of Electricity facility,2021-10-25,Completed,Lok Sabha,Works Completed_2024.csv,
Bihar,Constituency_103,MP_Name_103,BR/913/2023-2024/1572 - Construction of Roads facility,2022-01-12,Completed,Lok Sabha,Works Completed_2024.csv,
Gujarat,Constituency_140,MP_Name_140,GJ/881/2023-2024/1769 - Construction of Drinking Water facility,2024-04-03,Completed,Lok Sabha,Works Completed_2024.csv,
Bihar,Constituency_491,MP_Name_491,BR/579/2021-2022/3727 - Construction of Electricity facility,2021-03-01,Completed,Lok Sabha,Works Completed_2024.csv,
Madhya Pradesh,Constituency_55,MP_Name_55,MP/463/2023-2024/1307 - Construction of Drinking Water facility,2024-01-02,Completed,Lok Sabha,Works Completed_2024.csv,
West Bengal,Constituency_315,MP_Name_315,WB/487/2022-2023/2771 - Construction of Education facility,2023-04-25,Completed,Lok Sabha,Works Completed_2024.csv,
Bihar,Constituency_274,MP_Name_274,BR/153/2023-2024/2545 - Construction of Sanitation facility,2022-06-05,Completed,Lok Sabha,Works Completed_2024.csv,
Rajasthan,Constituency_168,MP_Name_168,RJ/417/2022-2023/1946 - Construction of Roads facility,2022-06-01,Completed,Lok Sabha,Works Completed_2024.csv,
Rajasthan,Constituency_402,MP_Name_402,RJ/713/2022-2023/3245 - Construction of Education facility,2023-07-18,Completed,Lok Sabha,Works Completed_2024.csv,
Delhi,Constituency_289,MP_Name_289,DL/729/2023-2024/2631 - Construction of Electricity facility,2021-12-28,Completed,Lok Sabha,Works Completed_2024.csv,
Madhya Pradesh,Constituency_1,MP_Name_1,MP/918/2021-2022/1007 - Construction of Roads facility,2024-07-08,Completed,Lok Sabha,Works Completed_2024.csv,
Maharashtra,Constituency_493,MP_Name_493,MH/706/2023-2024/3737 - Construction of Roads facility,2024-04-12,Completed,Lok Sabha,Works Completed_2024.csv,
Gujarat,Constituency_388,MP_Name_388,GJ/290/2021-2022/3172 - Construction of Education facility,2024-12-13,Completed,Lok Sabha,Works Completed_2024.csv,
Tamil Nadu,Constituency_539,MP_Name_539,TN/932/2022-2023/4008 - Construction of Health facility,2023-09-12,Completed,Lok Sabha,Works Completed_2024.csv,
Bihar,Constituency_174,MP_Name_174,BR/671/2023-2024/1978 - Construction of Education facility,2022-09-10,Completed,Lok Sabha,Works Completed_2024.csv,
West Bengal,Constituency_36,MP_Name_36,WB/768/2023-2024/1190 - Construction of Drinking Water facility,2024-02-21,Completed,Lok Sabha,Works Completed_2024.csv,
Delhi,Constituency_289,MP_Name_289,DL/962/2022-2023/2629 - Construction of Health facility,2023-06-20,Completed,Lok Sabha,Works Completed_2024.csv,
Tamil Nadu,Constituency_169,MP_Name_169,TN/316/2021-2022/1948 - Construction of Health facility,2023-01-14,Completed,Lok Sabha,Works Completed_2024.csv,
Maharashtra,Constituency_114,MP_Name_114,MH/403/2023-2024/1635 - Construction of Sanitation facility,2024-07-17,Completed,Lok Sabha,Works Completed_2024.csv,
Madhya Pradesh,Constituency_528,MP_Name_528,MP/127/2022-2023/3937 - Construction of Sanitation facility,2024-04-05,Completed,Lok Sabha,Works Completed_2024.csv,
Maharashtra,Constituency_460,MP_Name_460,MH/239/2022-2023/3556 - Construction of Health facility,2024-10-30,Completed,Lok Sabha,Works Completed_2024.csv,
Karnataka,Constituency_511,MP_Name_511,KA/579/2022-2023/3839 - Construction of Health facility,2024-06-10,Completed,Lok Sabha,Works Completed_2024.csv,
Maharashtra,Constituency_493,MP_Name_493,MH/720/2023-2024/3738 - Construction of Sanitation facility,2023-10-18,Completed,Lok Sabha,Works Completed_2024.csv,
Madhya Pradesh,Constituency_333,MP_Name_333,MP/424/2023-2024/2873 - Construction of Drinking Water facility,2023-05-05,Completed,Lok Sabha,Works Completed_2024.csv,
Rajasthan,Constituency_66,MP_Name_66,RJ/583/2022-2023/1367 - Construction of Health facility,2022-03-22,Completed,Lok Sabha,Works Completed_2024.csv,
Karnataka,Constituency_237,MP_Name_237,KA/763/2023-2024/2354 - Construction of Roads facility,2022-03-20,Completed,Lok Sabha,Works Completed_2024.csv,
Delhi,Constituency_235,MP_Name_235,DL/222/2021-2022/2340 - Construction of Education facility,2024-04-26,Completed,Lok Sabha,Works Completed_2024.csv,
Karnataka,Constituency_262,MP_Name_262,KA/523/2022-2023/2480 - Construction of Education facility,2023-01-06,Completed,Lok Sabha,Works Completed_2024.csv,
Karnataka,Constituency_164,MP_Name_164,KA/725/2023-2024/1918 - Construction of Electricity facility,2021-11-26,Completed,Lok Sabha,Works Completed_2024.csv,
Bihar,Constituency_152,MP_Name_152,BR/532/2022-2023/1841 - Construction of Drinking Water facility,2023-11-16,Completed,Lok Sabha,Works Completed_2024.csv,
Tamil Nadu,Constituency_20,MP_Name_20,TN/205/2022-2023/1106 - Construction of Sanitation facility,2024-09-23,Completed,Lok Sabha,Works Completed_2024.csv,
Gujarat,Constituency_54,MP_Name_54,GJ/823/2023-2024/1302 - Construction of Electricity facility,2022-12-10,Completed,Lok Sabha,Works Completed_2024.csv,
West Bengal,Constituency_230,MP_Name_230,WB/445/2022-2023/2315 - Construction of Drinking Water facility,2023-03-27,Completed,Lok Sabha,Works Completed_2024.csv,
Karnataka,Constituency_478,MP_Name_478,KA/936/2022-2023/3657 - Construction of Drinking Water facility,2021-12-11,Completed,Lok Sabha,Works Completed_2024.csv,
Madhya Pradesh,Constituency_7,MP_Name_7,MP/166/2022-2023/1036 - Construction of Roads facility,2021-06-12,Completed,Lok Sabha,Works Completed_2024.csv,
West Bengal,Constituency_386,MP_Name_386,WB/291/2023-2024/3156 - Construction of Education facility,2021-01-16,Completed,Lok Sabha,Works Completed_2024.csv,
Karnataka,Constituency_130,MP_Name_130,KA/629/2023-2024/1721 - Construction of Electricity facility,2023-08-28,Completed,Lok Sabha,Works Completed_2024.csv,
Madhya Pradesh,Constituency_318,MP_Name_318,MP/151/2023-2024/2785 - Construction of Electricity facility,2021-07-23,Completed,Lok Sabha,Works Completed_2024.csv,
Gujarat,Constituency_54,MP_Name_54,GJ/523/2021-2022/1299 - Construction of Sanitation facility,2021-04-16,Completed,Lok Sabha,Works Completed_2024.csv,
Delhi,Constituency_59,MP_Name_59,DL/134/2022-2023/1329 - Construction of Education facility,2024-02-12,Completed,Lok Sabha,Works Completed_2024.csv,
Uttar Pradesh,Constituency_94,MP_Name_94,UP/674/2022-2023/1519 - Construction of Sanitation facility,2023-03-31,Completed,Lok Sabha,Works Completed_2024.csv,
Delhi,Constituency_501,MP_Name_501,DL/635/2022-2023/3786 - Construction of Health facility,2021-02-18,Completed,Lok Sabha,Works Completed_2024.csv,
Rajasthan,Constituency_542,MP_Name_542,RJ/134/2021-2022/4021 - Construction of Electricity facility,2021-06-22,Completed,Lok Sabha,Works Completed_2024.csv,
Delhi,Constituency_64,MP_Name_64,DL/950/2021-2022/1350 - Construction of Education facility,2023-05-24,Completed,Lok Sabha,Works Completed_2024.csv,
Madhya Pradesh,Constituency_244,MP_Name_244,MP/392/2022-2023/2395 - Construction of Electricity facility,2024-04-05,Completed,Lok Sabha,Works Completed_2024.csv,
Uttar Pradesh,Constituency_73,MP_Name_73,UP/856/2021-2022/1413 - Construction of Health facility,2021-03-20,Completed,Lok Sabha,Works Completed_2024.csv,
Gujarat,Constituency_226,MP_Name_226,GJ/526/2022-2023/2294 - Construction of Electricity facility,2022-06-08,Completed,Lok Sabha,Works Completed_2024.csv,
Tamil Nadu,Constituency_197,MP_Name_197,TN/105/2022-2023/2117 - Construction of Electricity facility,2024-07-18,Completed,Lok Sabha,Works Completed_2024.csv,
Karnataka,Constituency_19,MP_Name_19,KA/882/2021-2022/1097 - Construction of Roads facility,2023-07-02,Completed,Lok Sabha,Works Completed_2024.csv,
Maharashtra,Constituency_456,MP_Name_456,MH/220/2022-2023/3531 - Construction of Electricity facility,2023-09-28,Completed,Lok Sabha,Works Completed_2024.csv,
Tamil Nadu,Constituency_506,MP_Name_506,TN/470/2022-2023/3811 - Construction of Electricity facility,2023-06-29,Completed,Lok Sabha,Works Completed_2024.csv,
Maharashtra,Constituency_23,MP_Name_23,MH/197/2021-2022/1119 - Construction of Sanitation facility,2022-11-20,Completed,Lok Sabha,Works Completed_2024.csv,
Rajasthan,Constituency_224,MP_Name_224,RJ/785/2022-2023/2284 - Construction of Education facility,2023-08-04,Completed,Lok Sabha,Works Completed_2024.csv,
Uttar Pradesh,Constituency_73,MP_Name_73,UP/319/2023-2024/1411 - Construction of Drinking Water facility,2024-06-23,Completed,Lok Sabha,Works Completed_2024.csv,
Gujarat,Constituency_293,MP_Name_293,GJ/496/2023-2024/2656 - Construction of Sanitation facility,2021-08-22,Completed,Lok Sabha,Works Completed_2024.csv,
Uttar Pradesh,Constituency_96,MP_Name_96,UP/289/2022-2023/1532 - Construction of Health facility,2021-01-30,Completed,Lok Sabha,Works Completed_2024.csv,
Tamil Nadu,Constituency_20,MP_Name_20,TN/258/2021-2022/1104 - Construction of Drinking Water facility,2023-08-17,Completed,Lok Sabha,Works Completed_2024.csv,
Madhya Pradesh,Constituency_76,MP_Name_76,MP/106/2022-2023/1426 - Construction of Education facility,2023-08-11,Completed,Lok Sabha,Works Completed_2024.csv,
Madhya Pradesh,Constituency_383,MP_Name_383,MP/762/2023-2024/3137 - Construction of Drinking Water facility,2023-09-27,Completed,Lok Sabha,Works Completed_2024.csv,
Uttar Pradesh,Constituency_310,MP_Name_310,UP/203/2022-2023/2740 - Construction of Health facility,2024-06-28,Completed,Lok Sabha,Works Completed_2024.csv,
Delhi,Constituency_116,MP_Name_116,DL/918/2022-2023/1643 - Construction of Electricity facility,2024-05-08,Completed,Lok Sabha,Works Completed_2024.csv,
Karnataka,Constituency_538,MP_Name_538,KA/425/2021-2022/3999 - Construction of Education facility,2024-02-09,Completed,Lok Sabha,Works Completed_2024.csv,
Delhi,Constituency_166,MP_Name_166,DL/476/2023-2024/1928 - Construction of Health facility,2023-05-03,Completed,Lok Sabha,Works Completed_2024.csv,
West Bengal,Constituency_122,MP_Name_122,WB/440/2021-2022/1678 - Construction of Roads facility,2023-04-01,Completed,Lok Sabha,Works Completed_2024.csv,
Maharashtra,Constituency_309,MP_Name_309,MH/529/2023-2024/2728 - Construction of Drinking Water facility,2023-04-02,Completed,Lok Sabha,Works Completed_2024.csv,
Maharashtra,Constituency_58,MP_Name_58,MH/291/2023-2024/1324 - Construction of Education facility,2023-04-21,Completed,Lok Sabha,Works Completed_2024.csv,
Rajasthan,Constituency_26,MP_Name_26,RJ/457/2022-2023/1136 - Construction of Health facility,2022-09-06,Completed,Lok Sabha,Works Completed_2024.csv,
Tamil Nadu,Constituency_43,MP_Name_43,TN/216/2023-2024/1236 - Construction of Health facility,2021-06-23,Completed,Lok Sabha,Works Completed_2024.csv,
Madhya Pradesh,Constituency_277,MP_Name_277,MP/271/2023-2024/2561 - Construction of Roads facility,2023-12-11,Completed,Lok Sabha,Works Completed_2024.csv,
Bihar,Constituency_525,MP_Name_525,BR/403/2022-2023/3921 - Construction of Roads facility,2023-06-30,Completed,Lok Sabha,Works Completed_2024.csv,
Tamil Nadu,Constituency_284,MP_Name_284,TN/879/2021-2022/2599 - Construction of Health facility,2022-11-01,Completed,Lok Sabha,Works Completed_2024.csv,
Maharashtra,Constituency_309,MP_Name_309,MH/231/2021-2022/2729 - Construction of Sanitation facility,2021-06-08,Completed,Lok Sabha,Works Completed_2024.csv,
Gujarat,Constituency_340,MP_Name_340,GJ/525/2022-2023/2912 - Construction of Roads facility,2024-06-27,Completed,Lok Sabha,Works Completed_2024.csv,
Maharashtra,Constituency_49,MP_Name_49,MH/805/2022-2023/1268 - Construction of Sanitation facility,2023-06-22,Completed,Lok Sabha,Works Completed_2024.csv,
Madhya Pradesh,Constituency_471,MP_Name_471,MP/289/2023-2024/3617 - Construction of Drinking Water facility,2023-09-03,Completed,Lok Sabha,Works Completed_2024.csv,
Bihar,Constituency_448,MP_Name_448,BR/984/2022-2023/3492 - Construction of Education facility,2021-05-01,Completed,Lok Sabha,Works Completed_2024.csv,
Bihar,Constituency_221,MP_Name_221,BR/514/2022-2023/2269 - Construction of Drinking Water facility,2024-04-16,Completed,Lok Sabha,Works Completed_2024.csv,
Bihar,Constituency_534,MP_Name_534,BR/995/2022-2023/3974 - Construction of Drinking Water facility,2024-05-18,Completed,Lok Sabha,Works Completed_2024.csv,
Uttar Pradesh,Constituency_435,MP_Name_435,UP/293/2021-2022/3425 - Construction of Health facility,2021-10-20,Completed,Lok Sabha,Works Completed_2024.csv,
Madhya Pradesh,Constituency_177,MP_Name_177,MP/723/2023-2024/1994 - Construction of Electricity facility,2022-09-09,Completed,Lok Sabha,Works Completed_2024.csv,
Uttar Pradesh,Constituency_229,MP_Name_229,UP/760/2021-2022/2309 - Construction of Electricity facility,2023-04-30,Completed,Lok Sabha,Works Completed_2024.csv,
Madhya Pradesh,Constituency_470,MP_Name_470,MP/191/2022-2023/3616 - Construction of Electricity facility,2021-06-12,Completed,Lok Sabha,Works Completed_2024.csv,
Bihar,Constituency_291,MP_Name_291,BR/789/2023-2024/2646 - Construction of Roads facility,2021-12-21,Completed,Lok Sabha,Works Completed_2024.csv,
Rajasthan,Constituency_175,MP_Name_175,RJ/748/2023-2024/1984 - Construction of Roads facility,2021-11-16,Completed,Lok Sabha,Works Completed_2024.csv,
Gujarat,Constituency_86,MP_Name_86,GJ/479/2021-2022/1476 - Construction of Electricity facility,2021-12-21,Completed,Lok Sabha,Works Completed_2024.csv,
Gujarat,Constituency_502,MP_Name_502,GJ/571/2023-2024/3789 - Construction of Electricity facility,2024-07-12,Completed,Lok Sabha,Works Completed_2024.csv,
Karnataka,Constituency_420,MP_Name_420,KA/304/2021-2022/3334 - Construction of Electricity facility,2022-07-27,Completed,Lok Sabha,Works Completed_2024.csv,
Delhi,Constituency_184,MP_Name_184,DL/857/2023-2024/2033 - Construction of Health facility,2021-05-28,Completed,Lok Sabha,Works Completed_2024.csv,
Delhi,Constituency_501,MP_Name_501,DL/179/2022-2023/3787 - Construction of Drinking Water facility,2022-01-18,Completed,Lok Sabha,Works Completed_2024.csv,
Tamil Nadu,Constituency_539,MP_Name_539,TN/311/2023-2024/4001 - Construction of Drinking Water facility,2021-11-10,Completed,Lok Sabha,Works Completed_2024.csv,
Rajasthan,Constituency_376,MP_Name_376,RJ/263/2023-2024/3087 - Construction of Education facility,2023-03-15,Completed,Lok Sabha,Works Completed_2024.csv,
Uttar Pradesh,Constituency_73,MP_Name_73,UP/933/2021-2022/1410 - Construction of Roads facility,2021-09-02,Completed,Lok Sabha,Works Completed_2024.csv,
Delhi,Constituency_238,MP_Name_238,DL/273/2023-2024/2361 - Construction of Education facility,2022-07-05,Completed,Lok Sabha,Works Completed_2024.csv,
Uttar Pradesh,Constituency_52,MP_Name_52,UP/942/2022-2023/1286 - Construction of Electricity facility,2023-04-21,Completed,Lok Sabha,Works Completed_2024.csv,
Tamil Nadu,Constituency_43,MP_Name_43,TN/346/2023-2024/1233 - Construction of Health facility,2024-02-17,Completed,Lok Sabha,Works Completed_2024.csv,
Madhya Pradesh,Constituency_272,MP_Name_272,MP/872/2022-2023/2537 - Construction of Electricity facility,2023-04-02,Completed,Lok Sabha,Works Completed_2024.csv,
Rajasthan,Constituency_200,MP_Name_200,RJ/518/2022-2023/2133 - Construction of Electricity facility,2022-05-08,Completed,Lok Sabha,Works Completed_2024.csv,
Uttar Pradesh,Constituency_167,MP_Name_167,UP/163/2023-2024/1937 - Construction of Health facility,2024-05-30,Completed,Lok Sabha,Works Completed_2024.csv,
Tamil Nadu,Constituency_537,MP_Name_537,TN/618/2021-2022/3990 - Construction of Roads facility,2023-07-21,Completed,Lok Sabha,Works Completed_2024.csv,
Karnataka,Constituency_346,MP_Name_346,KA/214/2023-2024/2943 - Construction of Electricity facility,2024-02-25,Completed,Lok Sabha,Works Completed_2024.csv,
Tamil Nadu,Constituency_188,MP_Name_188,TN/940/2021-2022/2060 - Construction of Drinking Water facility,2024-08-08,Completed,Lok Sabha,Works Completed_2024.csv,
Karnataka,Constituency_270,MP_Name_270,KA/995/2023-2024/2525 - Construction of Health facility,2022-09-03,Completed,Lok Sabha,Works Completed_2024.csv,
Gujarat,Constituency_192,MP_Name_192,GJ/649/2021-2022/2086 - Construction of Drinking Water facility,2024-05-23,Completed,Lok Sabha,Works Completed_2024.csv,
Gujarat,Constituency_392,MP_Name_392,GJ/350/2021-2022/3193 - Construction of Electricity facility,2023-01-14,Completed,Lok Sabha,Works Completed_2024.csv,
Delhi,Constituency_51,MP_Name_51,DL/651/2022-2023/1281 - Construction of Drinking Water facility,2024-11-17,Completed,Lok Sabha,Works Completed_2024.csv,
Maharashtra,Constituency_30,MP_Name_30,MH/916/2022-2023/1161 - Construction of Health facility,2024-06-13,Completed,Lok Sabha,Works Completed_2024.csv,
West Bengal,Constituency_512,MP_Name_512,WB/360/2023-2024/3848 - Construction of Electricity facility,2021-06-11,Completed,Lok Sabha,Works Completed_2024.csv,
Madhya Pradesh,Constituency_7,MP_Name_7,MP/889/2021-2022/1039 - Construction of Electricity facility,2024-11-08,Completed,Lok Sabha,Works Completed_2024.csv,
Gujarat,Constituency_163,MP_Name_163,GJ/635/2022-2023/1906 - Construction of Education facility,2022-10-20,Completed,Lok Sabha,Works Completed_2024.csv,
Tamil Nadu,Constituency_100,MP_Name_100,TN/312/2023-2024/1553 - Construction of Drinking Water facility,2023-02-06,Completed,Lok Sabha,Works Completed_2024.csv,
Maharashtra,Constituency_515,MP_Name_515,MH/203/2023-2024/3861 - Construction of Roads facility,2023-09-19,Completed,Lok Sabha,Works Completed_2024.csv,
Karnataka,Constituency_408,MP_Name_408,KA/576/2023-2024/3280 - Construction of Sanitation facility,2023-01-01,Completed,Lok Sabha,Works Completed_2024.csv,
Bihar,Constituency_325,MP_Name_325,BR/375/2022-2023/2829 - Construction of Education facility,2024-09-17,Completed,Lok Sabha,Works Completed_2024.csv,
West Bengal,Constituency_508,MP_Name_508,WB/923/2023-2024/3827 - Construction of Electricity facility,2023-06-29,Completed,Lok Sabha,Works Completed_2024.csv,
Maharashtra,Constituency_203,MP_Name_203,MH/784/2023-2024/2159 - Construction of Roads facility,2022-09-15,Completed,Lok Sabha,Works Completed_2024.csv,
Delhi,Constituency_118,MP_Name_118,DL/654/2021-2022/1659 - Construction of Electricity facility,2021-09-21,Completed,Lok Sabha,Works Completed_2024.csv,
Rajasthan,Constituency_294,MP_Name_294,RJ/536/2023-2024/2660 - Construction of Education facility,2024-04-22,Completed,Lok Sabha,Works Completed_2024.csv,
Madhya Pradesh,Constituency_76,MP_Name_76,MP/536/2021-2022/1424 - Construction of Education facility,2024-03-01,Completed,Lok Sabha,Works Completed_2024.csv,
Maharashtra,Constituency_49,MP_Name_49,MH/471/2021-2022/1265 - Construction of Roads facility,2024-03-31,Completed,Lok Sabha,Works Completed_2024.csv,
Maharashtra,Constituency_40,MP_Name_40,MH/953/2021-2022/1215 - Construction of Drinking Water facility,2021-05-09,Completed,Lok Sabha,Works Completed_2024.csv,
Tamil Nadu,Constituency_354,MP_Name_354,TN/324/2022-2023/2977 - Construction of Sanitation facility,2022-08-29,Completed,Lok Sabha,Works Completed_2024.csv,
Rajasthan,Constituency_517,MP_Name_517,RJ/569/2022-2023/3870 - Construction of Drinking Water facility,2022-09-29,Completed,Lok Sabha,Works Completed_2024.csv,
Bihar,Constituency_155,MP_Name_155,BR/207/2022-2023/1858 - Construction of Sanitation facility,2023-11-01,Completed,Lok Sabha,Works Completed_2024.csv,
West Bengal,Constituency_249,MP_Name_249,WB/512/2021-2022/2417 - Construction of Roads facility,2023-06-16,Completed,Lok Sabha,Works Completed_2024.csv,
West Bengal,Constituency_490,MP_Name_490,WB/264/2022-2023/3720 - Construction of Health facility,2024-10-19,Completed,Lok Sabha,Works Completed_2024.csv,
Rajasthan,Constituency_376,MP_Name_376,RJ/193/2023-2024/3092 - Construction of Health facility,2021-07-17,Completed,Lok Sabha,Works Completed_2024.csv,
West Bengal,Constituency_364,MP_Name_364,WB/660/2021-2022/3023 - Construction of Education facility,2024-11-18,Completed,Lok Sabha,Works Completed_2024.csv,
Tamil Nadu,Constituency_29,MP_Name_29,TN/955/2021-2022/1152 - Construction of Drinking Water facility,2022-08-26,Completed,Lok Sabha,Works Completed_2024.csv,
Delhi,Constituency_31,MP_Name_31,DL/408/2021-2022/1169 - Construction of Sanitation facility,2022-08-04,Completed,Lok Sabha,Works Completed_2024.csv,
Rajasthan,Constituency_498,MP_Name_498,RJ/928/2023-2024/3768 - Construction of Education facility,2022-10-06,Completed,Lok Sabha,Works Completed_2024.csv,
Delhi,Constituency_139,MP_Name_139,DL/923/2022-2023/1761 - Construction of Roads facility,2023-06-17,Completed,Lok Sabha,Works Completed_2024.csv,
Karnataka,Constituency_81,MP_Name_81,KA/197/2023-2024/1448 - Construction of Roads facility,2021-06-01,Completed,Lok Sabha,Works Completed_2024.csv,
Tamil Nadu,Constituency_539,MP_Name_539,TN/879/2021-2022/4005 - Construction of Sanitation facility,2023-06-24,Completed,Lok Sabha,Works Completed_2024.csv,
Delhi,Constituency_67,MP_Name_67,DL/652/2023-2024/1372 - Construction of Sanitation facility,2024-04-24,Completed,Lok Sabha,Works Completed_2024.csv,
Tamil Nadu,Constituency_43,MP_Name_43,TN/915/2021-2022/1237 - Construction of Health facility,2023-09-22,Completed,Lok Sabha,Works Completed_2024.csv,
Karnataka,Constituency_280,MP_Name_280,KA/572/2022-2023/2576 - Construction of Health facility,2023-09-11,Completed,Lok Sabha,Works Completed_2024.csv,
Karnataka,Constituency_538,MP_Name_538,KA/384/2023-2024/3995 - Construction of Education facility,2022-12-13,Completed,Lok Sabha,Works Completed_2024.csv,
West Bengal,Constituency_150,MP_Name_150,WB/230/2022-2023/1831 - Construction of Health facility,2023-06-04,Completed,Lok Sabha,Works Completed_2024.csv,
Gujarat,Constituency_154,MP_Name_154,GJ/512/2022-2023/1852 - Construction of Health facility,2022-05-25,Completed,Lok Sabha,Works Completed_2024.csv,
Karnataka,Constituency_408,MP_Name_408,KA/145/2021-2022/3284 - Construction of Sanitation facility,2024-08-15,Completed,Lok Sabha,Works Completed_2024.csv,
Bihar,Constituency_352,MP_Name_352,BR/714/2023-2024/2966 - Construction of Electricity facility,2021-06-02,Completed,Lok Sabha,Works Completed_2024.csv,
Karnataka,Constituency_201,MP_Name_201,KA/441/2023-2024/2139 - Construction of Education facility,2022-11-02,Completed,Lok Sabha,Works Completed_2024.csv,
Uttar Pradesh,Constituency_52,MP_Name_52,UP/646/2022-2023/1287 - Construction of Roads facility,2023-10-17,Completed,Lok Sabha,Works Completed_2024.csv,
Maharashtra,Constituency_543,MP_Name_543,MH/227/2023-2024/4032 - Construction of Health facility,2023-03-17,Completed,Lok Sabha,Works Completed_2024.csv,
Gujarat,Constituency_154,MP_Name_154,GJ/375/2022-2023/1849 - Construction of Roads facility,2024-03-06,Completed,Lok Sabha,Works Completed_2024.csv,
Delhi,Constituency_156,MP_Name_156,DL/239/2023-2024/1867 - Construction of Electricity facility,2023-08-01,Completed,Lok Sabha,Works Completed_2024.csv,
Uttar Pradesh,Constituency_444,MP_Name_444,UP/518/2022-2023/3473 - Construction of Drinking Water facility,2021-04-02,Completed,Lok Sabha,Works Completed_2024.csv,
Madhya Pradesh,Constituency_245,MP_Name_245,MP/825/2021-2022/2404 - Construction of Electricity facility,2022-10-27,Completed,Lok Sabha,Works Completed_2024.csv,
Delhi,Constituency_289,MP_Name_289,DL/364/2022-2023/2636 - Construction of Electricity facility,2021-09-23,Completed,Lok Sabha,Works Completed_2024.csv,
Rajasthan,Constituency_104,MP_Name_104,RJ/810/2023-2024/1579 - Construction of Education facility,2021-04-12,Completed,Lok Sabha,Works Completed_2024.csv,
Delhi,Constituency_421,MP_Name_421,DL/323/2021-2022/3342 - Construction of Drinking Water facility,2024-05-28,Completed,Lok Sabha,Works Completed_2024.csv,
Tamil Nadu,Constituency_539,MP_Name_539,TN/732/2022-2023/4002 - Construction of Electricity facility,2023-12-06,Completed,Lok Sabha,Works Completed_2024.csv,
Tamil Nadu,Constituency_406,MP_Name_406,TN/882/2022-2023/3272 - Construction of Electricity facility,2023-03-22,Completed,Lok Sabha,Works Completed_2024.csv,
West Bengal,Constituency_386,MP_Name_386,WB/684/2021-2022/3155 - Construction of Sanitation facility,2023-02-17,Completed,Lok Sabha,Works Completed_2024.csv,
Karnataka,Constituency_465,MP_Name_465,KA/363/2021-2022/3584 - Construction of Education facility,2024-06-15,Completed,Lok Sabha,Works Completed_2024.csv,
West Bengal,Constituency_508,MP_Name_508,WB/580/2021-2022/3825 - Construction of Sanitation facility,2022-06-26,Completed,Lok Sabha,Works Completed_2024.csv,
West Bengal,Constituency_146,MP_Name_146,WB/488/2022-2023/1807 - Construction of Education facility,2023-06-12,Completed,Lok Sabha,Works Completed_2024.csv,
Bihar,Constituency_98,MP_Name_98,BR/986/2023-2024/1543 - Construction of Roads facility,2023-11-20,Completed,Lok Sabha,Works Completed_2024.csv,
Bihar,Constituency_286,MP_Name_286,BR/113/2021-2022/2614 - Construction of Education facility,2023-12-14,Completed,Lok Sabha,Works Completed_2024.csv,
Tamil Nadu,Constituency_186,MP_Name_186,TN/761/2021-2022/2051 - Construction of Roads facility,2021-12-16,Completed,Lok Sabha,Works Completed_2024.csv,
Bihar,Constituency_475,MP_Name_475,BR/852/2023-2024/3640 - Construction of Roads facility,2021-01-06,Completed,Lok Sabha,Works Completed_2024.csv,
Tamil Nadu,Constituency_354,MP_Name_354,TN/855/2021-2022/2974 - Construction of Drinking Water facility,2021-03-04,Completed,Lok Sabha,Works Completed_2024.csv,
West Bengal,Constituency_282,MP_Name_282,WB/995/2021-2022/2586 - Construction of Drinking Water facility,2021-12-06,Completed,Lok Sabha,Works Completed_2024.csv,
Madhya Pradesh,Constituency_527,MP_Name_527,MP/645/2022-2023/3933 - Construction of Education facility,2024-06-06,Completed,Lok Sabha,Works Completed_2024.csv,
Tamil Nadu,Constituency_213,MP_Name_213,TN/751/2021-2022/2222 - Construction of Sanitation facility,2021-06-26,Completed,Lok Sabha,Works Completed_2024.csv,
Delhi,Constituency_433,MP_Name_433,DL/880/2021-2022/3410 - Construction of Education facility,2024-12-31,Completed,Lok Sabha,Works Completed_2024.csv,
Maharashtra,Constituency_460,MP_Name_460,MH/582/2023-2024/3551 - Construction of Roads facility,2021-10-28,Completed,Lok Sabha,Works Completed_2024.csv,
Tamil Nadu,Constituency_506,MP_Name_506,TN/118/2021-2022/3815 - Construction of Electricity facility,2022-07-13,Completed,Lok Sabha,Works Completed_2024.csv,
Rajasthan,Constituency_314,MP_Name_314,RJ/321/2023-2024/2766 - Construction of Roads facility,2023-03-16,Completed,Lok Sabha,Works Completed_2024.csv,
Delhi,Constituency_67,MP_Name_67,DL/449/2022-2023/1371 - Construction of Roads facility,2021-03-13,Completed,Lok Sabha,Works Completed_2024.csv,
Karnataka,Constituency_422,MP_Name_422,KA/142/2021-2022/3348 - Construction of Roads facility,2024-08-04,Completed,Lok Sabha,Works Completed_2024.csv,
Madhya Pradesh,Constituency_13,MP_Name_13,MP/273/2022-2023/1067 - Construction of Education facility,2022-08-23,Completed,Lok Sabha,Works Completed_2024.csv,
Madhya Pradesh,Constituency_177,MP_Name_177,MP/609/2023-2024/1992 - Construction of Drinking Water facility,2023-04-21,Completed,Lok Sabha,Works Completed_2024.csv,
Karnataka,Constituency_5,MP_Name_5,KA/833/2022-2023/1028 - Construction of Roads facility,2022-02-02,Completed,Lok Sabha,Works Completed_2024.csv,
Tamil Nadu,Constituency_38,MP_Name_38,TN/320/2022-2023/1203 - Construction of Drinking Water facility,2022-04-05,Completed,Lok Sabha,Works Completed_2024.csv,
Bihar,Constituency_41,MP_Name_41,BR/238/2021-2022/1222 - Construction of Education facility,2023-02-03,Completed,Lok Sabha,Works Completed_2024.csv,
Tamil Nadu,Constituency_506,MP_Name_506,TN/239/2021-2022/3809 - Construction of Roads facility,2021-11-23,Completed,Lok Sabha,Works Completed_2024.csv,
Maharashtra,Constituency_8,MP_Name_8,MH/429/2021-2022/1041 - Construction of Health facility,2022-04-10,Completed,Lok Sabha,Works Completed_2024.csv,
Maharashtra,Constituency_40,MP_Name_40,MH/720/2022-2023/1214 - Construction of Drinking Water facility,2024-09-17,Completed,Lok Sabha,Works Completed_2024.csv,
Madhya Pradesh,Constituency_7,MP_Name_7,MP/736/2023-2024/1037 - Construction of Electricity facility,2023-03-21,Completed,Lok Sabha,Works Completed_2024.csv,
Bihar,Constituency_207,MP_Name_207,BR/622/2023-2024/2181 - Construction of Health facility,2023-12-25,Completed,Lok Sabha,Works Completed_2024.csv,
West Bengal,Constituency_282,MP_Name_282,WB/470/2023-2024/2591 - Construction of Drinking Water facility,2024-09-07,Completed,Lok Sabha,Works Completed_2024.csv,
Bihar,Constituency_155,MP_Name_155,BR/793/2023-2024/1859 - Construction of Health facility,2021-02-11,Completed,Lok Sabha,Works Completed_2024.csv,
Gujarat,Constituency_271,MP_Name_271,GJ/386/2022-2023/2531 - Construction of Sanitation facility,2024-05-30,Completed,Lok Sabha,Works Completed_2024.csv,
Maharashtra,Constituency_203,MP_Name_203,MH/715/2022-2023/2152 - Construction of Drinking Water facility,2022-06-07,Completed,Lok Sabha,Works Completed_2024.csv,
Gujarat,Constituency_86,MP_Name_86,GJ/635/2021-2022/1475 - Construction of Health facility,2021-05-26,Completed,Lok Sabha,Works Completed_2024.csv,
Rajasthan,Constituency_532,MP_Name_532,RJ/741/2022-2023/3963 - Construction of Education facility,2022-06-27,Completed,Lok Sabha,Works Completed_2024.csv,
Delhi,Constituency_156,MP_Name_156,DL/448/2022-2023/1866 - Construction of Health facility,2021-07-28,Completed,Lok Sabha,Works Completed_2024.csv,
Delhi,Constituency_289,MP_Name_289,DL/795/2023-2024/2630 - Construction of Sanitation facility,2021-07-02,Completed,Lok Sabha,Works Completed_2024.csv,
Delhi,Constituency_433,MP_Name_433,DL/995/2023-2024/3412 - Construction of Health facility,2021-07-23,Completed,Lok Sabha,Works Completed_2024.csv,
Rajasthan,Constituency_505,MP_Name_505,RJ/972/2023-2024/3805 - Construction of Health facility,2021-04-16,Completed,Lok Sabha,Works Completed_2024.csv,
Karnataka,Constituency_95,MP_Name_95,KA/809/2023-2024/1526 - Construction of Drinking Water facility,2022-05-24,Completed,Lok Sabha,Works Completed_2024.csv,
Maharashtra,Constituency_203,MP_Name_203,MH/934/2022-2023/2156 - Construction of Sanitation facility,2024-06-02,Completed,Lok Sabha,Works Completed_2024.csv,
Bihar,Constituency_356,MP_Name_356,BR/782/2022-2023/2985 - Construction of Health facility,2021-05-16,Completed,Lok Sabha,Works Completed_2024.csv,
Tamil Nadu,Constituency_443,MP_Name_443,TN/669/2022-2023/3467 - Construction of Roads facility,2021-04-21,Completed,Lok Sabha,Works Completed_2024.csv,
Uttar Pradesh,Constituency_435,MP_Name_435,UP/886/2023-2024/3422 - Construction of Education facility,2023-04-29,Completed,Lok Sabha,Works Completed_2024.csv,
Bihar,Constituency_152,MP_Name_152,BR/764/2021-2022/1844 - Construction of Electricity facility,2021-08-14,Completed,Lok Sabha,Works Completed_2024.csv,
Maharashtra,Constituency_482,MP_Name_482,MH/924/2022-2023/3677 - Construction of Roads facility,2022-05-31,Completed,Lok Sabha,Works Completed_2024.csv,
Gujarat,Constituency_536,MP_Name_536,GJ/116/2022-2023/3983 - Construction of Education facility,2022-03-08,Completed,Lok Sabha,Works Completed_2024.csv,
Tamil Nadu,Constituency_56,MP_Name_56,TN/267/2022-2023/1313 - Construction of Roads facility,2022-08-13,Completed,Lok Sabha,Works Completed_2024.csv,
Karnataka,Constituency_311,MP_Name_311,KA/420/2023-2024/2747 - Construction of Drinking Water facility,2022-06-26,Completed,Lok Sabha,Works Completed_2024.csv,
Gujarat,Constituency_416,MP_Name_416,GJ/361/2021-2022/3314 - Construction of Health facility,2023-10-15,Completed,Lok Sabha,Works Completed_2024.csv,
Gujarat,Constituency_476,MP_Name_476,GJ/151/2022-2023/3644 - Construction of Health facility,2024-12-03,Completed,Lok Sabha,Works Completed_2024.csv,
Uttar Pradesh,Constituency_147,MP_Name_147,UP/760/2021-2022/1815 - Construction of Health facility,2021-09-16,Completed,Lok Sabha,Works Completed_2024.csv,
Maharashtra,Constituency_407,MP_Name_407,MH/863/2021-2022/3276 - Construction of Drinking Water facility,2024-11-05,Completed,Lok Sabha,Works Completed_2024.csv,
Madhya Pradesh,Constituency_316,MP_Name_316,MP/205/2022-2023/2774 - Construction of Health facility,2023-03-17,Completed,Lok Sabha,Works Completed_2024.csv,
Karnataka,Constituency_42,MP_Name_42,KA/449/2022-2023/1225 - Construction of Roads facility,2023-08-20,Completed,Lok Sabha,Works Completed_2024.csv,
Delhi,Constituency_166,MP_Name_166,DL/554/2021-2022/1929 - Construction of Health facility,2024-05-16,Completed,Lok Sabha,Works Completed_2024.csv,
Rajasthan,Constituency_505,MP_Name_505,RJ/317/2022-2023/3804 - Construction of Health facility,2024-11-20,Completed,Lok Sabha,Works Completed_2024.csv,
Rajasthan,Constituency_149,MP_Name_149,RJ/253/2023-2024/1821 - Construction of Electricity facility,2023-05-17,Completed,Lok Sabha,Works Completed_2024.csv,
Karnataka,Constituency_19,MP_Name_19,KA/993/2021-2022/1102 - Construction of Electricity facility,2022-08-27,Completed,Lok Sabha,Works Completed_2024.csv,
Tamil Nadu,Constituency_354,MP_Name_354,TN/438/2021-2022/2979 - Construction of Sanitation facility,2024-08-05,Completed,Lok Sabha,Works Completed_2024.csv,
Madhya Pradesh,Constituency_272,MP_Name_272,MP/220/2023-2024/2540 - Construction of Education facility,2024-02-19,Completed,Lok Sabha,Works Completed_2024.csv,
Karnataka,Constituency_463,MP_Name_463,KA/740/2022-2023/3572 - Construction of Education facility,2024-12-09,Completed,Lok Sabha,Works Completed_2024.csv,
Karnataka,Constituency_408,MP_Name_408,KA/404/2023-2024/3281 - Construction of Education facility,2022-03-01,Completed,Lok Sabha,Works Completed_2024.csv,
Uttar Pradesh,Constituency_193,MP_Name_193,UP/353/2021-2022/2093 - Construction of Roads facility,2021-05-21,Completed,Lok Sabha,Works Completed_2024.csv,
Delhi,Constituency_477,MP_Name_477,DL/381/2022-2023/3654 - Construction of Electricity facility,2022-08-13,Completed,Lok Sabha,Works Completed_2024.csv,
Tamil Nadu,Constituency_263,MP_Name_263,TN/700/2023-2024/2489 - Construction of Roads facility,2022-09-10,Completed,Lok Sabha,Works Completed_2024.csv,
Uttar Pradesh,Constituency_236,MP_Name_236,UP/612/2023-2024/2349 - Construction of Drinking Water facility,2023-08-07,Completed,Lok Sabha,Works Completed_2024.csv,
Karnataka,Constituency_129,MP_Name_129,KA/685/2022-2023/1714 - Construction of Health facility,2024-04-24,Completed,Lok Sabha,Works Completed_2024.csv,
Maharashtra,Constituency_114,MP_Name_114,MH/927/2023-2024/1634 - Construction of Electricity facility,2022-04-03,Completed,Lok Sabha,Works Completed_2024.csv,
Karnataka,Constituency_445,MP_Name_445,KA/628/2022-2023/3478 - Construction of Education facility,2021-10-25,Completed,Lok Sabha,Works Completed_2024.csv,
Madhya Pradesh,Constituency_396,MP_Name_396,MP/592/2023-2024/3216 - Construction of Sanitation facility,2024-03-20,Completed,Lok Sabha,Works Completed_2024.csv,
West Bengal,Constituency_508,MP_Name_508,WB/770/2023-2024/3828 - Construction of Drinking Water facility,2022-12-29,Completed,Lok Sabha,Works Completed_2024.csv,
Bihar,Constituency_98,MP_Name_98,BR/618/2022-2023/1544 - Construction of Education facility,2023-02-07,Completed,Lok Sabha,Works Completed_2024.csv,
West Bengal,Constituency_282,MP_Name_282,WB/323/2022-2023/2588 - Construction of Electricity facility,2023-10-30,Completed,Lok Sabha,Works Completed_2024.csv,
Gujarat,Constituency_290,MP_Name_290,GJ/854/2022-2023/2642 - Construction of Roads facility,2022-11-06,Completed,Lok Sabha,Works Completed_2024.csv,
Madhya Pradesh,Constituency_13,MP_Name_13,MP/481/2021-2022/1065 - Construction of Roads facility,2022-07-26,Completed,Lok Sabha,Works Completed_2024.csv,
Tamil Nadu,Constituency_394,MP_Name_394,TN/600/2023-2024/3206 - Construction of Roads facility,2023-09-10,Completed,Lok Sabha,Works Completed_2024.csv,
Bihar,Constituency_491,MP_Name_491,BR/617/2023-2024/3726 - Construction of Sanitation facility,2023-07-24,Completed,Lok Sabha,Works Completed_2024.csv,
Delhi,Constituency_261,MP_Name_261,DL/249/2022-2023/2477 - Construction of Education facility,2023-01-10,Completed,Lok Sabha,Works Completed_2024.csv,
Tamil Nadu,Constituency_77,MP_Name_77,TN/878/2023-2024/1431 - Construction of Drinking Water facility,2021-08-05,Completed,Lok Sabha,Works Completed_2024.csv,
Rajasthan,Constituency_175,MP_Name_175,RJ/116/2021-2022/1985 - Construction of Drinking Water facility,2023-08-22,Completed,Lok Sabha,Works Completed_2024.csv,
Bihar,Constituency_491,MP_Name_491,BR/661/2023-2024/3729 - Construction of Drinking Water facility,2023-05-08,Completed,Lok Sabha,Works Completed_2024.csv,
Uttar Pradesh,Constituency_426,MP_Name_426,UP/439/2023-2024/3368 - Construction of Sanitation facility,2023-02-19,Completed,Lok Sabha,Works Completed_2024.csv,
Bihar,Constituency_389,MP_Name_389,BR/841/2023-2024/3176 - Construction of Drinking Water facility,2024-08-12,Completed,Lok Sabha,Works Completed_2024.csv,
Gujarat,Constituency_54,MP_Name_54,GJ/852/2021-2022/1296 - Construction of Drinking Water facility,2021-08-19,Completed,Lok Sabha,Works Completed_2024.csv,
Tamil Nadu,Constituency_394,MP_Name_394,TN/945/2022-2023/3205 - Construction of Sanitation facility,2024-10-02,Completed,Lok Sabha,Works Completed_2024.csv,
Rajasthan,Constituency_314,MP_Name_314,RJ/956/2021-2022/2767 - Construction of Sanitation facility,2023-11-14,Completed,Lok Sabha,Works Completed_2024.csv,
Tamil Nadu,Constituency_100,MP_Name_100,TN/587/2022-2023/1557 - Construction of Drinking Water facility,2023-07-26,Completed,Lok Sabha,Works Completed_2024.csv,
Karnataka,Constituency_415,MP_Name_415,KA/228/2021-2022/3312 - Construction of Education facility,2024-05-24,Completed,Lok Sabha,Works Completed_2024.csv,
Bihar,Constituency_475,MP_Name_475,BR/348/2023-2024/3642 - Construction of Sanitation facility,2022-08-08,Completed,Lok Sabha,Works Completed_2024.csv,
Gujarat,Constituency_27,MP_Name_27,GJ/447/2023-2024/1142 - Construction of Roads facility,2022-11-22,Completed,Lok Sabha,Works Completed_2024.csv,
Uttar Pradesh,Constituency_405,MP_Name_405,UP/895/2023-2024/3265 - Construction of Electricity facility,2022-12-12,Completed,Lok Sabha,Works Completed_2024.csv,
Maharashtra,Constituency_203,MP_Name_203,MH/592/2023-2024/2154 - Construction of Drinking Water facility,2021-02-25,Completed,Lok Sabha,Works Completed_2024.csv,
Gujarat,Constituency_387,MP_Name_387,GJ/397/2022-2023/3167 - Construction of Roads facility,2021-07-16,Completed,Lok Sabha,Works Completed_2024.csv,
Madhya Pradesh,Constituency_528,MP_Name_528,MP/974/2022-2023/3940 - Construction of Sanitation facility,2022-11-25,Completed,Lok Sabha,Works Completed_2024.csv,
Maharashtra,Constituency_486,MP_Name_486,MH/241/2023-2024/3700 - Construction of Drinking Water facility,2023-03-08,Completed,Lok Sabha,Works Completed_2024.csv,
Karnataka,Constituency_378,MP_Name_378,KA/870/2022-2023/3102 - Construction of Electricity facility,2024-11-02,Completed,Lok Sabha,Works Completed_2024.csv,
Maharashtra,Constituency_515,MP_Name_515,MH/648/2023-2024/3858 - Construction of Roads facility,2021-10-25,Completed,Lok Sabha,Works Completed_2024.csv,
Madhya Pradesh,Constituency_318,MP_Name_318,MP/302/2021-2022/2787 - Construction of Education facility,2022-12-03,Completed,Lok Sabha,Works Completed_2024.csv,
Delhi,Constituency_62,MP_Name_62,DL/236/2021-2022/1344 - Construction of Health facility,2024-01-14,Completed,Lok Sabha,Works Completed_2024.csv,
Uttar Pradesh,Constituency_323,MP_Name_323,UP/130/2021-2022/2814 - Construction of Drinking Water facility,2021-07-31,Completed,Lok Sabha,Works Completed_2024.csv,
West Bengal,Constituency_490,MP_Name_490,WB/932/2021-2022/3722 - Construction of Drinking Water facility,2021-03-02,Completed,Lok Sabha,Works Completed_2024.csv,
Madhya Pradesh,Constituency_1,MP_Name_1,MP/875/2022-2023/1003 - Construction of Sanitation facility,2021-03-04,Completed,Lok Sabha,Works Completed_2024.csv,
Tamil Nadu,Constituency_385,MP_Name_385,TN/985/2023-2024/3153 - Construction of Education facility,2022-06-25,Completed,Lok Sabha,Works Completed_2024.csv,
Karnataka,Constituency_484,MP_Name_484,KA/381/2023-2024/3687 - Construction of Sanitation facility,2024-09-17,Completed,Lok Sabha,Works Completed_2024.csv,
Delhi,Constituency_233,MP_Name_233,DL/353/2023-2024/2331 - Construction of Health facility,2023-10-31,Completed,Lok Sabha,Works Completed_2024.csv,
Tamil Nadu,Constituency_257,MP_Name_257,TN/776/2023-2024/2462 - Construction of Drinking Water facility,2022-06-21,Completed,Lok Sabha,Works Completed_2024.csv,
West Bengal,Constituency_122,MP_Name_122,WB/228/2022-2023/1676 - Construction of Roads facility,2023-09-24,Completed,Lok Sabha,Works Completed_2024.csv,
Madhya Pradesh,Constituency_88,MP_Name_88,MP/822/2021-2022/1488 - Construction of Sanitation facility,2022-04-03,Completed,Lok Sabha,Works Completed_2024.csv,
West Bengal,Constituency_370,MP_Name_370,WB/618/2022-2023/3054 - Construction of Education facility,2024-09-06,Completed,Lok Sabha,Works Completed_2024.csv,
Karnataka,Constituency_81,MP_Name_81,KA/177/2021-2022/1451 - Construction of Drinking Water facility,2023-08-27,Completed,Lok Sabha,Works Completed_2024.csv,
Delhi,Constituency_116,MP_Name_116,DL/976/2023-2024/1647 - Construction of Drinking Water facility,2023-08-15,Completed,Lok Sabha,Works Completed_2024.csv,
West Bengal,Constituency_283,MP_Name_283,WB/146/2021-2022/2592 - Construction of Education facility,2022-05-23,Completed,Lok Sabha,Works Completed_2024.csv,
West Bengal,Constituency_282,MP_Name_282,WB/516/2022-2023/2589 - Construction of Health facility,2023-06-27,Completed,Lok Sabha,Works Completed_2024.csv,
Madhya Pradesh,Constituency_21,MP_Name_21,MP/465/2023-2024/1112 - Construction of Sanitation facility,2023-05-21,Completed,Lok Sabha,Works Completed_2024.csv,
Karnataka,Constituency_37,MP_Name_37,KA/150/2021-2022/1200 - Construction of Sanitation facility,2022-01-12,Completed,Lok Sabha,Works Completed_2024.csv,
Madhya Pradesh,Constituency_470,MP_Name_470,MP/896/2022-2023/3615 - Construction of Sanitation facility,2022-02-19,Completed,Lok Sabha,Works Completed_2024.csv,
Rajasthan,Constituency_34,MP_Name_34,RJ/988/2023-2024/1182 - Construction of Sanitation facility,2023-07-24,Completed,Lok Sabha,Works Completed_2024.csv,
Rajasthan,Constituency_297,MP_Name_297,RJ/627/2023-2024/2676 - Construction of Sanitation facility,2023-05-14,Completed,Lok Sabha,Works Completed_2024.csv,
Bihar,Constituency_174,MP_Name_174,BR/780/2021-2022/1973 - Construction of Roads facility,2021-12-06,Completed,Lok Sabha,Works Completed_2024.csv,
Tamil Nadu,Constituency_535,MP_Name_535,TN/877/2021-2022/3977 - Construction of Health facility,2023-12-02,Completed,Lok Sabha,Works Completed_2024.csv,
Uttar Pradesh,Constituency_92,MP_Name_92,UP/361/2021-2022/1508 - Construction of Education facility,2024-08-01,Completed,Lok Sabha,Works Completed_2024.csv,
Bihar,Constituency_221,MP_Name_221,BR/912/2021-2022/2267 - Construction of Health facility,2022-05-31,Completed,Lok Sabha,Works Completed_2024.csv,
Delhi,Constituency_423,MP_Name_423,DL/811/2023-2024/3350 - Construction of Drinking Water facility,2023-08-20,Completed,Lok Sabha,Works Completed_2024.csv,
Tamil Nadu,Constituency_197,MP_Name_197,TN/976/2023-2024/2118 - Construction of Roads facility,2024-05-28,Completed,Lok Sabha,Works Completed_2024.csv,
West Bengal,Constituency_520,MP_Name_520,WB/860/2021-2022/3894 - Construction of Health facility,2021-04-13,Completed,Lok Sabha,Works Completed_2024.csv,
Delhi,Constituency_61,MP_Name_61,DL/935/2022-2023/1338 - Construction of Electricity facility,2024-11-20,Completed,Lok Sabha,Works Completed_2024.csv,
Tamil Nadu,Constituency_169,MP_Name_169,TN/776/2021-2022/1951 - Construction of Roads facility,2022-04-04,Completed,Lok Sabha,Works Completed_2024.csv,
West Bengal,Constituency_468,MP_Name_468,WB/568/2023-2024/3604 - Construction of Drinking Water facility,2022-01-25,Completed,Lok Sabha,Works Completed_2024.csv,
Karnataka,Constituency_95,MP_Name_95,KA/121/2021-2022/1524 - Construction of Sanitation facility,2024-11-01,Completed,Lok Sabha,Works Completed_2024.csv,
Delhi,Constituency_62,MP_Name_62,DL/630/2021-2022/1343 - Construction of Health facility,2021-07-25,Completed,Lok Sabha,Works Completed_2024.csv,
Madhya Pradesh,Constituency_359,MP_Name_359,MP/703/2023-2024/3000 - Construction of Sanitation facility,2024-12-12,Completed,Lok Sabha,Works Completed_2024.csv,
Tamil Nadu,Constituency_191,MP_Name_191,TN/734/2023-2024/2077 - Construction of Drinking Water facility,2024-09-27,Completed,Lok Sabha,Works Completed_2024.csv,
Rajasthan,Constituency_532,MP_Name_532,RJ/619/2021-2022/3966 - Construction of Health facility,2024-02-19,Completed,Lok Sabha,Works Completed_2024.csv,
Karnataka,Constituency_262,MP_Name_262,KA/883/2023-2024/2484 - Construction of Health facility,2024-06-26,Completed,Lok Sabha,Works Completed_2024.csv,
Karnataka,Constituency_445,MP_Name_445,KA/794/2023-2024/3475 - Construction of Drinking Water facility,2021-04-27,Completed,Lok Sabha,Works Completed_2024.csv,
Gujarat,Constituency_451,MP_Name_451,GJ/246/2021-2022/3511 - Construction of Health facility,2024-02-20,Completed,Lok Sabha,Works Completed_2024.csv,
Maharashtra,Constituency_198,MP_Name_198,MH/300/2021-2022/2120 - Construction of Drinking Water facility,2021-09-09,Completed,Lok Sabha,Works Completed_2024.csv,
Tamil Nadu,Constituency_151,MP_Name_151,TN/979/2021-2022/1838 - Construction of Roads facility,2023-12-12,Completed,Lok Sabha,Works Completed_2024.csv,
Bihar,Constituency_325,MP_Name_325,BR/553/2022-2023/2828 - Construction of Sanitation facility,2024-03-31,Completed,Lok Sabha,Works Completed_2024.csv,
Delhi,Constituency_118,MP_Name_118,DL/907/2021-2022/1657 - Construction of Roads facility,2023-11-12,Completed,Lok Sabha,Works Completed_2024.csv,
Delhi,Constituency_421,MP_Name_421,DL/660/2021-2022/3343 - Construction of Sanitation facility,2021-11-21,Completed,Lok Sabha,Works Completed_2024.csv,
Tamil Nadu,Constituency_197,MP_Name_197,TN/936/2021-2022/2112 - Construction of Drinking Water facility,2022-09-07,Completed,Lok Sabha,Works Completed_2024.csv,
Madhya Pradesh,Constituency_177,MP_Name_177,MP/356/2022-2023/1990 - Construction of Electricity facility,2022-08-30,Completed,Lok Sabha,Works Completed_2024.csv,
Rajasthan,Constituency_48,MP_Name_48,RJ/746/2022-2023/1259 - Construction of Electricity facility,2024-04-03,Completed,Lok Sabha,Works Completed_2024.csv,
Gujarat,Constituency_173,MP_Name_173,GJ/781/2023-2024/1970 - Construction of Electricity facility,2024-04-05,Completed,Lok Sabha,Works Completed_2024.csv,
Rajasthan,Constituency_499,MP_Name_499,RJ/630/2022-2023/3773 - Construction of Sanitation facility,2022-09-16,Completed,Lok Sabha,Works Completed_2024.csv,
Delhi,Constituency_118,MP_Name_118,DL/252/2022-2023/1656 - Construction of Electricity facility,2021-07-22,Completed,Lok Sabha,Works Completed_2024.csv,
Maharashtra,Constituency_404,MP_Name_404,MH/302/2023-2024/3255 - Construction of Electricity facility,2024-05-24,Completed,Lok Sabha,Works Completed_2024.csv,
Madhya Pradesh,Constituency_523,MP_Name_523,MP/505/2022-2023/3910 - Construction of Electricity facility,2023-06-02,Completed,Lok Sabha,Works Completed_2024.csv,
Delhi,Constituency_235,MP_Name_235,DL/782/2021-2022/2339 - Construction of Education facility,2021-11-24,Completed,Lok Sabha,Works Completed_2024.csv,
Bihar,Constituency_107,MP_Name_107,BR/795/2023-2024/1596 - Construction of Sanitation facility,2022-04-22,Completed,Lok Sabha,Works Completed_2024.csv,
Gujarat,Constituency_68,MP_Name_68,GJ/884/2023-2024/1374 - Construction of Sanitation facility,2022-02-16,Completed,Lok Sabha,Works Completed_2024.csv,
Gujarat,Constituency_211,MP_Name_211,GJ/115/2023-2024/2211 - Construction of Education facility,2024-09-13,Completed,Lok Sabha,Works Completed_2024.csv,
Madhya Pradesh,Constituency_383,MP_Name_383,MP/800/2023-2024/3140 - Construction of Electricity facility,2021-01-10,Completed,Lok Sabha,Works Completed_2024.csv,
Madhya Pradesh,Constituency_327,MP_Name_327,MP/359/2021-2022/2841 - Construction of Electricity facility,2021-12-17,Completed,Lok Sabha,Works Completed_2024.csv,
Gujarat,Constituency_329,MP_Name_329,GJ/971/2021-2022/2854 - Construction of Sanitation facility,2022-09-06,Completed,Lok Sabha,Works Completed_2024.csv,
Madhya Pradesh,Constituency_335,MP_Name_335,MP/664/2022-2023/2883 - Construction of Health facility,2021-01-15,Completed,Lok Sabha,Works Completed_2024.csv,
West Bengal,Constituency_510,MP_Name_510,WB/197/2022-2023/3837 - Construction of Roads facility,2023-03-01,Completed,Lok Sabha,Works Completed_2024.csv,
Delhi,Constituency_251,MP_Name_251,DL/978/2022-2023/2428 - Construction of Drinking Water facility,2024-08-02,Completed,Lok Sabha,Works Completed_2024.csv,
Karnataka,Constituency_368,MP_Name_368,KA/151/2021-2022/3043 - Construction of Electricity facility,2021-11-29,Completed,Lok Sabha,Works Completed_2024.csv,
Tamil Nadu,Constituency_169,MP_Name_169,TN/297/2023-2024/1950 - Construction of Roads facility,2024-11-25,Completed,Lok Sabha,Works Completed_2024.csv,
Madhya Pradesh,Constituency_21,MP_Name_21,MP/666/2021-2022/1113 - Construction of Electricity facility,2023-06-14,Completed,Lok Sabha,Works Completed_2024.csv,
Bihar,Constituency_439,MP_Name_439,BR/118/2022-2023/3448 - Construction of Drinking Water facility,2021-05-09,Completed,Lok Sabha,Works Completed_2024.csv,
Maharashtra,Constituency_128,MP_Name_128,MH/402/2022-2023/1709 - Construction of Education facility,2021-05-20,Completed,Lok Sabha,Works Completed_2024.csv,
Tamil Nadu,Constituency_29,MP_Name_29,TN/856/2021-2022/1157 - Construction of Drinking Water facility,2021-05-04,Completed,Lok Sabha,Works Completed_2024.csv,
Gujarat,Constituency_500,MP_Name_500,GJ/871/2023-2024/3779 - Construction of Drinking Water facility,2023-01-07,Completed,Lok Sabha,Works Completed_2024.csv,
Rajasthan,Constituency_438,MP_Name_438,RJ/608/2021-2022/3438 - Construction of Education facility,2023-05-07,Completed,Lok Sabha,Works Completed_2024.csv,
Tamil Nadu,Constituency_304,MP_Name_304,TN/538/2021-2022/2706 - Construction of Drinking Water facility,2021-09-10,Completed,Lok Sabha,Works Completed_2024.csv,
Karnataka,Constituency_538,MP_Name_538,KA/166/2021-2022/3998 - Construction of Education facility,2023-08-30,Completed,Lok Sabha,Works Completed_2024.csv,
Tamil Nadu,Constituency_393,MP_Name_393,TN/261/2022-2023/3202 - Construction of Roads facility,2022-02-21,Completed,Lok Sabha,Works Completed_2024.csv,
Karnataka,Constituency_176,MP_Name_176,KA/249/2022-2023/1987 - Construction of Sanitation facility,2023-02-17,Completed,Lok Sabha,Works Completed_2024.csv,
Madhya Pradesh,Constituency_307,MP_Name_307,MP/516/2021-2022/2717 - Construction of Electricity facility,2022-01-23,Completed,Lok Sabha,Works Completed_2024.csv,
Tamil Nadu,Constituency_56,MP_Name_56,TN/830/2021-2022/1315 - Construction of Health facility,2023-01-05,Completed,Lok Sabha,Works Completed_2024.csv,
Maharashtra,Constituency_239,MP_Name_239,MH/336/2023-2024/2364 - Construction of Roads facility,2024-09-04,Completed,Lok Sabha,Works Completed_2024.csv,
Tamil Nadu,Constituency_304,MP_Name_304,TN/179/2021-2022/2707 - Construction of Electricity facility,2023-05-02,Completed,Lok Sabha,Works Completed_2024.csv,
Madhya Pradesh,Constituency_335,MP_Name_335,MP/518/2023-2024/2882 - Construction of Electricity facility,2023-04-01,Completed,Lok Sabha,Works Completed_2024.csv,
Rajasthan,Constituency_66,MP_Name_66,RJ/745/2021-2022/1370 - Construction of Education facility,2021-11-12,Completed,Lok Sabha,Works Completed_2024.csv,
Gujarat,Constituency_387,MP_Name_387,GJ/486/2021-2022/3162 - Construction of Roads facility,2022-12-31,Completed,Lok Sabha,Works Completed_2024.csv,
Gujarat,Constituency_85,MP_Name_85,GJ/750/2022-2023/1469 - Construction of Electricity facility,2022-08-07,Completed,Lok Sabha,Works Completed_2024.csv,
Delhi,Constituency_216,MP_Name_216,DL/660/2023-2024/2242 - Construction of Drinking Water facility,2021-03-26,Completed,Lok Sabha,Works Completed_2024.csv,
Madhya Pradesh,Constituency_527,MP_Name_527,MP/338/2021-2022/3928 - Construction of Education facility,2021-09-10,Completed,Lok Sabha,Works Completed_2024.csv,
Tamil Nadu,Constituency_242,MP_Name_242,TN/879/2023-2024/2382 - Construction of Roads facility,2022-05-11,Completed,Lok Sabha,Works Completed_2024.csv,
Madhya Pradesh,Constituency_50,MP_Name_50,MP/378/2023-2024/1272 - Construction of Roads facility,2023-01-03,Completed,Lok Sabha,Works Completed_2024.csv,
Karnataka,Constituency_106,MP_Name_106,KA/551/2023-2024/1587 - Construction of Health facility,2022-10-17,Completed,Lok Sabha,Works Completed_2024.csv,
Bihar,Constituency_103,MP_Name_103,BR/610/2022-2023/1574 - Construction of Roads facility,2023-09-03,Completed,Lok Sabha,Works Completed_2024.csv,
Maharashtra,Constituency_181,MP_Name_181,MH/869/2022-2023/2015 - Construction of Health facility,2021-01-27,Completed,Lok Sabha,Works Completed_2024.csv,
Karnataka,Constituency_81,MP_Name_81,KA/911/2021-2022/1452 - Construction of Health facility,2021-02-11,Completed,Lok Sabha,Works Completed_2024.csv,
Rajasthan,Constituency_247,MP_Name_247,RJ/921/2022-2023/2412 - Construction of Education facility,2024-08-15,Completed,Lok Sabha,Works Completed_2024.csv,
West Bengal,Constituency_437,MP_Name_437,WB/676/2021-2022/3436 - Construction of Sanitation facility,2022-02-14,Completed,Lok Sabha,Works Completed_2024.csv,
Rajasthan,Constituency_104,MP_Name_104,RJ/530/2023-2024/1580 - Construction of Electricity facility,2022-01-06,Completed,Lok Sabha,Works Completed_2024.csv,
Madhya Pradesh,Constituency_471,MP_Name_471,MP/379/2023-2024/3619 - Construction of Drinking Water facility,2021-06-04,Completed,Lok Sabha,Works Completed_2024.csv,
Maharashtra,Constituency_82,MP_Name_82,MH/683/2022-2023/1457 - Construction of Sanitation facility,2021-01-01,Completed,Lok Sabha,Works Completed_2024.csv,
Madhya Pradesh,Constituency_337,MP_Name_337,MP/525/2021-2022/2894 - Construction of Sanitation facility,2023-07-19,Completed,Lok Sabha,Works Completed_2024.csv,
Bihar,Constituency_356,MP_Name_356,BR/571/2023-2024/2987 - Construction of Sanitation facility,2021-08-13,Completed,Lok Sabha,Works Completed_2024.csv,
Madhya Pradesh,Constituency_359,MP_Name_359,MP/500/2021-2022/2996 - Construction of Health facility,2021-06-20,Completed,Lok Sabha,Works Completed_2024.csv,
Madhya Pradesh,Constituency_253,MP_Name_253,MP/940/2021-2022/2438 - Construction of Roads facility,2021-11-29,Completed,Lok Sabha,Works Completed_2024.csv,
Tamil Nadu,Constituency_304,MP_Name_304,TN/523/2021-2022/2704 - Construction of Drinking Water facility,2021-03-10,Completed,Lok Sabha,Works Completed_2024.csv,
Gujarat,Constituency_22,MP_Name_22,GJ/230/2022-2023/1118 - Construction of Electricity facility,2023-05-23,Completed,Lok Sabha,Works Completed_2024.csv,
Karnataka,Constituency_511,MP_Name_511,KA/931/2023-2024/3841 - Construction of Health facility,2024-04-07,Completed,Lok Sabha,Works Completed_2024.csv,
Rajasthan,Constituency_74,MP_Name_74,RJ/334/2021-2022/1418 - Construction of Health facility,2021-07-22,Completed,Lok Sabha,Works Completed_2024.csv,
Delhi,Constituency_496,MP_Name_496,DL/807/2022-2023/3758 - Construction of Drinking Water facility,2024-09-30,Completed,Lok Sabha,Works Completed_2024.csv,
Tamil Nadu,Constituency_182,MP_Name_182,TN/241/2022-2023/2023 - Construction of Sanitation facility,2022-02-20,Completed,Lok Sabha,Works Completed_2024.csv,
Uttar Pradesh,Constituency_183,MP_Name_183,UP/881/2021-2022/2029 - Construction of Education facility,2022-09-04,Completed,Lok Sabha,Works Completed_2024.csv,
Rajasthan,Constituency_91,MP_Name_91,RJ/464/2022-2023/1501 - Construction of Electricity facility,2023-12-14,Completed,Lok Sabha,Works Completed_2024.csv,
Tamil Nadu,Constituency_151,MP_Name_151,TN/827/2021-2022/1837 - Construction of Education facility,2021-03-15,Completed,Lok Sabha,Works Completed_2024.csv,
West Bengal,Constituency_113,MP_Name_113,WB/520/2022-2023/1629 - Construction of Electricity facility,2021-07-28,Completed,Lok Sabha,Works Completed_2024.csv,
Delhi,Constituency_184,MP_Name_184,DL/539/2021-2022/2037 - Construction of Health facility,2024-04-27,Completed,Lok Sabha,Works Completed_2024.csv,
Rajasthan,Constituency_446,MP_Name_446,RJ/988/2022-2023/3483 - Construction of Health facility,2022-09-28,Completed,Lok Sabha,Works Completed_2024.csv,
Delhi,Constituency_62,MP_Name_62,DL/290/2021-2022/1346 - Construction of Drinking Water facility,2023-05-19,Completed,Lok Sabha,Works Completed_2024.csv,
West Bengal,Constituency_18,MP_Name_18,WB/793/2023-2024/1094 - Construction of Education facility,2024-01-21,Completed,Lok Sabha,Works Completed_2024.csv,
Bihar,Constituency_219,MP_Name_219,BR/439/2023-2024/2257 - Construction of Drinking Water facility,2021-02-22,Completed,Lok Sabha,Works Completed_2024.csv,
Rajasthan,Constituency_518,MP_Name_518,RJ/588/2021-2022/3876 - Construction of Roads facility,2022-07-17,Completed,Lok Sabha,Works Completed_2024.csv,
Karnataka,Constituency_342,MP_Name_342,KA/279/2021-2022/2922 - Construction of Health facility,2021-03-11,Completed,Lok Sabha,Works Completed_2024.csv,
Madhya Pradesh,Constituency_204,MP_Name_204,MP/539/2023-2024/2164 - Construction of Roads facility,2021-03-16,Completed,Lok Sabha,Works Completed_2024.csv,
Maharashtra,Constituency_460,MP_Name_460,MH/213/2021-2022/3550 - Construction of Electricity facility,2022-06-12,Completed,Lok Sabha,Works Completed_2024.csv,
Uttar Pradesh,Constituency_170,MP_Name_170,UP/911/2023-2024/1953 - Construction of Roads facility,2024-08-12,Completed,Lok Sabha,Works Completed_2024.csv,
Gujarat,Constituency_84,MP_Name_84,GJ/567/2021-2022/1468 - Construction of Drinking Water facility,2021-03-25,Completed,Lok Sabha,Works Completed_2024.csv,
Uttar Pradesh,Constituency_171,MP_Name_171,UP/516/2023-2024/1956 - Construction of Electricity facility,2021-03-25,Completed,Lok Sabha,Works Completed_2024.csv,
Uttar Pradesh,Constituency_338,MP_Name_338,UP/818/2022-2023/2903 - Construction of Drinking Water facility,2021-04-28,Completed,Lok Sabha,Works Completed_2024.csv,
Bihar,Constituency_254,MP_Name_254,BR/458/2021-2022/2447 - Construction of Electricity facility,2021-12-22,Completed,Lok Sabha,Works Completed_2024.csv,
Maharashtra,Constituency_102,MP_Name_102,MH/965/2022-2023/1567 - Construction of Drinking Water facility,2024-02-24,Completed,Lok Sabha,Works Completed_2024.csv,
Madhya Pradesh,Constituency_243,MP_Name_243,MP/563/2022-2023/2390 - Construction of Sanitation facility,2024-06-20,Completed,Lok Sabha,Works Completed_2024.csv,
Delhi,Constituency_138,MP_Name_138,DL/125/2023-2024/1757 - Construction of Education facility,2024-09-17,Completed,Lok Sabha,Works Completed_2024.csv,
Delhi,Constituency_433,MP_Name_433,DL/421/2022-2023/3413 - Construction of Electricity facility,2021-10-07,Completed,Lok Sabha,Works Completed_2024.csv,
West Bengal,Constituency_520,MP_Name_520,WB/342/2021-2022/3888 - Construction of Drinking Water facility,2022-04-17,Completed,Lok Sabha,Works Completed_2024.csv,
Madhya Pradesh,Constituency_11,MP_Name_11,MP/461/2022-2023/1061 - Construction of Roads facility,2024-01-24,Completed,Lok Sabha,Works Completed_2024.csv,
Maharashtra,Constituency_349,MP_Name_349,MH/558/2023-2024/2955 - Construction of Education facility,2021-12-21,Completed,Lok Sabha,Works Completed_2024.csv,
Maharashtra,Constituency_40,MP_Name_40,MH/587/2021-2022/1212 - Construction of Roads facility,2023-03-08,Completed,Lok Sabha,Works Completed_2024.csv,
Madhya Pradesh,Constituency_470,MP_Name_470,MP/627/2022-2023/3612 - Construction of Electricity facility,2024-03-23,Completed,Lok Sabha,Works Completed_2024.csv,
Tamil Nadu,Constituency_295,MP_Name_295,TN/363/2023-2024/2665 - Construction of Drinking Water facility,2023-04-14,Completed,Lok Sabha,Works Completed_2024.csv,
Uttar Pradesh,Constituency_115,MP_Name_115,UP/893/2023-2024/1639 - Construction of Roads facility,2024-10-08,Completed,Lok Sabha,Works Completed_2024.csv,
Rajasthan,Constituency_234,MP_Name_234,RJ/413/2021-2022/2337 - Construction of Drinking Water facility,2022-04-01,Completed,Lok Sabha,Works Completed_2024.csv,
West Bengal,Constituency_512,MP_Name_512,WB/783/2022-2023/3845 - Construction of Electricity facility,2023-02-21,Completed,Lok Sabha,Works Completed_2024.csv,
Delhi,Constituency_412,MP_Name_412,DL/455/2023-2024/3295 - Construction of Sanitation facility,2023-08-23,Completed,Lok Sabha,Works Completed_2024.csv,
Karnataka,Constituency_53,MP_Name_53,KA/154/2021-2022/1290 - Construction of Health facility,2021-06-08,Completed,Lok Sabha,Works Completed_2024.csv,
Maharashtra,Constituency_58,MP_Name_58,MH/995/2022-2023/1323 - Construction of Health facility,2023-09-08,Completed,Lok Sabha,Works Completed_2024.csv,
Madhya Pradesh,Constituency_381,MP_Name_381,MP/238/2021-2022/3124 - Construction of Sanitation facility,2022-05-11,Completed,Lok Sabha,Works Completed_2024.csv,
Madhya Pradesh,Constituency_157,MP_Name_157,MP/190/2022-2023/1873 - Construction of Drinking Water facility,2021-04-11,Completed,Lok Sabha,Works Completed_2024.csv,
Madhya Pradesh,Constituency_1,MP_Name_1,MP/913/2021-2022/1002 - Construction of Roads facility,2021-10-03,Completed,Lok Sabha,Works Completed_2024.csv,
Delhi,Constituency_238,MP_Name_238,DL/772/2022-2023/2362 - Construction of Sanitation facility,2022-09-06,Completed,Lok Sabha,Works Completed_2024.csv,
Uttar Pradesh,Constituency_93,MP_Name_93,UP/975/2021-2022/1515 - Construction of Roads facility,2023-07-31,Completed,Lok Sabha,Works Completed_2024.csv,
Rajasthan,Constituency_175,MP_Name_175,RJ/988/2023-2024/1981 - Construction of Sanitation facility,2021-11-30,Completed,Lok Sabha,Works Completed_2024.csv,
West Bengal,Constituency_365,MP_Name_365,WB/413/2021-2022/3027 - Construction of Education facility,2022-09-29,Completed,Lok Sabha,Works Completed_2024.csv,
Tamil Nadu,Constituency_393,MP_Name_393,TN/350/2023-2024/3198 - Construction of Health facility,2023-05-27,Completed,Lok Sabha,Works Completed_2024.csv,
Maharashtra,Constituency_513,MP_Name_513,MH/889/2021-2022/3851 - Construction of Education facility,2021-07-25,Completed,Lok Sabha,Works Completed_2024.csv,
Rajasthan,Constituency_402,MP_Name_402,RJ/513/2022-2023/3247 - Construction of Roads facility,2024-02-01,Completed,Lok Sabha,Works Completed_2024.csv,
Bihar,Constituency_214,MP_Name_214,BR/601/2023-2024/2225 - Construction of Roads facility,2023-03-24,Completed,Lok Sabha,Works Completed_2024.csv,
Gujarat,Constituency_387,MP_Name_387,GJ/867/2022-2023/3165 - Construction of Sanitation facility,2021-08-14,Completed,Lok Sabha,Works Completed_2024.csv,
Maharashtra,Constituency_94,MP_Name_94,MH/790/2021-2022/50519 - Construction of Drinking Water facility,2024-08-27,Completed,Rajya Sabha,Works Completed_2024.csv,
Madhya Pradesh,Constituency_213,MP_Name_213,MP/497/2023-2024/51149 - Construction of Health facility,2023-10-23,Completed,Rajya Sabha,Works Completed_2024.csv,
Karnataka,Constituency_157,MP_Name_157,KA/921/2021-2022/50859 - Construction of Health facility,2022-05-03,Completed,Rajya Sabha,Works Completed_2024.csv,
Gujarat,Constituency_22,MP_Name_22,GJ/899/2022-2023/50116 - Construction of Sanitation facility,2024-02-11,Completed,Rajya Sabha,Works Completed_2024.csv,
Maharashtra,Constituency_242,MP_Name_242,MH/775/2021-2022/51315 - Construction of Education facility,2024-07-23,Completed,Rajya Sabha,Works Completed_2024.csv,
Rajasthan,Constituency_185,MP_Name_185,RJ/992/2022-2023/50999 - Construction of Electricity facility,2023-01-21,Completed,Rajya Sabha,Works Completed_2024.csv,
Uttar Pradesh,Constituency_150,MP_Name_150,UP/459/2023-2024/50820 - Construction of Roads facility,2021-01-15,Completed,Rajya Sabha,Works Completed_2024.csv,
West Bengal,Constituency_165,MP_Name_165,WB/241/2022-2023/50903 - Construction of Sanitation facility,2023-10-05,Completed,Rajya Sabha,Works Completed_2024.csv,
Karnataka,Constituency_28,MP_Name_28,KA/862/2021-2022/50152 - Construction of Education facility,2022-11-04,Completed,Rajya Sabha,Works Completed_2024.csv,
Tamil Nadu,Constituency_162,MP_Name_162,TN/855/2021-2022/50879 - Construction of Sanitation facility,2023-08-05,Completed,Rajya Sabha,Works Completed_2024.csv,
Madhya Pradesh,Constituency_128,MP_Name_128,MP/174/2021-2022/50696 - Construction of Drinking Water facility,2022-02-13,Completed,Rajya Sabha,Works Completed_2024.csv,
Gujarat,Constituency_143,MP_Name_143,GJ/807/2021-2022/50777 - Construction of Sanitation facility,2021-03-28,Completed,Rajya Sabha,Works Completed_2024.csv,
West Bengal,Constituency_165,MP_Name_165,WB/682/2023-2024/50901 - Construction of Sanitation facility,2021-03-12,Completed,Rajya Sabha,Works Completed_2024.csv,
Karnataka,Constituency_208,MP_Name_208,KA/902/2022-2023/51118 - Construction of Electricity facility,2022-06-17,Completed,Rajya Sabha,Works Completed_2024.csv,
Uttar Pradesh,Constituency_33,MP_Name_33,UP/725/2022-2023/50182 - Construction of Sanitation facility,2024-05-11,Completed,Rajya Sabha,Works Completed_2024.csv,
Madhya Pradesh,Constituency_67,MP_Name_67,MP/148/2022-2023/50361 - Construction of Drinking Water facility,2022-03-21,Completed,Rajya Sabha,Works Completed_2024.csv,
West Bengal,Constituency_219,MP_Name_219,WB/465/2021-2022/51182 - Construction of Drinking Water facility,2022-10-02,Completed,Rajya Sabha,Works Completed_2024.csv,
Karnataka,Constituency_156,MP_Name_156,KA/538/2023-2024/50850 - Construction of Electricity facility,2021-05-06,Completed,Rajya Sabha,Works Completed_2024.csv,
Delhi,Constituency_200,MP_Name_200,DL/622/2021-2022/51084 - Construction of Sanitation facility,2022-02-07,Completed,Rajya Sabha,Works Completed_2024.csv,
Rajasthan,Constituency_182,MP_Name_182,RJ/820/2023-2024/50986 - Construction of Sanitation facility,2023-03-14,Completed,Rajya Sabha,Works Completed_2024.csv,
Rajasthan,Constituency_57,MP_Name_57,RJ/128/2022-2023/50306 - Construction of Electricity facility,2024-09-28,Completed,Rajya Sabha,Works Completed_2024.csv,
West Bengal,Constituency_8,MP_Name_8,WB/703/2022-2023/50042 - Construction of Education facility,2023-08-24,Completed,Rajya Sabha,Works Completed_2024.csv,
Karnataka,Constituency_91,MP_Name_91,KA/908/2021-2022/50501 - Construction of Education facility,2022-03-10,Completed,Rajya Sabha,Works Completed_2024.csv,
Bihar,Constituency_214,MP_Name_214,BR/324/2022-2023/51159 - Construction of Sanitation facility,2021-03-31,Completed,Rajya Sabha,Works Completed_2024.csv,
Tamil Nadu,Constituency_19,MP_Name_19,TN/468/2022-2023/50097 - Construction of Sanitation facility,2022-06-11,Completed,Rajya Sabha,Works Completed_2024.csv,
West Bengal,Constituency_42,MP_Name_42,WB/508/2022-2023/50219 - Construction of Roads facility,2024-03-02,Completed,Rajya Sabha,Works Completed_2024.csv,
Karnataka,Constituency_56,MP_Name_56,KA/115/2023-2024/50297 - Construction of Drinking Water facility,2024-02-01,Completed,Rajya Sabha,Works Completed_2024.csv,
Rajasthan,Constituency_57,MP_Name_57,RJ/884/2021-2022/50305 - Construction of Electricity facility,2023-03-15,Completed,Rajya Sabha,Works Completed_2024.csv,
Bihar,Constituency_53,MP_Name_53,BR/112/2022-2023/50281 - Construction of Health facility,2022-04-05,Completed,Rajya Sabha,Works Completed_2024.csv,
Gujarat,Constituency_22,MP_Name_22,GJ/571/2023-2024/50122 - Construction of Roads facility,2022-10-23,Completed,Rajya Sabha,Works Completed_2024.csv,
Maharashtra,Constituency_75,MP_Name_75,MH/192/2022-2023/50409 - Construction of Health facility,2023-11-13,Completed,Rajya Sabha,Works Completed_2024.csv,
Karnataka,Constituency_239,MP_Name_239,KA/831/2023-2024/51300 - Construction of Electricity facility,2024-07-30,Completed,Rajya Sabha,Works Completed_2024.csv,
West Bengal,Constituency_122,MP_Name_122,WB/282/2021-2022/50671 - Construction of Drinking Water facility,2021-12-25,Completed,Rajya Sabha,Works Completed_2024.csv,
Maharashtra,Constituency_222,MP_Name_222,MH/572/2023-2024/51200 - Construction of Sanitation facility,2023-11-30,Completed,Rajya Sabha,Works Completed_2024.csv,
Bihar,Constituency_111,MP_Name_111,BR/428/2021-2022/50616 - Construction of Sanitation facility,2024-07-03,Completed,Rajya Sabha,Works Completed_2024.csv,
Bihar,Constituency_31,MP_Name_31,BR/397/2021-2022/50169 - Construction of Sanitation facility,2024-08-21,Completed,Rajya Sabha,Works Completed_2024.csv,
Madhya Pradesh,Constituency_119,MP_Name_119,MP/572/2023-2024/50654 - Construction of Health facility,2021-10-29,Completed,Rajya Sabha,Works Completed_2024.csv,
Maharashtra,Constituency_6,MP_Name_6,MH/539/2021-2022/50026 - Construction of Roads facility,2023-02-10,Completed,Rajya Sabha,Works Completed_2024.csv,
Bihar,Constituency_29,MP_Name_29,BR/729/2022-2023/50155 - Construction of Roads facility,2024-12-16,Completed,Rajya Sabha,Works Completed_2024.csv,
Karnataka,Constituency_83,MP_Name_83,KA/764/2022-2023/50454 - Construction of Education facility,2024-06-11,Completed,Rajya Sabha,Works Completed_2024.csv,
Maharashtra,Constituency_76,MP_Name_76,MH/255/2022-2023/50414 - Construction of Education facility,2021-05-15,Completed,Rajya Sabha,Works Completed_2024.csv,
Maharashtra,Constituency_30,MP_Name_30,MH/814/2022-2023/50161 - Construction of Drinking Water facility,2023-01-30,Completed,Rajya Sabha,Works Completed_2024.csv,
Delhi,Constituency_43,MP_Name_43,DL/857/2022-2023/50230 - Construction of Education facility,2023-05-03,Completed,Rajya Sabha,Works Completed_2024.csv,
Maharashtra,Constituency_228,MP_Name_228,MH/139/2021-2022/51237 - Construction of Education facility,2021-12-22,Completed,Rajya Sabha,Works Completed_2024.csv,
Bihar,Constituency_214,MP_Name_214,BR/855/2022-2023/51158 - Construction of Education facility,2023-12-05,Completed,Rajya Sabha,Works Completed_2024.csv,
Gujarat,Constituency_100,MP_Name_100,GJ/667/2022-2023/50556 - Construction of Electricity facility,2024-12-10,Completed,Rajya Sabha,Works Completed_2024.csv,
Maharashtra,Constituency_30,MP_Name_30,MH/599/2022-2023/50157 - Construction of Electricity facility,2024-07-24,Completed,Rajya Sabha,Works Completed_2024.csv,
Rajasthan,Constituency_89,MP_Name_89,RJ/933/2023-2024/50488 - Construction of Roads facility,2021-01-13,Completed,Rajya Sabha,Works Completed_2024.csv,
West Bengal,Constituency_165,MP_Name_165,WB/502/2021-2022/50899 - Construction of Health facility,2023-01-18,Completed,Rajya Sabha,Works Completed_2024.csv,
Maharashtra,Constituency_198,MP_Name_198,MH/719/2022-2023/51079 - Construction of Electricity facility,2021-12-30,Completed,Rajya Sabha,Works Completed_2024.csv,
Delhi,Constituency_231,MP_Name_231,DL/526/2022-2023/51253 - Construction of Education facility,2021-03-21,Completed,Rajya Sabha,Works Completed_2024.csv,
Rajasthan,Constituency_113,MP_Name_113,RJ/127/2021-2022/50630 - Construction of Electricity facility,2023-02-22,Completed,Rajya Sabha,Works Completed_2024.csv,
Bihar,Constituency_29,MP_Name_29,BR/982/2022-2023/50153 - Construction of Education facility,2024-10-25,Completed,Rajya Sabha,Works Completed_2024.csv,
Gujarat,Constituency_180,MP_Name_180,GJ/740/2021-2022/50970 - Construction of Sanitation facility,2023-11-27,Completed,Rajya Sabha,Works Completed_2024.csv,
Tamil Nadu,Constituency_49,MP_Name_49,TN/231/2023-2024/50263 - Construction of Sanitation facility,2023-02-15,Completed,Rajya Sabha,Works Completed_2024.csv,
Bihar,Constituency_190,MP_Name_190,BR/908/2023-2024/51030 - Construction of Education facility,2024-07-17,Completed,Rajya Sabha,Works Completed_2024.csv,
West Bengal,Constituency_42,MP_Name_42,WB/888/2021-2022/50222 - Construction of Drinking Water facility,2021-03-01,Completed,Rajya Sabha,Works Completed_2024.csv,
Gujarat,Constituency_46,MP_Name_46,GJ/688/2022-2023/50249 - Construction of Electricity facility,2024-02-19,Completed,Rajya Sabha,Works Completed_2024.csv,
Bihar,Constituency_87,MP_Name_87,BR/169/2021-2022/50481 - Construction of Roads facility,2023-02-26,Completed,Rajya Sabha,Works Completed_2024.csv,
Madhya Pradesh,Constituency_71,MP_Name_71,MP/818/2022-2023/50384 - Construction of Drinking Water facility,2023-01-31,Completed,Rajya Sabha,Works Completed_2024.csv,
Gujarat,Constituency_195,MP_Name_195,GJ/302/2023-2024/51062 - Construction of Health facility,2023-12-04,Completed,Rajya Sabha,Works Completed_2024.csv,
Madhya Pradesh,Constituency_80,MP_Name_80,MP/490/2022-2023/50438 - Construction of Sanitation facility,2021-02-25,Completed,Rajya Sabha,Works Completed_2024.csv,
Tamil Nadu,Constituency_189,MP_Name_189,TN/761/2023-2024/51026 - Construction of Roads facility,2024-02-27,Completed,Rajya Sabha,Works Completed_2024.csv,
Karnataka,Constituency_115,MP_Name_115,KA/373/2021-2022/50638 - Construction of Health facility,2022-12-29,Completed,Rajya Sabha,Works Completed_2024.csv,
Gujarat,Constituency_195,MP_Name_195,GJ/908/2022-2023/51061 - Construction of Roads facility,2021-12-03,Completed,Rajya Sabha,Works Completed_2024.csv,
Bihar,Constituency_244,MP_Name_244,BR/144/2021-2022/51322 - Construction of Drinking Water facility,2024-05-26,Completed,Rajya Sabha,Works Completed_2024.csv,
Uttar Pradesh,Constituency_32,MP_Name_32,UP/423/2022-2023/50174 - Construction of Drinking Water facility,2022-05-12,Completed,Rajya Sabha,Works Completed_2024.csv,
Madhya Pradesh,Constituency_67,MP_Name_67,MP/106/2022-2023/50359 - Construction of Drinking Water facility,2022-03-22,Completed,Rajya Sabha,Works Completed_2024.csv,
Rajasthan,Constituency_130,MP_Name_130,RJ/212/2023-2024/50705 - Construction of Drinking Water facility,2021-06-12,Completed,Rajya Sabha,Works Completed_2024.csv,
Rajasthan,Constituency_102,MP_Name_102,RJ/686/2021-2022/50567 - Construction of Drinking Water facility,2022-10-20,Completed,Rajya Sabha,Works Completed_2024.csv,
Uttar Pradesh,Constituency_11,MP_Name_11,UP/920/2021-2022/50058 - Construction of Sanitation facility,2022-01-29,Completed,Rajya Sabha,Works Completed_2024.csv,
Maharashtra,Constituency_10,MP_Name_10,MH/291/2023-2024/50052 - Construction of Drinking Water facility,2021-10-27,Completed,Rajya Sabha,Works Completed_2024.csv,
Tamil Nadu,Constituency_162,MP_Name_162,TN/764/2021-2022/50881 - Construction of Electricity facility,2021-12-06,Completed,Rajya Sabha,Works Completed_2024.csv,
Uttar Pradesh,Constituency_55,MP_Name_55,UP/262/2022-2023/50293 - Construction of Sanitation facility,2023-06-04,Completed,Rajya Sabha,Works Completed_2024.csv,
Maharashtra,Constituency_221,MP_Name_221,MH/463/2022-2023/51198 - Construction of Sanitation facility,2024-08-02,Completed,Rajya Sabha,Works Completed_2024.csv,
Gujarat,Constituency_99,MP_Name_99,GJ/312/2022-2023/50546 - Construction of Electricity facility,2024-02-01,Completed,Rajya Sabha,Works Completed_2024.csv,
Madhya Pradesh,Constituency_63,MP_Name_63,MP/348/2023-2024/50341 - Construction of Electricity facility,2024-08-16,Completed,Rajya Sabha,Works Completed_2024.csv,
Delhi,Constituency_177,MP_Name_177,DL/288/2022-2023/50956 - Construction of Roads facility,2023-01-16,Completed,Rajya Sabha,Works Completed_2024.csv,
Gujarat,Constituency_188,MP_Name_188,GJ/105/2022-2023/51017 - Construction of Sanitation facility,2023-11-30,Completed,Rajya Sabha,Works Completed_2024.csv,
Maharashtra,Constituency_211,MP_Name_211,MH/632/2023-2024/51138 - Construction of Drinking Water facility,2021-12-02,Completed,Rajya Sabha,Works Completed_2024.csv,
Maharashtra,Constituency_76,MP_Name_76,MH/795/2022-2023/50416 - Construction of Sanitation facility,2021-01-12,Completed,Rajya Sabha,Works Completed_2024.csv,
West Bengal,Constituency_227,MP_Name_227,WB/728/2021-2022/51232 - Construction of Drinking Water facility,2023-02-18,Completed,Rajya Sabha,Works Completed_2024.csv,
Madhya Pradesh,Constituency_63,MP_Name_63,MP/527/2023-2024/50340 - Construction of Roads facility,2023-05-19,Completed,Rajya Sabha,Works Completed_2024.csv,
Bihar,Constituency_214,MP_Name_214,BR/300/2022-2023/51157 - Construction of Health facility,2021-10-02,Completed,Rajya Sabha,Works Completed_2024.csv,
Delhi,Constituency_231,MP_Name_231,DL/599/2022-2023/51250 - Construction of Drinking Water facility,2021-07-17,Completed,Rajya Sabha,Works Completed_2024.csv,
Bihar,Constituency_90,MP_Name_90,BR/225/2023-2024/50493 - Construction of Drinking Water facility,2021-02-27,Completed,Rajya Sabha,Works Completed_2024.csv,
Bihar,Constituency_125,MP_Name_125,BR/514/2022-2023/50682 - Construction of Drinking Water facility,2022-09-10,Completed,Rajya Sabha,Works Completed_2024.csv,
Rajasthan,Constituency_89,MP_Name_89,RJ/700/2022-2023/50489 - Construction of Sanitation facility,2023-06-09,Completed,Rajya Sabha,Works Completed_2024.csv,
Uttar Pradesh,Constituency_21,MP_Name_21,UP/341/2021-2022/50113 - Construction of Sanitation facility,2022-04-10,Completed,Rajya Sabha,Works Completed_2024.csv,
Uttar Pradesh,Constituency_55,MP_Name_55,UP/681/2022-2023/50290 - Construction of Electricity facility,2023-01-09,Completed,Rajya Sabha,Works Completed_2024.csv,
Maharashtra,Constituency_149,MP_Name_149,MH/168/2023-2024/50814 - Construction of Drinking Water facility,2024-09-25,Completed,Rajya Sabha,Works Completed_2024.csv,
Bihar,Constituency_191,MP_Name_191,BR/236/2022-2023/51038 - Construction of Electricity facility,2024-12-04,Completed,Rajya Sabha,Works Completed_2024.csv,
Tamil Nadu,Constituency_118,MP_Name_118,TN/835/2021-2022/50651 - Construction of Sanitation facility,2022-05-15,Completed,Rajya Sabha,Works Completed_2024.csv,
Bihar,Constituency_84,MP_Name_84,BR/654/2021-2022/50460 - Construction of Electricity facility,2022-11-27,Completed,Rajya Sabha,Works Completed_2024.csv,
Madhya Pradesh,Constituency_37,MP_Name_37,MP/276/2022-2023/50198 - Construction of Electricity facility,2021-11-30,Completed,Rajya Sabha,Works Completed_2024.csv,
Karnataka,Constituency_92,MP_Name_92,KA/739/2023-2024/50507 - Construction of Drinking Water facility,2022-09-27,Completed,Rajya Sabha,Works Completed_2024.csv,
Uttar Pradesh,Constituency_21,MP_Name_21,UP/208/2021-2022/50111 - Construction of Roads facility,2023-04-30,Completed,Rajya Sabha,Works Completed_2024.csv,
Karnataka,Constituency_104,MP_Name_104,KA/929/2022-2023/50583 - Construction of Electricity facility,2024-04-21,Completed,Rajya Sabha,Works Completed_2024.csv,
Rajasthan,Constituency_207,MP_Name_207,RJ/223/2023-2024/51117 - Construction of Health facility,2021-01-27,Completed,Rajya Sabha,Works Completed_2024.csv,
Tamil Nadu,Constituency_220,MP_Name_220,TN/386/2021-2022/51190 - Construction of Health facility,2021-01-01,Completed,Rajya Sabha,Works Completed_2024.csv,
Gujarat,Constituency_79,MP_Name_79,GJ/477/2022-2023/50434 - Construction of Electricity facility,2022-01-07,Completed,Rajya Sabha,Works Completed_2024.csv,
Gujarat,Constituency_180,MP_Name_180,GJ/138/2021-2022/50968 - Construction of Electricity facility,2021-03-23,Completed,Rajya Sabha,Works Completed_2024.csv,
Bihar,Constituency_31,MP_Name_31,BR/616/2022-2023/50166 - Construction of Drinking Water facility,2023-12-21,Completed,Rajya Sabha,Works Completed_2024.csv,
Tamil Nadu,Constituency_175,MP_Name_175,TN/343/2022-2023/50938 - Construction of Electricity facility,2021-11-29,Completed,Rajya Sabha,Works Completed_2024.csv,
Madhya Pradesh,Constituency_223,MP_Name_223,MP/361/2023-2024/51208 - Construction of Sanitation facility,2023-08-24,Completed,Rajya Sabha,Works Completed_2024.csv,
Uttar Pradesh,Constituency_21,MP_Name_21,UP/423/2023-2024/50109 - Construction of Health facility,2023-02-27,Completed,Rajya Sabha,Works Completed_2024.csv,
Maharashtra,Constituency_112,MP_Name_112,MH/780/2022-2023/50624 - Construction of Drinking Water facility,2021-06-04,Completed,Rajya Sabha,Works Completed_2024.csv,
Bihar,Constituency_73,MP_Name_73,BR/590/2021-2022/50394 - Construction of Sanitation facility,2021-02-01,Completed,Rajya Sabha,Works Completed_2024.csv,
Uttar Pradesh,Constituency_196,MP_Name_196,UP/891/2021-2022/51066 - Construction of Education facility,2023-11-28,Completed,Rajya Sabha,Works Completed_2024.csv,
Bihar,Constituency_151,MP_Name_151,BR/101/2021-2022/50829 - Construction of Sanitation facility,2023-04-19,Completed,Rajya Sabha,Works Completed_2024.csv,
Karnataka,Constituency_5,MP_Name_5,KA/706/2023-2024/50023 - Construction of Drinking Water facility,2024-10-24,Completed,Rajya Sabha,Works Completed_2024.csv,
Maharashtra,Constituency_221,MP_Name_221,MH/886/2022-2023/51197 - Construction of Electricity facility,2021-06-07,Completed,Rajya Sabha,Works Completed_2024.csv,
Rajasthan,Constituency_130,MP_Name_130,RJ/677/2021-2022/50703 - Construction of Sanitation facility,2021-01-01,Completed,Rajya Sabha,Works Completed_2024.csv,
Rajasthan,Constituency_134,MP_Name_134,RJ/264/2021-2022/50723 - Construction of Roads facility,2023-09-26,Completed,Rajya Sabha,Works Completed_2024.csv,
West Bengal,Constituency_184,MP_Name_184,WB/872/2022-2023/50994 - Construction of Drinking Water facility,2024-04-11,Completed,Rajya Sabha,Works Completed_2024.csv,
Gujarat,Constituency_143,MP_Name_143,GJ/595/2023-2024/50779 - Construction of Sanitation facility,2022-06-03,Completed,Rajya Sabha,Works Completed_2024.csv,
Uttar Pradesh,Constituency_215,MP_Name_215,UP/619/2022-2023/51166 - Construction of Sanitation facility,2024-03-29,Completed,Rajya Sabha,Works Completed_2024.csv,
Karnataka,Constituency_171,MP_Name_171,KA/869/2021-2022/50926 - Construction of Education facility,2022-01-01,Completed,Rajya Sabha,Works Completed_2024.csv,
Rajasthan,Constituency_138,MP_Name_138,RJ/965/2022-2023/50746 - Construction of Drinking Water facility,2024-08-09,Completed,Rajya Sabha,Works Completed_2024.csv,
Delhi,Constituency_64,MP_Name_64,DL/744/2022-2023/50344 - Construction of Electricity facility,2021-09-28,Completed,Rajya Sabha,Works Completed_2024.csv,
Uttar Pradesh,Constituency_224,MP_Name_224,UP/973/2021-2022/51211 - Construction of Sanitation facility,2022-02-02,Completed,Rajya Sabha,Works Completed_2024.csv,
West Bengal,Constituency_3,MP_Name_3,WB/517/2023-2024/50010 - Construction of Education facility,2021-10-17,Completed,Rajya Sabha,Works Completed_2024.csv,
Madhya Pradesh,Constituency_80,MP_Name_80,MP/172/2023-2024/50436 - Construction of Sanitation facility,2021-10-05,Completed,Rajya Sabha,Works Completed_2024.csv,
Maharashtra,Constituency_211,MP_Name_211,MH/342/2022-2023/51142 - Construction of Sanitation facility,2021-11-05,Completed,Rajya Sabha,Works Completed_2024.csv,
Delhi,Constituency_69,MP_Name_69,DL/646/2023-2024/50373 - Construction of Drinking Water facility,2024-10-28,Completed,Rajya Sabha,Works Completed_2024.csv,
Maharashtra,Constituency_120,MP_Name_120,MH/872/2021-2022/50661 - Construction of Education facility,2024-03-11,Completed,Rajya Sabha,Works Completed_2024.csv,
Uttar Pradesh,Constituency_215,MP_Name_215,UP/840/2023-2024/51165 - Construction of Roads facility,2021-02-25,Completed,Rajya Sabha,Works Completed_2024.csv,
West Bengal,Constituency_42,MP_Name_42,WB/869/2023-2024/50224 - Construction of Drinking Water facility,2023-05-01,Completed,Rajya Sabha,Works Completed_2024.csv,
Gujarat,Constituency_66,MP_Name_66,GJ/404/2022-2023/50356 - Construction of Electricity facility,2024-04-19,Completed,Rajya Sabha,Works Completed_2024.csv,
Bihar,Constituency_73,MP_Name_73,BR/750/2023-2024/50396 - Construction of Education facility,2023-12-13,Completed,Rajya Sabha,Works Completed_2024.csv,
Bihar,Constituency_183,MP_Name_183,BR/242/2022-2023/50990 - Construction of Electricity facility,2023-01-02,Completed,Rajya Sabha,Works Completed_2024.csv,
Uttar Pradesh,Constituency_55,MP_Name_55,UP/568/2022-2023/50294 - Construction of Health facility,2022-05-04,Completed,Rajya Sabha,Works Completed_2024.csv,
Delhi,Constituency_240,MP_Name_240,DL/199/2023-2024/51304 - Construction of Drinking Water facility,2021-04-15,Completed,Rajya Sabha,Works Completed_2024.csv,
Delhi,Constituency_52,MP_Name_52,DL/364/2021-2022/50279 - Construction of Roads facility,2023-07-09,Completed,Rajya Sabha,Works Completed_2024.csv,
Maharashtra,Constituency_206,MP_Name_206,MH/908/2021-2022/51113 - Construction of Education facility,2022-04-19,Completed,Rajya Sabha,Works Completed_2024.csv,
Rajasthan,Constituency_182,MP_Name_182,RJ/316/2023-2024/50984 - Construction of Sanitation facility,2022-08-17,Completed,Rajya Sabha,Works Completed_2024.csv,
Karnataka,Constituency_68,MP_Name_68,KA/271/2021-2022/50365 - Construction of Drinking Water facility,2023-08-18,Completed,Rajya Sabha,Works Completed_2024.csv,
Rajasthan,Constituency_102,MP_Name_102,RJ/326/2023-2024/50572 - Construction of Roads facility,2023-01-25,Completed,Rajya Sabha,Works Completed_2024.csv,
Karnataka,Constituency_7,MP_Name_7,KA/593/2021-2022/50035 - Construction of Sanitation facility,2021-10-01,Completed,Rajya Sabha,Works Completed_2024.csv,
Bihar,Constituency_236,MP_Name_236,BR/313/2021-2022/51283 - Construction of Education facility,2022-09-30,Completed,Rajya Sabha,Works Completed_2024.csv,
Madhya Pradesh,Constituency_140,MP_Name_140,MP/278/2022-2023/50757 - Construction of Education facility,2022-02-20,Completed,Rajya Sabha,Works Completed_2024.csv,
Tamil Nadu,Constituency_162,MP_Name_162,TN/929/2021-2022/50882 - Construction of Education facility,2024-03-15,Completed,Rajya Sabha,Works Completed_2024.csv,
West Bengal,Constituency_60,MP_Name_60,WB/321/2021-2022/50322 - Construction of Electricity facility,2021-08-25,Completed,Rajya Sabha,Works Completed_2024.csv,
Karnataka,Constituency_146,MP_Name_146,KA/713/2021-2022/50791 - Construction of Education facility,2021-05-07,Completed,Rajya Sabha,Works Completed_2024.csv,
West Bengal,Constituency_229,MP_Name_229,WB/712/2023-2024/51240 - Construction of Electricity facility,2021-09-16,Completed,Rajya Sabha,Works Completed_2024.csv,
Rajasthan,Constituency_20,MP_Name_20,RJ/305/2021-2022/50107 - Construction of Drinking Water facility,2022-12-24,Completed,Rajya Sabha,Works Completed_2024.csv,
Gujarat,Constituency_158,MP_Name_158,GJ/828/2022-2023/50864 - Construction of Drinking Water facility,2024-05-05,Completed,Rajya Sabha,Works Completed_2024.csv,
Delhi,Constituency_129,MP_Name_129,DL/691/2022-2023/50698 - Construction of Drinking Water facility,2024-01-07,Completed,Rajya Sabha,Works Completed_2024.csv,
Bihar,Constituency_98,MP_Name_98,BR/245/2021-2022/50542 - Construction of Education facility,2023-07-07,Completed,Rajya Sabha,Works Completed_2024.csv,
Karnataka,Constituency_26,MP_Name_26,KA/497/2021-2022/50138 - Construction of Drinking Water facility,2022-05-12,Completed,Rajya Sabha,Works Completed_2024.csv,
Bihar,Constituency_216,MP_Name_216,BR/850/2023-2024/51171 - Construction of Electricity facility,2022-07-23,Completed,Rajya Sabha,Works Completed_2024.csv,
Gujarat,Constituency_145,MP_Name_145,GJ/475/2023-2024/50789 - Construction of Education facility,2023-11-10,Completed,Rajya Sabha,Works Completed_2024.csv,
Madhya Pradesh,Constituency_34,MP_Name_34,MP/434/2022-2023/50186 - Construction of Health facility,2021-01-16,Completed,Rajya Sabha,Works Completed_2024.csv,
Gujarat,Constituency_143,MP_Name_143,GJ/915/2022-2023/50776 - Construction of Electricity facility,2022-11-10,Completed,Rajya Sabha,Works Completed_2024.csv,
Maharashtra,Constituency_242,MP_Name_242,MH/582/2022-2023/51316 - Construction of Education facility,2023-05-25,Completed,Rajya Sabha,Works Completed_2024.csv,
Karnataka,Constituency_74,MP_Name_74,KA/607/2022-2023/50405 - Construction of Electricity facility,2022-04-27,Completed,Rajya Sabha,Works Completed_2024.csv,
Tamil Nadu,Constituency_61,MP_Name_61,TN/164/2021-2022/50329 - Construction of Drinking Water facility,2023-11-25,Completed,Rajya Sabha,Works Completed_2024.csv,
Karnataka,Constituency_68,MP_Name_68,KA/638/2022-2023/50362 - Construction of Sanitation facility,2023-02-18,Completed,Rajya Sabha,Works Completed_2024.csv,
Rajasthan,Constituency_138,MP_Name_138,RJ/329/2022-2023/50745 - Construction of Drinking Water facility,2024-06-29,Completed,Rajya Sabha,Works Completed_2024.csv,
Tamil Nadu,Constituency_232,MP_Name_232,TN/939/2022-2023/51257 - Construction of Roads facility,2024-10-07,Completed,Rajya Sabha,Works Completed_2024.csv,
Rajasthan,Constituency_226,MP_Name_226,RJ/695/2022-2023/51218 - Construction of Roads facility,2022-01-20,Completed,Rajya Sabha,Works Completed_2024.csv,
Gujarat,Constituency_180,MP_Name_180,GJ/798/2021-2022/50969 - Construction of Sanitation facility,2024-04-12,Completed,Rajya Sabha,Works Completed_2024.csv,
Maharashtra,Constituency_85,MP_Name_85,MH/895/2022-2023/50463 - Construction of Drinking Water facility,2021-04-05,Completed,Rajya Sabha,Works Completed_2024.csv,
Bihar,Constituency_24,MP_Name_24,BR/148/2022-2023/50126 - Construction of Sanitation facility,2023-06-14,Completed,Rajya Sabha,Works Completed_2024.csv,
Madhya Pradesh,Constituency_119,MP_Name_119,MP/182/2022-2023/50656 - Construction of Education facility,2021-01-12,Completed,Rajya Sabha,Works Completed_2024.csv,
Gujarat,Constituency_40,MP_Name_40,GJ/556/2021-2022/50214 - Construction of Education facility,2023-08-19,Completed,Rajya Sabha,Works Completed_2024.csv,
Gujarat,Constituency_205,MP_Name_205,GJ/626/2021-2022/51110 - Construction of Drinking Water facility,2021-11-06,Completed,Rajya Sabha,Works Completed_2024.csv,
Karnataka,Constituency_74,MP_Name_74,KA/733/2021-2022/50402 - Construction of Sanitation facility,2022-04-06,Completed,Rajya Sabha,Works Completed_2024.csv,
Bihar,Constituency_181,MP_Name_181,BR/787/2022-2023/50973 - Construction of Education facility,2023-01-03,Completed,Rajya Sabha,Works Completed_2024.csv,
Bihar,Constituency_105,MP_Name_105,BR/515/2022-2023/50588 - Construction of Education facility,2024-10-30,Completed,Rajya Sabha,Works Completed_2024.csv,
Bihar,Constituency_181,MP_Name_181,BR/740/2021-2022/50978 - Construction of Drinking Water facility,2024-06-10,Completed,Rajya Sabha,Works Completed_2024.csv,
Karnataka,Constituency_233,MP_Name_233,KA/352/2022-2023/51267 - Construction of Health facility,2024-04-20,Completed,Rajya Sabha,Works Completed_2024.csv,
Madhya Pradesh,Constituency_223,MP_Name_223,MP/361/2021-2022/51206 - Construction of Education facility,2021-06-21,Completed,Rajya Sabha,Works Completed_2024.csv,
Tamil Nadu,Constituency_19,MP_Name_19,TN/152/2021-2022/50100 - Construction of Education facility,2024-08-01,Completed,Rajya Sabha,Works Completed_2024.csv,
Bihar,Constituency_172,MP_Name_172,BR/596/2021-2022/50930 - Construction of Health facility,2024-01-29,Completed,Rajya Sabha,Works Completed_2024.csv,
Madhya Pradesh,Constituency_14,MP_Name_14,MP/689/2021-2022/50073 - Construction of Roads facility,2022-01-20,Completed,Rajya Sabha,Works Completed_2024.csv,
Bihar,Constituency_212,MP_Name_212,BR/881/2021-2022/51147 - Construction of Health facility,2022-05-01,Completed,Rajya Sabha,Works Completed_2024.csv,
Tamil Nadu,Constituency_61,MP_Name_61,TN/120/2021-2022/50323 - Construction of Sanitation facility,2022-08-19,Completed,Rajya Sabha,Works Completed_2024.csv,
Madhya Pradesh,Constituency_161,MP_Name_161,MP/680/2021-2022/50876 - Construction of Sanitation facility,2021-04-29,Completed,Rajya Sabha,Works Completed_2024.csv,
Bihar,Constituency_87,MP_Name_87,BR/842/2021-2022/50475 - Construction of Roads facility,2021-08-04,Completed,Rajya Sabha,Works Completed_2024.csv,
West Bengal,Constituency_229,MP_Name_229,WB/179/2023-2024/51241 - Construction of Roads facility,2023-12-12,Completed,Rajya Sabha,Works Completed_2024.csv,
West Bengal,Constituency_17,MP_Name_17,WB/336/2023-2024/50088 - Construction of Education facility,2023-09-29,Completed,Rajya Sabha,Works Completed_2024.csv,
Madhya Pradesh,Constituency_34,MP_Name_34,MP/560/2021-2022/50189 - Construction of Sanitation facility,2024-01-17,Completed,Rajya Sabha,Works Completed_2024.csv,
Karnataka,Constituency_156,MP_Name_156,KA/798/2021-2022/50848 - Construction of Education facility,2024-01-01,Completed,Rajya Sabha,Works Completed_2024.csv,
West Bengal,Constituency_95,MP_Name_95,WB/310/2022-2023/50526 - Construction of Health facility,2024-06-03,Completed,Rajya Sabha,Works Completed_2024.csv,
Delhi,Constituency_103,MP_Name_103,DL/174/2022-2023/50573 - Construction of Electricity facility,2024-11-05,Completed,Rajya Sabha,Works Completed_2024.csv,
Delhi,Constituency_50,MP_Name_50,DL/198/2023-2024/50268 - Construction of Drinking Water facility,2024-03-09,Completed,Rajya Sabha,Works Completed_2024.csv,
Bihar,Constituency_73,MP_Name_73,BR/230/2021-2022/50393 - Construction of Roads facility,2022-06-09,Completed,Rajya Sabha,Works Completed_2024.csv,
Delhi,Constituency_54,MP_Name_54,DL/173/2023-2024/50287 - Construction of Sanitation facility,2022-05-12,Completed,Rajya Sabha,Works Completed_2024.csv,
Tamil Nadu,Constituency_220,MP_Name_220,TN/739/2021-2022/51187 - Construction of Roads facility,2021-06-08,Completed,Rajya Sabha,Works Completed_2024.csv,
Maharashtra,Constituency_222,MP_Name_222,MH/581/2021-2022/51199 - Construction of Health facility,2024-05-07,Completed,Rajya Sabha,Works Completed_2024.csv,
Uttar Pradesh,Constituency_186,MP_Name_186,UP/639/2022-2023/51004 - Construction of Electricity facility,2023-03-11,Completed,Rajya Sabha,Works Completed_2024.csv,
Rajasthan,Constituency_182,MP_Name_182,RJ/439/2022-2023/50982 - Construction of Sanitation facility,2022-01-21,Completed,Rajya Sabha,Works Completed_2024.csv,
Karnataka,Constituency_74,MP_Name_74,KA/927/2023-2024/50404 - Construction of Education facility,2024-04-11,Completed,Rajya Sabha,Works Completed_2024.csv,
Madhya Pradesh,Constituency_223,MP_Name_223,MP/982/2022-2023/51204 - Construction of Education facility,2021-06-01,Completed,Rajya Sabha,Works Completed_2024.csv,
Gujarat,Constituency_205,MP_Name_205,GJ/913/2021-2022/51108 - Construction of Electricity facility,2023-11-13,Completed,Rajya Sabha,Works Completed_2024.csv,
Maharashtra,Constituency_148,MP_Name_148,MH/243/2021-2022/50807 - Construction of Drinking Water facility,2023-03-04,Completed,Rajya Sabha,Works Completed_2024.csv,
Maharashtra,Constituency_198,MP_Name_198,MH/426/2023-2024/51077 - Construction of Electricity facility,2022-02-16,Completed,Rajya Sabha,Works Completed_2024.csv,
Uttar Pradesh,Constituency_224,MP_Name_224,UP/601/2023-2024/51209 - Construction of Roads facility,2024-05-05,Completed,Rajya Sabha,Works Completed_2024.csv,
Uttar Pradesh,Constituency_196,MP_Name_196,UP/310/2023-2024/51069 - Construction of Health facility,2024-10-11,Completed,Rajya Sabha,Works Completed_2024.csv,
Gujarat,Constituency_153,MP_Name_153,GJ/377/2021-2022/50834 - Construction of Electricity facility,2024-01-04,Completed,Rajya Sabha,Works Completed_2024.csv,
West Bengal,Constituency_122,MP_Name_122,WB/813/2022-2023/50670 - Construction of Drinking Water facility,2022-07-13,Completed,Rajya Sabha,Works Completed_2024.csv,
Delhi,Constituency_192,MP_Name_192,DL/506/2022-2023/51042 - Construction of Health facility,2022-01-15,Completed,Rajya Sabha,Works Completed_2024.csv,
Bihar,Constituency_87,MP_Name_87,BR/269/2021-2022/50479 - Construction of Electricity facility,2024-12-31,Completed,Rajya Sabha,Works Completed_2024.csv,
Bihar,Constituency_90,MP_Name_90,BR/511/2021-2022/50497 - Construction of Electricity facility,2022-07-16,Completed,Rajya Sabha,Works Completed_2024.csv,
Delhi,Constituency_64,MP_Name_64,DL/441/2022-2023/50343 - Construction of Roads facility,2023-10-05,Completed,Rajya Sabha,Works Completed_2024.csv,
Karnataka,Constituency_147,MP_Name_147,KA/417/2023-2024/50798 - Construction of Electricity facility,2021-09-21,Completed,Rajya Sabha,Works Completed_2024.csv,
Delhi,Constituency_50,MP_Name_50,DL/723/2021-2022/50269 - Construction of Education facility,2021-04-05,Completed,Rajya Sabha,Works Completed_2024.csv,
Maharashtra,Constituency_142,MP_Name_142,MH/376/2021-2022/50768 - Construction of Electricity facility,2021-08-14,Completed,Rajya Sabha,Works Completed_2024.csv,
Madhya Pradesh,Constituency_132,MP_Name_132,MP/929/2021-2022/50715 - Construction of Sanitation facility,2022-05-14,Completed,Rajya Sabha,Works Completed_2024.csv,
Delhi,Constituency_43,MP_Name_43,DL/359/2022-2023/50228 - Construction of Electricity facility,2023-06-21,Completed,Rajya Sabha,Works Completed_2024.csv,
Maharashtra,Constituency_211,MP_Name_211,MH/919/2022-2023/51141 - Construction of Electricity facility,2022-10-04,Completed,Rajya Sabha,Works Completed_2024.csv,
Delhi,Constituency_240,MP_Name_240,DL/163/2022-2023/51305 - Construction of Electricity facility,2023-12-28,Completed,Rajya Sabha,Works Completed_2024.csv,
Rajasthan,Constituency_194,MP_Name_194,RJ/207/2021-2022/51053 - Construction of Roads facility,2022-11-29,Completed,Rajya Sabha,Works Completed_2024.csv,
Bihar,Constituency_190,MP_Name_190,BR/785/2023-2024/51034 - Construction of Roads facility,2024-03-05,Completed,Rajya Sabha,Works Completed_2024.csv,
Bihar,Constituency_183,MP_Name_183,BR/514/2023-2024/50989 - Construction of Sanitation facility,2023-09-09,Completed,Rajya Sabha,Works Completed_2024.csv,
Delhi,Constituency_137,MP_Name_137,DL/855/2023-2024/50734 - Construction of Health facility,2021-12-27,Completed,Rajya Sabha,Works Completed_2024.csv,
Bihar,Constituency_172,MP_Name_172,BR/434/2023-2024/50928 - Construction of Education facility,2022-05-26,Completed,Rajya Sabha,Works Completed_2024.csv,
Tamil Nadu,Constituency_65,MP_Name_65,TN/359/2022-2023/50350 - Construction of Sanitation facility,2022-11-12,Completed,Rajya Sabha,Works Completed_2024.csv,
Uttar Pradesh,Constituency_11,MP_Name_11,UP/235/2021-2022/50057 - Construction of Health facility,2023-09-12,Completed,Rajya Sabha,Works Completed_2024.csv,
Gujarat,Constituency_99,MP_Name_99,GJ/389/2023-2024/50545 - Construction of Roads facility,2022-03-09,Completed,Rajya Sabha,Works Completed_2024.csv,
Karnataka,Constituency_28,MP_Name_28,KA/986/2022-2023/50151 - Construction of Health facility,2024-12-16,Completed,Rajya Sabha,Works Completed_2024.csv,
Rajasthan,Constituency_135,MP_Name_135,RJ/679/2022-2023/50728 - Construction of Sanitation facility,2022-09-27,Completed,Rajya Sabha,Works Completed_2024.csv,
Delhi,Constituency_126,MP_Name_126,DL/740/2021-2022/50685 - Construction of Education facility,2022-08-14,Completed,Rajya Sabha,Works Completed_2024.csv,
Maharashtra,Constituency_77,MP_Name_77,MH/699/2022-2023/50423 - Construction of Sanitation facility,2024-08-16,Completed,Rajya Sabha,Works Completed_2024.csv,
West Bengal,Constituency_48,MP_Name_48,WB/748/2023-2024/50258 - Construction of Drinking Water facility,2021-12-25,Completed,Rajya Sabha,Works Completed_2024.csv,
Maharashtra,Constituency_77,MP_Name_77,MH/688/2021-2022/50420 - Construction of Drinking Water facility,2023-06-16,Completed,Rajya Sabha,Works Completed_2024.csv,
Karnataka,Constituency_74,MP_Name_74,KA/841/2021-2022/50401 - Construction of Drinking Water facility,2021-02-25,Completed,Rajya Sabha,Works Completed_2024.csv,
Uttar Pradesh,Constituency_196,MP_Name_196,UP/655/2021-2022/51065 - Construction of Sanitation facility,2024-04-04,Completed,Rajya Sabha,Works Completed_2024.csv,
Maharashtra,Constituency_94,MP_Name_94,MH/243/2023-2024/50521 - Construction of Education facility,2022-01-08,Completed,Rajya Sabha,Works Completed_2024.csv,
Gujarat,Constituency_210,MP_Name_210,GJ/754/2023-2024/51129 - Construction of Drinking Water facility,2021-07-08,Completed,Rajya Sabha,Works Completed_2024.csv,
Rajasthan,Constituency_185,MP_Name_185,RJ/965/2023-2024/51002 - Construction of Electricity facility,2021-07-03,Completed,Rajya Sabha,Works Completed_2024.csv,
Tamil Nadu,Constituency_81,MP_Name_81,TN/391/2021-2022/50445 - Construction of Sanitation facility,2022-04-04,Completed,Rajya Sabha,Works Completed_2024.csv,
Bihar,Constituency_190,MP_Name_190,BR/582/2023-2024/51029 - Construction of Roads facility,2021-05-07,Completed,Rajya Sabha,Works Completed_2024.csv,
Karnataka,Constituency_168,MP_Name_168,KA/766/2022-2023/50917 - Construction of Roads facility,2021-03-10,Completed,Rajya Sabha,Works Completed_2024.csv,
Gujarat,Constituency_121,MP_Name_121,GJ/541/2021-2022/50665 - Construction of Health facility,2024-10-13,Completed,Rajya Sabha,Works Completed_2024.csv,
Maharashtra,Constituency_44,MP_Name_44,MH/425/2021-2022/50232 - Construction of Electricity facility,2023-12-01,Completed,Rajya Sabha,Works Completed_2024.csv,
Rajasthan,Constituency_27,MP_Name_27,RJ/184/2022-2023/50142 - Construction of Health facility,2021-02-01,Completed,Rajya Sabha,Works Completed_2024.csv,
West Bengal,Constituency_18,MP_Name_18,WB/993/2023-2024/50095 - Construction of Roads facility,2021-06-17,Completed,Rajya Sabha,Works Completed_2024.csv,
Maharashtra,Constituency_76,MP_Name_76,MH/442/2021-2022/50415 - Construction of Health facility,2023-04-09,Completed,Rajya Sabha,Works Completed_2024.csv,
Bihar,Constituency_187,MP_Name_187,BR/874/2022-2023/51011 - Construction of Sanitation facility,2024-12-27,Completed,Rajya Sabha,Works Completed_2024.csv,
Rajasthan,Constituency_182,MP_Name_182,RJ/225/2022-2023/50983 - Construction of Sanitation facility,2024-05-20,Completed,Rajya Sabha,Works Completed_2024.csv,
Maharashtra,Constituency_6,MP_Name_6,MH/517/2022-2023/50030 - Construction of Health facility,2023-08-10,Completed,Rajya Sabha,Works Completed_2024.csv,
Gujarat,Constituency_153,MP_Name_153,GJ/630/2022-2023/50836 - Construction of Roads facility,2022-03-06,Completed,Rajya Sabha,Works Completed_2024.csv,
Karnataka,Constituency_82,MP_Name_82,KA/343/2022-2023/50453 - Construction of Health facility,2024-12-07,Completed,Rajya Sabha,Works Completed_2024.csv,
Delhi,Constituency_200,MP_Name_200,DL/901/2023-2024/51088 - Construction of Drinking Water facility,2023-12-13,Completed,Rajya Sabha,Works Completed_2024.csv,
Madhya Pradesh,Constituency_140,MP_Name_140,MP/769/2022-2023/50755 - Construction of Health facility,2024-09-19,Completed,Rajya Sabha,Works Completed_2024.csv,
Madhya Pradesh,Constituency_241,MP_Name_241,MP/210/2022-2023/51308 - Construction of Drinking Water facility,2021-05-04,Completed,Rajya Sabha,Works Completed_2024.csv,
Delhi,Constituency_103,MP_Name_103,DL/877/2022-2023/50577 - Construction of Drinking Water facility,2024-04-06,Completed,Rajya Sabha,Works Completed_2024.csv,
Uttar Pradesh,Constituency_186,MP_Name_186,UP/689/2023-2024/51009 - Construction of Sanitation facility,2024-06-15,Completed,Rajya Sabha,Works Completed_2024.csv,
Karnataka,Constituency_91,MP_Name_91,KA/688/2021-2022/50503 - Construction of Education facility,2023-02-28,Completed,Rajya Sabha,Works Completed_2024.csv,
Karnataka,Constituency_26,MP_Name_26,KA/958/2021-2022/50139 - Construction of Sanitation facility,2022-06-07,Completed,Rajya Sabha,Works Completed_2024.csv,
Karnataka,Constituency_92,MP_Name_92,KA/993/2021-2022/50509 - Construction of Roads facility,2024-06-21,Completed,Rajya Sabha,Works Completed_2024.csv,
Bihar,Constituency_244,MP_Name_244,BR/689/2021-2022/51323 - Construction of Sanitation facility,2024-01-04,Completed,Rajya Sabha,Works Completed_2024.csv,
Delhi,Constituency_137,MP_Name_137,DL/861/2021-2022/50741 - Construction of Electricity facility,2021-02-21,Completed,Rajya Sabha,Works Completed_2024.csv,
Bihar,Constituency_181,MP_Name_181,BR/661/2021-2022/50977 - Construction of Health facility,2021-04-07,Completed,Rajya Sabha,Works Completed_2024.csv,
Gujarat,Constituency_123,MP_Name_123,GJ/417/2021-2022/50677 - Construction of Health facility,2021-05-04,Completed,Rajya Sabha,Works Completed_2024.csv,
Tamil Nadu,Constituency_162,MP_Name_162,TN/294/2021-2022/50884 - Construction of Drinking Water facility,2023-09-13,Completed,Rajya Sabha,Works Completed_2024.csv,
Gujarat,Constituency_225,MP_Name_225,GJ/195/2021-2022/51214 - Construction of Sanitation facility,2021-04-10,Completed,Rajya Sabha,Works Completed_2024.csv,
Bihar,Constituency_125,MP_Name_125,BR/897/2023-2024/50684 - Construction of Sanitation facility,2023-01-15,Completed,Rajya Sabha,Works Completed_2024.csv,
Karnataka,Constituency_58,MP_Name_58,KA/669/2021-2022/50309 - Construction of Roads facility,2024-08-18,Completed,Rajya Sabha,Works Completed_2024.csv,
Delhi,Constituency_173,MP_Name_173,DL/436/2022-2023/50931 - Construction of Electricity facility,2021-01-10,Completed,Rajya Sabha,Works Completed_2024.csv,
Bihar,Constituency_187,MP_Name_187,BR/724/2023-2024/51015 - Construction of Roads facility,2021-11-03,Completed,Rajya Sabha,Works Completed_2024.csv,
Bihar,Constituency_117,MP_Name_117,BR/579/2021-2022/50647 - Construction of Health facility,2023-10-14,Completed,Rajya Sabha,Works Completed_2024.csv,
West Bengal,Constituency_39,MP_Name_39,WB/994/2023-2024/50206 - Construction of Electricity facility,2024-07-23,Completed,Rajya Sabha,Works Completed_2024.csv,
Maharashtra,Constituency_75,MP_Name_75,MH/289/2023-2024/50411 - Construction of Education facility,2022-03-26,Completed,Rajya Sabha,Works Completed_2024.csv,
West Bengal,Constituency_237,MP_Name_237,WB/339/2023-2024/51284 - Construction of Health facility,2021-06-12,Completed,Rajya Sabha,Works Completed_2024.csv,
Karnataka,Constituency_154,MP_Name_154,KA/227/2022-2023/50843 - Construction of Sanitation facility,2023-12-24,Completed,Rajya Sabha,Works Completed_2024.csv,
Madhya Pradesh,Constituency_132,MP_Name_132,MP/968/2022-2023/50717 - Construction of Education facility,2023-08-11,Completed,Rajya Sabha,Works Completed_2024.csv,
Rajasthan,Constituency_194,MP_Name_194,RJ/614/2021-2022/51057 - Construction of Health facility,2022-05-18,Completed,Rajya Sabha,Works Completed_2024.csv,
Madhya Pradesh,Constituency_144,MP_Name_144,MP/949/2021-2022/50783 - Construction of Electricity facility,2022-05-30,Completed,Rajya Sabha,Works Completed_2024.csv,
Delhi,Constituency_50,MP_Name_50,DL/568/2022-2023/50271 - Construction of Electricity facility,2024-02-27,Completed,Rajya Sabha,Works Completed_2024.csv,
Tamil Nadu,Constituency_175,MP_Name_175,TN/866/2022-2023/50942 - Construction of Electricity facility,2021-10-06,Completed,Rajya Sabha,Works Completed_2024.csv,
Maharashtra,Constituency_110,MP_Name_110,MH/702/2021-2022/50612 - Construction of Electricity facility,2023-01-01,Completed,Rajya Sabha,Works Completed_2024.csv,
Bihar,Constituency_214,MP_Name_214,BR/686/2023-2024/51154 - Construction of Drinking Water facility,2023-07-21,Completed,Rajya Sabha,Works Completed_2024.csv,
Madhya Pradesh,Constituency_119,MP_Name_119,MP/303/2023-2024/50659 - Construction of Drinking Water facility,2023-06-11,Completed,Rajya Sabha,Works Completed_2024.csv,
Maharashtra,Constituency_148,MP_Name_148,MH/727/2023-2024/50806 - Construction of Health facility,2023-10-22,Completed,Rajya Sabha,Works Completed_2024.csv,
Gujarat,Constituency_158,MP_Name_158,GJ/941/2023-2024/50863 - Construction of Drinking Water facility,2023-07-15,Completed,Rajya Sabha,Works Completed_2024.csv,
Madhya Pradesh,Constituency_241,MP_Name_241,MP/529/2023-2024/51311 - Construction of Drinking Water facility,2022-08-11,Completed,Rajya Sabha,Works Completed_2024.csv,
West Bengal,Constituency_3,MP_Name_3,WB/997/2022-2023/50012 - Construction of Roads facility,2024-02-10,Completed,Rajya Sabha,Works Completed_2024.csv,
Gujarat,Constituency_66,MP_Name_66,GJ/965/2023-2024/50354 - Construction of Drinking Water facility,2022-03-26,Completed,Rajya Sabha,Works Completed_2024.csv,
Rajasthan,Constituency_160,MP_Name_160,RJ/299/2021-2022/50873 - Construction of Health facility,2021-12-26,Completed,Rajya Sabha,Works Completed_2024.csv,
Bihar,Constituency_169,MP_Name_169,BR/932/2021-2022/50920 - Construction of Electricity facility,2023-05-10,Completed,Rajya Sabha,Works Completed_2024.csv,
Tamil Nadu,Constituency_106,MP_Name_106,TN/600/2021-2022/50594 - Construction of Drinking Water facility,2022-03-31,Completed,Rajya Sabha,Works Completed_2024.csv,
Madhya Pradesh,Constituency_140,MP_Name_140,MP/914/2023-2024/50758 - Construction of Education facility,2023-03-25,Completed,Rajya Sabha,Works Completed_2024.csv,
Maharashtra,Constituency_30,MP_Name_30,MH/163/2021-2022/50162 - Construction of Electricity facility,2021-10-22,Completed,Rajya Sabha,Works Completed_2024.csv,
Bihar,Constituency_98,MP_Name_98,BR/980/2023-2024/50543 - Construction of Health facility,2021-07-06,Completed,Rajya Sabha,Works Completed_2024.csv,
Rajasthan,Constituency_176,MP_Name_176,RJ/294/2021-2022/50951 - Construction of Electricity facility,2022-05-19,Completed,Rajya Sabha,Works Completed_2024.csv,
Karnataka,Constituency_193,MP_Name_193,KA/839/2021-2022/51049 - Construction of Sanitation facility,2022-03-02,Completed,Rajya Sabha,Works Completed_2024.csv,
Rajasthan,Constituency_130,MP_Name_130,RJ/370/2022-2023/50704 - Construction of Roads facility,2023-09-20,Completed,Rajya Sabha,Works Completed_2024.csv,
Rajasthan,Constituency_207,MP_Name_207,RJ/858/2022-2023/51116 - Construction of Education facility,2021-10-25,Completed,Rajya Sabha,Works Completed_2024.csv,
Delhi,Constituency_192,MP_Name_192,DL/329/2021-2022/51040 - Construction of Drinking Water facility,2024-01-23,Completed,Rajya Sabha,Works Completed_2024.csv,
Delhi,Constituency_12,MP_Name_12,DL/489/2021-2022/50064 - Construction of Drinking Water facility,2021-07-21,Completed,Rajya Sabha,Works Completed_2024.csv,
Delhi,Constituency_202,MP_Name_202,DL/954/2022-2023/51096 - Construction of Sanitation facility,2024-01-09,Completed,Rajya Sabha,Works Completed_2024.csv,
Delhi,Constituency_52,MP_Name_52,DL/748/2021-2022/50276 - Construction of Electricity facility,2024-09-06,Completed,Rajya Sabha,Works Completed_2024.csv,
Bihar,Constituency_98,MP_Name_98,BR/883/2021-2022/50541 - Construction of Drinking Water facility,2022-07-30,Completed,Rajya Sabha,Works Completed_2024.csv,
Madhya Pradesh,Constituency_241,MP_Name_241,MP/263/2023-2024/51309 - Construction of Health facility,2024-08-07,Completed,Rajya Sabha,Works Completed_2024.csv,
Uttar Pradesh,Constituency_215,MP_Name_215,UP/290/2022-2023/51163 - Construction of Education facility,2023-03-18,Completed,Rajya Sabha,Works Completed_2024.csv,
Karnataka,Constituency_92,MP_Name_92,KA/631/2022-2023/50508 - Construction of Roads facility,2023-11-02,Completed,Rajya Sabha,Works Completed_2024.csv,
Madhya Pradesh,Constituency_34,MP_Name_34,MP/630/2023-2024/50190 - Construction of Roads facility,2023-08-08,Completed,Rajya Sabha,Works Completed_2024.csv,
Karnataka,Constituency_147,MP_Name_147,KA/262/2021-2022/50799 - Construction of Drinking Water facility,2023-09-28,Completed,Rajya Sabha,Works Completed_2024.csv,
Madhya Pradesh,Constituency_14,MP_Name_14,MP/106/2023-2024/50071 - Construction of Health facility,2022-05-18,Completed,Rajya Sabha,Works Completed_2024.csv,
Karnataka,Constituency_28,MP_Name_28,KA/274/2021-2022/50148 - Construction of Sanitation facility,2024-11-28,Completed,Rajya Sabha,Works Completed_2024.csv,
Karnataka,Constituency_157,MP_Name_157,KA/237/2023-2024/50857 - Construction of Sanitation facility,2021-05-01,Completed,Rajya Sabha,Works Completed_2024.csv,
Madhya Pradesh,Constituency_67,MP_Name_67,MP/606/2022-2023/50360 - Construction of Health facility,2022-08-01,Completed,Rajya Sabha,Works Completed_2024.csv,
West Bengal,Constituency_18,MP_Name_18,WB/262/2021-2022/50093 - Construction of Roads facility,2022-08-07,Completed,Rajya Sabha,Works Completed_2024.csv,
Delhi,Constituency_23,MP_Name_23,DL/589/2022-2023/50123 - Construction of Sanitation facility,2021-07-04,Completed,Rajya Sabha,Works Completed_2024.csv,
Madhya Pradesh,Constituency_167,MP_Name_167,MP/727/2022-2023/50910 - Construction of Sanitation facility,2021-09-30,Completed,Rajya Sabha,Works Completed_2024.csv,
Tamil Nadu,Constituency_19,MP_Name_19,TN/487/2023-2024/50096 - Construction of Education facility,2024-09-25,Completed,Rajya Sabha,Works Completed_2024.csv,
West Bengal,Constituency_1,MP_Name_1,WB/604/2022-2023/50003 - Construction of Roads facility,2024-12-07,Completed,Rajya Sabha,Works Completed_2024.csv,
Maharashtra,Constituency_6,MP_Name_6,MH/552/2022-2023/50029 - Construction of Health facility,2021-05-25,Completed,Rajya Sabha,Works Completed_2024.csv,
Gujarat,Constituency_93,MP_Name_93,GJ/431/2022-2023/50513 - Construction of Health facility,2024-11-30,Completed,Rajya Sabha,Works Completed_2024.csv,
Madhya Pradesh,Constituency_235,MP_Name_235,MP/631/2022-2023/51280 - Construction of Sanitation facility,2023-02-20,Completed,Rajya Sabha,Works Completed_2024.csv,
Bihar,Constituency_236,MP_Name_236,BR/715/2022-2023/51281 - Construction of Drinking Water facility,2024-10-11,Completed,Rajya Sabha,Works Completed_2024.csv,
Maharashtra,Constituency_201,MP_Name_201,MH/645/2021-2022/51092 - Construction of Roads facility,2021-08-09,Completed,Rajya Sabha,Works Completed_2024.csv,
West Bengal,Constituency_3,MP_Name_3,WB/145/2021-2022/50011 - Construction of Education facility,2021-05-01,Completed,Rajya Sabha,Works Completed_2024.csv,
West Bengal,Constituency_25,MP_Name_25,WB/681/2022-2023/50135 - Construction of Education facility,2023-03-22,Completed,Rajya Sabha,Works Completed_2024.csv,
Karnataka,Constituency_7,MP_Name_7,KA/989/2022-2023/50038 - Construction of Electricity facility,2022-10-24,Completed,Rajya Sabha,Works Completed_2024.csv,
Maharashtra,Constituency_242,MP_Name_242,MH/101/2022-2023/51313 - Construction of Electricity facility,2024-03-28,Completed,Rajya Sabha,Works Completed_2024.csv,
Gujarat,Constituency_93,MP_Name_93,GJ/256/2021-2022/50514 - Construction of Health facility,2023-07-27,Completed,Rajya Sabha,Works Completed_2024.csv,
Madhya Pradesh,Constituency_14,MP_Name_14,MP/943/2023-2024/50074 - Construction of Roads facility,2024-04-10,Completed,Rajya Sabha,Works Completed_2024.csv,
Tamil Nadu,Constituency_61,MP_Name_61,TN/116/2022-2023/50327 - Construction of Education facility,2021-08-09,Completed,Rajya Sabha,Works Completed_2024.csv,
Delhi,Constituency_109,MP_Name_109,DL/124/2023-2024/50610 - Construction of Drinking Water facility,2023-10-23,Completed,Rajya Sabha,Works Completed_2024.csv,
Gujarat,Constituency_40,MP_Name_40,GJ/449/2021-2022/50208 - Construction of Electricity facility,2021-05-25,Completed,Rajya Sabha,Works Completed_2024.csv,
Delhi,Constituency_43,MP_Name_43,DL/720/2021-2022/50226 - Construction of Education facility,2021-08-12,Completed,Rajya Sabha,Works Completed_2024.csv,
West Bengal,Constituency_48,MP_Name_48,WB/272/2021-2022/50261 - Construction of Drinking Water facility,2022-10-01,Completed,Rajya Sabha,Works Completed_2024.csv,
Bihar,Constituency_190,MP_Name_190,BR/936/2023-2024/51033 - Construction of Education facility,2023-08-01,Completed,Rajya Sabha,Works Completed_2024.csv,
Rajasthan,Constituency_207,MP_Name_207,RJ/938/2021-2022/51115 - Construction of Education facility,2022-09-16,Completed,Rajya Sabha,Works Completed_2024.csv,
Uttar Pradesh,Constituency_238,MP_Name_238,UP/934/2023-2024/51294 - Construction of Health facility,2022-06-14,Completed,Rajya Sabha,Works Completed_2024.csv,
Gujarat,Constituency_99,MP_Name_99,GJ/129/2022-2023/50547 - Construction of Health facility,2024-03-29,Completed,Rajya Sabha,Works Completed_2024.csv,
Rajasthan,Constituency_89,MP_Name_89,RJ/699/2021-2022/50487 - Construction of Sanitation facility,2022-12-28,Completed,Rajya Sabha,Works Completed_2024.csv,
Gujarat,Constituency_22,MP_Name_22,GJ/459/2022-2023/50118 - Construction of Electricity facility,2021-10-10,Completed,Rajya Sabha,Works Completed_2024.csv,
Gujarat,Constituency_195,MP_Name_195,GJ/593/2023-2024/51060 - Construction of Health facility,2022-10-05,Completed,Rajya Sabha,Works Completed_2024.csv,
Delhi,Constituency_230,MP_Name_230,DL/669/2021-2022/51248 - Construction of Education facility,2023-08-08,Completed,Rajya Sabha,Works Completed_2024.csv,
Bihar,Constituency_90,MP_Name_90,BR/316/2021-2022/50490 - Construction of Electricity facility,2024-10-21,Completed,Rajya Sabha,Works Completed_2024.csv,
Bihar,Constituency_31,MP_Name_31,BR/819/2023-2024/50163 - Construction of Drinking Water facility,2021-11-12,Completed,Rajya Sabha,Works Completed_2024.csv,
Delhi,Constituency_129,MP_Name_129,DL/538/2022-2023/50699 - Construction of Health facility,2022-11-26,Completed,Rajya Sabha,Works Completed_2024.csv,
Rajasthan,Constituency_102,MP_Name_102,RJ/809/2023-2024/50568 - Construction of Drinking Water facility,2021-10-11,Completed,Rajya Sabha,Works Completed_2024.csv,
Gujarat,Constituency_145,MP_Name_145,GJ/166/2021-2022/50786 - Construction of Education facility,2021-06-09,Completed,Rajya Sabha,Works Completed_2024.csv,
Rajasthan,Constituency_134,MP_Name_134,RJ/111/2021-2022/50725 - Construction of Sanitation facility,2024-07-01,Completed,Rajya Sabha,Works Completed_2024.csv,
Rajasthan,Constituency_176,MP_Name_176,RJ/993/2021-2022/50948 - Construction of Education facility,2022-11-10,Completed,Rajya Sabha,Works Completed_2024.csv,
Gujarat,Constituency_123,MP_Name_123,GJ/987/2022-2023/50676 - Construction of Sanitation facility,2021-12-24,Completed,Rajya Sabha,Works Completed_2024.csv,
Delhi,Constituency_230,MP_Name_230,DL/489/2023-2024/51243 - Construction of Electricity facility,2022-10-09,Completed,Rajya Sabha,Works Completed_2024.csv,
Tamil Nadu,Constituency_49,MP_Name_49,TN/315/2022-2023/50265 - Construction of Education facility,2023-10-30,Completed,Rajya Sabha,Works Completed_2024.csv,
Maharashtra,Constituency_149,MP_Name_149,MH/615/2023-2024/50812 - Construction of Sanitation facility,2022-12-31,Completed,Rajya Sabha,Works Completed_2024.csv,
Bihar,Constituency_98,MP_Name_98,BR/563/2021-2022/50544 - Construction of Health facility,2021-04-09,Completed,Rajya Sabha,Works Completed_2024.csv,
Rajasthan,Constituency_160,MP_Name_160,RJ/839/2023-2024/50874 - Construction of Health facility,2024-01-18,Completed,Rajya Sabha,Works Completed_2024.csv,
Maharashtra,Constituency_243,MP_Name_243,MH/311/2021-2022/51317 - Construction of Education facility,2021-12-29,Completed,Rajya Sabha,Works Completed_2024.csv,
Tamil Nadu,Constituency_189,MP_Name_189,TN/155/2022-2023/51025 - Construction of Education facility,2023-06-16,Completed,Rajya Sabha,Works Completed_2024.csv,
Tamil Nadu,Constituency_65,MP_Name_65,TN/368/2023-2024/50349 - Construction of Health facility,2024-07-10,Completed,Rajya Sabha,Works Completed_2024.csv,
Bihar,Constituency_87,MP_Name_87,BR/275/2023-2024/50478 - Construction of Electricity facility,2023-07-24,Completed,Rajya Sabha,Works Completed_2024.csv,
Delhi,Constituency_137,MP_Name_137,DL/610/2021-2022/50735 - Construction of Electricity facility,2023-12-11,Completed,Rajya Sabha,Works Completed_2024.csv,
Maharashtra,Constituency_221,MP_Name_221,MH/316/2021-2022/51195 - Construction of Roads facility,2022-06-18,Completed,Rajya Sabha,Works Completed_2024.csv,
Rajasthan,Constituency_41,MP_Name_41,RJ/927/2022-2023/50215 - Construction of Electricity facility,2021-09-07,Completed,Rajya Sabha,Works Completed_2024.csv,
West Bengal,Constituency_17,MP_Name_17,WB/274/2022-2023/50089 - Construction of Drinking Water facility,2023-07-24,Completed,Rajya Sabha,Works Completed_2024.csv,
Madhya Pradesh,Constituency_63,MP_Name_63,MP/475/2023-2024/50338 - Construction of Electricity facility,2024-01-31,Completed,Rajya Sabha,Works Completed_2024.csv,
Gujarat,Constituency_40,MP_Name_40,GJ/723/2023-2024/50212 - Construction of Education facility,2022-10-24,Completed,Rajya Sabha,Works Completed_2024.csv,
Karnataka,Constituency_156,MP_Name_156,KA/727/2021-2022/50854 - Construction of Education facility,2024-07-26,Completed,Rajya Sabha,Works Completed_2024.csv,
Maharashtra,Constituency_201,MP_Name_201,MH/853/2023-2024/51091 - Construction of Electricity facility,2023-10-06,Completed,Rajya Sabha,Works Completed_2024.csv,
West Bengal,Constituency_4,MP_Name_4,WB/161/2022-2023/50016 - Construction of Drinking Water facility,2022-08-18,Completed,Rajya Sabha,Works Completed_2024.csv,
Maharashtra,Constituency_47,MP_Name_47,MH/263/2022-2023/50256 - Construction of Health facility,2022-01-05,Completed,Rajya Sabha,Works Completed_2024.csv,
Uttar Pradesh,Constituency_196,MP_Name_196,UP/857/2023-2024/51067 - Construction of Health facility,2024-10-14,Completed,Rajya Sabha,Works Completed_2024.csv,
Uttar Pradesh,Constituency_33,MP_Name_33,UP/749/2021-2022/50180 - Construction of Sanitation facility,2021-05-01,Completed,Rajya Sabha,Works Completed_2024.csv,
West Bengal,Constituency_163,MP_Name_163,WB/125/2022-2023/50889 - Construction of Sanitation facility,2023-11-03,Completed,Rajya Sabha,Works Completed_2024.csv,
Maharashtra,Constituency_85,MP_Name_85,MH/269/2023-2024/50461 - Construction of Education facility,2021-10-07,Completed,Rajya Sabha,Works Completed_2024.csv,
Bihar,Constituency_187,MP_Name_187,BR/857/2023-2024/51014 - Construction of Education facility,2024-07-07,Completed,Rajya Sabha,Works Completed_2024.csv,
Karnataka,Constituency_104,MP_Name_104,KA/673/2022-2023/50582 - Construction of Education facility,2023-04-09,Completed,Rajya Sabha,Works Completed_2024.csv,
West Bengal,Constituency_165,MP_Name_165,WB/143/2022-2023/50900 - Construction of Electricity facility,2021-07-08,Completed,Rajya Sabha,Works Completed_2024.csv,
Gujarat,Constituency_153,MP_Name_153,GJ/250/2022-2023/50837 - Construction of Electricity facility,2021-12-02,Completed,Rajya Sabha,Works Completed_2024.csv,
West Bengal,Constituency_42,MP_Name_42,WB/747/2021-2022/50221 - Construction of Health facility,2024-02-15,Completed,Rajya Sabha,Works Completed_2024.csv,
Tamil Nadu,Constituency_162,MP_Name_162,TN/132/2023-2024/50880 - Construction of Sanitation facility,2024-10-02,Completed,Rajya Sabha,Works Completed_2024.csv,
Karnataka,Constituency_168,MP_Name_168,KA/497/2023-2024/50916 - Construction of Education facility,2023-03-14,Completed,Rajya Sabha,Works Completed_2024.csv,
Delhi,Constituency_43,MP_Name_43,DL/511/2021-2022/50227 - Construction of Sanitation facility,2024-01-01,Completed,Rajya Sabha,Works Completed_2024.csv,
Gujarat,Constituency_121,MP_Name_121,GJ/516/2022-2023/50669 - Construction of Health facility,2024-12-21,Completed,Rajya Sabha,Works Completed_2024.csv,
Delhi,Constituency_126,MP_Name_126,DL/358/2022-2023/50688 - Construction of Health facility,2022-03-30,Completed,Rajya Sabha,Works Completed_2024.csv,
Karnataka,Constituency_157,MP_Name_157,KA/211/2023-2024/50862 - Construction of Health facility,2021-12-30,Completed,Rajya Sabha,Works Completed_2024.csv,
Uttar Pradesh,Constituency_186,MP_Name_186,UP/807/2023-2024/51006 - Construction of Electricity facility,2022-08-23,Completed,Rajya Sabha,Works Completed_2024.csv,
West Bengal,Constituency_8,MP_Name_8,WB/644/2022-2023/50040 - Construction of Sanitation facility,2022-02-19,Completed,Rajya Sabha,Works Completed_2024.csv,
Karnataka,Constituency_146,MP_Name_146,KA/534/2023-2024/50796 - Construction of Electricity facility,2024-08-01,Completed,Rajya Sabha,Works Completed_2024.csv,
Bihar,Constituency_84,MP_Name_84,BR/274/2022-2023/50458 - Construction of Drinking Water facility,2024-01-09,Completed,Rajya Sabha,Works Completed_2024.csv,
Maharashtra,Constituency_94,MP_Name_94,MH/605/2021-2022/50520 - Construction of Health facility,2024-04-19,Completed,Rajya Sabha,Works Completed_2024.csv,
West Bengal,Constituency_219,MP_Name_219,WB/353/2021-2022/51184 - Construction of Drinking Water facility,2024-08-15,Completed,Rajya Sabha,Works Completed_2024.csv,
Rajasthan,Constituency_113,MP_Name_113,RJ/520/2022-2023/50629 - Construction of Health facility,2024-03-05,Completed,Rajya Sabha,Works Completed_2024.csv,
Delhi,Constituency_200,MP_Name_200,DL/952/2021-2022/51085 - Construction of Roads facility,2021-09-08,Completed,Rajya Sabha,Works Completed_2024.csv,
Bihar,Constituency_105,MP_Name_105,BR/552/2021-2022/50587 - Construction of Roads facility,2022-02-21,Completed,Rajya Sabha,Works Completed_2024.csv,
West Bengal,Constituency_219,MP_Name_219,WB/771/2021-2022/51186 - Construction of Sanitation facility,2022-09-11,Completed,Rajya Sabha,Works Completed_2024.csv,
Delhi,Constituency_103,MP_Name_103,DL/964/2023-2024/50575 - Construction of Drinking Water facility,2022-07-17,Completed,Rajya Sabha,Works Completed_2024.csv,
West Bengal,Constituency_42,MP_Name_42,WB/852/2022-2023/50218 - Construction of Education facility,2024-12-25,Completed,Rajya Sabha,Works Completed_2024.csv,
Madhya Pradesh,Constituency_63,MP_Name_63,MP/929/2021-2022/50339 - Construction of Health facility,2021-07-30,Completed,Rajya Sabha,Works Completed_2024.csv,
Gujarat,Constituency_46,MP_Name_46,GJ/287/2021-2022/50252 - Construction of Sanitation facility,2021-09-22,Completed,Rajya Sabha,Works Completed_2024.csv,
Maharashtra,Constituency_70,MP_Name_70,MH/422/2022-2023/50382 - Construction of Electricity facility,2021-11-26,Completed,Rajya Sabha,Works Completed_2024.csv,
Maharashtra,Constituency_198,MP_Name_198,MH/806/2023-2024/51076 - Construction of Roads facility,2022-11-11,Completed,Rajya Sabha,Works Completed_2024.csv,
Gujarat,Constituency_188,MP_Name_188,GJ/350/2022-2023/51018 - Construction of Health facility,2022-01-04,Completed,Rajya Sabha,Works Completed_2024.csv,
Madhya Pradesh,Constituency_80,MP_Name_80,MP/290/2023-2024/50441 - Construction of Drinking Water facility,2021-07-24,Completed,Rajya Sabha,Works Completed_2024.csv,
Karnataka,Constituency_154,MP_Name_154,KA/809/2023-2024/50842 - Construction of Sanitation facility,2024-01-23,Completed,Rajya Sabha,Works Completed_2024.csv,
Karnataka,Constituency_146,MP_Name_146,KA/433/2021-2022/50797 - Construction of Sanitation facility,2023-05-29,Completed,Rajya Sabha,Works Completed_2024.csv,
Maharashtra,Constituency_70,MP_Name_70,MH/456/2022-2023/50381 - Construction of Sanitation facility,2023-08-24,Completed,Rajya Sabha,Works Completed_2024.csv,
Gujarat,Constituency_205,MP_Name_205,GJ/721/2021-2022/51106 - Construction of Sanitation facility,2023-05-03,Completed,Rajya Sabha,Works Completed_2024.csv,
West Bengal,Constituency_133,MP_Name_133,WB/187/2022-2023/50721 - Construction of Drinking Water facility,2022-06-30,Completed,Rajya Sabha,Works Completed_2024.csv,
Maharashtra,Constituency_149,MP_Name_149,MH/729/2022-2023/50817 - Construction of Electricity facility,2023-07-31,Completed,Rajya Sabha,Works Completed_2024.csv,
Uttar Pradesh,Constituency_21,MP_Name_21,UP/322/2021-2022/50110 - Construction of Sanitation facility,2021-09-04,Completed,Rajya Sabha,Works Completed_2024.csv,
Gujarat,Constituency_46,MP_Name_46,GJ/962/2023-2024/50250 - Construction of Sanitation facility,2021-01-23,Completed,Rajya Sabha,Works Completed_2024.csv,
West Bengal,Constituency_133,MP_Name_133,WB/630/2021-2022/50720 - Construction of Roads facility,2024-11-25,Completed,Rajya Sabha,Works Completed_2024.csv,
Gujarat,Constituency_121,MP_Name_121,GJ/409/2023-2024/50667 - Construction of Drinking Water facility,2021-11-09,Completed,Rajya Sabha,Works Completed_2024.csv,
Karnataka,Constituency_74,MP_Name_74,KA/322/2021-2022/50398 - Construction of Electricity facility,2023-12-22,Completed,Rajya Sabha,Works Completed_2024.csv,
Bihar,Constituency_53,MP_Name_53,BR/324/2023-2024/50283 - Construction of Roads facility,2024-03-09,Completed,Rajya Sabha,Works Completed_2024.csv,
Karnataka,Constituency_141,MP_Name_141,KA/518/2022-2023/50759 - Construction of Education facility,2022-04-11,Completed,Rajya Sabha,Works Completed_2024.csv,
Rajasthan,Constituency_102,MP_Name_102,RJ/488/2021-2022/50571 - Construction of Sanitation facility,2022-12-17,Completed,Rajya Sabha,Works Completed_2024.csv,
Rajasthan,Constituency_185,MP_Name_185,RJ/142/2021-2022/50998 - Construction of Roads facility,2021-10-15,Completed,Rajya Sabha,Works Completed_2024.csv,
Karnataka,Constituency_157,MP_Name_157,KA/456/2023-2024/50858 - Construction of Drinking Water facility,2024-04-20,Completed,Rajya Sabha,Works Completed_2024.csv,
Madhya Pradesh,Constituency_119,MP_Name_119,MP/561/2022-2023/50660 - Construction of Drinking Water facility,2024-03-04,Completed,Rajya Sabha,Works Completed_2024.csv,
Maharashtra,Constituency_76,MP_Name_76,MH/402/2023-2024/50418 - Construction of Roads facility,2023-01-24,Completed,Rajya Sabha,Works Completed_2024.csv,
Rajasthan,Constituency_57,MP_Name_57,RJ/809/2023-2024/50304 - Construction of Electricity facility,2023-09-03,Completed,Rajya Sabha,Works Completed_2024.csv,
Bihar,Constituency_199,MP_Name_199,BR/552/2021-2022/51080 - Construction of Education facility,2023-03-13,Completed,Rajya Sabha,Works Completed_2024.csv,
Maharashtra,Constituency_149,MP_Name_149,MH/855/2021-2022/50815 - Construction of Drinking Water facility,2024-02-09,Completed,Rajya Sabha,Works Completed_2024.csv,
Rajasthan,Constituency_245,MP_Name_245,RJ/568/2022-2023/51329 - Construction of Roads facility,2021-12-02,Completed,Rajya Sabha,Works Completed_2024.csv,
Tamil Nadu,Constituency_81,MP_Name_81,TN/643/2023-2024/50446 - Construction of Sanitation facility,2023-09-05,Completed,Rajya Sabha,Works Completed_2024.csv,
Karnataka,Constituency_26,MP_Name_26,KA/324/2022-2023/50137 - Construction of Electricity facility,2021-04-24,Completed,Rajya Sabha,Works Completed_2024.csv,
Maharashtra,Constituency_59,MP_Name_59,MH/785/2021-2022/50317 - Construction of Health facility,2022-08-16,Completed,Rajya Sabha,Works Completed_2024.csv,
Gujarat,Constituency_218,MP_Name_218,GJ/855/2022-2023/51177 - Construction of Sanitation facility,2021-07-24,Completed,Rajya Sabha,Works Completed_2024.csv,
Gujarat,Constituency_114,MP_Name_114,GJ/204/2021-2022/50633 - Construction of Health facility,2023-09-02,Completed,Rajya Sabha,Works Completed_2024.csv,
West Bengal,Constituency_219,MP_Name_219,WB/462/2021-2022/51183 - Construction of Roads facility,2024-05-12,Completed,Rajya Sabha,Works Completed_2024.csv,
Maharashtra,Constituency_88,MP_Name_88,MH/472/2022-2023/50485 - Construction of Sanitation facility,2023-01-12,Completed,Rajya Sabha,Works Completed_2024.csv,
Maharashtra,Constituency_44,MP_Name_44,MH/405/2023-2024/50238 - Construction of Drinking Water facility,2022-03-16,Completed,Rajya Sabha,Works Completed_2024.csv,
Karnataka,Constituency_58,MP_Name_58,KA/654/2023-2024/50313 - Construction of Health facility,2022-12-23,Completed,Rajya Sabha,Works Completed_2024.csv,
Maharashtra,Constituency_77,MP_Name_77,MH/282/2023-2024/50421 - Construction of Education facility,2024-07-10,Completed,Rajya Sabha,Works Completed_2024.csv,
Gujarat,Constituency_78,MP_Name_78,GJ/133/2021-2022/50426 - Construction of Education facility,2023-01-11,Completed,Rajya Sabha,Works Completed_2024.csv,
Tamil Nadu,Constituency_175,MP_Name_175,TN/223/2021-2022/50945 - Construction of Electricity facility,2022-02-03,Completed,Rajya Sabha,Works Completed_2024.csv,
Gujarat,Constituency_139,MP_Name_139,GJ/223/2023-2024/50752 - Construction of Drinking Water facility,2021-11-01,Completed,Rajya Sabha,Works Completed_2024.csv,
Maharashtra,Constituency_211,MP_Name_211,MH/653/2023-2024/51140 - Construction of Education facility,2022-10-28,Completed,Rajya Sabha,Works Completed_2024.csv,
Uttar Pradesh,Constituency_11,MP_Name_11,UP/288/2023-2024/50060 - Construction of Education facility,2023-10-25,Completed,Rajya Sabha,Works Completed_2024.csv,
Madhya Pradesh,Constituency_67,MP_Name_67,MP/985/2022-2023/50358 - Construction of Electricity facility,2021-03-08,Completed,Rajya Sabha,Works Completed_2024.csv,
Rajasthan,Constituency_13,MP_Name_13,RJ/624/2023-2024/50069 - Construction of Education facility,2024-12-11,Completed,Rajya Sabha,Works Completed_2024.csv,
Rajasthan,Constituency_27,MP_Name_27,RJ/295/2023-2024/50143 - Construction of Roads facility,2023-01-14,Completed,Rajya Sabha,Works Completed_2024.csv,
Karnataka,Constituency_147,MP_Name_147,KA/564/2022-2023/50801 - Construction of Health facility,2023-03-27,Completed,Rajya Sabha,Works Completed_2024.csv,
Uttar Pradesh,Constituency_32,MP_Name_32,UP/146/2023-2024/50172 - Construction of Health facility,2021-11-26,Completed,Rajya Sabha,Works Completed_2024.csv,
Madhya Pradesh,Constituency_80,MP_Name_80,MP/946/2023-2024/50442 - Construction of Sanitation facility,2024-12-11,Completed,Rajya Sabha,Works Completed_2024.csv,
Delhi,Constituency_64,MP_Name_64,DL/389/2021-2022/50347 - Construction of Electricity facility,2021-05-09,Completed,Rajya Sabha,Works Completed_2024.csv,
Karnataka,Constituency_156,MP_Name_156,KA/950/2023-2024/50851 - Construction of Education facility,2023-08-29,Completed,Rajya Sabha,Works Completed_2024.csv,
Karnataka,Constituency_233,MP_Name_233,KA/388/2021-2022/51264 - Construction of Education facility,2024-08-17,Completed,Rajya Sabha,Works Completed_2024.csv,
Uttar Pradesh,Constituency_33,MP_Name_33,UP/621/2022-2023/50178 - Construction of Health facility,2024-07-22,Completed,Rajya Sabha,Works Completed_2024.csv,
Maharashtra,Constituency_149,MP_Name_149,MH/457/2022-2023/50816 - Construction of Education facility,2021-03-22,Completed,Rajya Sabha,Works Completed_2024.csv,
Karnataka,Constituency_193,MP_Name_193,KA/231/2021-2022/51047 - Construction of Drinking Water facility,2024-06-24,Completed,Rajya Sabha,Works Completed_2024.csv,
